trid3nt_coweeta_river
9727 4956
1 -83.473785514 35.059851610 -1359.140503
2 -83.448878202 35.029939870 -1106.702026
3 -83.453399252 35.048029584 -956.330750
4 -83.447167211 35.060822674 -756.689819
5 -83.465382635 35.056987938 -1027.577759
6 -83.462583851 35.039819178 -1084.843018
7 -83.437220046 35.025875605 -962.412170
8 -83.431228074 35.035913106 -898.751831
9 -83.443030239 35.060554115 -734.112244
10 -83.434823913 35.062639289 -700.305481
11 -83.406633112 35.058781350 -647.574158
12 -83.465285408 35.038139651 -1141.486816
13 -83.452150950 35.050410030 -936.419800
14 -83.406665965 35.054355575 -648.417908
15 -83.408316552 35.044750141 -674.208252
16 -83.405736974 35.037925734 -774.802124
17 -83.470555718 35.046809679 -1417.781006
18 -83.449567820 35.022904209 -1216.024170
19 -83.444359245 35.051626817 -871.092346
20 -83.451089217 35.038095963 -984.890564
21 -83.412846036 35.049010675 -684.325806
22 -83.434608069 35.052145575 -738.240662
23 -83.461189865 35.044628259 -1037.338623
24 -83.436299593 35.023594357 -1028.383057
25 -83.461568411 35.057104198 -951.045044
26 -83.421844736 35.034019732 -1063.953247
27 -83.438805804 35.029329705 -1026.412598
28 -83.464495842 35.043887294 -1118.171509
29 -83.438693316 35.032164948 -929.656311
30 -83.425340028 35.044512535 -719.387817
31 -83.434046627 35.027551997 -996.259827
32 -83.433086877 35.031823375 -947.342957
33 -83.441268364 35.052322464 -790.466919
34 -83.416799120 35.064524585 -666.671509
35 -83.426196958 35.049572591 -941.994629
36 -83.439749499 35.047849914 -757.564880
37 -83.449961898 35.049805055 -975.937622
38 -83.405217600 35.049679229 -657.822205
39 -83.417603119 35.055422191 -778.118164
40 -83.445277949 35.067992121 -882.416443
41 -83.412142686 35.062948206 -657.142639
42 -83.419192073 35.044121934 -695.798340
43 -83.465136322 35.035138992 -1262.020386
44 -83.437912165 35.028703318 -996.489136
45 -83.450775285 35.028289048 -1149.634888
46 -83.414609486 35.047571255 -683.523010
47 -83.444019459 35.066250802 -805.684631
48 -83.423285270 35.041573307 -797.482910
49 -83.433359819 35.053490080 -731.019104
50 -83.450677680 35.053853217 -942.637573
51 -83.447862894 35.029502770 -1113.158447
52 -83.463771949 35.051364091 -1124.003418
53 -83.406849619 35.046997795 -675.960571
54 -83.416900456 35.058365401 -832.180237
55 -83.448223402 35.047392740 -916.380493
56 -83.448233852 35.025740113 -1191.259521
57 -83.463222621 35.057030223 -970.260498
58 -83.419770310 35.062625989 -667.381165
59 -83.414494545 35.058956746 -778.971436
60 -83.432102895 35.030486725 -986.852234
61 -83.437359854 35.047388504 -786.065063
62 -83.456517894 35.064248108 -962.455688
63 -83.447612268 35.049528980 -956.321350
64 -83.448846944 35.039920495 -977.642151
65 -83.430121545 35.057495027 -714.583618
66 -83.432932846 35.024057025 -1060.187500
67 -83.456292347 35.064758519 -996.827271
68 -83.426490391 35.060247232 -676.736511
69 -83.449524388 35.026015401 -1153.401978
70 -83.440835240 35.068999553 -928.536926
71 -83.439540113 35.026710730 -965.412598
72 -83.409079827 35.033866803 -783.883484
73 -83.409112597 35.036372056 -730.921997
74 -83.428478407 35.065471065 -762.623535
75 -83.453488750 35.059901978 -850.210571
76 -83.457510456 35.049619032 -983.972717
77 -83.440360793 35.031692710 -935.974121
78 -83.448703351 35.060197488 -770.483643
79 -83.407075163 35.041781524 -695.529419
80 -83.417538280 35.038384770 -790.155640
81 -83.459629262 35.035307182 -1148.848511
82 -83.419436811 35.045312106 -684.699341
83 -83.459444436 35.066080282 -1070.720337
84 -83.443574495 35.072602087 -954.938416
85 -83.451580328 35.032346867 -1185.733887
86 -83.441628082 35.031664960 -951.259277
87 -83.442063937 35.040008383 -1020.041687
88 -83.456990270 35.044871249 -1014.257874
89 -83.422810792 35.055217127 -888.136597
90 -83.407038211 35.060036207 -648.748230
91 -83.414101941 35.046068592 -669.439453
92 -83.463022119 35.045043199 -1075.100708
93 -83.465283979 35.050926848 -1086.861084
94 -83.408200660 35.041459976 -702.692871
95 -83.413861753 35.038479970 -784.875793
96 -83.430223088 35.061015633 -687.726318
97 -83.432422180 35.035857621 -865.809326
98 -83.440690554 35.052338083 -807.166809
99 -83.450966338 35.065093190 -954.735718
100 -83.453956180 35.060880063 -870.837891
101 -83.440859262 35.064664737 -730.944702
102 -83.407482506 35.043869701 -686.190918
103 -83.450904077 35.050046792 -956.085083
104 -83.456833019 35.029782142 -1329.478760
105 -83.431897121 35.040251076 -826.898071
106 -83.468221495 35.045299600 -1281.864868
107 -83.421585537 35.046181329 -736.425171
108 -83.441497223 35.034839888 -1077.035400
109 -83.450228706 35.038874258 -976.662170
110 -83.436807642 35.024504269 -991.083130
111 -83.406685967 35.043341766 -689.866821
112 -83.446557292 35.045873938 -853.932739
113 -83.460402873 35.064888597 -1079.392822
114 -83.428005452 35.044464963 -857.624146
115 -83.448755034 35.029488196 -1122.803955
116 -83.445016261 35.034969844 -1180.572876
117 -83.452816845 35.059140669 -851.891663
118 -83.448522426 35.028515814 -1156.073486
119 -83.413976958 35.063881984 -662.255371
120 -83.432323123 35.052436390 -746.148621
121 -83.447286802 35.045263178 -833.934021
122 -83.431359630 35.032189070 -985.789673
123 -83.466984442 35.045587361 -1271.486084
124 -83.410119793 35.048378885 -660.128784
125 -83.454541726 35.050339902 -935.091553
126 -83.408544109 35.034902439 -755.031311
127 -83.453666434 35.031138490 -1222.928467
128 -83.453559799 35.049309613 -955.798767
129 -83.406826100 35.048243245 -661.441895
130 -83.421572052 35.065904939 -719.109253
131 -83.415133128 35.042256228 -698.606262
132 -83.407988789 35.046542329 -666.380859
133 -83.432167591 35.054205601 -713.261047
134 -83.452409742 35.049709131 -960.787048
135 -83.435585236 35.035800699 -938.713806
136 -83.448314517 35.049962847 -966.218079
137 -83.443503954 35.042315570 -926.522400
138 -83.451682624 35.070991554 -1054.027222
139 -83.429120393 35.053445090 -792.942505
140 -83.418590382 35.063629616 -666.812317
141 -83.417620705 35.067809117 -784.935059
142 -83.423610888 35.046280245 -761.063965
143 -83.429226869 35.059214946 -682.312988
144 -83.409667416 35.056541521 -663.788086
145 -83.443488420 35.065979520 -782.545898
146 -83.449892319 35.047420932 -913.888550
147 -83.414587572 35.045346958 -673.395996
148 -83.466646990 35.048321988 -1168.357056
149 -83.418200718 35.064524790 -687.165283
150 -83.438937574 35.027292444 -967.851135
151 -83.421323604 35.036899222 -966.134766
152 -83.453533018 35.047441506 -934.764709
153 -83.417185313 35.045817768 -678.807312
154 -83.423453765 35.045054746 -704.793030
155 -83.433351651 35.051298601 -792.115967
156 -83.435407342 35.053833437 -704.861206
157 -83.422319025 35.040892679 -828.935242
158 -83.408041758 35.058942278 -653.597351
159 -83.456037344 35.063109566 -957.007812
160 -83.420219759 35.067494086 -731.683594
161 -83.432018417 35.040808320 -838.799988
162 -83.415670825 35.040257062 -750.703979
163 -83.458692496 35.035464024 -1167.585449
164 -83.447160905 35.065492767 -831.702576
165 -83.422613030 35.043005394 -739.363220
166 -83.450232406 35.027796180 -1147.418091
167 -83.449202843 35.055000564 -915.831787
168 -83.441800041 35.055648709 -900.648010
169 -83.440520945 35.066203556 -772.472778
170 -83.404834227 35.054658450 -654.792969
171 -83.431123646 35.030052570 -1004.979065
172 -83.460191864 35.058008528 -926.036194
173 -83.440891978 35.065877575 -755.978149
174 -83.451380474 35.067115219 -905.558228
175 -83.435887684 35.028099161 -903.557495
176 -83.448681553 35.044894245 -867.853577
177 -83.439708292 35.047454535 -765.762207
178 -83.438036477 35.058664062 -831.700073
179 -83.455873875 35.040336874 -1007.534058
180 -83.421801060 35.063972960 -688.089722
181 -83.449009394 35.062039931 -816.946411
182 -83.435931792 35.022830183 -1062.097656
183 -83.458631166 35.043982310 -1023.754761
184 -83.452278238 35.056701033 -919.807617
185 -83.450472210 35.036873464 -1042.296753
186 -83.406430758 35.049728917 -655.052368
187 -83.444767727 35.057912984 -805.079346
188 -83.420840446 35.033913260 -1062.016479
189 -83.473384075 35.058025986 -1247.204346
190 -83.442192288 35.047800627 -880.394836
191 -83.450679019 35.064261652 -918.634766
192 -83.450337600 35.051185000 -933.054626
193 -83.407646482 35.056726542 -659.605225
194 -83.455176788 35.063548618 -916.950562
195 -83.425133343 35.042833867 -816.392517
196 -83.456126090 35.060225320 -862.590027
197 -83.447706376 35.047425684 -928.004028
198 -83.432195023 35.039802708 -831.888672
199 -83.460061245 35.066507706 -1104.191772
200 -83.464694551 35.032714916 -1351.927124
201 -83.457103105 35.062561705 -967.754639
202 -83.429227283 35.052550957 -817.982117
203 -83.445908665 35.045608942 -836.302490
204 -83.423147500 35.038865781 -931.959595
205 -83.407543342 35.061770786 -651.471680
206 -83.442769088 35.072426326 -955.812134
207 -83.470925737 35.058340729 -1175.310181
208 -83.421316209 35.060653972 -707.201416
209 -83.457628048 35.034571557 -1202.187012
210 -83.433710865 35.044393512 -1006.550293
211 -83.410589593 35.040362098 -707.884277
212 -83.455713115 35.046692897 -977.056702
213 -83.419229393 35.059026879 -792.296814
214 -83.466748672 35.049024574 -1171.247803
215 -83.435934243 35.040686467 -1015.046875
216 -83.411683107 35.065032106 -674.799194
217 -83.429355797 35.060166554 -682.614990
218 -83.454930263 35.063086004 -902.975769
219 -83.415087624 35.039063987 -806.335327
220 -83.447209917 35.064111881 -817.068604
221 -83.406243017 35.050252984 -654.204773
222 -83.434479172 35.030493638 -890.301880
223 -83.434388022 35.031687251 -898.408569
224 -83.467888149 35.059973913 -1184.760864
225 -83.454458136 35.043815102 -943.293640
226 -83.441025298 35.046667367 -777.910034
227 -83.448224194 35.062374438 -831.698425
228 -83.441172633 35.057562226 -847.215332
229 -83.454567239 35.047194579 -942.435791
230 -83.448450139 35.023055643 -1214.717529
231 -83.459393565 35.036323602 -1111.636841
232 -83.437770797 35.061632825 -767.815002
233 -83.443259874 35.028794378 -1156.123657
234 -83.434069324 35.053258762 -715.429382
235 -83.432291255 35.056625844 -713.660278
236 -83.439596983 35.044132836 -877.342285
237 -83.412012517 35.060876820 -689.546265
238 -83.465847272 35.050010880 -1120.915649
239 -83.431577645 35.041176897 -831.744568
240 -83.458189427 35.046836124 -996.047974
241 -83.422229527 35.042055414 -776.188171
242 -83.467589705 35.057546850 -1060.246826
243 -83.433824982 35.042978855 -997.687500
244 -83.439319627 35.046555351 -805.709839
245 -83.455486707 35.055084415 -944.472412
246 -83.459516469 35.039600853 -1047.630981
247 -83.416905776 35.047069561 -685.278198
248 -83.434956901 35.033957895 -872.791992
249 -83.411972143 35.046791370 -665.192810
250 -83.436035227 35.064825766 -758.614502
251 -83.444977178 35.047369300 -888.029968
252 -83.456001395 35.047830215 -983.629822
253 -83.443562245 35.067215233 -800.893982
254 -83.432446970 35.036430450 -858.532227
255 -83.417677002 35.063749367 -664.014893
256 -83.429251239 35.033154840 -967.269897
257 -83.438898258 35.031704490 -938.592529
258 -83.415746999 35.062055203 -677.590027
259 -83.435798030 35.038330568 -984.035828
260 -83.473229600 35.057205409 -1293.498779
261 -83.409972800 35.044188971 -680.623535
262 -83.447125460 35.042142610 -887.864929
263 -83.438841416 35.047113336 -792.734436
264 -83.426806389 35.042711628 -771.458435
265 -83.416413431 35.039846935 -742.653503
266 -83.436422634 35.031116722 -924.767517
267 -83.449284381 35.038782275 -1027.831787
268 -83.438564386 35.065636122 -812.963867
269 -83.426930053 35.045506507 -823.281799
270 -83.421235483 35.039900811 -928.071045
271 -83.447665320 35.054739192 -905.039307
272 -83.428285887 35.026817552 -1087.067383
273 -83.443903623 35.071875035 -927.399719
274 -83.414882438 35.063732733 -660.638123
275 -83.451611722 35.038187544 -972.804871
276 -83.431118165 35.053343299 -731.384338
277 -83.418699647 35.063048952 -665.242615
278 -83.430358776 35.044509404 -969.823792
279 -83.429891922 35.047218166 -864.792969
280 -83.469982165 35.052878436 -1191.897827
281 -83.418432187 35.041505704 -747.112122
282 -83.468194448 35.047189140 -1246.493774
283 -83.408830733 35.041392725 -701.538025
284 -83.441945525 35.047242123 -855.529663
285 -83.441492471 35.046880786 -799.381958
286 -83.454043605 35.052265420 -953.923584
287 -83.449693681 35.057942396 -891.479736
288 -83.455934562 35.024648615 -1324.478760
289 -83.452355199 35.058038173 -936.162231
290 -83.407191925 35.048588912 -658.250488
291 -83.469430435 35.054225104 -1210.018799
292 -83.465446077 35.035798983 -1203.005737
293 -83.449694024 35.048285840 -958.261658
294 -83.428410193 35.052916358 -820.067871
295 -83.416823939 35.063536501 -663.103455
296 -83.403999545 35.045443894 -732.643494
297 -83.431142457 35.049236208 -841.237122
298 -83.467724059 35.035627834 -1253.894165
299 -83.443446332 35.063741784 -820.618652
300 -83.454099738 35.041360159 -960.009033
301 -83.436449815 35.029346624 -914.154541
302 -83.463796377 35.052905448 -1057.990356
303 -83.428362828 35.048170376 -889.630127
304 -83.458327585 35.060133586 -892.763916
305 -83.417287815 35.064553531 -672.537170
306 -83.454437979 35.068737685 -985.078918
307 -83.442991324 35.061117665 -733.955566
308 -83.454039304 35.060276494 -844.868896
309 -83.417060220 35.045220805 -677.225647
310 -83.421694366 35.061743306 -669.066833
311 -83.456271609 35.046872912 -968.074463
312 -83.445958991 35.033375062 -1131.551392
313 -83.419122161 35.065407180 -723.846680
314 -83.441832319 35.065744778 -749.147278
315 -83.467122911 35.043530600 -1235.812500
316 -83.459208350 35.045264308 -995.209229
317 -83.460970324 35.043318809 -1024.273560
318 -83.432105553 35.060387951 -690.959106
319 -83.459976529 35.035027385 -1160.703125
320 -83.437506777 35.049559451 -729.192993
321 -83.461514786 35.043468750 -1036.287109
322 -83.432076464 35.049990047 -868.505188
323 -83.444587003 35.031949104 -1001.609924
324 -83.461265068 35.061978894 -974.210999
325 -83.423503526 35.062322639 -673.762817
326 -83.426722994 35.039602052 -916.376099
327 -83.443735908 35.051485562 -826.056519
328 -83.453095714 35.047570398 -932.097046
329 -83.452963760 35.060267738 -867.038635
330 -83.433470268 35.047206695 -874.320923
331 -83.416858507 35.038713088 -799.231140
332 -83.453992088 35.054529989 -959.730469
333 -83.466260785 35.048669770 -1148.973633
334 -83.411462884 35.040058100 -705.349731
335 -83.439498628 35.025921011 -970.444763
336 -83.418418528 35.037214720 -831.130920
337 -83.447370684 35.043756386 -855.839722
338 -83.435485073 35.027031881 -948.645874
339 -83.453911284 35.051472953 -937.318237
340 -83.437884602 35.037622841 -1043.534058
341 -83.448908001 35.029054722 -1141.453003
342 -83.471312510 35.051940102 -1280.072998
343 -83.407348862 35.054419701 -650.256653
344 -83.408994138 35.060144520 -651.834595
345 -83.447665203 35.061230579 -789.664062
346 -83.438034345 35.024714457 -1003.093079
347 -83.427587177 35.041009265 -836.920349
348 -83.451100524 35.037160710 -1011.393616
349 -83.457411538 35.040764252 -1006.247375
350 -83.428666861 35.048751674 -866.751221
351 -83.447623967 35.032027377 -1135.321533
352 -83.436501148 35.052800113 -712.047241
353 -83.432298948 35.056031065 -695.372620
354 -83.453067144 35.057662687 -942.593201
355 -83.452158104 35.059628420 -820.920105
356 -83.469019895 35.061302887 -1256.894897
357 -83.452217638 35.066650447 -925.854614
358 -83.457461323 35.065016240 -998.886719
359 -83.415378013 35.040783899 -740.846191
360 -83.406139909 35.054721628 -647.582520
361 -83.465629112 35.059173219 -1060.227417
362 -83.416353618 35.037741132 -804.653137
363 -83.443753628 35.044960125 -834.643860
364 -83.464728957 35.064332867 -1183.207886
365 -83.421586925 35.042797122 -757.269409
366 -83.405219593 35.058926681 -650.902222
367 -83.423615670 35.042619991 -785.594604
368 -83.415845814 35.034724279 -904.247009
369 -83.454739538 35.041313144 -979.173035
370 -83.425842574 35.035583402 -1096.297119
371 -83.450951922 35.046023147 -946.175842
372 -83.438304926 35.051191472 -773.312561
373 -83.449691098 35.066241398 -879.125916
374 -83.443083625 35.069931274 -869.184570
375 -83.410459527 35.034130336 -781.280457
376 -83.434935066 35.035639174 -896.481995
377 -83.459925559 35.038422626 -1103.023560
378 -83.458847928 35.039756421 -1031.425537
379 -83.435728059 35.030970892 -907.284729
380 -83.432283453 35.067863738 -845.695251
381 -83.458428110 35.046231767 -985.891846
382 -83.450827855 35.044880084 -875.483887
383 -83.444024240 35.031974467 -991.161316
384 -83.432396030 35.032409226 -962.192505
385 -83.448447774 35.033573804 -1202.546631
386 -83.447917831 35.048401573 -914.333069
387 -83.466059242 35.060153246 -1135.829468
388 -83.454551618 35.067565710 -983.871094
389 -83.459730651 35.033068445 -1278.291992
390 -83.431804451 35.060780323 -689.260742
391 -83.434378600 35.036075976 -877.269592
392 -83.426179423 35.036554308 -1062.553223
393 -83.415682031 35.045274316 -674.694092
394 -83.450638623 35.066590094 -917.185303
395 -83.457466937 35.061805083 -922.895325
396 -83.437242368 35.046287372 -837.141113
397 -83.444494081 35.042938017 -909.931824
398 -83.462939680 35.039276749 -1099.346924
399 -83.463546924 35.037227823 -1164.026978
400 -83.408950091 35.064116520 -688.280151
401 -83.442582660 35.070245519 -886.565002
402 -83.453538014 35.043350278 -893.340820
403 -83.420218845 35.062354689 -667.696899
404 -83.460977456 35.063261610 -1024.021851
405 -83.440479199 35.050274261 -885.597290
406 -83.408380618 35.038653903 -714.535461
407 -83.454542833 35.058658999 -890.752136
408 -83.460643039 35.046323238 -1029.707153
409 -83.451631324 35.036497514 -1014.247925
410 -83.453481636 35.061199823 -897.144775
411 -83.440644301 35.047601803 -795.690247
412 -83.443420592 35.051992409 -846.940857
413 -83.444288597 35.057483022 -818.157410
414 -83.425891901 35.059301847 -690.492126
415 -83.453396870 35.033440671 -1218.911865
416 -83.406767633 35.051194544 -652.672241
417 -83.440218649 35.032216123 -923.444702
418 -83.418318225 35.033743139 -1020.821228
419 -83.471937419 35.058092628 -1193.278564
420 -83.466099420 35.034756592 -1256.601318
421 -83.448938622 35.066795027 -915.442871
422 -83.445744242 35.046841570 -872.683167
423 -83.414010809 35.042874332 -706.739746
424 -83.466948942 35.041061876 -1194.328735
425 -83.462806289 35.041816284 -1069.222046
426 -83.408204656 35.062599339 -653.754700
427 -83.450406470 35.060267945 -787.310242
428 -83.439062391 35.033709819 -941.086426
429 -83.467035944 35.060241063 -1188.178833
430 -83.467078856 35.056543314 -1087.471436
431 -83.448331750 35.053918790 -911.951660
432 -83.456927638 35.051874292 -995.289856
433 -83.409442825 35.037679343 -722.655029
434 -83.435734795 35.024844751 -1007.433350
435 -83.413557334 35.061781062 -698.928223
436 -83.425527320 35.041732279 -857.967163
437 -83.459433422 35.061409940 -955.761292
438 -83.417927685 35.059206528 -826.600220
439 -83.454427861 35.063070467 -892.373169
440 -83.439789041 35.034062060 -959.095337
441 -83.404512014 35.044139612 -731.920593
442 -83.418115335 35.067044159 -769.307373
443 -83.458199911 35.054317669 -1034.407593
444 -83.465163247 35.058582625 -1022.829834
445 -83.453960123 35.056422472 -930.328552
446 -83.473054510 35.059517020 -1306.550171
447 -83.432869177 35.057102468 -754.594971
448 -83.465304988 35.051866373 -1092.562622
449 -83.446675518 35.034051941 -1169.112671
450 -83.436621498 35.028785419 -932.401306
451 -83.450725363 35.029791594 -1150.301025
452 -83.439775432 35.068517672 -888.196167
453 -83.433432251 35.041242721 -898.094116
454 -83.451972172 35.042937264 -880.314880
455 -83.471276114 35.050046653 -1370.950684
456 -83.415925678 35.035840987 -865.403259
457 -83.413553598 35.063728656 -660.236389
458 -83.434634099 35.057672799 -801.591187
459 -83.455292414 35.060136893 -859.184204
460 -83.432050987 35.061933305 -713.949341
461 -83.433535497 35.061713446 -694.909668
462 -83.466365027 35.053952654 -1071.541016
463 -83.408566724 35.043906896 -673.677307
464 -83.415156298 35.045308379 -673.168030
465 -83.461365034 35.049183689 -1040.441040
466 -83.466282930 35.057400301 -1026.189697
467 -83.463429885 35.038929865 -1108.925781
468 -83.419723920 35.044446031 -689.100220
469 -83.452729212 35.052819628 -945.358948
470 -83.445704675 35.031714142 -1033.742432
471 -83.435073490 35.036461867 -923.839233
472 -83.459436604 35.034793851 -1179.685547
473 -83.422548671 35.064197721 -697.646423
474 -83.444317766 35.032451997 -1025.183594
475 -83.446541762 35.065571292 -847.758789
476 -83.429481715 35.056260408 -716.804016
477 -83.459604871 35.038983094 -1074.066895
478 -83.466118400 35.048250565 -1154.863037
479 -83.442103055 35.051852125 -795.101746
480 -83.403230681 35.050130837 -678.175232
481 -83.444105013 35.047864194 -917.971497
482 -83.409060430 35.034522867 -765.277588
483 -83.450035062 35.030113808 -1138.420532
484 -83.464728170 35.035722389 -1239.064209
485 -83.408043111 35.050683824 -656.139526
486 -83.440889406 35.056374191 -906.237976
487 -83.448547541 35.067385127 -931.648438
488 -83.449185769 35.050517537 -957.809448
489 -83.441918066 35.045885561 -812.153381
490 -83.439453960 35.032660508 -918.960571
491 -83.424722767 35.058806643 -713.745117
492 -83.432924021 35.038389325 -838.757812
493 -83.410665982 35.039528231 -711.285217
494 -83.434013527 35.034372206 -860.864319
495 -83.412497888 35.056965533 -679.867676
496 -83.455294849 35.069871647 -1041.912231
497 -83.442541279 35.059764068 -750.472168
498 -83.455337135 35.030892043 -1271.721924
499 -83.417298558 35.063522374 -663.597229
500 -83.435243108 35.061883282 -710.944092
501 -83.457859906 35.057141736 -1011.760193
502 -83.425021842 35.062035154 -689.727783
503 -83.431728757 35.057959535 -717.969177
504 -83.453931050 35.039011044 -1029.906982
505 -83.413306150 35.034643325 -919.351257
506 -83.445138020 35.033085669 -1101.992798
507 -83.466402270 35.044576928 -1208.832642
508 -83.431596863 35.041822167 -842.007812
509 -83.462773768 35.057840065 -965.371216
510 -83.408356964 35.040900133 -715.613708
511 -83.409397957 35.047554068 -660.427979
512 -83.441936529 35.023163991 -1101.363037
513 -83.450853910 35.060111126 -790.550781
514 -83.408129941 35.044183736 -679.486938
515 -83.443688142 35.034887244 -1165.441406
516 -83.452765121 35.055405847 -905.755005
517 -83.410380171 35.031592956 -796.904907
518 -83.409376827 35.051231597 -664.700928
519 -83.439055472 35.060772327 -813.939880
520 -83.434008963 35.061634008 -695.244812
521 -83.433001325 35.040831738 -868.229614
522 -83.461200189 35.038006331 -1136.614502
523 -83.439449369 35.043013734 -907.386230
524 -83.457238278 35.048274192 -993.754578
525 -83.446014566 35.050653834 -893.086182
526 -83.430596914 35.046474365 -881.184631
527 -83.451523111 35.042450701 -890.109985
528 -83.446920377 35.036187631 -1170.789795
529 -83.444435029 35.044722042 -856.419373
530 -83.440097691 35.047545284 -768.493286
531 -83.452364804 35.040680343 -945.630249
532 -83.434386786 35.062509835 -701.414429
533 -83.451653531 35.066249798 -954.230469
534 -83.438476335 35.033318774 -915.983948
535 -83.433814371 35.030657381 -910.403748
536 -83.426309626 35.046718006 -850.953857
537 -83.437214491 35.048124748 -782.026672
538 -83.413030334 35.046797682 -667.395203
539 -83.460080087 35.065607683 -1099.167480
540 -83.469551548 35.039062371 -1313.029053
541 -83.458472390 35.040232481 -1025.110718
542 -83.419950213 35.036355413 -912.571960
543 -83.425592236 35.029661767 -1146.396851
544 -83.409260298 35.038211071 -709.405640
545 -83.419182601 35.063436548 -667.773132
546 -83.450897619 35.041181323 -913.710632
547 -83.465636267 35.037624069 -1155.551392
548 -83.439346731 35.048679726 -768.549988
549 -83.461493882 35.066256406 -1161.621338
550 -83.427184647 35.043720580 -795.530396
551 -83.405147417 35.060888052 -665.996399
552 -83.439609858 35.029929314 -1015.057556
553 -83.453571800 35.056994126 -950.321167
554 -83.441652216 35.048391384 -879.934753
555 -83.434433785 35.053831005 -702.279907
556 -83.466608830 35.034932472 -1245.401367
557 -83.411675190 35.033509839 -819.881836
558 -83.435692444 35.058348728 -782.549744
559 -83.436250594 35.045743212 -880.337219
560 -83.445330305 35.059895334 -782.593750
561 -83.408142512 35.043547646 -676.376404
562 -83.455719025 35.055589525 -946.991028
563 -83.431209544 35.054932588 -720.258240
564 -83.438163899 35.034974114 -991.533630
565 -83.445041794 35.063392848 -850.351990
566 -83.439905135 35.063340440 -716.335327
567 -83.406583597 35.060367498 -649.764343
568 -83.461509260 35.059897593 -999.580383
569 -83.409564017 35.034214676 -763.080017
570 -83.461980697 35.055928616 -990.597290
571 -83.438904638 35.051794582 -805.597107
572 -83.424093115 35.035830195 -1065.792603
573 -83.423898587 35.034925143 -1093.761108
574 -83.455803007 35.054551018 -951.490540
575 -83.433040834 35.056140429 -734.428467
576 -83.457138489 35.049216250 -964.579224
577 -83.459936028 35.067377333 -1109.140991
578 -83.404368023 35.051776172 -675.401611
579 -83.457483681 35.042817249 -1021.412109
580 -83.415567397 35.041716074 -705.598328
581 -83.448483437 35.052452346 -913.962280
582 -83.452176387 35.036632119 -1015.448059
583 -83.422984091 35.045917875 -723.141113
584 -83.441879041 35.049205605 -909.146118
585 -83.445338507 35.055123534 -932.211365
586 -83.412327118 35.035037949 -860.130615
587 -83.442898172 35.070758339 -886.058594
588 -83.432472593 35.055274306 -694.906189
589 -83.463438000 35.039956204 -1093.480835
590 -83.463500600 35.053924481 -1022.920837
591 -83.470042093 35.057545901 -1123.118164
592 -83.448245530 35.024247257 -1203.206177
593 -83.449353422 35.042767139 -877.954773
594 -83.448070436 35.056643767 -852.790833
595 -83.415740536 35.041273008 -714.868469
596 -83.412512722 35.062533355 -658.874451
597 -83.425425982 35.038151457 -1022.942078
598 -83.410038919 35.036927049 -739.099487
599 -83.443107071 35.070372121 -878.916992
600 -83.447911022 35.063786987 -848.806213
601 -83.404988898 35.053993826 -662.094238
602 -83.456614499 35.049334457 -953.107239
603 -83.464717455 35.043007149 -1125.488037
604 -83.450088764 35.059327326 -811.262268
605 -83.432034894 35.047953877 -871.073730
606 -83.463963415 35.033204477 -1339.329590
607 -83.459540937 35.037225655 -1099.059082
608 -83.461615446 35.041250555 -1070.826294
609 -83.466285266 35.046174617 -1243.690430
610 -83.427881065 35.042733149 -803.456848
611 -83.415957365 35.044803816 -681.675171
612 -83.440618764 35.034417116 -1010.640015
613 -83.451040086 35.046671584 -962.604309
614 -83.422486796 35.067570202 -764.824402
615 -83.432817492 35.036112083 -847.482849
616 -83.430643205 35.048351702 -841.598022
617 -83.441053440 35.048974392 -887.132141
618 -83.460737786 35.067965638 -1144.164185
619 -83.437562161 35.051537946 -752.041626
620 -83.408487151 35.042010945 -690.352844
621 -83.455608341 35.052960647 -1009.018188
622 -83.463316332 35.059983286 -1044.537964
623 -83.458259901 35.029063728 -1415.333496
624 -83.466739182 35.057409088 -1037.341675
625 -83.442604874 35.047129251 -868.172974
626 -83.437257871 35.061139202 -796.060425
627 -83.475198923 35.055531035 -1380.957886
628 -83.458160643 35.054857710 -1017.267029
629 -83.409066821 35.043273878 -680.938110
630 -83.453905698 35.057681871 -925.119995
631 -83.450001805 35.043000939 -886.712280
632 -83.450390433 35.041469926 -924.776794
633 -83.405957997 35.053073331 -650.563965
634 -83.457171479 35.065326461 -1019.916626
635 -83.454938745 35.047406461 -952.857666
636 -83.408741432 35.048874257 -657.638000
637 -83.472275693 35.054224532 -1212.996826
638 -83.464097778 35.037601305 -1149.540283
639 -83.433615795 35.040609788 -898.680969
640 -83.424662187 35.033935597 -1141.305664
641 -83.439497682 35.047105242 -779.247864
642 -83.417126310 35.047961600 -715.364990
643 -83.467942586 35.038708399 -1217.683960
644 -83.467836653 35.051255310 -1151.264893
645 -83.429210130 35.062085947 -732.584351
646 -83.446417447 35.042799381 -890.243103
647 -83.436941539 35.056601326 -825.293213
648 -83.458867814 35.058528849 -920.522827
649 -83.413684477 35.064331616 -671.195679
650 -83.426248118 35.045984967 -796.812988
651 -83.452235535 35.043784833 -878.208862
652 -83.414099763 35.062300375 -696.603821
653 -83.460570062 35.043656716 -1019.504883
654 -83.460299976 35.030411013 -1419.673462
655 -83.438076734 35.032304623 -913.588257
656 -83.426998275 35.051628350 -886.598755
657 -83.451249010 35.027045559 -1164.620605
658 -83.427839242 35.043849297 -825.153564
659 -83.452570061 35.063687466 -958.297546
660 -83.466865863 35.055689478 -1127.106323
661 -83.431173277 35.040930255 -824.839844
662 -83.447755384 35.067252512 -915.308533
663 -83.411813467 35.047639686 -663.423706
664 -83.421988276 35.035891163 -1011.619202
665 -83.447951041 35.024958703 -1209.307495
666 -83.448139741 35.040682617 -944.807007
667 -83.434590502 35.032924129 -870.259827
668 -83.469122013 35.047362904 -1296.358154
669 -83.441818236 35.045438413 -830.779053
670 -83.449208885 35.022353333 -1221.320923
671 -83.444075130 35.065554664 -788.469299
672 -83.446036761 35.059882870 -764.884460
673 -83.438018873 35.023260283 -1025.073486
674 -83.416422144 35.035967612 -861.533081
675 -83.424091332 35.047359037 -817.654724
676 -83.424422225 35.038989627 -947.688721
677 -83.431415871 35.047462953 -879.993835
678 -83.447472074 35.044278927 -848.625000
679 -83.444806826 35.071934693 -962.123596
680 -83.443002096 35.063033110 -804.514954
681 -83.415818846 35.037382314 -822.990845
682 -83.443739587 35.046506097 -848.105652
683 -83.410473003 35.062767732 -655.075928
684 -83.436502485 35.052187973 -712.948364
685 -83.426203149 35.043930569 -736.797913
686 -83.409286980 35.041126511 -688.744141
687 -83.452444886 35.069566126 -968.784058
688 -83.416076407 35.039437761 -756.690796
689 -83.457658824 35.065412258 -1012.583191
690 -83.407522288 35.035972243 -765.391785
691 -83.436209909 35.028415160 -909.097961
692 -83.447764880 35.045061639 -837.327026
693 -83.439245190 35.025166411 -1011.150330
694 -83.465954425 35.047889763 -1168.727905
695 -83.445720890 35.070725256 -973.814941
696 -83.418799339 35.064659664 -695.748718
697 -83.464930182 35.034446728 -1298.938599
698 -83.446568434 35.047941066 -936.483337
699 -83.463820868 35.056229451 -992.953735
700 -83.414116088 35.045608889 -670.815857
701 -83.446980494 35.061516860 -782.014465
702 -83.465676547 35.052410029 -1087.802979
703 -83.454978282 35.052211565 -973.178284
704 -83.451469203 35.026046032 -1198.688354
705 -83.454732094 35.059598172 -861.011475
706 -83.445700631 35.053262805 -945.445923
707 -83.414420220 35.063778086 -660.259583
708 -83.423070661 35.042668003 -757.452148
709 -83.413172550 35.064027012 -661.089600
710 -83.429155864 35.049400804 -840.717285
711 -83.474981235 35.058917999 -1353.804321
712 -83.430182610 35.059478573 -684.965332
713 -83.451597815 35.060180779 -803.329041
714 -83.449896659 35.045305303 -884.411255
715 -83.443100063 35.066948380 -790.524170
716 -83.409392058 35.062798261 -653.784912
717 -83.408761224 35.038277657 -713.146423
718 -83.448163709 35.057760702 -884.359436
719 -83.458280857 35.055775164 -996.922485
720 -83.450510372 35.027194093 -1153.851685
721 -83.456726412 35.060036969 -869.758606
722 -83.411611713 35.038898012 -722.580444
723 -83.410990277 35.033934223 -792.240662
724 -83.445085667 35.044302722 -881.983032
725 -83.467761177 35.046352906 -1245.186890
726 -83.454603118 35.038311459 -1055.314209
727 -83.436019437 35.055983468 -809.360901
728 -83.459900724 35.047909252 -1014.789978
729 -83.444649713 35.061268008 -741.993591
730 -83.455164674 35.055543174 -931.564270
731 -83.452555552 35.070230384 -992.857056
732 -83.450444991 35.040160498 -955.331665
733 -83.415033939 35.044390669 -683.148621
734 -83.429231024 35.055428291 -754.531372
735 -83.467499850 35.062654873 -1264.712769
736 -83.447559280 35.047977743 -917.235229
737 -83.416230308 35.035352225 -890.802002
738 -83.417823194 35.045852956 -684.609070
739 -83.449073530 35.054455484 -885.257324
740 -83.439231310 35.045781847 -839.804443
741 -83.450945994 35.043427194 -870.255493
742 -83.452481825 35.038632664 -968.823730
743 -83.447089215 35.064510705 -818.221741
744 -83.442314530 35.070851175 -905.986694
745 -83.461923982 35.065255771 -1103.788086
746 -83.449773389 35.041240615 -925.602112
747 -83.450227964 35.064937320 -949.861267
748 -83.436793800 35.053745732 -719.506653
749 -83.431367551 35.039542998 -868.177124
750 -83.444195882 35.036140341 -1161.580933
751 -83.463770192 35.056845881 -988.464355
752 -83.465096678 35.040700440 -1138.981812
753 -83.430612343 35.037264204 -940.722595
754 -83.418449993 35.066254244 -746.203247
755 -83.405385182 35.048245382 -674.302979
756 -83.423460559 35.047085704 -777.467346
757 -83.468804554 35.051951290 -1172.439575
758 -83.417550583 35.044937917 -681.166687
759 -83.463446137 35.061070226 -1034.522827
760 -83.426158329 35.043478571 -769.402588
761 -83.434540179 35.042104283 -998.339417
762 -83.460229451 35.042840051 -1038.177368
763 -83.429848215 35.045145155 -950.980530
764 -83.423963011 35.039500154 -933.656494
765 -83.444154261 35.054941327 -933.462524
766 -83.441978866 35.059961835 -765.533325
767 -83.448794483 35.032712358 -1183.370972
768 -83.461094498 35.043906269 -1032.403564
769 -83.463973261 35.048792168 -1126.234863
770 -83.436702764 35.022066321 -1080.118896
771 -83.432958775 35.035649276 -852.639404
772 -83.463595027 35.037811994 -1139.003540
773 -83.435410011 35.029059609 -902.740784
774 -83.413066021 35.047786226 -674.333374
775 -83.456754226 35.050225141 -969.078552
776 -83.418897742 35.042533953 -747.610046
777 -83.415963576 35.039890836 -743.841492
778 -83.449155304 35.026289078 -1154.641724
779 -83.438980272 35.050101292 -783.046082
780 -83.459783741 35.037751922 -1099.307129
781 -83.415083406 35.049364326 -695.790894
782 -83.443026328 35.031846822 -970.167664
783 -83.445751832 35.026302438 -1200.819336
784 -83.443552649 35.070204517 -898.481812
785 -83.463479020 35.042097907 -1081.193726
786 -83.417060865 35.036205654 -863.726990
787 -83.452205261 35.042352180 -894.563782
788 -83.447918781 35.044037894 -849.280518
789 -83.449154405 35.036149507 -1140.743042
790 -83.438395791 35.048168635 -753.267700
791 -83.408501292 35.034213127 -773.594543
792 -83.450030809 35.037469301 -1038.832397
793 -83.443051496 35.030924471 -1007.796997
794 -83.454311987 35.049561492 -929.986572
795 -83.432668366 35.038793159 -852.770142
796 -83.429116245 35.060740532 -684.179993
797 -83.466017511 35.051681517 -1127.357788
798 -83.420113541 35.044707220 -687.299072
799 -83.450302617 35.047261494 -930.705933
800 -83.409743712 35.041123665 -692.423462
801 -83.449600823 35.033268722 -1188.697998
802 -83.445928875 35.061954186 -774.728699
803 -83.447695741 35.065454579 -838.354431
804 -83.457754734 35.035873750 -1159.646973
805 -83.461206014 35.045617578 -1039.365967
806 -83.432218275 35.055606514 -694.463989
807 -83.473902366 35.058134917 -1287.135620
808 -83.449211724 35.060781701 -790.001648
809 -83.444242036 35.060552591 -768.511108
810 -83.446424758 35.059337341 -792.081604
811 -83.431849208 35.059888987 -692.271484
812 -83.465693785 35.043487252 -1171.460327
813 -83.436509148 35.051658218 -716.561462
814 -83.423166277 35.040426380 -869.269775
815 -83.452265844 35.055100172 -908.560547
816 -83.439976625 35.031246314 -950.220642
817 -83.429581583 35.058687738 -684.138062
818 -83.425723609 35.060480820 -675.924316
819 -83.431031785 35.042132460 -834.740601
820 -83.440100592 35.063686380 -720.244141
821 -83.443991337 35.064568643 -820.112122
822 -83.441133800 35.028582004 -1091.833862
823 -83.447621505 35.061932391 -812.482605
824 -83.415236247 35.037839604 -837.809326
825 -83.428566450 35.044069215 -853.935913
826 -83.458429760 35.069015500 -1101.717896
827 -83.452512498 35.059970810 -822.877991
828 -83.449950036 35.054013135 -923.168518
829 -83.453364889 35.063547501 -937.835205
830 -83.475042889 35.057505435 -1341.083496
831 -83.407554585 35.041108575 -705.386597
832 -83.445574156 35.064632237 -867.735596
833 -83.409555946 35.062277925 -653.838135
834 -83.424886229 35.040241026 -899.602478
835 -83.422366571 35.036844627 -991.005188
836 -83.431788771 35.056305953 -692.223083
837 -83.427333912 35.066990499 -803.043091
838 -83.446268799 35.055405720 -914.546326
839 -83.416710704 35.046316898 -679.439209
840 -83.453335020 35.051250062 -929.110535
841 -83.444767127 35.055937231 -886.116211
842 -83.406058022 35.058649707 -646.901917
843 -83.432271690 35.059328697 -697.869568
844 -83.418899143 35.045991917 -689.362793
845 -83.461109861 35.041244480 -1087.413086
846 -83.445143930 35.062442744 -785.962158
847 -83.437356470 35.025423904 -962.002136
848 -83.408556807 35.043130232 -677.743835
849 -83.429883495 35.041418043 -813.130920
850 -83.463098219 35.035784550 -1249.053955
851 -83.412167780 35.047227724 -665.010681
852 -83.420187435 35.038296374 -871.935669
853 -83.411030230 35.062900238 -656.992920
854 -83.427831700 35.060002853 -679.722717
855 -83.421253272 35.064447595 -706.393433
856 -83.450799195 35.060595285 -803.736511
857 -83.429278449 35.038621253 -989.855408
858 -83.407535595 35.043249455 -684.054077
859 -83.427542532 35.063185881 -709.102722
860 -83.450363026 35.040847205 -942.519836
861 -83.425586145 35.061748636 -679.125488
862 -83.457501422 35.046841034 -987.282898
863 -83.430457324 35.056985494 -701.553345
864 -83.454670103 35.063548031 -918.621033
865 -83.462263598 35.033309664 -1271.459351
866 -83.455805448 35.051038275 -946.311279
867 -83.407127837 35.047656486 -667.159485
868 -83.455616675 35.046078819 -995.734558
869 -83.446924365 35.030254595 -1094.837402
870 -83.407943790 35.040356892 -718.568848
871 -83.420214853 35.061744402 -671.673218
872 -83.424997930 35.036326421 -1079.862671
873 -83.435566958 35.062810034 -702.590942
874 -83.439697672 35.024564338 -1034.196411
875 -83.459581224 35.055077562 -1069.448242
876 -83.449996997 35.059946221 -784.016785
877 -83.410765615 35.062399986 -664.512939
878 -83.408814985 35.062848158 -655.142456
879 -83.423895760 35.038966446 -948.919312
880 -83.453656281 35.028887392 -1211.544067
881 -83.456221654 35.034873680 -1178.813354
882 -83.454842502 35.060009629 -850.213318
883 -83.464648282 35.048469196 -1131.800781
884 -83.447441665 35.048407485 -900.041077
885 -83.454419161 35.060691128 -849.439392
886 -83.474641053 35.058222525 -1323.534302
887 -83.442501511 35.063797978 -779.190735
888 -83.462617532 35.054559566 -1032.410522
889 -83.433526198 35.063552924 -753.643982
890 -83.445068713 35.067100805 -855.892090
891 -83.426614791 35.043590482 -754.250305
892 -83.429353783 35.039558527 -927.584961
893 -83.417508446 35.037520935 -819.626282
894 -83.440599942 35.042333438 -942.493286
895 -83.461926392 35.041624367 -1055.662476
896 -83.465553235 35.046356942 -1207.494629
897 -83.432006580 35.046014172 -933.285339
898 -83.443366787 35.059367653 -748.838257
899 -83.456412995 35.037043395 -1130.450562
900 -83.433256511 35.032596799 -932.846741
901 -83.457975499 35.032738211 -1285.936890
902 -83.463958910 35.057871440 -989.020020
903 -83.458263886 35.058384305 -944.431946
904 -83.450676288 35.061848182 -841.242798
905 -83.408025783 35.045270381 -674.054626
906 -83.438194582 35.045717745 -845.795288
907 -83.454067006 35.055480150 -913.586792
908 -83.418387135 35.063292994 -664.865173
909 -83.446099113 35.041824424 -906.591736
910 -83.430714362 35.053176510 -741.910278
911 -83.458538278 35.033581948 -1265.998413
912 -83.456677822 35.041850657 -978.200439
913 -83.426185205 35.041305765 -822.062195
914 -83.459126619 35.042103410 -1068.922974
915 -83.422625221 35.035635832 -1023.326355
916 -83.420560577 35.044723428 -689.010132
917 -83.454931452 35.064008310 -929.372864
918 -83.407618247 35.053100941 -655.044861
919 -83.412508123 35.032814328 -866.594788
920 -83.455149710 35.035186454 -1175.107300
921 -83.439992928 35.064522452 -743.312500
922 -83.446773615 35.029665150 -1127.684326
923 -83.447581792 35.024258545 -1219.461182
924 -83.434786661 35.034989390 -885.123108
925 -83.416627388 35.040241304 -741.903503
926 -83.454741768 35.042744898 -944.332458
927 -83.449532037 35.047297718 -911.702881
928 -83.458556490 35.052569934 -1044.627808
929 -83.408575420 35.050961253 -661.729431
930 -83.464373615 35.053730305 -1024.554565
931 -83.462062044 35.038277663 -1140.696777
932 -83.417000567 35.036931715 -829.887817
933 -83.422781753 35.041252914 -802.275146
934 -83.439188177 35.064263613 -738.048767
935 -83.442151593 35.067955657 -844.886108
936 -83.420471831 35.058681905 -755.674866
937 -83.456676688 35.063167936 -988.507263
938 -83.424149047 35.065977748 -775.837708
939 -83.431288939 35.036685589 -890.453308
940 -83.459001504 35.037160801 -1101.060425
941 -83.451766202 35.023192216 -1281.550171
942 -83.467794120 35.056919795 -1078.534302
943 -83.452142683 35.034651222 -1108.627319
944 -83.459895839 35.034564264 -1182.336060
945 -83.451643154 35.038754737 -957.720276
946 -83.413207585 35.045877940 -669.278564
947 -83.450818631 35.023268448 -1241.382690
948 -83.422813839 35.040766170 -839.546936
949 -83.439249200 35.066262301 -797.866821
950 -83.410463328 35.044811569 -682.568054
951 -83.442173799 35.031534404 -969.511047
952 -83.419109287 35.037984390 -824.624756
953 -83.462835389 35.038612207 -1122.174194
954 -83.449110839 35.049493542 -985.552490
955 -83.452554970 35.059539358 -825.784790
956 -83.437722840 35.049071669 -740.909790
957 -83.462825717 35.043420197 -1073.730103
958 -83.457070733 35.059037466 -910.594299
959 -83.441060352 35.063331090 -742.793823
960 -83.409610698 35.045599029 -673.706848
961 -83.422035512 35.064973817 -710.945435
962 -83.433360197 35.022819963 -1088.904541
963 -83.436727740 35.054471792 -733.562134
964 -83.457361319 35.044231739 -1017.959045
965 -83.431956824 35.034743466 -909.753601
966 -83.452013744 35.038513655 -965.811584
967 -83.405626552 35.049051020 -659.034790
968 -83.413463329 35.059808548 -761.717590
969 -83.449944766 35.025675241 -1167.858276
970 -83.433143833 35.060846283 -694.735840
971 -83.439509835 35.064680206 -746.519958
972 -83.454275766 35.045406394 -1014.666565
973 -83.434750287 35.033447760 -866.178223
974 -83.456265753 35.059751674 -865.195435
975 -83.463892685 35.050673981 -1144.378052
976 -83.405688975 35.054960777 -647.139587
977 -83.415481406 35.039641435 -769.052917
978 -83.457561330 35.059259260 -894.938782
979 -83.407691847 35.050389958 -654.408264
980 -83.430527079 35.036348009 -919.983948
981 -83.433615611 35.041949330 -920.649353
982 -83.448525123 35.048280890 -938.393494
983 -83.457045052 35.043528331 -1019.264771
984 -83.452485703 35.035383775 -1067.365356
985 -83.434009419 35.051773750 -773.461975
986 -83.452098018 35.067620126 -919.963318
987 -83.421813319 35.040446855 -879.164185
988 -83.448094232 35.047862275 -904.167664
989 -83.433162887 35.054597219 -699.874023
990 -83.446914336 35.032046979 -1106.666626
991 -83.418539717 35.045064900 -681.963074
992 -83.458880895 35.060603280 -910.446655
993 -83.458919881 35.057919656 -944.864441
994 -83.451361520 35.041500349 -905.147461
995 -83.448858392 35.043327921 -874.669556
996 -83.443212893 35.058781029 -770.021484
997 -83.454230772 35.068142095 -978.447021
998 -83.431880144 35.036215923 -876.579529
999 -83.463962546 35.039223583 -1106.236572
1000 -83.407804982 35.055067625 -655.784180
1001 -83.413120268 35.062818294 -658.447144
1002 -83.446460911 35.049399249 -911.195984
1003 -83.450445955 35.042040186 -899.958191
1004 -83.413502219 35.039420075 -746.687988
1005 -83.411280840 35.062353449 -669.916748
1006 -83.409908336 35.040588892 -700.219055
1007 -83.462504973 35.053256160 -1077.586182
1008 -83.423512355 35.048063963 -800.388489
1009 -83.445030748 35.061590466 -750.700806
1010 -83.416644735 35.043073870 -712.606812
1011 -83.439090929 35.057776849 -821.436829
1012 -83.444137969 35.062162864 -774.832092
1013 -83.434081145 35.041224702 -942.837585
1014 -83.443312323 35.031456902 -993.251953
1015 -83.414041458 35.050311605 -677.374390
1016 -83.427010989 35.046348192 -864.592468
1017 -83.454008524 35.069071842 -988.003906
1018 -83.410849113 35.061836522 -679.063660
1019 -83.407424504 35.034405321 -789.885071
1020 -83.443476687 35.067685670 -809.403870
1021 -83.405530744 35.056919611 -647.485107
1022 -83.408236364 35.046975819 -662.423279
1023 -83.412127175 35.049499256 -672.150696
1024 -83.430776542 35.049575883 -830.777161
1025 -83.448478646 35.026980297 -1179.405029
1026 -83.469267595 35.058194987 -1112.973145
1027 -83.459887787 35.033689706 -1230.964355
1028 -83.455686876 35.033780798 -1229.067383
1029 -83.425314321 35.058099337 -727.485474
1030 -83.451790759 35.055953420 -890.394165
1031 -83.423399182 35.039580803 -907.705078
1032 -83.427138116 35.057118188 -736.786255
1033 -83.452934599 35.060904186 -880.402405
1034 -83.450895838 35.041731719 -898.152893
1035 -83.450810727 35.024672980 -1215.146118
1036 -83.431391248 35.057423753 -701.524780
1037 -83.443043005 35.064529174 -779.322388
1038 -83.411019426 35.064634605 -666.589539
1039 -83.450097351 35.053453002 -905.707825
1040 -83.442374042 35.052297824 -811.753967
1041 -83.443992395 35.070649002 -907.058350
1042 -83.460637838 35.038495046 -1123.386841
1043 -83.408632092 35.039217802 -705.029480
1044 -83.457053298 35.042268052 -1014.703430
1045 -83.453395781 35.067459521 -966.893555
1046 -83.460288979 35.033347095 -1245.645630
1047 -83.474391461 35.056177927 -1355.452148
1048 -83.407630477 35.060195249 -649.864929
1049 -83.433060906 35.033873457 -888.329285
1050 -83.454305504 35.065228300 -986.470093
1051 -83.430677757 35.058951550 -686.240051
1052 -83.410117416 35.051913760 -669.348572
1053 -83.427171721 35.042016806 -784.651306
1054 -83.433552017 35.059402890 -731.421082
1055 -83.424642927 35.064930176 -726.044189
1056 -83.457648873 35.044842141 -1015.621582
1057 -83.470646257 35.056864091 -1186.707153
1058 -83.409099244 35.062419050 -651.780151
1059 -83.450984578 35.056259689 -883.205505
1060 -83.424438409 35.044920081 -710.718628
1061 -83.442128569 35.034126369 -1062.416870
1062 -83.458490876 35.039396459 -1047.551270
1063 -83.455215853 35.049255559 -935.799500
1064 -83.444253965 35.031480212 -995.282043
1065 -83.458040897 35.063633084 -1023.898438
1066 -83.448747370 35.035366022 -1195.834839
1067 -83.461578329 35.057626070 -944.156921
1068 -83.442264813 35.029059133 -1141.161255
1069 -83.444445451 35.056755752 -841.781250
1070 -83.432867557 35.052982824 -739.075378
1071 -83.454007103 35.067074087 -954.777344
1072 -83.476001197 35.052846460 -1455.645508
1073 -83.448485908 35.059707356 -778.259827
1074 -83.417677605 35.063240028 -664.341064
1075 -83.472946968 35.058215252 -1245.607544
1076 -83.449738378 35.028084155 -1141.630981
1077 -83.419333735 35.062327704 -670.484680
1078 -83.460406338 35.036623668 -1124.830811
1079 -83.457978008 35.064351035 -1032.198120
1080 -83.459270982 35.038556986 -1070.494263
1081 -83.441945501 35.038218674 -1075.605469
1082 -83.407616243 35.062348123 -653.498413
1083 -83.407439769 35.059513933 -649.562256
1084 -83.462147154 35.064028301 -1069.113892
1085 -83.448834772 35.045570316 -897.036682
1086 -83.411605110 35.048471727 -667.737366
1087 -83.470558509 35.057379490 -1156.218384
1088 -83.443071639 35.046549646 -856.800049
1089 -83.454440702 35.050955540 -926.022766
1090 -83.450443861 35.028964596 -1149.682739
1091 -83.410335682 35.036385764 -737.911316
1092 -83.433321984 35.048993728 -848.041260
1093 -83.445691081 35.065601077 -862.546265
1094 -83.437029451 35.060388963 -847.859314
1095 -83.451751419 35.058399455 -908.973999
1096 -83.461031667 35.034755495 -1211.076904
1097 -83.430844073 35.053662966 -727.707703
1098 -83.433811559 35.056822719 -794.012451
1099 -83.423497669 35.032075402 -1193.683350
1100 -83.430743623 35.058383737 -686.694641
1101 -83.430016030 35.048395538 -860.239990
1102 -83.438003776 35.060719006 -835.032349
1103 -83.441204987 35.063908796 -734.695618
1104 -83.431604505 35.062499912 -738.860107
1105 -83.441673645 35.067610759 -840.889587
1106 -83.405685593 35.057504368 -649.198547
1107 -83.409143100 35.043890650 -675.951172
1108 -83.464096676 35.048095190 -1114.194824
1109 -83.451234011 35.039583037 -940.066833
1110 -83.449079060 35.026768757 -1161.558716
1111 -83.416853040 35.043812008 -696.518982
1112 -83.416468778 35.049963871 -747.707092
1113 -83.416326261 35.041228124 -720.377075
1114 -83.434589437 35.034425010 -873.536072
1115 -83.442728892 35.033063286 -1025.615723
1116 -83.448755203 35.053536261 -913.099243
1117 -83.442123069 35.061014323 -727.563354
1118 -83.448435586 35.030336569 -1090.579712
1119 -83.424368731 35.046228162 -772.572449
1120 -83.465414166 35.034103022 -1298.166138
1121 -83.429927350 35.047801860 -858.696411
1122 -83.439705880 35.064088353 -729.910583
1123 -83.436031446 35.036463452 -968.966309
1124 -83.410208285 35.062143735 -660.578674
1125 -83.468853898 35.050585429 -1200.321411
1126 -83.442941409 35.029658885 -1132.260376
1127 -83.421712947 35.043397659 -746.103333
1128 -83.445613303 35.051188664 -888.918762
1129 -83.416772240 35.051564355 -758.154175
1130 -83.444691982 35.045365307 -824.585022
1131 -83.445027591 35.054090887 -944.539612
1132 -83.431061940 35.025468459 -1095.859985
1133 -83.470218721 35.059399243 -1208.807739
1134 -83.455512721 35.059183506 -899.571167
1135 -83.453476853 35.054049283 -969.315674
1136 -83.453994166 35.061420325 -881.443359
1137 -83.466351526 35.056385434 -1086.851196
1138 -83.442610069 35.051788355 -804.333862
1139 -83.437979570 35.055084469 -784.788940
1140 -83.439829852 35.054976282 -818.372803
1141 -83.450502767 35.069646977 -1004.977722
1142 -83.456199352 35.066088768 -1052.934692
1143 -83.424633271 35.047956924 -839.607056
1144 -83.411201328 35.050781279 -679.904785
1145 -83.453369069 35.058902500 -875.939209
1146 -83.446139524 35.068502881 -934.641602
1147 -83.431750202 35.039809253 -843.996033
1148 -83.432046739 35.061307529 -691.883057
1149 -83.477206325 35.057244015 -1471.922241
1150 -83.456389202 35.022614451 -1417.002563
1151 -83.456195300 35.050079150 -952.255981
1152 -83.460906026 35.059475904 -982.797546
1153 -83.435278650 35.050877505 -742.216492
1154 -83.430170352 35.041859176 -804.701294
1155 -83.427782277 35.045827872 -893.420349
1156 -83.441276035 35.062319988 -727.041443
1157 -83.453250898 35.056313154 -917.877686
1158 -83.405454523 35.055350442 -646.749939
1159 -83.421554577 35.039159683 -961.248901
1160 -83.410081516 35.063764885 -657.344360
1161 -83.455554930 35.038654105 -1112.924805
1162 -83.455414621 35.037644748 -1122.404175
1163 -83.435244008 35.061219036 -734.531616
1164 -83.407760465 35.032998246 -819.383972
1165 -83.448466032 35.069597910 -972.454834
1166 -83.405335326 35.056339077 -647.027710
1167 -83.467577140 35.034104421 -1294.518677
1168 -83.434291717 35.065262246 -780.211304
1169 -83.457185869 35.047563011 -1008.026611
1170 -83.409547787 35.037135805 -727.930603
1171 -83.409645161 35.055180579 -665.635010
1172 -83.450702341 35.039461563 -950.411011
1173 -83.467132468 35.035221620 -1239.799438
1174 -83.432680641 35.046630032 -902.314148
1175 -83.456249986 35.055663536 -950.054749
1176 -83.444274792 35.045748330 -815.700317
1177 -83.451560872 35.039454160 -936.883606
1178 -83.422086368 35.035023923 -1033.217407
1179 -83.448878478 35.051607539 -933.429871
1180 -83.465790697 35.036705145 -1176.625122
1181 -83.442202353 35.067255693 -810.008789
1182 -83.452672458 35.056397777 -919.251404
1183 -83.443793946 35.056085131 -884.934509
1184 -83.457034587 35.064352555 -991.046814
1185 -83.442275346 35.029835932 -1085.164185
1186 -83.420371447 35.034709900 -1040.850464
1187 -83.412969940 35.052016140 -689.981201
1188 -83.451851222 35.069913171 -1003.908264
1189 -83.455266268 35.060983001 -889.223877
1190 -83.453269179 35.059399584 -831.017395
1191 -83.425807413 35.064567049 -718.490967
1192 -83.411041038 35.063990017 -658.463806
1193 -83.459788635 35.036731329 -1126.506836
1194 -83.464624840 35.038009722 -1134.521362
1195 -83.451148691 35.055262109 -916.790100
1196 -83.442390469 35.030961913 -989.434021
1197 -83.424093397 35.055913872 -849.567688
1198 -83.469153560 35.055278931 -1161.844238
1199 -83.450158766 35.045920875 -926.110535
1200 -83.455134203 35.057252887 -952.288818
1201 -83.408566719 35.046618237 -664.031494
1202 -83.432623469 35.061107567 -691.752136
1203 -83.433290317 35.062766714 -721.114807
1204 -83.452700893 35.036183362 -1043.154907
1205 -83.448735620 35.065633258 -845.472778
1206 -83.456108552 35.048436834 -960.434082
1207 -83.465719255 35.033632270 -1313.130615
1208 -83.428566330 35.056109295 -740.895447
1209 -83.458993643 35.039125936 -1057.445801
1210 -83.463320252 35.058249724 -979.278076
1211 -83.446035067 35.048981533 -885.214111
1212 -83.441513024 35.065330123 -744.282166
1213 -83.406897410 35.049460678 -655.286499
1214 -83.448308048 35.044431834 -844.590027
1215 -83.408855098 35.035997192 -734.365967
1216 -83.436514741 35.026674964 -926.672974
1217 -83.430172386 35.042851092 -875.731750
1218 -83.435871964 35.050933212 -727.089355
1219 -83.466014286 35.047450765 -1191.105103
1220 -83.452341525 35.057323308 -938.454041
1221 -83.429803604 35.040321773 -878.104187
1222 -83.449220880 35.053566150 -899.243103
1223 -83.457538255 35.057895649 -964.029541
1224 -83.429645909 35.043298529 -895.378967
1225 -83.414619658 35.043691730 -684.214478
1226 -83.436527851 35.031784787 -915.350403
1227 -83.449955294 35.041800115 -909.702942
1228 -83.426973958 35.058805052 -697.087402
1229 -83.457233184 35.041181698 -1003.334839
1230 -83.438542271 35.054674618 -776.833191
1231 -83.430812250 35.039199174 -903.945007
1232 -83.464000148 35.058662706 -1014.023621
1233 -83.447018247 35.055759528 -889.726013
1234 -83.421993997 35.039780487 -909.818970
1235 -83.450434176 35.057527441 -921.376587
1236 -83.422694976 35.037705469 -967.705444
1237 -83.422277576 35.037398519 -979.075439
1238 -83.430884803 35.039900234 -873.929382
1239 -83.443195854 35.037203555 -1134.590820
1240 -83.435344121 35.025623861 -991.747925
1241 -83.435786385 35.060951978 -757.518494
1242 -83.411178416 35.037881906 -730.362610
1243 -83.408103722 35.062024254 -652.085449
1244 -83.450429989 35.056305144 -872.782776
1245 -83.430323927 35.049359494 -851.515808
1246 -83.421399884 35.045018850 -691.841797
1247 -83.449689300 35.030658444 -1127.696777
1248 -83.471103054 35.056523326 -1221.867554
1249 -83.423018623 35.045369235 -701.857666
1250 -83.429965950 35.050218590 -832.201233
1251 -83.444680175 35.051103714 -846.111389
1252 -83.423965800 35.063140034 -688.210144
1253 -83.446219324 35.048414745 -925.071289
1254 -83.428541649 35.062977128 -700.445190
1255 -83.466293785 35.050403325 -1134.659424
1256 -83.437338549 35.064816359 -763.794495
1257 -83.451286893 35.034441144 -1104.936401
1258 -83.440583351 35.029701150 -1035.230957
1259 -83.405073146 35.041740542 -733.955872
1260 -83.420853634 35.042781834 -761.095337
1261 -83.455613293 35.048800977 -951.740112
1262 -83.448570575 35.042589415 -908.107727
1263 -83.447076988 35.063729066 -813.956909
1264 -83.430063983 35.038881173 -947.418091
1265 -83.452493251 35.065279652 -984.372070
1266 -83.441524432 35.032107643 -947.133423
1267 -83.448131629 35.041686974 -933.564819
1268 -83.408326047 35.046189794 -664.787048
1269 -83.421366418 35.035622521 -1013.360291
1270 -83.410664052 35.046360280 -674.798035
1271 -83.440750026 35.053359625 -774.729980
1272 -83.460098434 35.043904611 -1011.620178
1273 -83.459849316 35.031314203 -1383.433838
1274 -83.459303653 35.036800949 -1101.968872
1275 -83.462391637 35.061562941 -999.440369
1276 -83.406347180 35.040058098 -712.158752
1277 -83.437624247 35.063716312 -718.303772
1278 -83.453572885 35.038070871 -1024.236328
1279 -83.417917861 35.050334425 -778.665649
1280 -83.440778302 35.035331075 -1071.592773
1281 -83.412379703 35.063461240 -657.422119
1282 -83.444565160 35.052294154 -926.323486
1283 -83.427373018 35.037023773 -1023.104797
1284 -83.423819617 35.033171448 -1155.011719
1285 -83.432748746 35.047600386 -872.923462
1286 -83.416353149 35.066619717 -708.064392
1287 -83.408564423 35.061697004 -651.064636
1288 -83.445431588 35.050628437 -856.158569
1289 -83.449247501 35.057382878 -891.641113
1290 -83.460580562 35.044251028 -1020.948547
1291 -83.424069058 35.038495801 -965.994629
1292 -83.428983549 35.048115424 -897.177917
1293 -83.452183613 35.068516762 -953.172791
1294 -83.438788624 35.031147733 -950.520142
1295 -83.407158576 35.040287792 -710.848022
1296 -83.469720274 35.044954844 -1380.376709
1297 -83.413253150 35.040383237 -728.875122
1298 -83.419325762 35.046575396 -703.380127
1299 -83.408712973 35.044349606 -671.810730
1300 -83.443123204 35.068028177 -818.046021
1301 -83.423142894 35.060217919 -688.967590
1302 -83.436479058 35.061158979 -780.416870
1303 -83.434387815 35.031083455 -893.742981
1304 -83.451794900 35.064351833 -967.898865
1305 -83.437589903 35.065794498 -800.002380
1306 -83.448140184 35.036142680 -1185.600830
1307 -83.442431679 35.046483033 -831.463989
1308 -83.430864728 35.042822907 -865.907837
1309 -83.436608725 35.047872474 -816.239380
1310 -83.411416643 35.035361749 -787.425537
1311 -83.435855660 35.026354867 -945.691162
1312 -83.405780020 35.058125475 -646.493958
1313 -83.442087719 35.066107978 -758.827576
1314 -83.406519236 35.059299027 -647.932617
1315 -83.429247084 35.066917203 -792.794617
1316 -83.451736183 35.055427849 -902.413513
1317 -83.406943875 35.061461983 -651.598938
1318 -83.451262788 35.039123730 -951.992249
1319 -83.421495053 35.036243931 -999.210205
1320 -83.407792261 35.045908739 -671.749023
1321 -83.422290420 35.039197862 -945.300415
1322 -83.435615161 35.050199631 -747.286621
1323 -83.459920922 35.040946313 -1100.403320
1324 -83.438846729 35.025686760 -980.383301
1325 -83.458997398 35.035904439 -1140.687378
1326 -83.420881029 35.036255649 -970.937500
1327 -83.410812128 35.054006843 -673.940857
1328 -83.441700596 35.069172969 -885.334167
1329 -83.409909655 35.039283595 -713.191162
1330 -83.456378386 35.062545718 -957.709412
1331 -83.451864910 35.041304875 -932.031372
1332 -83.442630629 35.062391479 -781.561462
1333 -83.422882287 35.036601068 -995.439941
1334 -83.457954161 35.037511021 -1103.725586
1335 -83.414307461 35.042363641 -693.919556
1336 -83.429547954 35.061285436 -700.725647
1337 -83.465165658 35.037242090 -1157.247559
1338 -83.411586036 35.064300813 -664.553101
1339 -83.441498691 35.066931231 -805.700562
1340 -83.453285977 35.049811383 -938.424194
1341 -83.443633932 35.039044851 -1066.397583
1342 -83.406829517 35.059617805 -648.442322
1343 -83.459131025 35.030301722 -1413.335571
1344 -83.440412356 35.060657341 -777.346985
1345 -83.442657429 35.067687620 -813.281067
1346 -83.455216360 35.053915473 -969.989990
1347 -83.415332192 35.034016925 -938.551636
1348 -83.432031023 35.058620813 -714.356628
1349 -83.442065296 35.041814254 -938.818604
1350 -83.420048709 35.065356981 -696.021545
1351 -83.461468651 35.046873533 -1042.801025
1352 -83.464186197 35.036984504 -1171.412964
1353 -83.449451982 35.058841318 -818.059143
1354 -83.411839274 35.063361051 -656.284363
1355 -83.410674375 35.063196241 -654.899231
1356 -83.410141596 35.047032908 -663.500732
1357 -83.465100723 35.039188568 -1129.566040
1358 -83.426749796 35.041690005 -798.454529
1359 -83.438388445 35.066701963 -840.620667
1360 -83.460111828 35.034177387 -1198.512695
1361 -83.451976041 35.051402367 -909.110168
1362 -83.449996106 35.027303294 -1147.489746
1363 -83.462527760 35.044196193 -1067.849365
1364 -83.422969908 35.059523523 -709.773376
1365 -83.415907550 35.038556500 -785.664856
1366 -83.460256661 35.045669747 -1023.389893
1367 -83.455062716 35.065118007 -993.555237
1368 -83.449595182 35.051965869 -916.855225
1369 -83.410841271 35.032599185 -795.851135
1370 -83.408579625 35.057132772 -659.617065
1371 -83.455048239 35.046504488 -976.453430
1372 -83.444771889 35.053113452 -921.478699
1373 -83.415731723 35.063738093 -661.371948
1374 -83.457221301 35.053530104 -1029.524780
1375 -83.411661715 35.036990309 -780.113342
1376 -83.439452149 35.030775459 -973.044189
1377 -83.444715959 35.037554135 -1111.360962
1378 -83.449480947 35.045761220 -913.276611
1379 -83.447237232 35.043023957 -874.233276
1380 -83.452949234 35.061604304 -889.758728
1381 -83.449038784 35.059931933 -774.538269
1382 -83.417462297 35.046455904 -691.715393
1383 -83.462766968 35.047090114 -1091.403564
1384 -83.424040420 35.036664106 -1028.540527
1385 -83.423591499 35.040027402 -893.080078
1386 -83.461423236 35.041715743 -1059.316895
1387 -83.468398152 35.056441760 -1091.778931
1388 -83.412358170 35.059715096 -726.482849
1389 -83.457723138 35.038262337 -1071.776489
1390 -83.470982658 35.057749731 -1163.428955
1391 -83.449820792 35.055125782 -903.648865
1392 -83.450407311 35.032310912 -1153.186279
1393 -83.414731081 35.038431734 -833.728210
1394 -83.436089279 35.033891500 -910.207825
1395 -83.462681924 35.041239294 -1075.153809
1396 -83.407634921 35.048653454 -657.193176
1397 -83.443892432 35.046034118 -828.443054
1398 -83.413917297 35.041040843 -715.861938
1399 -83.436641787 35.033633075 -915.840210
1400 -83.442569220 35.033623660 -1044.328003
1401 -83.444661084 35.029676338 -1076.385010
1402 -83.407711732 35.058338252 -654.356445
1403 -83.446633064 35.030694232 -1083.530884
1404 -83.455080051 35.040121217 -1015.042847
1405 -83.411558747 35.061724406 -682.814270
1406 -83.458945457 35.038111540 -1064.637695
1407 -83.420502271 35.042028911 -801.449829
1408 -83.438507923 35.048583847 -742.102356
1409 -83.447688809 35.039866577 -988.115540
1410 -83.441020936 35.052831863 -781.166687
1411 -83.435287443 35.027549811 -941.638977
1412 -83.435814589 35.061580392 -733.259888
1413 -83.406998818 35.045833566 -680.149963
1414 -83.414594119 35.042848595 -689.609924
1415 -83.406792232 35.032520641 -883.568909
1416 -83.447505884 35.050328972 -949.101257
1417 -83.413792256 35.049228076 -687.722046
1418 -83.455292855 35.036501993 -1151.171631
1419 -83.424374207 35.059522452 -713.520508
1420 -83.435482027 35.052299507 -718.332886
1421 -83.433358488 35.036608495 -851.119080
1422 -83.425434664 35.048814823 -899.666931
1423 -83.440227177 35.030560908 -984.014465
1424 -83.441527092 35.070983180 -914.028931
1425 -83.474701540 35.059708246 -1392.449463
1426 -83.447819865 35.070636974 -1009.738647
1427 -83.448485445 35.031882533 -1167.248779
1428 -83.429571167 35.059636077 -682.848145
1429 -83.456953259 35.061212261 -901.344788
1430 -83.452188885 35.045064956 -913.768250
1431 -83.420586429 35.036893759 -904.375244
1432 -83.455611472 35.045390082 -1002.032898
1433 -83.424064261 35.046774212 -799.316406
1434 -83.466859352 35.046560323 -1212.666626
1435 -83.423831937 35.037386853 -1008.655945
1436 -83.438212630 35.063809558 -718.765015
1437 -83.450574315 35.025844732 -1184.612793
1438 -83.464012599 35.038151869 -1132.263306
1439 -83.453231514 35.055697052 -904.783569
1440 -83.416043097 35.046116985 -675.324463
1441 -83.449976623 35.068853821 -969.650146
1442 -83.451195666 35.051867918 -905.818054
1443 -83.436882064 35.038705437 -994.431763
1444 -83.433644865 35.050502586 -799.811340
1445 -83.442713002 35.071825223 -930.403442
1446 -83.411094967 35.059922640 -692.519348
1447 -83.411830567 35.031997426 -841.431885
1448 -83.459148284 35.049808506 -1006.978027
1449 -83.411898391 35.062381410 -661.583191
1450 -83.464961273 35.056522577 -1035.755127
1451 -83.440875066 35.062761119 -722.170105
1452 -83.431184291 35.035126256 -924.459351
1453 -83.454978852 35.045756597 -994.170654
1454 -83.443690895 35.071192101 -927.045166
1455 -83.443475545 35.047146982 -872.354736
1456 -83.474250298 35.057534704 -1299.206421
1457 -83.455432850 35.026709313 -1279.596069
1458 -83.434483684 35.047561553 -842.020081
1459 -83.433458466 35.057806532 -762.574402
1460 -83.436044451 35.028936896 -902.633850
1461 -83.440441808 35.022965417 -1138.158691
1462 -83.439306363 35.062801553 -715.433899
1463 -83.446597738 35.060937812 -762.275696
1464 -83.435645727 35.033128782 -874.741150
1465 -83.410375292 35.060604697 -670.973267
1466 -83.436739793 35.027581466 -920.917358
1467 -83.444764596 35.041662640 -952.441650
1468 -83.429927945 35.060056506 -684.195496
1469 -83.424466980 35.040789113 -907.925598
1470 -83.462466769 35.048944062 -1094.701294
1471 -83.452663647 35.047369321 -938.064575
1472 -83.421608071 35.058606506 -762.435791
1473 -83.442042791 35.060568366 -746.427917
1474 -83.406767479 35.038293695 -738.745300
1475 -83.438107638 35.052704663 -743.822144
1476 -83.410683031 35.037113569 -761.297607
1477 -83.447474502 35.065889727 -844.150330
1478 -83.452330902 35.058734489 -885.121094
1479 -83.448259719 35.061618912 -816.751465
1480 -83.459732667 35.060542612 -916.339844
1481 -83.409565901 35.034824160 -758.596619
1482 -83.430406523 35.063892686 -747.739685
1483 -83.436900350 35.026211319 -948.690063
1484 -83.463728533 35.043052820 -1095.323975
1485 -83.441221038 35.049912346 -912.121033
1486 -83.446236325 35.030187614 -1112.155640
1487 -83.438925622 35.069569060 -961.276550
1488 -83.407950570 35.039209169 -711.695496
1489 -83.442315341 35.045661937 -807.015808
1490 -83.449591388 35.068080937 -954.672241
1491 -83.429915413 35.051056625 -803.651550
1492 -83.439829374 35.031834298 -930.267761
1493 -83.465726123 35.058372163 -1044.172729
1494 -83.446556943 35.063117761 -808.092834
1495 -83.437177228 35.033297836 -907.904236
1496 -83.432453497 35.038270706 -856.585144
1497 -83.455741520 35.049293451 -932.849182
1498 -83.454666053 35.054502153 -946.622253
1499 -83.449100476 35.024656774 -1173.724609
1500 -83.449754267 35.043959034 -861.395203
1501 -83.445274365 35.045528779 -821.666992
1502 -83.445649510 35.062510750 -785.463623
1503 -83.427589843 35.043255579 -802.604675
1504 -83.426160116 35.057515883 -748.744141
1505 -83.409068204 35.059069646 -656.632080
1506 -83.413320993 35.037641003 -801.062012
1507 -83.441321781 35.051315756 -836.950562
1508 -83.432292612 35.044197138 -987.469482
1509 -83.403982506 35.046807529 -708.449402
1510 -83.449686831 35.046402155 -941.796387
1511 -83.415970773 35.040750323 -723.941406
1512 -83.446489396 35.047270448 -893.162231
1513 -83.462854643 35.036735212 -1205.793213
1514 -83.427953864 35.051490627 -860.291748
1515 -83.435693582 35.047665763 -852.214172
1516 -83.450584208 35.052587793 -901.299255
1517 -83.404511444 35.057267821 -644.255371
1518 -83.458691232 35.067065709 -1086.651978
1519 -83.412703251 35.036797575 -807.624451
1520 -83.439035804 35.022688565 -1083.560181
1521 -83.421909036 35.037074868 -990.546265
1522 -83.442549169 35.058527129 -799.210571
1523 -83.446708131 35.048397777 -916.622253
1524 -83.414261689 35.056106309 -737.866333
1525 -83.448937103 35.022781427 -1205.618530
1526 -83.451679672 35.065488501 -978.820068
1527 -83.428448557 35.062029011 -701.028442
1528 -83.432256640 35.043061932 -911.442932
1529 -83.445296307 35.049722282 -859.816772
1530 -83.415835264 35.063189742 -662.149353
1531 -83.437119802 35.031379356 -930.214783
1532 -83.406364902 35.058285878 -647.070679
1533 -83.446000963 35.045086726 -828.871399
1534 -83.425741221 35.043697822 -754.625305
1535 -83.441982500 35.032066203 -951.163635
1536 -83.444306212 35.063598290 -860.241882
1537 -83.423421330 35.044530913 -711.370544
1538 -83.456468867 35.044245670 -984.361389
1539 -83.417089652 35.065070389 -688.826538
1540 -83.436573171 35.042977691 -981.457520
1541 -83.451468041 35.052687632 -919.859802
1542 -83.409699110 35.049179849 -659.121277
1543 -83.457104976 35.057186796 -999.357849
1544 -83.455431982 35.047619446 -958.574219
1545 -83.451746309 35.057675420 -933.346680
1546 -83.447967910 35.064940406 -832.480103
1547 -83.410701721 35.049464402 -662.270447
1548 -83.445132163 35.059325600 -797.499451
1549 -83.444180674 35.030323497 -1054.661499
1550 -83.421139140 35.059649659 -716.517212
1551 -83.450808795 35.038878814 -959.044434
1552 -83.431372029 35.063473412 -768.145203
1553 -83.463282481 35.059036736 -1009.465881
1554 -83.409072244 35.041908202 -687.042297
1555 -83.452337713 35.054461581 -936.130310
1556 -83.417678340 35.062603112 -667.875793
1557 -83.448903505 35.053981477 -894.726868
1558 -83.408696957 35.043552274 -675.585388
1559 -83.415281065 35.063433162 -660.953491
1560 -83.430441555 35.054039153 -758.876953
1561 -83.422965629 35.044846838 -700.879517
1562 -83.410680848 35.047586163 -662.137329
1563 -83.448255834 35.056179440 -859.292114
1564 -83.458384626 35.055246199 -1009.579102
1565 -83.437803430 35.033534334 -912.765503
1566 -83.411597130 35.062870145 -656.679138
1567 -83.434966000 35.032621616 -871.788757
1568 -83.411790881 35.065840902 -683.444885
1569 -83.409583895 35.060822645 -660.063477
1570 -83.445052265 35.051632998 -895.389709
1571 -83.441210349 35.072632103 -1002.565369
1572 -83.457527969 35.040313592 -1013.656616
1573 -83.408699153 35.049385258 -656.644226
1574 -83.414756991 35.064256190 -664.003601
1575 -83.437675950 35.059767453 -859.204407
1576 -83.412053562 35.036036948 -798.502869
1577 -83.450519689 35.044351521 -860.409119
1578 -83.463686179 35.057324793 -976.671753
1579 -83.462124072 35.054022902 -1073.368286
1580 -83.456994469 35.056079080 -973.750671
1581 -83.406202986 35.051180348 -653.897949
1582 -83.467343292 35.048372625 -1199.158203
1583 -83.420285200 35.044245995 -693.537842
1584 -83.431641648 35.060355835 -689.806091
1585 -83.407332801 35.046460244 -670.926025
1586 -83.430307116 35.045902125 -900.355103
1587 -83.431312353 35.048273170 -867.056335
1588 -83.449893356 35.062002729 -854.159180
1589 -83.450436628 35.030642236 -1139.294678
1590 -83.448804274 35.066205257 -877.647644
1591 -83.446347909 35.044734803 -843.867004
1592 -83.464754246 35.059016938 -1038.776611
1593 -83.461984429 35.054704358 -1059.280518
1594 -83.438837986 35.048911791 -758.145996
1595 -83.443977744 35.050182552 -884.035522
1596 -83.452846487 35.050414166 -921.562805
1597 -83.454469121 35.046768206 -966.790344
1598 -83.447769837 35.028098732 -1178.827148
1599 -83.449513359 35.059622863 -785.040283
1600 -83.439936944 35.065867402 -778.034180
1601 -83.405759190 35.059041752 -647.435852
1602 -83.437207217 35.033953947 -934.240051
1603 -83.427194707 35.028444264 -1085.219727
1604 -83.471216577 35.054654762 -1184.667480
1605 -83.448275364 35.060329554 -766.826660
1606 -83.418348660 35.046448310 -693.004272
1607 -83.406300358 35.061312540 -653.292236
1608 -83.452923883 35.064417921 -984.354919
1609 -83.454919498 35.068229915 -984.305420
1610 -83.462289941 35.042043802 -1061.843750
1611 -83.454309696 35.034111012 -1205.815308
1612 -83.460296912 35.032737210 -1294.675781
1613 -83.408439107 35.045732064 -667.057007
1614 -83.450650667 35.026534324 -1166.895142
1615 -83.447721441 35.045623463 -855.247742
1616 -83.449108559 35.048022027 -938.282837
1617 -83.451789583 35.029874270 -1167.341309
1618 -83.438178989 35.052013749 -775.299072
1619 -83.439681282 35.063620322 -715.967896
1620 -83.450986992 35.052805972 -910.937317
1621 -83.453801427 35.043003120 -903.930969
1622 -83.463275364 35.053353581 -1050.931885
1623 -83.457015706 35.046453707 -974.432678
1624 -83.468388948 35.036229189 -1267.695923
1625 -83.454265225 35.053872760 -963.590027
1626 -83.441309613 35.054666886 -835.038635
1627 -83.432578690 35.061715721 -696.216248
1628 -83.454241878 35.042892418 -932.476440
1629 -83.420789307 35.046051804 -701.419922
1630 -83.455663366 35.044648476 -986.487061
1631 -83.465035892 35.050442232 -1100.310303
1632 -83.460615022 35.034184017 -1208.536011
1633 -83.468326386 35.048206223 -1258.491211
1634 -83.453751652 35.050878817 -924.664185
1635 -83.432077554 35.057314359 -719.627991
1636 -83.427316249 35.042769804 -783.389954
1637 -83.457327094 35.065884509 -1033.593018
1638 -83.456438889 35.067878850 -1035.182495
1639 -83.412981433 35.062124169 -670.454407
1640 -83.452264836 35.022291384 -1315.862549
1641 -83.415655327 35.036858518 -835.332825
1642 -83.407009085 35.058129750 -647.475891
1643 -83.408966654 35.030600165 -838.100403
1644 -83.449655038 35.053652566 -901.632751
1645 -83.408499953 35.042620864 -680.387451
1646 -83.412496100 35.045773329 -684.854309
1647 -83.448764597 35.044354593 -846.893250
1648 -83.437411239 35.035519539 -1018.453247
1649 -83.454409366 35.059868327 -845.266785
1650 -83.445596810 35.030582172 -1080.322998
1651 -83.462101555 35.056985776 -955.529175
1652 -83.419757819 35.044985486 -685.388367
1653 -83.456358860 35.057150545 -970.304443
1654 -83.427502532 35.050717842 -899.783447
1655 -83.409271973 35.046685923 -666.625366
1656 -83.422006279 35.051374670 -941.099670
1657 -83.431398742 35.056036752 -692.569458
1658 -83.464756873 35.052925197 -1046.097290
1659 -83.415905515 35.036381703 -839.726135
1660 -83.425445527 35.058858210 -707.814209
1661 -83.405632979 35.050161745 -655.249146
1662 -83.409338195 35.040261713 -697.836365
1663 -83.438020764 35.050542301 -759.224487
1664 -83.440502595 35.054489900 -819.729858
1665 -83.440417569 35.052874018 -784.100220
1666 -83.409685435 35.048125922 -659.669128
1667 -83.465940948 35.034208512 -1297.721436
1668 -83.428282611 35.053839406 -806.785706
1669 -83.438550204 35.032706361 -903.163818
1670 -83.465379117 35.055184337 -1061.221680
1671 -83.453646168 35.068054326 -970.253113
1672 -83.431123339 35.052920283 -766.476929
1673 -83.426301824 35.037713391 -1019.052856
1674 -83.472468307 35.058358259 -1231.805298
1675 -83.420812418 35.037590300 -923.286987
1676 -83.408883585 35.031624172 -825.288574
1677 -83.414334166 35.060153347 -737.893433
1678 -83.442898057 35.065795455 -769.064270
1679 -83.441902946 35.051371611 -819.657043
1680 -83.454920162 35.055047110 -928.240112
1681 -83.417620504 35.065644900 -725.360535
1682 -83.458398678 35.045357294 -989.080688
1683 -83.455268267 35.064463945 -957.394653
1684 -83.406651362 35.037272604 -775.109375
1685 -83.443409678 35.070713669 -907.524597
1686 -83.467444418 35.044596227 -1273.342041
1687 -83.449346120 35.037744537 -1055.625244
1688 -83.422503243 35.053413095 -965.664124
1689 -83.447154496 35.057620629 -840.997314
1690 -83.422232018 35.057612844 -804.138306
1691 -83.467491476 35.036440119 -1225.481567
1692 -83.436189882 35.066955366 -840.770142
1693 -83.463011837 35.032803038 -1346.336426
1694 -83.443501773 35.061329464 -741.055725
1695 -83.429103919 35.051852617 -827.851562
1696 -83.444915069 35.032450401 -1044.564941
1697 -83.442976079 35.055338914 -939.207947
1698 -83.439852013 35.028901921 -1072.073975
1699 -83.432965044 35.042535015 -924.484436
1700 -83.423505635 35.061237744 -673.000427
1701 -83.432486635 35.059962182 -692.772827
1702 -83.439100983 35.062171461 -727.393005
1703 -83.430792397 35.059551200 -688.502991
1704 -83.471480463 35.058618561 -1195.630005
1705 -83.421755236 35.056342365 -838.076172
1706 -83.455714780 35.064932433 -990.211853
1707 -83.406232479 35.047665654 -673.507263
1708 -83.443435168 35.040866801 -981.278381
1709 -83.431926789 35.053684181 -732.860657
1710 -83.469892151 35.049630407 -1280.133911
1711 -83.432630003 35.060540225 -692.293335
1712 -83.442114214 35.043951682 -859.523865
1713 -83.431104640 35.031080992 -1022.765381
1714 -83.446106323 35.029374646 -1102.913574
1715 -83.425726660 35.066264925 -800.545959
1716 -83.412102301 35.050435018 -671.178406
1717 -83.430229702 35.039707036 -891.389832
1718 -83.431175376 35.044369698 -960.531189
1719 -83.442941198 35.052174627 -832.754883
1720 -83.439810481 35.053605880 -737.200684
1721 -83.469506742 35.057647532 -1109.643555
1722 -83.452347469 35.046368717 -971.400269
1723 -83.449022384 35.059413340 -786.694214
1724 -83.427183279 35.035429265 -1045.227539
1725 -83.427594711 35.044993002 -840.892090
1726 -83.430936633 35.048787354 -843.635132
1727 -83.458852725 35.059375972 -901.412964
1728 -83.442777382 35.045987998 -825.599121
1729 -83.407303225 35.058823143 -650.172729
1730 -83.474405374 35.052333535 -1347.094482
1731 -83.438746200 35.026394213 -954.576416
1732 -83.407858336 35.033884882 -799.341614
1733 -83.428950461 35.041667383 -807.723450
1734 -83.416058767 35.041763416 -717.453308
1735 -83.466907646 35.037107125 -1200.902222
1736 -83.450769070 35.061149731 -806.443909
1737 -83.452782390 35.062951143 -940.613037
1738 -83.454549328 35.041841622 -962.252258
1739 -83.410229146 35.049186692 -663.318726
1740 -83.446049851 35.067318947 -901.077148
1741 -83.406000486 35.053580724 -652.933289
1742 -83.429534624 35.048106066 -874.667358
1743 -83.405235637 35.040374248 -713.237305
1744 -83.430134948 35.065434647 -756.885071
1745 -83.439180061 35.036910009 -1081.153564
1746 -83.446848308 35.064995822 -830.791992
1747 -83.445019935 35.028024239 -1137.065186
1748 -83.449612625 35.062787738 -852.179077
1749 -83.436593926 35.032409909 -899.864014
1750 -83.444829139 35.045942593 -825.117371
1751 -83.412487783 35.033986117 -871.013000
1752 -83.465143596 35.058051663 -1018.193481
1753 -83.445533928 35.039091099 -1033.507568
1754 -83.405405227 35.059570866 -669.782654
1755 -83.429385203 35.042312014 -822.277466
1756 -83.455735573 35.059789040 -872.674622
1757 -83.414231788 35.040097556 -744.229004
1758 -83.447280707 35.029250080 -1143.229370
1759 -83.456278688 35.043444287 -995.506592
1760 -83.451663393 35.066766980 -922.371094
1761 -83.458372234 35.039782197 -1043.306519
1762 -83.458384934 35.061506895 -906.070679
1763 -83.454426530 35.048151327 -983.406555
1764 -83.434017004 35.055097977 -733.365662
1765 -83.423330658 35.064880389 -715.126038
1766 -83.430921096 35.061288832 -690.993164
1767 -83.433985163 35.032763176 -894.697998
1768 -83.428102982 35.055019456 -775.775330
1769 -83.433209861 35.052209667 -742.032227
1770 -83.414624273 35.044112348 -680.577820
1771 -83.422614553 35.034258221 -1067.915771
1772 -83.428635642 35.057579301 -728.727051
1773 -83.462048841 35.035965790 -1194.831299
1774 -83.412001018 35.048154165 -667.167297
1775 -83.458784107 35.034904578 -1193.394531
1776 -83.453969693 35.067662543 -984.734436
1777 -83.428620260 35.059309538 -681.260925
1778 -83.433139201 35.062053893 -703.324402
1779 -83.454195383 35.039912027 -1008.827454
1780 -83.439372468 35.052393526 -793.744507
1781 -83.465631025 35.056412920 -1065.137451
1782 -83.453955738 35.066174572 -965.657654
1783 -83.431370900 35.053711013 -718.039001
1784 -83.436031141 35.062875458 -702.838623
1785 -83.443790789 35.029598020 -1099.316772
1786 -83.457115318 35.039283011 -1065.377319
1787 -83.449247529 35.067407053 -922.888733
1788 -83.456514595 35.058857604 -896.052307
1789 -83.433922955 35.039217130 -884.707581
1790 -83.414388137 35.065332886 -689.291931
1791 -83.408632640 35.036525843 -733.899719
1792 -83.411222356 35.045097929 -698.303589
1793 -83.429713215 35.062961518 -734.478027
1794 -83.454189371 35.044543512 -970.810486
1795 -83.413618751 35.045326515 -675.347168
1796 -83.455089291 35.056583255 -940.371094
1797 -83.424731159 35.059972978 -692.030640
1798 -83.448479774 35.056907986 -850.066956
1799 -83.456749454 35.065697108 -1027.553223
1800 -83.405585653 35.053905750 -659.121521
1801 -83.437433148 35.054660146 -758.596069
1802 -83.432888712 35.059510010 -709.060486
1803 -83.463537566 35.055757953 -990.235107
1804 -83.466198159 35.054952421 -1104.284058
1805 -83.442502419 35.060308506 -749.834595
1806 -83.416829127 35.037479165 -823.779846
1807 -83.457889544 35.045398686 -986.020508
1808 -83.445141195 35.051024901 -857.915161
1809 -83.464408991 35.035021956 -1290.542236
1810 -83.451756748 35.048509187 -953.499817
1811 -83.465754601 35.035200144 -1228.637573
1812 -83.424124387 35.044734058 -716.894226
1813 -83.415798819 35.058937508 -814.787292
1814 -83.431520977 35.061692797 -704.797424
1815 -83.457788176 35.041261923 -1023.679260
1816 -83.406482705 35.053233274 -649.114990
1817 -83.467162761 35.037927128 -1192.893433
1818 -83.439844424 35.048915793 -806.631104
1819 -83.455388328 35.063970862 -929.351196
1820 -83.416076377 35.064084740 -662.462463
1821 -83.412921883 35.045209827 -693.333374
1822 -83.428276656 35.049467275 -880.317993
1823 -83.429039849 35.042850529 -841.045959
1824 -83.405384815 35.045144238 -713.960510
1825 -83.432298761 35.037576778 -867.425171
1826 -83.453385686 35.054672915 -949.559448
1827 -83.451431077 35.056222915 -893.886353
1828 -83.468237941 35.040290099 -1217.278931
1829 -83.466800315 35.058781098 -1089.505615
1830 -83.435203092 35.034494994 -893.097290
1831 -83.449185098 35.044576136 -852.723083
1832 -83.441223577 35.044093477 -894.526123
1833 -83.464110102 35.050144085 -1146.151489
1834 -83.410336372 35.051012694 -675.550415
1835 -83.431746038 35.033157184 -938.972473
1836 -83.430823955 35.047822704 -862.690369
1837 -83.418710025 35.047358494 -714.532654
1838 -83.452153330 35.031084704 -1176.321045
1839 -83.465165834 35.048841369 -1148.452271
1840 -83.456453137 35.069854305 -1045.314819
1841 -83.440730011 35.066877783 -789.367798
1842 -83.433721145 35.039822703 -889.211853
1843 -83.460686686 35.066163262 -1129.651123
1844 -83.459285911 35.033588245 -1255.990112
1845 -83.413484085 35.063255570 -658.702026
1846 -83.408508390 35.033445843 -795.783813
1847 -83.433382656 35.038266018 -847.811279
1848 -83.422392285 35.063428607 -681.732300
1849 -83.409094052 35.035603248 -739.924194
1850 -83.443243969 35.045220937 -818.219971
1851 -83.408026754 35.042401113 -681.716980
1852 -83.410973018 35.033206007 -806.528381
1853 -83.450194696 35.034365527 -1133.830566
1854 -83.468442585 35.057697255 -1079.163086
1855 -83.462656263 35.055985586 -994.957825
1856 -83.412830298 35.038662873 -756.947266
1857 -83.429765172 35.035768904 -950.338501
1858 -83.441617758 35.061852017 -735.280518
1859 -83.408983949 35.038714000 -707.465454
1860 -83.457136013 35.037764926 -1075.174561
1861 -83.406416440 35.059665540 -648.245728
1862 -83.436100136 35.025574322 -972.203247
1863 -83.414373390 35.039186098 -781.873596
1864 -83.458973222 35.065810023 -1045.376343
1865 -83.407963715 35.051276316 -656.757629
1866 -83.411019878 35.047945417 -661.611755
1867 -83.405611939 35.052610479 -653.017334
1868 -83.454466738 35.023801890 -1303.648438
1869 -83.408871418 35.060801314 -652.054504
1870 -83.408480980 35.055909743 -656.620850
1871 -83.464681635 35.049887666 -1139.471680
1872 -83.446938078 35.049834255 -921.854187
1873 -83.460548163 35.056144864 -1020.292725
1874 -83.447073485 35.048639450 -897.462341
1875 -83.450493377 35.055183091 -923.155945
1876 -83.457647571 35.038904836 -1044.671509
1877 -83.442982537 35.061742557 -767.215698
1878 -83.432240071 35.060820545 -689.807373
1879 -83.410062774 35.048823509 -660.032288
1880 -83.459412775 35.048562413 -1017.941040
1881 -83.422839585 35.046596869 -740.990051
1882 -83.409423134 35.064628811 -692.945984
1883 -83.427220687 35.054034341 -825.662598
1884 -83.462876145 35.053923050 -1045.705688
1885 -83.450447099 35.065533165 -944.071106
1886 -83.438643273 35.049485356 -759.583435
1887 -83.416517968 35.044964144 -679.811462
1888 -83.424292616 35.067574324 -822.072388
1889 -83.431755911 35.024335514 -1069.721313
1890 -83.460016771 35.044465613 -1008.956177
1891 -83.434946209 35.041062781 -1004.301208
1892 -83.406955076 35.057303808 -654.839111
1893 -83.419658795 35.057636315 -823.593384
1894 -83.403263332 35.054395387 -684.802429
1895 -83.432126454 35.047276762 -895.168640
1896 -83.439001942 35.032527347 -908.699463
1897 -83.446317095 35.060437022 -752.222412
1898 -83.413958859 35.057617186 -720.491455
1899 -83.438268530 35.025796330 -972.005493
1900 -83.451180129 35.057281558 -922.962036
1901 -83.408116579 35.050138340 -654.836121
1902 -83.466770228 35.053130241 -1074.831787
1903 -83.453997741 35.059739722 -846.315063
1904 -83.446776483 35.058770524 -810.958130
1905 -83.421215718 35.043270558 -738.451538
1906 -83.452627183 35.042933053 -888.759094
1907 -83.452090748 35.047063808 -961.995361
1908 -83.458383136 35.042627232 -1034.830444
1909 -83.448176410 35.050905389 -959.076721
1910 -83.434827524 35.027176459 -975.023438
1911 -83.463255901 35.041393219 -1082.569702
1912 -83.464144145 35.034182852 -1309.785156
1913 -83.408980878 35.053035725 -671.922729
1914 -83.434179547 35.037484277 -880.943726
1915 -83.448702960 35.055957475 -866.822327
1916 -83.431468768 35.038896538 -884.977844
1917 -83.449994644 35.060414954 -782.206055
1918 -83.446952245 35.066893193 -885.602356
1919 -83.437681592 35.053486441 -721.592346
1920 -83.423520092 35.045597240 -718.477234
1921 -83.475252075 35.056623334 -1385.784058
1922 -83.465851795 35.050992535 -1116.041382
1923 -83.430457796 35.046994969 -869.608948
1924 -83.454497489 35.061538205 -861.303162
1925 -83.407347522 35.042552105 -692.313721
1926 -83.435228629 35.065141428 -789.226929
1927 -83.464372055 35.051087324 -1103.769775
1928 -83.413619554 35.067128714 -706.220337
1929 -83.451124018 35.070173283 -1024.817871
1930 -83.443402076 35.030311728 -1057.064819
1931 -83.436278719 35.027468760 -913.206177
1932 -83.409127150 35.049309885 -657.177612
1933 -83.429416310 35.057518949 -737.305054
1934 -83.459399627 35.047095908 -1009.362549
1935 -83.445892289 35.027296008 -1160.347656
1936 -83.454809416 35.049812957 -925.898743
1937 -83.452070398 35.052358668 -927.553833
1938 -83.453308912 35.041602653 -947.484253
1939 -83.451310657 35.037678202 -988.665833
1940 -83.464694209 35.061677472 -1114.023926
1941 -83.415414588 35.038491170 -811.250305
1942 -83.457958548 35.049979774 -1009.026794
1943 -83.420611154 35.043567059 -728.343933
1944 -83.446225580 35.064159311 -840.777161
1945 -83.435882471 35.029450890 -894.710876
1946 -83.422030498 35.038474378 -980.537659
1947 -83.452852036 35.038235683 -990.591003
1948 -83.453260397 35.050785361 -916.112366
1949 -83.461093429 35.064495511 -1046.054932
1950 -83.459189155 35.058973421 -901.255005
1951 -83.414520253 35.041395434 -719.134460
1952 -83.447398365 35.064956580 -821.664612
1953 -83.410397164 35.032938995 -782.473877
1954 -83.415040949 35.065782715 -680.977051
1955 -83.422374558 35.044068508 -715.834473
1956 -83.421882970 35.044810377 -698.828613
1957 -83.428472411 35.041620685 -798.152283
1958 -83.423916103 35.044361178 -727.891296
1959 -83.466340440 35.033771216 -1323.099976
1960 -83.460894559 35.047987331 -1028.562866
1961 -83.421720376 35.041130645 -837.853821
1962 -83.439855674 35.062941398 -716.213013
1963 -83.421147325 35.038400796 -942.782288
1964 -83.409481552 35.057844829 -672.019348
1965 -83.450638898 35.067516218 -904.915527
1966 -83.412473254 35.046794519 -666.047668
1967 -83.441950953 35.070370459 -886.043884
1968 -83.412708350 35.044391700 -727.042969
1969 -83.430713988 35.062788169 -757.022400
1970 -83.443633843 35.043431175 -895.767151
1971 -83.434770696 35.062177090 -697.979919
1972 -83.451527525 35.068650113 -954.182373
1973 -83.442469475 35.061330696 -735.528809
1974 -83.452828646 35.054861616 -922.646301
1975 -83.436455673 35.024956459 -1001.013367
1976 -83.461698752 35.056536145 -975.392578
1977 -83.455223764 35.054621148 -949.712708
1978 -83.456495832 35.040580584 -1015.237366
1979 -83.405021269 35.057374103 -645.486755
1980 -83.409281350 35.044556970 -673.435608
1981 -83.417104891 35.042440913 -721.331970
1982 -83.456567842 35.039861524 -1045.446777
1983 -83.444552876 35.061714851 -759.565613
1984 -83.434545165 35.032315868 -891.136475
1985 -83.413809392 35.047754011 -675.873108
1986 -83.413586711 35.042315373 -707.576599
1987 -83.460226978 35.056701300 -986.644531
1988 -83.458953880 35.053299780 -1089.675171
1989 -83.410751025 35.034738875 -795.650879
1990 -83.458496260 35.038993264 -1045.163086
1991 -83.464119149 35.059510591 -1057.063232
1992 -83.419063016 35.064054768 -676.166504
1993 -83.416346965 35.065037360 -675.236206
1994 -83.415313949 35.036514642 -858.514648
1995 -83.472117354 35.058798881 -1230.139526
1996 -83.470424248 35.054076608 -1233.151123
1997 -83.434827819 35.024809422 -1035.998047
1998 -83.468022293 35.037326113 -1250.867554
1999 -83.466225830 35.035208042 -1226.262329
2000 -83.456698803 35.061904306 -928.573181
2001 -83.410598474 35.048774802 -661.740906
2002 -83.449291466 35.045144409 -875.882446
2003 -83.413889635 35.036537220 -858.790222
2004 -83.441991059 35.033253781 -1007.781616
2005 -83.430280163 35.034878303 -946.056091
2006 -83.416711287 35.041769801 -735.901123
2007 -83.411604986 35.047121327 -664.339294
2008 -83.436950156 35.051333566 -725.508789
2009 -83.422553789 35.039692707 -917.166138
2010 -83.461693273 35.035125886 -1197.409912
2011 -83.444729991 35.060224375 -775.438049
2012 -83.451970916 35.063170482 -932.829651
2013 -83.434616014 35.029928592 -896.321960
2014 -83.440777887 35.064253665 -728.160034
2015 -83.421803400 35.061192743 -680.801453
2016 -83.407615568 35.049971072 -654.779846
2017 -83.428670879 35.045107167 -911.375916
2018 -83.448042857 35.046826824 -906.218201
2019 -83.463578134 35.062265387 -1064.710571
2020 -83.441296408 35.059593570 -781.326355
2021 -83.446035249 35.046199535 -866.890503
2022 -83.428883936 35.041122630 -833.759766
2023 -83.434699026 35.060838964 -720.604004
2024 -83.408541795 35.051702682 -660.959900
2025 -83.417521829 35.045425475 -678.535828
2026 -83.412599603 35.065394330 -680.925964
2027 -83.418744688 35.052086030 -803.281860
2028 -83.456037226 35.040965759 -989.942261
2029 -83.430232162 35.056428430 -700.355774
2030 -83.448458180 35.027714900 -1177.424072
2031 -83.407258290 35.050282027 -654.250732
2032 -83.436896032 35.041522745 -967.331421
2033 -83.448145982 35.068309867 -967.583862
2034 -83.453370458 35.051845051 -936.285950
2035 -83.436639256 35.033015528 -881.814575
2036 -83.452302388 35.068025473 -926.674744
2037 -83.456592023 35.052799986 -1028.944458
2038 -83.444592215 35.032889959 -1054.783936
2039 -83.443185202 35.044681396 -832.641418
2040 -83.471075667 35.057173482 -1201.278076
2041 -83.436733362 35.028203969 -932.758423
2042 -83.458106231 35.039165942 -1037.567871
2043 -83.454597151 35.049185444 -938.192383
2044 -83.459708202 35.043064373 -1034.323853
2045 -83.424905071 35.035173888 -1120.109497
2046 -83.441908130 35.061390216 -727.516296
2047 -83.429733771 35.060613222 -684.330505
2048 -83.417163180 35.064026139 -662.998657
2049 -83.458699005 35.057098386 -993.680359
2050 -83.465609815 35.050459866 -1108.809082
2051 -83.415456131 35.045816707 -673.164429
2052 -83.452024772 35.060128254 -823.556885
2053 -83.451293075 35.035989822 -1037.259399
2054 -83.463503566 35.063540097 -1093.561890
2055 -83.406067844 35.059999816 -664.407959
2056 -83.446353637 35.051415242 -940.577026
2057 -83.441696562 35.036278354 -1154.162231
2058 -83.421919232 35.036539247 -1006.118896
2059 -83.422629753 35.038211317 -963.077820
2060 -83.466104709 35.037164668 -1172.911743
2061 -83.435535440 35.054686257 -757.817566
2062 -83.428597085 35.046226257 -919.798462
2063 -83.422935899 35.036082649 -1013.952637
2064 -83.419274769 35.062863810 -666.187805
2065 -83.433798196 35.024969256 -1027.826904
2066 -83.469824758 35.040921069 -1310.113037
2067 -83.457661129 35.049123241 -977.642273
2068 -83.422570293 35.045178799 -698.446411
2069 -83.431104066 35.052382644 -785.082397
2070 -83.430825820 35.047332226 -860.324097
2071 -83.442342525 35.051468073 -807.518005
2072 -83.431027466 35.040475114 -841.009583
2073 -83.429431835 35.051304215 -824.764526
2074 -83.449951948 35.056373004 -861.239380
2075 -83.419711499 35.063859955 -679.257568
2076 -83.439028173 35.033028290 -922.425598
2077 -83.438189645 35.027004722 -946.848633
2078 -83.412184330 35.052965779 -707.749390
2079 -83.446727190 35.050570708 -930.820312
2080 -83.445574874 35.063825373 -857.158997
2081 -83.444421322 35.034198533 -1146.905640
2082 -83.466264393 35.032811757 -1348.004517
2083 -83.445456011 35.046118922 -843.506897
2084 -83.445608636 35.045165662 -823.600525
2085 -83.451104805 35.068021003 -944.344666
2086 -83.421852891 35.043931653 -720.940735
2087 -83.452683536 35.043531018 -883.247986
2088 -83.436989790 35.040085838 -1016.103821
2089 -83.456461317 35.042358451 -979.667908
2090 -83.449028754 35.060366087 -769.996155
2091 -83.442668564 35.030353495 -1036.889282
2092 -83.434245774 35.054407198 -700.960632
2093 -83.418033092 35.044000179 -692.401794
2094 -83.442755205 35.051290520 -812.340759
2095 -83.459353631 35.058416253 -908.997498
2096 -83.436029737 35.051491610 -715.319336
2097 -83.452772951 35.045621922 -963.518921
2098 -83.436276495 35.044403215 -945.424866
2099 -83.450038397 35.038152686 -1016.494263
2100 -83.440516685 35.026347939 -996.563354
2101 -83.429637280 35.042727035 -858.269531
2102 -83.434731004 35.054220386 -704.848450
2103 -83.457640827 35.061006622 -896.360168
2104 -83.446591417 35.048834111 -889.985840
2105 -83.414865945 35.044872706 -677.944458
2106 -83.467662908 35.049160378 -1214.321045
2107 -83.431666321 35.052043904 -762.629456
2108 -83.436216316 35.029803738 -903.890198
2109 -83.412552908 35.066510583 -685.621155
2110 -83.454066532 35.047190603 -940.950867
2111 -83.456158807 35.049022091 -949.526123
2112 -83.456626178 35.055314664 -970.610168
2113 -83.422995016 35.034923845 -1056.185059
2114 -83.433733503 35.034785793 -857.987915
2115 -83.456880241 35.034227132 -1185.646851
2116 -83.446810577 35.064114151 -818.889099
2117 -83.439751973 35.050199502 -836.595337
2118 -83.444322535 35.061001286 -737.904114
2119 -83.446858500 35.045430347 -835.053833
2120 -83.409259209 35.032390472 -800.226562
2121 -83.448239047 35.060935667 -788.191711
2122 -83.432722376 35.045434331 -968.890137
2123 -83.442728259 35.052791300 -828.089539
2124 -83.412983942 35.042687553 -720.903625
2125 -83.450146457 35.061324618 -820.919739
2126 -83.446282692 35.050020455 -903.324707
2127 -83.449549486 35.044330728 -853.573181
2128 -83.420325006 35.063513097 -699.137024
2129 -83.452450757 35.050800859 -916.247131
2130 -83.442341051 35.045148498 -836.119995
2131 -83.439384069 35.053388861 -733.343140
2132 -83.409979032 35.039952673 -710.433533
2133 -83.408308318 35.053454372 -664.237366
2134 -83.430813621 35.056026782 -703.331787
2135 -83.465494112 35.060958911 -1158.851440
2136 -83.452418559 35.060536155 -846.101135
2137 -83.451747778 35.051809572 -908.044250
2138 -83.474125190 35.058929932 -1321.507812
2139 -83.450067212 35.023394314 -1210.233276
2140 -83.442493469 35.035038140 -1133.941772
2141 -83.447038527 35.067923491 -961.915405
2142 -83.454867531 35.046992234 -960.947327
2143 -83.451389974 35.043672675 -870.257935
2144 -83.432110856 35.038802390 -862.266907
2145 -83.423027800 35.039888561 -906.875610
2146 -83.456374647 35.058312072 -933.599243
2147 -83.424287779 35.062269320 -678.069763
2148 -83.467509734 35.032904644 -1348.522461
2149 -83.417043535 35.060876987 -746.220398
2150 -83.436072439 35.027055712 -919.354797
2151 -83.423838762 35.041962696 -817.841248
2152 -83.467730493 35.034825248 -1270.715942
2153 -83.436404181 35.046922333 -828.571899
2154 -83.452255304 35.055662700 -896.196838
2155 -83.453939965 35.042006855 -938.271606
2156 -83.445234401 35.056693689 -844.199097
2157 -83.406336598 35.057736381 -646.905151
2158 -83.431977656 35.029397790 -989.293579
2159 -83.466601050 35.056975054 -1049.479126
2160 -83.452176372 35.037296551 -998.368469
2161 -83.451373335 35.043092826 -879.340515
2162 -83.444227530 35.058745688 -773.912842
2163 -83.444150829 35.049456859 -910.903503
2164 -83.462330838 35.056489209 -974.345459
2165 -83.464094397 35.054920474 -1009.969849
2166 -83.449396350 35.024342355 -1173.547729
2167 -83.406320655 35.042264015 -707.162354
2168 -83.432936470 35.039244280 -835.853455
2169 -83.440507695 35.061815108 -723.426086
2170 -83.440736481 35.060124695 -796.617310
2171 -83.416542335 35.068676264 -814.180908
2172 -83.428588598 35.047450306 -900.717896
2173 -83.430754113 35.050670504 -843.488647
2174 -83.453110079 35.047116472 -952.479614
2175 -83.445302592 35.031446316 -1032.855225
2176 -83.456067714 35.055150949 -952.072388
2177 -83.448584239 35.063706669 -884.969360
2178 -83.461189982 35.042294230 -1055.666382
2179 -83.428181184 35.058890941 -687.482727
2180 -83.437882649 35.048661512 -744.091370
2181 -83.416416281 35.037166966 -819.941956
2182 -83.449161214 35.043981307 -855.820984
2183 -83.433985051 35.062956237 -724.688538
2184 -83.468932077 35.046328276 -1304.348022
2185 -83.461153421 35.033502901 -1234.481323
2186 -83.437722139 35.050955775 -745.801514
2187 -83.452578872 35.039238486 -963.891113
2188 -83.445232393 35.057776734 -791.232178
2189 -83.416149682 35.043623124 -698.111938
2190 -83.444856142 35.049302490 -897.943420
2191 -83.432520537 35.057920648 -744.598389
2192 -83.428931651 35.034699014 -1002.140625
2193 -83.442776853 35.056539658 -869.988770
2194 -83.461322717 35.042909851 -1034.000000
2195 -83.443528670 35.069641582 -872.960510
2196 -83.425404896 35.055443360 -823.836243
2197 -83.429213744 35.054420047 -797.971130
2198 -83.449623925 35.064890107 -923.157471
2199 -83.446692044 35.029055630 -1141.279297
2200 -83.413418283 35.048412767 -684.252930
2201 -83.466012108 35.053091133 -1080.159058
2202 -83.447181538 35.059439878 -782.862427
2203 -83.453150138 35.067984089 -956.017212
2204 -83.472831718 35.058866312 -1267.092529
2205 -83.456208756 35.065372875 -1028.172119
2206 -83.458754446 35.045096198 -993.758423
2207 -83.426826109 35.044760579 -786.132874
2208 -83.429921044 35.042322900 -832.418030
2209 -83.428338758 35.043275520 -821.586060
2210 -83.402316819 35.046121955 -751.038757
2211 -83.440337962 35.047139973 -768.935852
2212 -83.425230905 35.043469187 -781.596497
2213 -83.443990258 35.052855518 -907.272278
2214 -83.413015092 35.050967541 -676.499329
2215 -83.471793613 35.056204903 -1234.405884
2216 -83.438904340 35.055392297 -829.462524
2217 -83.414369613 35.034269085 -933.783569
2218 -83.464336901 35.042249961 -1110.881958
2219 -83.429370321 35.048635445 -878.414062
2220 -83.444884983 35.064186276 -869.023071
2221 -83.405371560 35.043070737 -712.984863
2222 -83.467044600 35.035880876 -1230.165039
2223 -83.442075327 35.026287833 -1082.660645
2224 -83.427644179 35.058471223 -699.594666
2225 -83.465898731 35.039437201 -1144.231689
2226 -83.442207888 35.054582527 -873.162292
2227 -83.445600833 35.048546099 -917.880005
2228 -83.457922786 35.039971448 -1022.784302
2229 -83.455766264 35.057821279 -949.296021
2230 -83.442328728 35.032552819 -988.103577
2231 -83.454457922 35.032587016 -1270.848511
2232 -83.471998542 35.055315679 -1214.293701
2233 -83.465494361 35.036357199 -1185.624756
2234 -83.466131776 35.046825243 -1223.728882
2235 -83.465932128 35.055753213 -1070.907837
2236 -83.425621205 35.039796010 -921.164001
2237 -83.409441881 35.049791815 -663.735291
2238 -83.460990160 35.056715384 -986.030762
2239 -83.455583763 35.049848751 -932.320312
2240 -83.457995899 35.030470408 -1369.833130
2241 -83.405041037 35.050407670 -662.896545
2242 -83.432726809 35.039750372 -840.622192
2243 -83.457915154 35.050668638 -1001.995789
2244 -83.447000195 35.066101465 -849.276062
2245 -83.441515718 35.062880567 -741.879700
2246 -83.442058784 35.072859454 -989.548523
2247 -83.417923878 35.061171563 -752.378845
2248 -83.426732952 35.044130406 -769.174622
2249 -83.421169668 35.046874884 -715.010071
2250 -83.438969704 35.056564865 -846.995850
2251 -83.476020339 35.057406176 -1409.505127
2252 -83.439108951 35.035617338 -1032.711792
2253 -83.435306078 35.060494029 -738.326416
2254 -83.435042079 35.026420601 -969.818298
2255 -83.423712713 35.060410974 -675.555786
2256 -83.459484933 35.056810340 -980.849854
2257 -83.449722055 35.025160155 -1170.647583
2258 -83.419177046 35.044832289 -684.994446
2259 -83.464300992 35.040847879 -1118.977295
2260 -83.437764780 35.029855578 -989.895142
2261 -83.450721298 35.036191091 -1047.707397
2262 -83.460706274 35.058219819 -931.712463
2263 -83.415208596 35.042777204 -693.496155
2264 -83.455936874 35.056063833 -941.945312
2265 -83.428031134 35.059453758 -682.815186
2266 -83.451261879 35.059927897 -801.445068
2267 -83.432074881 35.063149199 -744.970154
2268 -83.419157480 35.054502956 -852.484497
2269 -83.443403744 35.068481805 -841.750183
2270 -83.428542603 35.040603827 -850.044189
2271 -83.417621615 35.044442184 -687.707092
2272 -83.409324949 35.046060654 -671.399414
2273 -83.411488263 35.063711295 -657.676697
2274 -83.449596011 35.056183757 -860.823425
2275 -83.404916759 35.056811685 -645.915161
2276 -83.442763661 35.069115182 -840.623596
2277 -83.436343288 35.053408462 -710.644775
2278 -83.439293438 35.053873401 -745.075256
2279 -83.457266721 35.060037946 -877.720398
2280 -83.457895394 35.046416602 -984.633789
2281 -83.437683765 35.032633362 -902.130066
2282 -83.459018244 35.064759236 -1057.807373
2283 -83.464022627 35.055605764 -999.151733
2284 -83.415716140 35.067518921 -733.228149
2285 -83.410911054 35.051558336 -674.013916
2286 -83.446642114 35.056836502 -857.231262
2287 -83.459088044 35.047901090 -998.323975
2288 -83.455230604 35.058561444 -905.748474
2289 -83.419415086 35.045809316 -692.500305
2290 -83.406679931 35.046379279 -682.595520
2291 -83.412216885 35.037815970 -762.051880
2292 -83.409199787 35.045134241 -669.586060
2293 -83.407415570 35.050848788 -653.570496
2294 -83.459541178 35.044542465 -1002.133179
2295 -83.435665736 35.041966087 -1010.067810
2296 -83.456985312 35.049724825 -966.259888
2297 -83.466945015 35.033928152 -1291.105713
2298 -83.408294335 35.039767276 -709.554504
2299 -83.430273300 35.023790031 -1134.001831
2300 -83.455643471 35.043260388 -963.398865
2301 -83.439632011 35.033269849 -937.819153
2302 -83.451108126 35.036595690 -1022.012512
2303 -83.434922766 35.029457328 -905.549561
2304 -83.415665109 35.064163968 -662.093201
2305 -83.435305841 35.046529789 -892.463135
2306 -83.435074589 35.039023026 -943.348999
2307 -83.468950932 35.056698253 -1102.170044
2308 -83.431281815 35.050897487 -833.111084
2309 -83.434321993 35.062018717 -696.879761
2310 -83.452940806 35.054348267 -953.775574
2311 -83.445071086 35.069821527 -920.542419
2312 -83.461663382 35.033716169 -1245.269531
2313 -83.425302283 35.044018710 -744.114319
2314 -83.450366570 35.048480057 -965.912598
2315 -83.457369718 35.050190638 -993.602112
2316 -83.425121880 35.061384913 -676.567322
2317 -83.406207753 35.059045843 -647.397278
2318 -83.450195902 35.051707148 -921.319885
2319 -83.443234561 35.060150043 -740.117065
2320 -83.459170520 35.042817865 -1046.847412
2321 -83.411611120 35.034432348 -822.444153
2322 -83.448505106 35.043903975 -854.470276
2323 -83.464780452 35.057108820 -1021.870056
2324 -83.433425762 35.035563181 -854.469177
2325 -83.432159951 35.053128671 -734.388306
2326 -83.450457074 35.023977552 -1214.187988
2327 -83.445168388 35.031906409 -1023.381897
2328 -83.462220613 35.040408917 -1076.755005
2329 -83.448925435 35.067987018 -953.805786
2330 -83.454489931 35.047610966 -952.102844
2331 -83.457564619 35.052654489 -1040.144043
2332 -83.435370153 35.059515733 -792.029724
2333 -83.459184110 35.043771378 -1015.935913
2334 -83.460715322 35.058845276 -948.906311
2335 -83.427328524 35.059893487 -678.068359
2336 -83.465734541 35.048629712 -1143.149658
2337 -83.463453028 35.044096455 -1083.049561
2338 -83.441694921 35.032561737 -963.982178
2339 -83.448163527 35.044855926 -846.629028
2340 -83.420861418 35.050026679 -842.375549
2341 -83.441657528 35.066256571 -774.821533
2342 -83.467004827 35.047779195 -1183.231079
2343 -83.426802168 35.063848752 -704.097473
2344 -83.432839057 35.041595631 -875.449097
2345 -83.420660193 35.052914223 -912.466125
2346 -83.463951254 35.039782774 -1102.167358
2347 -83.445746669 35.071862542 -970.076172
2348 -83.453798195 35.069592193 -991.612061
2349 -83.460516131 35.035258977 -1186.760864
2350 -83.437808725 35.048150265 -757.457581
2351 -83.470904522 35.048353395 -1379.759155
2352 -83.416261610 35.033868244 -962.932983
2353 -83.441480956 35.053333923 -806.848267
2354 -83.441163425 35.064953827 -737.016846
2355 -83.469696339 35.057191908 -1120.799072
2356 -83.424871976 35.037785784 -1015.408630
2357 -83.414045952 35.051597394 -689.861023
2358 -83.460719054 35.033667327 -1231.116943
2359 -83.450052236 35.036131240 -1081.722534
2360 -83.441122304 35.030563155 -993.300903
2361 -83.461643090 35.042582543 -1044.344971
2362 -83.446156879 35.031382764 -1038.758789
2363 -83.422413729 35.044664029 -703.442017
2364 -83.443717959 35.032467057 -1010.585083
2365 -83.409870184 35.038086685 -729.610291
2366 -83.455316005 35.040936524 -987.945801
2367 -83.447567309 35.048861978 -929.848389
2368 -83.440808215 35.031625447 -941.193420
2369 -83.449240401 35.065876391 -868.156860
2370 -83.441245051 35.064454884 -733.469482
2371 -83.437091519 35.052869714 -716.633240
2372 -83.447225464 35.060200939 -759.290894
2373 -83.438210438 35.047569080 -782.455872
2374 -83.446252809 35.064915227 -856.574768
2375 -83.455878449 35.064237598 -956.131897
2376 -83.454742383 35.062126635 -893.549500
2377 -83.417783127 35.047235573 -703.626709
2378 -83.424790780 35.046925048 -801.154358
2379 -83.449107240 35.068764369 -986.664612
2380 -83.455171925 35.059646149 -878.517151
2381 -83.409840550 35.065238639 -689.710205
2382 -83.456264328 35.041493081 -961.487915
2383 -83.456510217 35.041054043 -998.060181
2384 -83.438953274 35.028267893 -1027.608887
2385 -83.408245679 35.059737873 -651.483704
2386 -83.466592645 35.035493472 -1222.245239
2387 -83.458869946 35.066359787 -1059.507080
2388 -83.415642977 35.042240812 -705.485657
2389 -83.412637799 35.063999989 -659.899292
2390 -83.449119319 35.056319375 -858.396667
2391 -83.448961932 35.025767427 -1169.429321
2392 -83.469672416 35.058771410 -1163.762939
2393 -83.455311413 35.047080347 -950.885559
2394 -83.445209710 35.060545661 -751.161133
2395 -83.450875264 35.033381901 -1161.866333
2396 -83.449022080 35.030536024 -1119.367310
2397 -83.408058673 35.063788260 -682.076721
2398 -83.425605228 35.046498873 -800.875793
2399 -83.457701805 35.033762154 -1232.675781
2400 -83.471383617 35.039220000 -1401.132324
2401 -83.407780264 35.041887393 -682.777771
2402 -83.459751892 35.063233499 -991.198669
2403 -83.428466846 35.060778098 -681.930786
2404 -83.452404347 35.051236189 -910.880615
2405 -83.464356261 35.052623572 -1044.714722
2406 -83.446841972 35.026590577 -1190.445312
2407 -83.451131743 35.047567938 -922.579346
2408 -83.433791990 35.035243678 -858.025757
2409 -83.465127738 35.031890418 -1388.882324
2410 -83.448575810 35.065018724 -857.934265
2411 -83.404218003 35.050794539 -667.374939
2412 -83.439487480 35.063275819 -714.318481
2413 -83.408321375 35.063143434 -661.836243
2414 -83.450494541 35.059768470 -797.714355
2415 -83.436848775 35.068226904 -889.110107
2416 -83.452180428 35.023998420 -1267.880737
2417 -83.434379171 35.059399186 -758.851013
2418 -83.452768654 35.047900326 -937.298645
2419 -83.433705875 35.038735470 -859.891296
2420 -83.407671459 35.038501651 -721.080811
2421 -83.443254426 35.071552588 -901.261353
2422 -83.411256040 35.047559566 -663.262878
2423 -83.464316989 35.054287794 -1025.753784
2424 -83.466158079 35.062285842 -1215.130371
2425 -83.424956989 35.044323755 -726.863892
2426 -83.451301570 35.024004096 -1239.962769
2427 -83.426439275 35.043103357 -774.710388
2428 -83.436803640 35.027090081 -923.419067
2429 -83.429854693 35.037938441 -973.782471
2430 -83.458049218 35.059045147 -906.428955
2431 -83.421829099 35.060109500 -700.212280
2432 -83.440171283 35.051006463 -860.193909
2433 -83.458033397 35.062648101 -953.142090
2434 -83.405907885 35.049681344 -655.743958
2435 -83.456682701 35.055750366 -953.751709
2436 -83.434321251 35.035428126 -869.877441
2437 -83.421733097 35.041771576 -800.722900
2438 -83.433833010 35.053943917 -703.567993
2439 -83.431033951 35.051807899 -805.361938
2440 -83.425385036 35.040857011 -854.882874
2441 -83.408018900 35.042920317 -678.365417
2442 -83.471649100 35.056939048 -1244.327759
2443 -83.412638196 35.048305568 -679.569336
2444 -83.406493276 35.052083908 -651.878723
2445 -83.436437798 35.051114355 -720.921814
2446 -83.439362703 35.058969680 -826.130310
2447 -83.440721332 35.032070174 -934.148315
2448 -83.432128048 35.063964548 -770.018372
2449 -83.408040737 35.061489377 -650.190552
2450 -83.463230466 35.054428319 -1013.630432
2451 -83.464388984 35.038475837 -1122.364868
2452 -83.449197585 35.023834963 -1187.138916
2453 -83.421375999 35.045588224 -709.170471
2454 -83.462420017 35.055288198 -1029.780396
2455 -83.455865977 35.047254760 -953.229858
2456 -83.421104719 35.041488825 -844.847351
2457 -83.436896103 35.050778658 -720.591736
2458 -83.465997437 35.056931788 -1051.082520
2459 -83.416191777 35.040277919 -731.095581
2460 -83.442942710 35.034159636 -1099.856079
2461 -83.463229044 35.056104478 -978.715332
2462 -83.468520322 35.059421554 -1171.829834
2463 -83.460137435 35.037237823 -1098.235352
2464 -83.469658057 35.055886376 -1120.903931
2465 -83.430045221 35.033982370 -966.110962
2466 -83.458990203 35.034233265 -1216.391846
2467 -83.447041781 35.049180426 -920.402100
2468 -83.406215983 35.057069368 -654.558105
2469 -83.430429541 35.041397800 -810.564514
2470 -83.442805473 35.050140480 -883.479736
2471 -83.437019769 35.061784425 -758.391785
2472 -83.437786921 35.064288269 -746.223328
2473 -83.441957806 35.030415592 -1015.965088
2474 -83.404872822 35.055257581 -649.852539
2475 -83.456393600 35.039009015 -1091.240601
2476 -83.447572729 35.046239873 -882.077271
2477 -83.440560036 35.046685462 -776.012512
2478 -83.412308124 35.061835925 -672.239136
2479 -83.410104568 35.047803440 -661.104980
2480 -83.410437618 35.064794769 -673.897156
2481 -83.426893430 35.060051609 -677.788818
2482 -83.429030895 35.050726977 -835.111633
2483 -83.438345853 35.031673354 -924.281982
2484 -83.462493167 35.034885562 -1228.934448
2485 -83.471860705 35.060261167 -1256.364380
2486 -83.421081794 35.062528757 -668.832947
2487 -83.437190065 35.032668672 -890.201172
2488 -83.451474432 35.061490701 -853.964172
2489 -83.462347136 35.059353549 -995.118713
2490 -83.460316287 35.058461964 -925.135864
2491 -83.464358482 35.051679308 -1078.589844
2492 -83.439388138 35.049393940 -797.486694
2493 -83.427416340 35.033485422 -1025.904541
2494 -83.436734045 35.063808533 -726.937378
2495 -83.434229218 35.060548646 -717.600342
2496 -83.439910418 35.047194430 -763.944275
2497 -83.438700674 35.023625949 -1051.948242
2498 -83.464470528 35.038948180 -1117.972046
2499 -83.441477735 35.068314483 -887.625000
2500 -83.447236457 35.031489261 -1092.351929
2501 -83.402678058 35.053388392 -722.607178
2502 -83.447817491 35.042549366 -889.555237
2503 -83.430470689 35.042301022 -838.447693
2504 -83.461308437 35.050538909 -1095.310791
2505 -83.449590657 35.047720965 -929.309387
2506 -83.415515240 35.057492147 -765.104248
2507 -83.406193591 35.048540791 -660.765930
2508 -83.420338698 35.045594855 -690.313538
2509 -83.447828679 35.044564110 -844.026428
2510 -83.434680994 35.064376102 -754.836365
2511 -83.436353991 35.050510939 -730.573608
2512 -83.463072348 35.054986380 -1006.578918
2513 -83.436786887 35.062389731 -732.488342
2514 -83.453111010 35.038812609 -985.323669
2515 -83.458792965 35.036552958 -1128.938354
2516 -83.436554007 35.062870322 -704.255920
2517 -83.429210076 35.046832399 -887.856567
2518 -83.413066244 35.058599500 -704.118774
2519 -83.416500171 35.062980444 -663.745972
2520 -83.424793514 35.032531574 -1142.088623
2521 -83.456192931 35.045763577 -1016.971802
2522 -83.446986520 35.024755805 -1232.282959
2523 -83.439399517 35.061504880 -751.473511
2524 -83.466471101 35.036049558 -1205.725586
2525 -83.449721176 35.051262924 -930.119507
2526 -83.434319473 35.040376808 -948.742249
2527 -83.419015021 35.048197407 -728.705017
2528 -83.415945515 35.065801973 -687.845398
2529 -83.459139924 35.046302793 -998.424377
2530 -83.420412970 35.064384183 -690.116028
2531 -83.445200070 35.058257938 -785.000916
2532 -83.405094866 35.055792782 -645.701599
2533 -83.428013904 35.050146039 -873.139404
2534 -83.457369010 35.063300263 -1008.814819
2535 -83.457464686 35.046235261 -977.286621
2536 -83.464603032 35.058310307 -1007.320740
2537 -83.428514265 35.052092476 -841.037842
2538 -83.428800824 35.042164188 -801.091187
2539 -83.428526404 35.039947912 -892.141357
2540 -83.409694666 35.043398979 -679.797974
2541 -83.464483529 35.050521012 -1125.898315
2542 -83.454949683 35.045001247 -1002.617432
2543 -83.423785202 35.044777026 -711.311218
2544 -83.422255488 35.041486250 -808.191772
2545 -83.426188005 35.041988197 -829.410034
2546 -83.440950526 35.050764300 -874.915833
2547 -83.437402425 35.026314113 -948.860596
2548 -83.443032411 35.032409535 -988.910034
2549 -83.451446344 35.036883450 -1005.394409
2550 -83.438081909 35.046750832 -822.638062
2551 -83.460165554 35.049947621 -1048.053711
2552 -83.443608139 35.025632737 -1115.450562
2553 -83.463091536 35.052618192 -1081.378662
2554 -83.434792139 35.028940806 -912.854004
2555 -83.413495455 35.041641822 -709.145020
2556 -83.430765123 35.045201392 -933.238953
2557 -83.451460620 35.044204869 -871.228882
2558 -83.418057069 35.044696878 -682.914429
2559 -83.441380158 35.045912879 -831.414185
2560 -83.458803933 35.063351594 -998.867798
2561 -83.457058699 35.038562184 -1059.597900
2562 -83.442645571 35.069640118 -850.799072
2563 -83.437343097 35.067007498 -842.230652
2564 -83.418124662 35.061945544 -693.938354
2565 -83.420249080 35.056205914 -895.161926
2566 -83.458832390 35.059874866 -906.472168
2567 -83.457101924 35.064839619 -987.426270
2568 -83.430312471 35.053467563 -748.913940
2569 -83.460620692 35.057671861 -936.878296
2570 -83.423185391 35.061716868 -672.718384
2571 -83.435027494 35.030877615 -878.884277
2572 -83.466424147 35.051086824 -1144.080933
2573 -83.432387014 35.051551616 -795.715210
2574 -83.449062133 35.027373200 -1158.822144
2575 -83.457583682 35.055878579 -985.970093
2576 -83.450851009 35.050865147 -929.735840
2577 -83.457468507 35.064000731 -1017.298828
2578 -83.462301390 35.062768913 -1032.785889
2579 -83.456349179 35.050662270 -946.538269
2580 -83.449470825 35.061364482 -815.860107
2581 -83.408297349 35.038001050 -728.638733
2582 -83.445671758 35.031163773 -1054.123535
2583 -83.448100853 35.058452934 -844.880615
2584 -83.455819950 35.050429814 -938.172729
2585 -83.460303268 35.059394142 -965.465942
2586 -83.412994274 35.064582577 -665.701172
2587 -83.408474576 35.050458758 -659.994751
2588 -83.443046085 35.035917270 -1156.243408
2589 -83.433644737 35.037045422 -855.013550
2590 -83.425804454 35.063349086 -703.511902
2591 -83.423202214 35.063770047 -708.001770
2592 -83.454621247 35.053066358 -988.006714
2593 -83.465519814 35.054412953 -1045.141846
2594 -83.446643280 35.039853289 -994.540894
2595 -83.414842146 35.039636475 -773.741394
2596 -83.476752849 35.058539655 -1465.602295
2597 -83.408831263 35.044803064 -669.906860
2598 -83.441775007 35.064177041 -740.083557
2599 -83.427598962 35.041914123 -783.215393
2600 -83.433494915 35.048089004 -839.882996
2601 -83.428085744 35.042136154 -795.863770
2602 -83.407958321 35.036656928 -742.035645
2603 -83.457732598 35.060283125 -883.967651
2604 -83.422224187 35.045489235 -708.060486
2605 -83.469882908 35.058118561 -1132.523682
2606 -83.437420328 35.050500034 -724.707947
2607 -83.445617345 35.044026551 -882.225525
2608 -83.441754479 35.044748290 -870.894104
2609 -83.448847632 35.058099925 -849.249756
2610 -83.415964903 35.062648457 -666.643982
2611 -83.413674474 35.052998128 -708.749023
2612 -83.406145034 35.045886848 -699.970032
2613 -83.440436647 35.064620422 -737.809204
2614 -83.409831637 35.031109220 -811.898987
2615 -83.436875260 35.023935314 -1004.222046
2616 -83.476230994 35.054928142 -1463.981201
2617 -83.440637921 35.039186388 -1049.098999
2618 -83.465786016 35.041387262 -1164.913452
2619 -83.448276039 35.039075414 -1031.272461
2620 -83.450596918 35.043619277 -868.521851
2621 -83.410750878 35.041713610 -689.500793
2622 -83.430138447 35.040899947 -836.063843
2623 -83.449886797 35.028872956 -1137.286621
2624 -83.445470818 35.029876806 -1081.345215
2625 -83.444925052 35.050597234 -845.199829
2626 -83.440052752 35.052354560 -780.947510
2627 -83.450455969 35.062664917 -869.674622
2628 -83.407131434 35.062656759 -666.738037
2629 -83.458417240 35.048638998 -984.309204
2630 -83.440362520 35.048662788 -833.940369
2631 -83.463145359 35.050838396 -1145.817505
2632 -83.444721674 35.058489183 -796.153564
2633 -83.452303048 35.051741231 -918.865173
2634 -83.441716269 35.063511455 -752.162598
2635 -83.456644417 35.046117107 -985.626282
2636 -83.436104283 35.060294219 -780.444458
2637 -83.401153510 35.047830668 -680.480957
2638 -83.445137670 35.044956878 -841.578003
2639 -83.407065085 35.039334306 -736.320801
2640 -83.456638505 35.059425485 -888.140930
2641 -83.442664964 35.065192016 -755.915710
2642 -83.407769103 35.047755676 -659.863770
2643 -83.463537157 35.034918359 -1279.041138
2644 -83.407358582 35.051510137 -652.405334
2645 -83.435337568 35.053336178 -705.350281
2646 -83.444135111 35.068098754 -824.380127
2647 -83.447185355 35.022979556 -1239.403320
2648 -83.451306422 35.041959934 -893.263977
2649 -83.438137768 35.036169989 -1065.293457
2650 -83.440855888 35.071666808 -959.521545
2651 -83.437679934 35.025848013 -951.820129
2652 -83.431024635 35.041457291 -824.502197
2653 -83.460871596 35.031240269 -1375.447876
2654 -83.455158540 35.062594420 -908.559753
2655 -83.415248133 35.041908124 -703.095093
2656 -83.460219378 35.048807308 -1015.923950
2657 -83.445802106 35.047793260 -925.898804
2658 -83.409613482 35.042180666 -684.687134
2659 -83.454723107 35.066783182 -988.659790
2660 -83.453975301 35.047784314 -948.862366
2661 -83.444377838 35.072524237 -948.286743
2662 -83.442369162 35.050520676 -866.951477
2663 -83.420445169 35.060393010 -702.747498
2664 -83.440138318 35.069800266 -943.290833
2665 -83.440250882 35.067530085 -836.055908
2666 -83.437017389 35.023113678 -1047.043579
2667 -83.442441126 35.027811737 -1131.095337
2668 -83.447728519 35.060572955 -762.846313
2669 -83.437234382 35.045149186 -892.866699
2670 -83.452836984 35.037638019 -1003.495300
2671 -83.453585745 35.048736852 -963.667847
2672 -83.417960912 35.042453496 -724.077026
2673 -83.451755873 35.060693920 -821.967224
2674 -83.457042185 35.040380544 -1020.058350
2675 -83.425077629 35.042224605 -844.162781
2676 -83.427968449 35.040443920 -840.394104
2677 -83.426125960 35.045164367 -766.255188
2678 -83.461840063 35.043016495 -1047.737549
2679 -83.447731823 35.027251835 -1198.403564
2680 -83.448941395 35.056866326 -863.500061
2681 -83.440052002 35.065099107 -753.997742
2682 -83.409810486 35.050388779 -665.326416
2683 -83.437182822 35.049108035 -755.010071
2684 -83.460491087 35.041426046 -1093.174316
2685 -83.430190125 35.061914896 -715.862366
2686 -83.449134527 35.025138406 -1171.356934
2687 -83.465487611 35.053649593 -1052.741333
2688 -83.462886473 35.037743133 -1155.398438
2689 -83.452276520 35.062172533 -887.830688
2690 -83.443679491 35.057001623 -831.052612
2691 -83.447370369 35.029865944 -1105.918335
2692 -83.408274895 35.036007778 -751.193481
2693 -83.453070902 35.069604907 -964.797058
2694 -83.451712203 35.039167152 -945.955200
2695 -83.424299687 35.054158580 -904.641724
2696 -83.422939178 35.061198237 -671.817749
2697 -83.407040459 35.053963726 -649.673157
2698 -83.442161587 35.071480214 -935.665710
2699 -83.411462740 35.046467150 -682.546814
2700 -83.424202734 35.043841467 -758.007507
2701 -83.450716233 35.059257016 -842.620422
2702 -83.459713882 35.028917609 -1446.659302
2703 -83.452906176 35.032362152 -1227.168701
2704 -83.469575792 35.056614178 -1134.852905
2705 -83.458662452 35.037614266 -1102.914307
2706 -83.408441612 35.058158933 -657.833130
2707 -83.423493000 35.043863492 -740.464294
2708 -83.404216668 35.054189188 -664.120422
2709 -83.412156707 35.046325908 -669.265442
2710 -83.451840245 35.043454782 -875.695251
2711 -83.451790104 35.037688869 -984.417480
2712 -83.445651110 35.058549546 -812.050293
2713 -83.458821666 35.045664969 -989.830139
2714 -83.406808962 35.050571640 -653.476562
2715 -83.427288451 35.049673306 -903.074402
2716 -83.439882714 35.055942106 -874.962341
2717 -83.419652225 35.047577363 -718.110474
2718 -83.451063811 35.052367565 -903.699707
2719 -83.406052706 35.055299763 -652.241272
2720 -83.444496459 35.069168765 -881.746765
2721 -83.447187788 35.069273989 -991.260437
2722 -83.444269700 35.023809417 -1205.543701
2723 -83.472998380 35.055106616 -1251.639648
2724 -83.452006765 35.069158036 -977.226868
2725 -83.457952968 35.051622675 -992.259827
2726 -83.436413935 35.035355983 -991.341858
2727 -83.449213620 35.046880763 -919.461121
2728 -83.435114557 35.040021524 -992.085144
2729 -83.407651166 35.047115488 -666.388184
2730 -83.442291356 35.069277634 -862.760254
2731 -83.424693910 35.060467131 -674.810730
2732 -83.425757099 35.051731481 -892.656555
2733 -83.432494356 35.040372388 -838.561646
2734 -83.430081059 35.058961261 -684.211365
2735 -83.444177472 35.045274817 -825.601501
2736 -83.409453116 35.063846533 -666.266479
2737 -83.430136034 35.051939582 -783.793518
2738 -83.466876892 35.032535145 -1363.221436
2739 -83.437456447 35.043957824 -928.847351
2740 -83.437023536 35.062819324 -707.055176
2741 -83.455918165 35.058668130 -915.153870
2742 -83.405760439 35.050784565 -655.816223
2743 -83.469142082 35.036931759 -1319.213745
2744 -83.452842380 35.051530383 -934.375854
2745 -83.418266509 35.040587782 -758.038696
2746 -83.440765173 35.051345093 -842.057983
2747 -83.445207125 35.050211873 -855.066467
2748 -83.447102917 35.047610029 -933.934387
2749 -83.409930473 35.062745121 -653.818115
2750 -83.416723538 35.059779027 -800.334778
2751 -83.434774039 35.037209952 -907.646606
2752 -83.462410998 35.057413260 -958.303467
2753 -83.458119214 35.056451588 -1024.490723
2754 -83.433504856 35.052894993 -729.309265
2755 -83.447476636 35.033514029 -1185.222412
2756 -83.460503431 35.044947493 -1014.166199
2757 -83.454373330 35.042390708 -956.183777
2758 -83.438059593 35.044727346 -902.527588
2759 -83.450261863 35.021524405 -1262.868164
2760 -83.408579101 35.032592066 -816.284668
2761 -83.447670559 35.057436217 -863.074951
2762 -83.456509178 35.060688953 -882.174866
2763 -83.406348711 35.051634438 -652.349365
2764 -83.444205842 35.066950729 -817.579224
2765 -83.434159471 35.033362978 -874.893433
2766 -83.441147526 35.025369750 -1010.203125
2767 -83.437549553 35.032284043 -906.864502
2768 -83.437054082 35.024969242 -978.094055
2769 -83.451559207 35.067577206 -915.591858
2770 -83.420656663 35.061154649 -682.902771
2771 -83.419862051 35.045480100 -687.303955
2772 -83.413343588 35.044773229 -692.789062
2773 -83.456141088 35.056552844 -958.558044
2774 -83.442980344 35.044011737 -856.493896
2775 -83.444928164 35.030401583 -1048.320312
2776 -83.421294544 35.043807038 -719.244446
2777 -83.459049436 35.051649604 -1017.426453
2778 -83.433215510 35.037385936 -845.400635
2779 -83.406552647 35.053792246 -648.828796
2780 -83.428224477 35.041061888 -820.789185
2781 -83.437971819 35.057240927 -804.483398
2782 -83.413878558 35.044778494 -689.806458
2783 -83.446168762 35.058732424 -825.549561
2784 -83.416363588 35.044320950 -690.700256
2785 -83.453784743 35.055060123 -936.085266
2786 -83.447026767 35.052135249 -943.703735
2787 -83.421291260 35.048720541 -784.752319
2788 -83.438043610 35.049521151 -739.554443
2789 -83.406357526 35.050799881 -653.416199
2790 -83.453341118 35.035633678 -1079.389038
2791 -83.466493584 35.059418228 -1114.579224
2792 -83.468576747 35.053313472 -1141.266235
2793 -83.418616914 35.059881023 -787.670105
2794 -83.431555999 35.053247197 -751.507446
2795 -83.422589496 35.061637923 -671.061279
2796 -83.449624739 35.027618693 -1143.460693
2797 -83.413704257 35.060891343 -722.574036
2798 -83.449239168 35.041913683 -893.007629
2799 -83.424269115 35.037889305 -992.031677
2800 -83.459136161 35.044294846 -1016.197815
2801 -83.451814392 35.059137888 -861.287720
2802 -83.422256905 35.037896960 -974.711243
2803 -83.464948518 35.052412679 -1058.395996
2804 -83.433702461 35.028356820 -970.556396
2805 -83.454174413 35.029944543 -1207.475952
2806 -83.461947511 35.031369000 -1371.777100
2807 -83.415284994 35.050870414 -697.038757
2808 -83.432605312 35.055697704 -695.972290
2809 -83.410438413 35.037836849 -751.401978
2810 -83.437477488 35.062410265 -732.843445
2811 -83.447434850 35.063328390 -839.885010
2812 -83.422756226 35.066253027 -736.187317
2813 -83.465719030 35.048157911 -1167.478394
2814 -83.429661422 35.041888400 -805.502258
2815 -83.453272075 35.055192374 -921.816101
2816 -83.466935178 35.039761476 -1166.878906
2817 -83.451605896 35.046482699 -965.319336
2818 -83.438719232 35.046389390 -832.114990
2819 -83.429956441 35.054997143 -751.442444
2820 -83.436914308 35.052423097 -717.808167
2821 -83.432636710 35.053717049 -713.383911
2822 -83.453456019 35.069044520 -971.161011
2823 -83.450377220 35.058529767 -849.696350
2824 -83.409034140 35.061340314 -653.064209
2825 -83.452856646 35.071050705 -1040.390015
2826 -83.430765058 35.056581553 -692.773926
2827 -83.459225248 35.040407917 -1059.208740
2828 -83.428573685 35.046828666 -917.430237
2829 -83.432230846 35.033940105 -899.746521
2830 -83.425743657 35.059916277 -683.807739
2831 -83.451795441 35.068068239 -925.035461
2832 -83.458286999 35.045716140 -988.811584
2833 -83.435222579 35.048547319 -797.615356
2834 -83.457417966 35.045737400 -988.858032
2835 -83.436148055 35.064019293 -727.620361
2836 -83.442706915 35.049405870 -907.304504
2837 -83.446143290 35.052378012 -951.366394
2838 -83.447001868 35.046265771 -875.400391
2839 -83.437576495 35.033006407 -899.084961
2840 -83.440301513 35.049475690 -863.340271
2841 -83.462776394 35.040380144 -1079.492310
2842 -83.461956732 35.057406477 -951.885132
2843 -83.420328314 35.040122484 -866.245728
2844 -83.443784959 35.031002005 -1026.038086
2845 -83.456747137 35.056603680 -984.071594
2846 -83.442259583 35.061851211 -758.265442
2847 -83.422122208 35.061547897 -670.256042
2848 -83.409628854 35.036502542 -730.047852
2849 -83.434033853 35.030058374 -910.583252
2850 -83.452348530 35.067219179 -938.758484
2851 -83.467888100 35.059212783 -1147.656982
2852 -83.456262386 35.066925897 -1045.817017
2853 -83.431726175 35.054577029 -708.212036
2854 -83.449975980 35.067383454 -912.289917
2855 -83.427859355 35.060627557 -680.184143
2856 -83.447038034 35.062251070 -828.954468
2857 -83.457843012 35.048559869 -981.733643
2858 -83.466515830 35.042335908 -1202.005737
2859 -83.453263465 35.068479701 -942.867126
2860 -83.434804732 35.058703499 -747.358887
2861 -83.470145326 35.056977379 -1149.321289
2862 -83.409393989 35.042812675 -682.181213
2863 -83.409824728 35.032665222 -787.150879
2864 -83.424881969 35.044782753 -718.125244
2865 -83.445983679 35.056738255 -862.937622
2866 -83.409908793 35.059888250 -669.495911
2867 -83.449063354 35.064442728 -906.189270
2868 -83.446644755 35.064537763 -829.401123
2869 -83.457144315 35.036297291 -1112.502563
2870 -83.446180568 35.054330638 -930.876343
2871 -83.408505424 35.037246711 -737.079956
2872 -83.438038594 35.062860122 -719.124878
2873 -83.473479378 35.055992496 -1300.266602
2874 -83.405264053 35.051960504 -661.776184
2875 -83.432669084 35.048421105 -874.536377
2876 -83.462870062 35.057373180 -964.816284
2877 -83.435193583 35.054248971 -714.712830
2878 -83.431280298 35.058523114 -694.584717
2879 -83.409518488 35.035422178 -753.353333
2880 -83.464190419 35.057253600 -997.611084
2881 -83.433643871 35.054533349 -699.678345
2882 -83.432832737 35.037353092 -847.431152
2883 -83.436792690 35.053242593 -713.473022
2884 -83.453789817 35.050050091 -924.042236
2885 -83.442626688 35.068186302 -836.862183
2886 -83.454323054 35.059307488 -865.848450
2887 -83.458261741 35.057684389 -984.681213
2888 -83.424232155 35.040133771 -928.148071
2889 -83.414175765 35.061588631 -713.208557
2890 -83.469018709 35.056101152 -1099.942261
2891 -83.458349217 35.048043318 -986.632996
2892 -83.467994888 35.058027550 -1089.257080
2893 -83.459609034 35.044094848 -1006.184265
2894 -83.443388359 35.033034311 -1032.731079
2895 -83.445662638 35.032441411 -1083.045898
2896 -83.444519530 35.030943503 -1027.096191
2897 -83.443070067 35.033524860 -1058.570068
2898 -83.434761104 35.051384678 -765.757446
2899 -83.431437065 35.059270542 -693.898193
2900 -83.420386386 35.033032324 -1113.065430
2901 -83.440878948 35.046273791 -799.621094
2902 -83.426976950 35.058031246 -712.187439
2903 -83.438137391 35.040853526 -966.721497
2904 -83.454231817 35.049972507 -922.758789
2905 -83.424229598 35.060144011 -684.288635
2906 -83.442793786 35.059231908 -755.488770
2907 -83.435529361 35.033986969 -896.649780
2908 -83.435140464 35.062998471 -703.098145
2909 -83.449503698 35.060270460 -775.251282
2910 -83.432969118 35.055428211 -698.697998
2911 -83.414626740 35.044520598 -678.043091
2912 -83.430354497 35.049865700 -841.009460
2913 -83.408152704 35.048741708 -657.245605
2914 -83.407399120 35.045342220 -677.401794
2915 -83.433694344 35.025887445 -1004.586365
2916 -83.437712796 35.027363014 -953.369385
2917 -83.459946892 35.036164424 -1142.503662
2918 -83.458189163 35.060703621 -898.102905
2919 -83.456464265 35.047420525 -981.716858
2920 -83.431292832 35.064582780 -773.623535
2921 -83.433026077 35.030964662 -946.285522
2922 -83.404443584 35.055717860 -647.002991
2923 -83.452272785 35.041082012 -942.957336
2924 -83.447567924 35.066444002 -860.732178
2925 -83.435466489 35.052754559 -707.675720
2926 -83.456330223 35.038119498 -1091.564819
2927 -83.434167610 35.023851135 -1075.617676
2928 -83.422241253 35.043518236 -725.620300
2929 -83.426327675 35.056382362 -762.996887
2930 -83.462256616 35.039126187 -1105.464722
2931 -83.447350846 35.044737278 -843.101196
2932 -83.416255988 35.063593203 -662.267212
2933 -83.415408892 35.047241036 -675.745483
2934 -83.441741793 35.031079878 -973.745239
2935 -83.443110261 35.057393066 -839.008667
2936 -83.415577667 35.065096383 -676.581055
2937 -83.474912504 35.054123323 -1350.507202
2938 -83.446797837 35.060475200 -755.242554
2939 -83.416677569 35.034669868 -910.537048
2940 -83.430229766 35.058503571 -685.362793
2941 -83.457074741 35.046019291 -987.836609
2942 -83.424204532 35.049078446 -871.049500
2943 -83.451223130 35.053261418 -933.187439
2944 -83.441813418 35.052320257 -793.053406
2945 -83.457076784 35.055583548 -963.398071
2946 -83.413498803 35.062382761 -676.377686
2947 -83.436429345 35.026080658 -945.941956
2948 -83.406772266 35.056535197 -659.499451
2949 -83.459724446 35.064801108 -1077.787720
2950 -83.455689085 35.056962836 -957.566650
2951 -83.463388135 35.056549218 -981.658630
2952 -83.411024937 35.055798178 -669.288513
2953 -83.440165830 35.062114371 -722.324768
2954 -83.433804399 35.036394941 -857.454346
2955 -83.449092989 35.048681244 -967.436462
2956 -83.459528872 35.035774514 -1129.124390
2957 -83.450995454 35.025339269 -1209.053467
2958 -83.441154003 35.032377525 -951.174072
2959 -83.460508955 35.053492411 -1144.495117
2960 -83.408640312 35.040300940 -702.312256
2961 -83.431248702 35.056467837 -692.290100
2962 -83.439317852 35.048113166 -750.301453
2963 -83.423996184 35.064100951 -720.061829
2964 -83.449457681 35.025554724 -1157.397949
2965 -83.406806904 35.050028201 -654.195435
2966 -83.449174004 35.065235915 -888.309753
2967 -83.425510444 35.045718940 -758.785522
2968 -83.456535171 35.049779739 -942.837402
2969 -83.406440535 35.035873787 -794.229065
2970 -83.421026044 35.063737900 -697.992004
2971 -83.463448078 35.038321835 -1123.749146
2972 -83.447831894 35.023536480 -1217.084473
2973 -83.460130491 35.054405251 -1111.192017
2974 -83.424564408 35.037221465 -1029.987549
2975 -83.447700293 35.052745837 -913.275452
2976 -83.467076681 35.057689375 -1047.077393
2977 -83.411036965 35.063449759 -656.275146
2978 -83.439070413 35.034563945 -968.128662
2979 -83.435813790 35.049296426 -772.690369
2980 -83.450440524 35.067054209 -895.059082
2981 -83.429358123 35.041497083 -812.907837
2982 -83.445457813 35.049145370 -886.105103
2983 -83.419996560 35.046052167 -697.320435
2984 -83.431298902 35.055560633 -699.142944
2985 -83.440472080 35.043530333 -915.846191
2986 -83.456168638 35.046349290 -993.394836
2987 -83.459179250 35.035358626 -1167.296997
2988 -83.461501358 35.040623350 -1102.781372
2989 -83.438071314 35.024024362 -1012.419128
2990 -83.451050946 35.022232590 -1274.748779
2991 -83.467367066 35.033535493 -1308.666504
2992 -83.443623567 35.061808949 -759.773865
2993 -83.440637486 35.063750090 -722.961792
2994 -83.457746165 35.025726589 -1372.107788
2995 -83.436872122 35.063270980 -707.990173
2996 -83.432021387 35.026774466 -1049.634888
2997 -83.457084199 35.031568754 -1293.456543
2998 -83.439761068 35.032309161 -917.268066
2999 -83.412752571 35.054720868 -687.887817
3000 -83.457864968 35.064926004 -1017.644897
3001 -83.438277302 35.062224135 -740.886780
3002 -83.442045777 35.052846370 -805.291809
3003 -83.423201955 35.042169675 -778.790466
3004 -83.463670805 35.046118414 -1112.680298
3005 -83.405902276 35.044157777 -709.325439
3006 -83.430901573 35.051252776 -831.773621
3007 -83.470456650 35.057956024 -1153.671753
3008 -83.441031012 35.060781569 -770.063232
3009 -83.454918100 35.059158553 -887.682617
3010 -83.442288099 35.064617742 -755.363892
3011 -83.424488590 35.061598232 -675.428955
3012 -83.447079154 35.040958211 -929.596375
3013 -83.405435586 35.060240788 -667.501099
3014 -83.439828097 35.054212449 -793.287231
3015 -83.405338136 35.053315258 -658.255981
3016 -83.425934481 35.054108269 -844.561584
3017 -83.452742550 35.025745188 -1199.987183
3018 -83.441008716 35.053947372 -810.325317
3019 -83.454073036 35.043367357 -903.613037
3020 -83.473546057 35.053964110 -1271.942749
3021 -83.449982931 35.044381208 -857.983887
3022 -83.438066651 35.042552451 -930.332703
3023 -83.426231963 35.044478227 -742.097229
3024 -83.441005462 35.061811521 -723.830933
3025 -83.453621461 35.055462414 -914.277710
3026 -83.414030635 35.047103710 -671.010620
3027 -83.460683334 35.040708537 -1108.282471
3028 -83.426465296 35.050602896 -928.038208
3029 -83.457406247 35.055443210 -968.456299
3030 -83.440290320 35.062613113 -718.323181
3031 -83.446263530 35.031951310 -1066.415283
3032 -83.427334202 35.060348155 -679.732483
3033 -83.452669702 35.053705175 -977.379578
3034 -83.466580328 35.057807178 -1040.266479
3035 -83.457098950 35.050932723 -963.864502
3036 -83.433961770 35.058614597 -727.438293
3037 -83.416520937 35.045620848 -676.162537
3038 -83.464459598 35.052157077 -1053.167725
3039 -83.452322819 35.048898509 -975.242249
3040 -83.457912408 35.059478288 -884.767944
3041 -83.450292782 35.070946310 -1028.494629
3042 -83.431169500 35.046055332 -904.338806
3043 -83.438338945 35.050036537 -759.692322
3044 -83.473061296 35.057680407 -1265.926392
3045 -83.463464566 35.039476876 -1099.384644
3046 -83.452311842 35.048250292 -941.588135
3047 -83.442253458 35.046072770 -809.412598
3048 -83.440021820 35.027626375 -1001.883240
3049 -83.451770839 35.057009718 -919.680542
3050 -83.452722488 35.044096778 -892.465942
3051 -83.456276303 35.061333215 -916.091248
3052 -83.463096031 35.033908587 -1290.462402
3053 -83.450652336 35.052051633 -905.019043
3054 -83.438451869 35.053527864 -722.069702
3055 -83.405909330 35.039210710 -733.986389
3056 -83.438683989 35.062759512 -714.899719
3057 -83.417812232 35.060264069 -798.537720
3058 -83.443564848 35.066621642 -795.464294
3059 -83.424472880 35.044409460 -728.995789
3060 -83.427932249 35.064137255 -725.847351
3061 -83.446502764 35.031103601 -1054.882446
3062 -83.449992687 35.024584527 -1185.968140
3063 -83.441843907 35.058304475 -815.816772
3064 -83.441524516 35.052734875 -792.109192
3065 -83.464855196 35.053417614 -1042.597900
3066 -83.431934212 35.048667320 -855.583435
3067 -83.423576892 35.038059839 -984.474731
3068 -83.418642955 35.049126155 -752.406738
3069 -83.415537415 35.061218724 -699.510193
3070 -83.459686004 35.052655340 -1075.243896
3071 -83.442276306 35.068661664 -863.792725
3072 -83.455454949 35.063083257 -941.245300
3073 -83.414894770 35.064940532 -671.389465
3074 -83.415568369 35.066499422 -696.968811
3075 -83.471512927 35.041530836 -1428.912354
3076 -83.418695361 35.061427455 -719.040588
3077 -83.448603392 35.023704995 -1202.044678
3078 -83.444713944 35.059628890 -771.900269
3079 -83.462006985 35.044927962 -1052.697144
3080 -83.471623387 35.059366420 -1224.072876
3081 -83.446147077 35.062376105 -792.739319
3082 -83.444829890 35.065114625 -823.103821
3083 -83.442058993 35.046815047 -829.939453
3084 -83.405071241 35.051201318 -658.683105
3085 -83.452913202 35.058458829 -901.507446
3086 -83.422038327 35.046802236 -750.512451
3087 -83.436142115 35.033330818 -882.494568
3088 -83.457979654 35.036623114 -1139.231934
3089 -83.458293397 35.034375658 -1229.681030
3090 -83.448707845 35.037056834 -1119.212402
3091 -83.409756716 35.031942072 -797.360596
3092 -83.452938090 35.066162280 -943.115601
3093 -83.431694271 35.045215109 -932.488159
3094 -83.422619066 35.045602946 -709.097351
3095 -83.423100048 35.038427883 -954.488220
3096 -83.453116185 35.062297205 -924.284912
3097 -83.453889953 35.064368062 -976.505066
3098 -83.447570814 35.056644997 -845.915405
3099 -83.455927383 35.051937113 -980.317078
3100 -83.418402247 35.039772659 -775.957947
3101 -83.443667065 35.068096062 -825.235901
3102 -83.427567316 35.059113963 -690.225464
3103 -83.450106582 35.028420062 -1142.292969
3104 -83.431515450 35.061146032 -688.835938
3105 -83.454288480 35.055946048 -922.746216
3106 -83.449617508 35.054532419 -913.037659
3107 -83.448713429 35.055377710 -889.197754
3108 -83.449553522 35.069772683 -1010.354797
3109 -83.413660094 35.046244958 -668.930420
3110 -83.450254786 35.054550651 -917.929993
3111 -83.421800176 35.042281663 -780.617920
3112 -83.411414931 35.043527631 -692.003113
3113 -83.402256480 35.049093975 -674.068176
3114 -83.422066504 35.043062178 -744.223206
3115 -83.443703414 35.058424173 -784.290588
3116 -83.449044206 35.023292588 -1194.862061
3117 -83.456731678 35.064660028 -979.077087
3118 -83.448037423 35.043310126 -884.976624
3119 -83.410076388 35.035162218 -767.967163
3120 -83.408283899 35.052563423 -657.812561
3121 -83.434962374 35.030336422 -886.336487
3122 -83.429998302 35.054387346 -783.899292
3123 -83.446106358 35.057822654 -808.850891
3124 -83.449195291 35.021551579 -1239.101318
3125 -83.435661474 35.063415774 -717.260986
3126 -83.465606117 35.038705070 -1152.427368
3127 -83.465172612 35.055887803 -1048.419189
3128 -83.450541870 35.042650596 -883.024170
3129 -83.429387657 35.050132957 -824.253540
3130 -83.413303423 35.066056010 -678.115845
3131 -83.434602566 35.055504366 -778.167847
3132 -83.441306745 35.061344153 -729.729980
3133 -83.457327636 35.037054510 -1088.789307
3134 -83.432652010 35.025457891 -1041.087402
3135 -83.455448011 35.067477541 -1015.871643
3136 -83.432228805 35.042170246 -875.076416
3137 -83.441157875 35.058684762 -821.385193
3138 -83.435189948 35.051939093 -729.772705
3139 -83.462356864 35.045948061 -1069.822021
3140 -83.439173538 35.054522337 -792.423950
3141 -83.447868365 35.022715657 -1230.958252
3142 -83.423442882 35.050253374 -910.382568
3143 -83.460536379 35.035941408 -1168.211548
3144 -83.433306606 35.036091423 -851.438538
3145 -83.456836549 35.046952051 -981.895325
3146 -83.424043101 35.045755435 -735.388733
3147 -83.434493443 35.025721070 -984.863342
3148 -83.425075219 35.050296207 -907.058167
3149 -83.436086125 35.032770394 -881.684814
3150 -83.452252050 35.056177479 -905.933105
3151 -83.409026825 35.050390051 -662.281433
3152 -83.411676464 35.041813198 -689.061829
3153 -83.438966998 35.063240018 -713.306946
3154 -83.424055257 35.052028902 -933.832092
3155 -83.441202929 35.045289032 -853.004089
3156 -83.414928638 35.046162907 -671.648926
3157 -83.447280447 35.051196322 -961.474792
3158 -83.409567971 35.033685065 -779.883240
3159 -83.456966332 35.058426630 -923.031311
3160 -83.414875445 35.035943768 -879.463989
3161 -83.448373950 35.029759093 -1102.627808
3162 -83.470796967 35.037329884 -1390.414917
3163 -83.467664104 35.055358734 -1169.031372
3164 -83.463907363 35.032024739 -1396.236572
3165 -83.444228662 35.059320874 -749.051270
3166 -83.417700566 35.064879759 -697.717224
3167 -83.443684065 35.057754457 -824.081604
3168 -83.434245865 35.048727123 -796.544128
3169 -83.405600345 35.058607164 -645.859863
3170 -83.421819495 35.045287215 -694.205383
3171 -83.418367765 35.043253986 -706.166382
3172 -83.446447845 35.058251277 -835.745483
3173 -83.448599029 35.056479655 -849.696960
3174 -83.406831026 35.055080733 -649.369324
3175 -83.406390380 35.041087994 -705.192932
3176 -83.464864103 35.045733200 -1152.604248
3177 -83.465288921 35.052985957 -1064.389404
3178 -83.454704696 35.062681749 -896.561462
3179 -83.452975513 35.027860961 -1195.764038
3180 -83.414660395 35.067770241 -720.389832
3181 -83.433974077 35.055901844 -766.393677
3182 -83.443903293 35.069283687 -867.209045
3183 -83.425389937 35.037288661 -1066.847290
3184 -83.467352529 35.047147690 -1209.613403
3185 -83.449869835 35.039607301 -985.712341
3186 -83.459349307 35.057425137 -968.444397
3187 -83.422938861 35.039308632 -933.775085
3188 -83.451180982 35.038567643 -964.746460
3189 -83.432953392 35.058739001 -719.732056
3190 -83.415891950 35.064549503 -663.563171
3191 -83.415474903 35.043442625 -693.945496
3192 -83.431574733 35.042575175 -869.044495
3193 -83.451504110 35.040399602 -921.342590
3194 -83.437309505 35.051018416 -734.155579
3195 -83.420605266 35.062590577 -668.563965
3196 -83.463837954 35.052155860 -1084.965454
3197 -83.423970011 35.057055134 -798.812927
3198 -83.421859204 35.045720166 -721.182983
3199 -83.458181031 35.065385354 -1018.586853
3200 -83.451433758 35.051281034 -927.970825
3201 -83.419239210 35.037016065 -855.153870
3202 -83.422412450 35.048439573 -786.500183
3203 -83.414424854 35.037543285 -873.902954
3204 -83.457895808 35.045952275 -983.987854
3205 -83.452097139 35.040198612 -936.397644
3206 -83.430290627 35.052986259 -751.831116
3207 -83.452336924 35.059237716 -847.198486
3208 -83.451987466 35.050951822 -917.052368
3209 -83.451541903 35.049275963 -971.276306
3210 -83.459816716 35.059823371 -943.839539
3211 -83.433231856 35.035056738 -862.023010
3212 -83.433607833 35.061224028 -693.318848
3213 -83.410010137 35.033902074 -766.048096
3214 -83.430990343 35.062028792 -721.226196
3215 -83.444934479 35.046588200 -848.436035
3216 -83.463030121 35.051741130 -1123.493042
3217 -83.412991496 35.049901230 -672.433228
3218 -83.428695700 35.050106084 -844.071289
3219 -83.462128657 35.043543572 -1052.635254
3220 -83.446923567 35.027702425 -1172.289551
3221 -83.416919789 35.053700635 -767.007507
3222 -83.454858084 35.065907057 -1013.278931
3223 -83.467131489 35.054714559 -1119.838379
3224 -83.437070803 35.036424540 -1030.937256
3225 -83.416898616 35.038029157 -818.012512
3226 -83.450053158 35.026241550 -1164.375488
3227 -83.441747156 35.050701843 -854.746033
3228 -83.428998962 35.056890591 -737.883972
3229 -83.405734938 35.055840692 -649.601135
3230 -83.414663059 35.060988840 -713.405151
3231 -83.433844702 35.064380240 -748.244141
3232 -83.458397107 35.064817749 -1039.526489
3233 -83.408464837 35.061152743 -651.592529
3234 -83.420338839 35.051335259 -867.929443
3235 -83.443740902 35.044284686 -875.352295
3236 -83.454259145 35.036031523 -1114.394165
3237 -83.411682304 35.058560154 -692.601807
3238 -83.408938693 35.039742588 -698.767761
3239 -83.408892155 35.037797314 -718.881226
3240 -83.451300849 35.028960045 -1160.639648
3241 -83.430711676 35.040922814 -827.332092
3242 -83.452858391 35.051000904 -913.354309
3243 -83.463870525 35.047322219 -1127.722168
3244 -83.431884679 35.039355776 -854.171448
3245 -83.421027323 35.044736677 -691.687134
3246 -83.424717941 35.039608065 -932.817444
3247 -83.454322554 35.061118576 -854.666687
3248 -83.404316016 35.048006049 -674.401001
3249 -83.454411179 35.057026562 -944.196716
3250 -83.418905568 35.062571381 -667.833435
3251 -83.412630400 35.063054523 -657.818848
3252 -83.417589984 35.034730492 -915.834045
3253 -83.461805507 35.039806851 -1087.850098
3254 -83.413572457 35.046725445 -668.565369
3255 -83.463674195 35.036468571 -1211.584839
3256 -83.454497637 35.069404158 -1017.098206
3257 -83.424176919 35.060680302 -673.459045
3258 -83.415971502 35.045622568 -674.773193
3259 -83.410607531 35.035630871 -760.865295
3260 -83.447594189 35.037288871 -1116.630249
3261 -83.452539473 35.039798654 -954.570435
3262 -83.410074561 35.034496123 -772.420837
3263 -83.439921393 35.035012760 -1005.422668
3264 -83.435221122 35.062466902 -699.581116
3265 -83.414525263 35.045869168 -670.516602
3266 -83.447450823 35.063859281 -832.501465
3267 -83.454620939 35.043246438 -911.835754
3268 -83.445555235 35.060873907 -746.317688
3269 -83.455440104 35.042251821 -942.732605
3270 -83.422914311 35.044270918 -713.464172
3271 -83.444720661 35.060777748 -742.531494
3272 -83.466778646 35.033248801 -1333.630981
3273 -83.442054493 35.065230925 -755.204895
3274 -83.439813950 35.048375086 -783.986877
3275 -83.431871846 35.035512707 -885.233337
3276 -83.442363620 35.053588421 -837.992249
3277 -83.407825421 35.051923773 -655.173218
3278 -83.464648084 35.037399280 -1147.771484
3279 -83.459752238 35.042454159 -1050.524780
3280 -83.440670158 35.065058085 -745.282410
3281 -83.418671829 35.043842777 -699.215637
3282 -83.464657962 35.055393160 -1023.004944
3283 -83.421180032 35.034801051 -1034.290161
3284 -83.407995983 35.061042498 -650.933228
3285 -83.404377684 35.056722081 -644.698425
3286 -83.451682571 35.054800565 -935.098816
3287 -83.442822529 35.045016652 -832.894897
3288 -83.457961342 35.043554523 -1040.633667
3289 -83.460580890 35.060167904 -952.717773
3290 -83.446619123 35.063648335 -815.010559
3291 -83.433098747 35.036982406 -843.886108
3292 -83.412254919 35.064535308 -667.246155
3293 -83.460791359 35.033132581 -1257.279175
3294 -83.469585790 35.048283186 -1302.260620
3295 -83.448809448 35.062934209 -858.117065
3296 -83.450690398 35.035384683 -1074.959229
3297 -83.459288909 35.050676975 -1039.315308
3298 -83.440308925 35.046220065 -799.858276
3299 -83.434591122 35.052779306 -724.124756
3300 -83.407954017 35.049621918 -655.597351
3301 -83.408703152 35.047775565 -660.359253
3302 -83.436584882 35.034339419 -955.140381
3303 -83.430501388 35.060023245 -686.569824
3304 -83.440903778 35.047093326 -795.718933
3305 -83.449573886 35.028513557 -1135.518433
3306 -83.416722367 35.067455249 -744.725220
3307 -83.430865127 35.038267305 -920.495300
3308 -83.451505731 35.044863681 -898.610352
3309 -83.441046920 35.067579993 -846.773743
3310 -83.473434837 35.058548860 -1285.294067
3311 -83.449347411 35.063605153 -887.530518
3312 -83.414933663 35.045706279 -671.602356
3313 -83.444536108 35.067697246 -842.530518
3314 -83.454036157 35.035105619 -1143.673706
3315 -83.445317467 35.052413631 -951.983398
3316 -83.453316844 35.042812381 -903.343506
3317 -83.469095215 35.037878077 -1303.732300
3318 -83.435910844 35.031578910 -909.931030
3319 -83.469204345 35.057164201 -1107.156494
3320 -83.451400759 35.047082756 -956.500244
3321 -83.438733556 35.064086521 -741.046997
3322 -83.454216737 35.022302483 -1348.453003
3323 -83.443363667 35.069035777 -842.034241
3324 -83.439758384 35.046195933 -815.623657
3325 -83.448645030 35.047149735 -924.078979
3326 -83.451643597 35.035302588 -1070.822876
3327 -83.440044934 35.045687362 -819.018555
3328 -83.420665862 35.047740627 -744.737183
3329 -83.427084038 35.061709409 -690.231995
3330 -83.463543747 35.054798015 -1003.144470
3331 -83.443027361 35.066390763 -779.469543
3332 -83.449769864 35.060820378 -788.096741
3333 -83.419230372 35.061011648 -714.971497
3334 -83.440422910 35.059278519 -808.091553
3335 -83.433125888 35.040168876 -854.865967
3336 -83.414260217 35.064706783 -673.519348
3337 -83.442939454 35.073043706 -984.204529
3338 -83.456282630 35.063693636 -974.764832
3339 -83.447413116 35.030949491 -1076.098877
3340 -83.459228386 35.037661926 -1076.071533
3341 -83.433105290 35.061439744 -693.368713
3342 -83.424622311 35.061015661 -674.445068
3343 -83.450518225 35.043216370 -874.354492
3344 -83.452970824 35.029971072 -1190.003784
3345 -83.426704725 35.062656291 -708.026123
3346 -83.430598241 35.035602250 -927.606689
3347 -83.419430947 35.061683409 -682.450073
3348 -83.429203053 35.064142612 -723.873840
3349 -83.446466688 35.032624310 -1117.865723
3350 -83.419551205 35.041765817 -799.919189
3351 -83.454971687 35.070893895 -1047.191040
3352 -83.406865821 35.051791606 -651.762085
3353 -83.433175334 35.038774538 -845.153931
3354 -83.451210482 35.030549453 -1157.157104
3355 -83.466487020 35.052404342 -1117.262695
3356 -83.405569872 35.061496810 -662.809570
3357 -83.440029645 35.057063186 -869.824951
3358 -83.408590686 35.050099831 -658.710815
3359 -83.458101175 35.035203694 -1199.303101
3360 -83.426989672 35.043190104 -772.689514
3361 -83.453737239 35.055884968 -914.876160
3362 -83.470024515 35.060475903 -1258.669922
3363 -83.422716513 35.060684976 -685.394470
3364 -83.437173260 35.063608565 -714.907104
3365 -83.418429320 35.045682263 -683.124207
3366 -83.416208670 35.060697851 -734.343018
3367 -83.450728646 35.055767689 -902.613342
3368 -83.460867950 35.037227268 -1135.840210
3369 -83.443276861 35.051071895 -822.506653
3370 -83.465172963 35.062992093 -1165.941284
3371 -83.460253806 35.051358812 -1077.192993
3372 -83.414219153 35.064189914 -662.437866
3373 -83.432419489 35.039289253 -843.958496
3374 -83.455723154 35.039544627 -1056.107544
3375 -83.449219387 35.029496294 -1130.605957
3376 -83.443810481 35.059508036 -743.641113
3377 -83.416788791 35.065801829 -703.746460
3378 -83.452786136 35.036926865 -1041.379272
3379 -83.457730857 35.042054586 -1047.765747
3380 -83.445617742 35.063143448 -833.715515
3381 -83.452292854 35.026895131 -1176.106323
3382 -83.429787807 35.056934240 -716.073608
3383 -83.452859688 35.056891930 -927.729675
3384 -83.461151415 35.036425983 -1146.507202
3385 -83.468462569 35.043967259 -1351.346802
3386 -83.439320626 35.067316286 -844.742249
3387 -83.445922097 35.043475899 -904.584412
3388 -83.422256914 35.062661630 -671.314148
3389 -83.449851094 35.064273814 -926.060059
3390 -83.467847161 35.061281558 -1220.344849
3391 -83.403746220 35.042776298 -741.027466
3392 -83.418691224 35.056426980 -847.927185
3393 -83.406814581 35.031313125 -917.977966
3394 -83.458198011 35.049082000 -989.237854
3395 -83.414800882 35.042433589 -694.031738
3396 -83.458768227 35.043345393 -1027.706421
3397 -83.439372920 35.031462927 -945.061462
3398 -83.474543697 35.056936570 -1338.010376
3399 -83.447918677 35.051839542 -941.399475
3400 -83.440691509 35.062238621 -720.677917
3401 -83.435824179 35.053626898 -707.168762
3402 -83.437975568 35.026366844 -942.471069
3403 -83.448644968 35.046629327 -908.743103
3404 -83.418627749 35.060666271 -742.321350
3405 -83.459822973 35.041731498 -1073.663330
3406 -83.455046261 35.061530815 -888.417603
3407 -83.460207388 35.064119020 -1033.075562
3408 -83.453377036 35.062837983 -918.368469
3409 -83.448637645 35.057366460 -876.452209
3410 -83.428721851 35.051372409 -853.310608
3411 -83.445369877 35.061996302 -761.383728
3412 -83.461561423 35.055270471 -1044.969116
3413 -83.417410472 35.044019388 -691.137817
3414 -83.445137392 35.061074696 -749.504639
3415 -83.404349974 35.049822065 -663.903198
3416 -83.437688251 35.031773563 -917.893433
3417 -83.438027607 35.032913921 -896.736816
3418 -83.460104058 35.040127842 -1075.605469
3419 -83.462621341 35.058488284 -973.767090
3420 -83.406984769 35.052865140 -650.324707
3421 -83.435315097 35.031441166 -881.008789
3422 -83.435193231 35.029947447 -887.780334
3423 -83.467429191 35.058010951 -1068.720093
3424 -83.470191341 35.055157294 -1152.793945
3425 -83.452196911 35.065970291 -958.119629
3426 -83.468547995 35.035148555 -1303.503540
3427 -83.438826525 35.024426501 -1031.786865
3428 -83.416346998 35.038331911 -789.814697
3429 -83.425805007 35.043079371 -798.653992
3430 -83.451694302 35.027944317 -1166.369995
3431 -83.451508095 35.052216383 -912.579102
3432 -83.431063225 35.057958459 -693.576111
3433 -83.412484252 35.039714653 -717.063477
3434 -83.448216092 35.054525895 -897.874268
3435 -83.444134395 35.059934857 -762.939453
3436 -83.417631305 35.040161084 -751.659790
3437 -83.410275387 35.061348626 -664.725281
3438 -83.414820538 35.054263993 -725.966736
3439 -83.433844032 35.032096205 -909.020996
3440 -83.420797443 35.061683782 -671.648987
3441 -83.452672649 35.046879296 -970.713318
3442 -83.441669721 35.054021450 -830.139709
3443 -83.430608762 35.033085731 -947.624023
3444 -83.471235457 35.061308555 -1298.971436
3445 -83.426902131 35.041071130 -830.865662
3446 -83.438820339 35.047821287 -768.363953
3447 -83.424615454 35.043298642 -800.295532
3448 -83.405975374 35.052064910 -652.324585
3449 -83.417632300 35.040929533 -743.331482
3450 -83.459084924 35.062394151 -936.635864
3451 -83.449542161 35.043435800 -869.129089
3452 -83.446689996 35.070356899 -1001.096069
3453 -83.433192312 35.060133642 -712.100891
3454 -83.408889048 35.049782869 -658.722229
3455 -83.416279586 35.048678403 -717.370850
3456 -83.441309511 35.033845317 -1006.032166
3457 -83.447213471 35.032695644 -1148.314575
3458 -83.412902567 35.061346083 -685.495972
3459 -83.414096025 35.041781777 -703.295044
3460 -83.450270199 35.066100430 -913.389038
3461 -83.420303903 35.041114317 -849.804993
3462 -83.431777696 35.038216043 -876.722534
3463 -83.444058604 35.053758769 -941.302795
3464 -83.439780639 35.045015968 -848.700256
3465 -83.456422684 35.051287788 -964.465454
3466 -83.433765398 35.031386108 -918.623108
3467 -83.433991922 35.038163198 -870.976501
3468 -83.425773975 35.047519500 -867.040039
3469 -83.407460946 35.049514292 -655.579285
3470 -83.455834883 35.069214800 -1016.039246
3471 -83.433811642 35.062231911 -711.240723
3472 -83.423028981 35.056668185 -812.430847
3473 -83.453360990 35.044354663 -920.087402
3474 -83.434807434 35.054795525 -737.250122
3475 -83.470021587 35.051173775 -1239.365479
3476 -83.447101543 35.056433861 -862.853760
3477 -83.438911838 35.053481093 -726.286743
3478 -83.444737090 35.070607659 -923.330566
3479 -83.448380269 35.029194907 -1126.064453
3480 -83.443108180 35.067465323 -796.179077
3481 -83.466341041 35.036614720 -1192.450073
3482 -83.427716721 35.062323089 -697.408081
3483 -83.440436269 35.044445083 -874.014282
3484 -83.454607318 35.055506178 -921.361511
3485 -83.425760913 35.044218600 -727.536072
3486 -83.450825013 35.047131184 -945.655212
3487 -83.462724239 35.031954861 -1381.045776
3488 -83.411181880 35.040978860 -695.079041
3489 -83.451122651 35.045369818 -897.184753
3490 -83.414740363 35.036735837 -891.745483
3491 -83.434815481 35.031388465 -879.270447
3492 -83.449808419 35.065548487 -912.826172
3493 -83.412753171 35.041900754 -699.135437
3494 -83.440391240 35.051772463 -810.783691
3495 -83.456743075 35.048727671 -971.869446
3496 -83.430033661 35.052482002 -776.345825
3497 -83.444449694 35.048726706 -942.881714
3498 -83.418769525 35.036160927 -872.717651
3499 -83.452841076 35.066990469 -930.638916
3500 -83.407949847 35.048253394 -658.391663
3501 -83.423480298 35.039153246 -926.966797
3502 -83.429729671 35.059193020 -683.379700
3503 -83.432496099 35.041006494 -850.822021
3504 -83.438895543 35.044882798 -872.517212
3505 -83.423037374 35.037992379 -971.783386
3506 -83.409721398 35.063269402 -655.223999
3507 -83.444099889 35.061461168 -753.521851
3508 -83.430665563 35.028955021 -1013.899902
3509 -83.434086518 35.051083524 -793.361023
3510 -83.438312786 35.064369628 -754.630798
3511 -83.441333889 35.065829132 -753.705627
3512 -83.419010075 35.067460455 -753.697205
3513 -83.441522522 35.043144236 -887.080505
3514 -83.473598461 35.057570141 -1283.154663
3515 -83.457354636 35.045278505 -1008.259460
3516 -83.422709129 35.033239696 -1129.600586
3517 -83.411766757 35.044344063 -705.433899
3518 -83.422372441 35.061152348 -675.054749
3519 -83.468937464 35.057671255 -1095.910156
3520 -83.471108205 35.055688363 -1177.836914
3521 -83.407560451 35.061253691 -649.740723
3522 -83.464807584 35.054704534 -1022.747009
3523 -83.444184380 35.069911792 -883.211487
3524 -83.437218604 35.064114920 -734.412842
3525 -83.456873817 35.033077857 -1239.798096
3526 -83.453386097 35.037276494 -1028.528320
3527 -83.465247623 35.044698758 -1148.727661
3528 -83.437041274 35.030595921 -946.360413
3529 -83.448395618 35.038108401 -1084.009277
3530 -83.434742492 35.053327655 -705.325500
3531 -83.456585520 35.046551641 -971.667480
3532 -83.468776736 35.060329615 -1232.373291
3533 -83.448488725 35.031005109 -1123.353516
3534 -83.409623767 35.061642613 -655.723572
3535 -83.458119948 35.039555984 -1032.659180
3536 -83.422448303 35.036267636 -1000.622559
3537 -83.410399923 35.045559564 -681.623779
3538 -83.419751821 35.063192738 -670.479004
3539 -83.461318811 35.038975006 -1118.501709
3540 -83.414874186 35.061937623 -684.508667
3541 -83.449121105 35.028631078 -1134.628662
3542 -83.441233855 35.027322182 -1059.460571
3543 -83.446300870 35.066329633 -882.628113
3544 -83.466375018 35.037787580 -1170.439087
3545 -83.449525581 35.066819752 -895.057800
3546 -83.455941068 35.042337575 -944.060486
3547 -83.472532583 35.057831960 -1226.176270
3548 -83.409822254 35.044974766 -676.142212
3549 -83.447940593 35.065968881 -854.576416
3550 -83.453730668 35.059340669 -850.365540
3551 -83.442509913 35.066229400 -762.474487
3552 -83.426907261 35.047278067 -910.383545
3553 -83.456737569 35.042875718 -1004.385437
3554 -83.456230240 35.035870192 -1160.431885
3555 -83.455738487 35.062556870 -940.509460
3556 -83.450787853 35.068772982 -976.235901
3557 -83.432304599 35.054765934 -700.807251
3558 -83.415326564 35.048147725 -694.172119
3559 -83.468643581 35.058178824 -1106.575195
3560 -83.451065995 35.063401276 -900.912170
3561 -83.423009608 35.062915483 -679.631165
3562 -83.422525975 35.040272416 -867.986694
3563 -83.447885818 35.026427606 -1194.766602
3564 -83.424856990 35.063814610 -703.550964
3565 -83.453499165 35.050393252 -918.062622
3566 -83.449583843 35.052605963 -908.421631
3567 -83.408662294 35.054876741 -661.376160
3568 -83.453853374 35.042565553 -930.093079
3569 -83.439789874 35.060087948 -828.380981
3570 -83.433755247 35.033865446 -871.526978
3571 -83.454506404 35.051656673 -941.702454
3572 -83.444325077 35.046297165 -845.431396
3573 -83.451106034 35.058031257 -896.226562
3574 -83.460954685 35.039906476 -1074.208130
3575 -83.450150355 35.056837996 -887.142822
3576 -83.446001717 35.058269674 -826.740112
3577 -83.453546984 35.046960636 -955.054504
3578 -83.409076269 35.035129064 -754.024963
3579 -83.427722137 35.047817539 -928.349670
3580 -83.451321230 35.062457992 -870.518982
3581 -83.457941063 35.040574232 -1014.658264
3582 -83.430720570 35.060581057 -686.742249
3583 -83.451068751 35.040009958 -931.389954
3584 -83.463968217 35.053964380 -1015.436829
3585 -83.415387969 35.060106437 -752.315002
3586 -83.449572070 35.026538980 -1148.297852
3587 -83.450157992 35.050610568 -945.717407
3588 -83.457709351 35.047975173 -994.385498
3589 -83.456689577 35.057795898 -962.137939
3590 -83.429647125 35.050684206 -814.120483
3591 -83.426648871 35.052862445 -855.557556
3592 -83.449453642 35.030032171 -1130.022827
3593 -83.433230672 35.054115939 -705.365479
3594 -83.453240255 35.039683176 -984.588135
3595 -83.438260406 35.048961407 -738.997437
3596 -83.447623056 35.055402401 -894.942322
3597 -83.414383780 35.044848646 -677.453613
3598 -83.463208822 35.048221557 -1079.009644
3599 -83.445473579 35.042718941 -908.427917
3600 -83.439946602 35.046728262 -783.017944
3601 -83.427708452 35.039645872 -889.668152
3602 -83.470347252 35.056249442 -1174.881958
3603 -83.412140335 35.042814095 -713.195435
3604 -83.437962597 35.056039479 -839.500427
3605 -83.442610885 35.066773957 -782.444885
3606 -83.442022857 35.059157218 -768.916687
3607 -83.445140775 35.030998930 -1047.158936
3608 -83.450805571 35.048009953 -943.678467
3609 -83.410892294 35.044237238 -681.513428
3610 -83.454515817 35.056392518 -923.983093
3611 -83.407729662 35.057630929 -657.529724
3612 -83.431869036 35.055219430 -698.169250
3613 -83.426340509 35.031693487 -1076.792236
3614 -83.447188107 35.038692043 -1042.945923
3615 -83.457571708 35.066533771 -1056.796631
3616 -83.430630143 35.041827948 -814.277039
3617 -83.410459529 35.033572141 -784.457764
3618 -83.418103234 35.063480721 -664.716919
3619 -83.429839170 35.049668921 -855.063293
3620 -83.463841749 35.040338816 -1100.740234
3621 -83.427208840 35.040380031 -864.704895
3622 -83.443760773 35.059028919 -753.629883
3623 -83.455242059 35.028839304 -1245.141602
3624 -83.455891157 35.032382606 -1271.130981
3625 -83.429811702 35.053814928 -784.586121
3626 -83.417005792 35.062553365 -666.727051
3627 -83.433354909 35.055016989 -700.304993
3628 -83.463118417 35.064863441 -1123.298218
3629 -83.422304214 35.046046265 -733.144531
3630 -83.424795598 35.043893524 -761.119141
3631 -83.449926833 35.022228673 -1243.629883
3632 -83.466548292 35.038654197 -1174.760864
3633 -83.413763498 35.043434751 -709.433472
3634 -83.421242318 35.061400946 -674.491211
3635 -83.462793667 35.042576229 -1065.909546
3636 -83.448087777 35.063122086 -871.594604
3637 -83.459364075 35.066817843 -1083.842407
3638 -83.445693095 35.051803380 -935.157532
3639 -83.429990058 35.051498595 -797.131348
3640 -83.464125197 35.044936984 -1111.229248
3641 -83.458876007 35.056273945 -1029.641235
3642 -83.429115272 35.058142494 -707.783936
3643 -83.466274221 35.049662545 -1139.938599
3644 -83.456136771 35.049555517 -936.102051
3645 -83.449432526 35.029005126 -1133.035278
3646 -83.403626538 35.052644130 -689.928406
3647 -83.466679582 35.061261301 -1213.724854
3648 -83.460567058 35.055324114 -1075.314575
3649 -83.432939922 35.036532062 -845.749329
3650 -83.467050869 35.050730857 -1185.034912
3651 -83.439693585 35.061968760 -730.617371
3652 -83.402666606 35.044247276 -786.886230
3653 -83.440673557 35.068192446 -878.619812
3654 -83.463267882 35.049264490 -1110.103149
3655 -83.447431212 35.058678346 -828.310791
3656 -83.412030956 35.063897144 -660.269470
3657 -83.437120596 35.029193318 -950.990723
3658 -83.439373336 35.040040976 -990.825867
3659 -83.460012293 35.057385315 -949.643188
3660 -83.436859448 35.048573282 -780.587769
3661 -83.441567668 35.071786555 -943.939880
3662 -83.420156114 35.059602529 -748.475647
3663 -83.423358104 35.036943200 -1007.028564
3664 -83.437592521 35.026843232 -934.005493
3665 -83.447687106 35.053588245 -923.339661
3666 -83.452020069 35.039528522 -942.704529
3667 -83.410365873 35.032273460 -784.907776
3668 -83.459283363 35.059554652 -920.746887
3669 -83.448396913 35.065972976 -852.914856
3670 -83.409429516 35.041559870 -685.791138
3671 -83.431442951 35.043445183 -908.842285
3672 -83.425332910 35.052976655 -875.441406
3673 -83.436694540 35.064478740 -738.684631
3674 -83.453062268 35.024528828 -1256.722534
3675 -83.415633824 35.044177438 -689.157288
3676 -83.417986586 35.045280145 -679.589600
3677 -83.428987022 35.028635711 -1064.440186
3678 -83.448130043 35.057184403 -861.527649
3679 -83.404129147 35.055075509 -655.706116
3680 -83.459671527 35.043588011 -1019.971252
3681 -83.450096457 35.052877477 -898.859314
3682 -83.464804376 35.041502202 -1131.205444
3683 -83.452303816 35.061235227 -864.303467
3684 -83.464526299 35.039537722 -1115.728027
3685 -83.427024033 35.059486281 -683.517639
3686 -83.409903103 35.046216407 -672.048340
3687 -83.458239098 35.044933725 -993.703491
3688 -83.448287780 35.064373033 -859.442017
3689 -83.432275800 35.065014810 -811.284546
3690 -83.407722829 35.062992472 -665.535461
3691 -83.452991513 35.023353344 -1275.983765
3692 -83.418397525 35.062544978 -671.053223
3693 -83.435735640 35.029936044 -892.251770
3694 -83.440353708 35.053824242 -782.587402
3695 -83.431850248 35.022889448 -1111.214966
3696 -83.406915191 35.052305600 -650.695129
3697 -83.443377170 35.052540043 -861.683960
3698 -83.406324915 35.061945276 -660.047363
3699 -83.432974868 35.064243454 -780.029846
3700 -83.434371642 35.033902163 -863.303223
3701 -83.445268315 35.068917002 -881.473572
3702 -83.447077981 35.048161894 -921.056824
3703 -83.422116880 35.059451279 -735.152771
3704 -83.443482529 35.031950998 -979.968628
3705 -83.473443575 35.059140551 -1311.203003
3706 -83.445684652 35.050128141 -866.106018
3707 -83.423446508 35.034076163 -1114.231201
3708 -83.458388991 35.035940481 -1168.917725
3709 -83.431824204 35.028138353 -1003.880188
3710 -83.459516442 35.045717482 -1005.889832
3711 -83.440509085 35.065589079 -757.769226
3712 -83.415131645 35.041403267 -711.399170
3713 -83.425197822 35.060781233 -674.818115
3714 -83.433042975 35.049838415 -823.943909
3715 -83.461222964 35.055989223 -1013.315369
3716 -83.462112439 35.032416722 -1318.173218
3717 -83.434002643 35.052513396 -741.836670
3718 -83.405514622 35.054478143 -649.641357
3719 -83.425717817 35.062399470 -686.610107
3720 -83.462336497 35.043026597 -1059.174438
3721 -83.460420113 35.061197384 -935.928101
3722 -83.471300696 35.053441753 -1268.219849
3723 -83.424704290 35.045476052 -731.323486
3724 -83.451111069 35.067461722 -906.396790
3725 -83.450653860 35.047560407 -917.614380
3726 -83.441180008 35.031328728 -961.980469
3727 -83.431892972 35.050810521 -837.482422
3728 -83.456891811 35.063793533 -991.505920
3729 -83.458827836 35.048443039 -992.187317
3730 -83.434936730 35.031847150 -875.198059
3731 -83.436760518 35.066170738 -797.408081
3732 -83.414011411 35.063375354 -659.050964
3733 -83.431152951 35.034126641 -939.444397
3734 -83.423148586 35.049096102 -844.029297
3735 -83.460322714 35.033810052 -1213.453369
3736 -83.463481947 35.050079672 -1129.403564
3737 -83.431314099 35.049756566 -848.486755
3738 -83.465983630 35.040378542 -1155.641357
3739 -83.411471639 35.032672343 -823.648804
3740 -83.430716137 35.049160426 -836.909058
3741 -83.409450722 35.040776041 -693.967957
3742 -83.464780820 35.036843390 -1178.875488
3743 -83.458829635 35.054013127 -1064.694824
3744 -83.444931307 35.057333159 -811.704468
3745 -83.438511181 35.025179943 -992.093262
3746 -83.418816657 35.062082710 -689.498657
3747 -83.440578948 35.070740610 -947.069214
3748 -83.465530647 35.047761258 -1188.340576
3749 -83.407011054 35.033585414 -829.312073
3750 -83.456847855 35.045552712 -1013.953918
3751 -83.449403347 35.054036272 -896.730164
3752 -83.417787911 35.035683416 -874.444275
3753 -83.408805498 35.063496856 -665.548950
3754 -83.431119044 35.054239285 -731.999634
3755 -83.430460239 35.057980310 -692.523682
3756 -83.444369307 35.071257037 -923.944153
3757 -83.430884128 35.067311074 -853.347839
3758 -83.423325718 35.057810183 -753.570862
3759 -83.461139863 35.057899445 -935.403015
3760 -83.440047024 35.061615212 -735.379822
3761 -83.444689094 35.050010986 -878.819580
3762 -83.429106356 35.040421717 -875.130432
3763 -83.446939041 35.063333579 -820.368225
3764 -83.404433245 35.053397110 -668.773499
3765 -83.458595840 35.064159607 -1042.360352
3766 -83.445221096 35.062848319 -818.120239
3767 -83.449883592 35.029465773 -1136.083862
3768 -83.435496701 35.021774079 -1108.885498
3769 -83.408486995 35.048303647 -658.427490
3770 -83.463021057 35.040843003 -1081.809814
3771 -83.454032982 35.049189518 -942.959961
3772 -83.414704208 35.040820131 -726.894531
3773 -83.474088609 35.055145981 -1301.921753
3774 -83.407678500 35.039788892 -723.300842
3775 -83.444047029 35.033008041 -1055.814453
3776 -83.437891702 35.025317814 -979.416870
3777 -83.415699989 35.039012795 -779.624878
3778 -83.411464032 35.048029473 -662.438538
3779 -83.415914197 35.042917798 -704.201233
3780 -83.461558467 35.053318378 -1114.922729
3781 -83.456584865 35.068902812 -1039.546387
3782 -83.424939799 35.062829990 -684.969116
3783 -83.450962811 35.042252080 -887.237122
3784 -83.472105168 35.057405546 -1232.217407
3785 -83.438808475 35.064759094 -774.056152
3786 -83.423280699 35.040981437 -819.088196
3787 -83.459563588 35.049239749 -1007.219116
3788 -83.465302475 35.036763336 -1167.251465
3789 -83.442529672 35.060825316 -731.994385
3790 -83.416369675 35.061496355 -707.012085
3791 -83.447115081 35.028563153 -1168.266113
3792 -83.465710587 35.049549460 -1126.243408
3793 -83.426257601 35.060630032 -677.771606
3794 -83.438080756 35.053265694 -721.648926
3795 -83.407418244 35.048187646 -659.156799
3796 -83.431817589 35.055797228 -693.265869
3797 -83.405772127 35.051473661 -655.092957
3798 -83.453726499 35.062408125 -906.958679
3799 -83.459892550 35.046365232 -1010.218201
3800 -83.423291943 35.060767827 -672.759949
3801 -83.437069682 35.026734951 -926.916077
3802 -83.453192096 35.043748713 -888.623596
3803 -83.464792152 35.047680043 -1157.309937
3804 -83.471366613 35.058074062 -1175.681152
3805 -83.450312144 35.060763457 -785.566162
3806 -83.408982903 35.040790772 -693.324524
3807 -83.422663610 35.058656665 -753.131165
3808 -83.454211709 35.025360868 -1268.101562
3809 -83.436854861 35.057863650 -812.497681
3810 -83.445556978 35.036252820 -1160.488525
3811 -83.425832914 35.033218633 -1088.591553
3812 -83.451702530 35.050004358 -940.046570
3813 -83.430083099 35.031936016 -985.637878
3814 -83.418136623 35.063966815 -667.121704
3815 -83.466381968 35.058301318 -1053.557861
3816 -83.427646503 35.053202716 -849.770264
3817 -83.449769682 35.023935020 -1190.082397
3818 -83.459178969 35.041297947 -1066.716675
3819 -83.413621479 35.065205433 -677.029541
3820 -83.419145570 35.043394313 -723.402100
3821 -83.436676409 35.059257810 -824.559021
3822 -83.412273432 35.040859980 -701.642151
3823 -83.448863202 35.024258592 -1185.748413
3824 -83.466506189 35.034357811 -1281.508667
3825 -83.445751143 35.060427096 -751.393372
3826 -83.455389770 35.062036071 -924.731628
3827 -83.465547874 35.034641338 -1266.487305
3828 -83.430315381 35.027154196 -1032.993774
3829 -83.430171811 35.050674194 -811.613953
3830 -83.446194297 35.044130514 -876.658752
3831 -83.443411939 35.060879108 -736.378967
3832 -83.464640905 35.057686323 -996.425049
3833 -83.429794620 35.053124823 -767.570679
3834 -83.426099715 35.038786289 -969.818359
3835 -83.437445931 35.048617253 -758.973328
3836 -83.457547356 35.069727907 -1077.719727
3837 -83.439679159 35.051715555 -828.596252
3838 -83.462120112 35.041065336 -1064.760254
3839 -83.404755472 35.048958997 -660.778259
3840 -83.432754010 35.063354510 -745.590210
3841 -83.451688367 35.059740465 -807.153625
3842 -83.459179323 35.044803116 -998.026978
3843 -83.459645872 35.058769484 -913.842407
3844 -83.440530231 35.045154362 -852.394409
3845 -83.451209907 35.060868111 -830.016113
3846 -83.467149245 35.057179710 -1050.180176
3847 -83.434974217 35.053802845 -704.025879
3848 -83.426270813 35.042583199 -805.838562
3849 -83.446242914 35.037519978 -1089.287231
3850 -83.427360839 35.044317128 -815.071045
3851 -83.423833559 35.061717611 -673.740173
3852 -83.406688885 35.060906614 -649.850525
3853 -83.448620751 35.047695977 -910.833313
3854 -83.453939024 35.058791048 -882.642700
3855 -83.444261688 35.046960754 -874.403564
3856 -83.432743112 35.034540347 -875.018066
3857 -83.407582219 35.037519765 -749.716797
3858 -83.406590015 35.059943071 -647.941956
3859 -83.450611220 35.049194359 -982.683960
3860 -83.418315871 35.065224540 -709.936340
3861 -83.458667868 35.031636639 -1353.599609
3862 -83.432701620 35.033208687 -918.053650
3863 -83.451645870 35.053970339 -957.745239
3864 -83.463948331 35.038675662 -1117.663818
3865 -83.458620827 35.047344706 -995.300903
3866 -83.459304426 35.060076335 -917.847351
3867 -83.451602707 35.037267296 -994.121887
3868 -83.455700772 35.063606458 -940.355408
3869 -83.418558630 35.064162146 -683.694763
3870 -83.452395392 35.028913686 -1179.777710
3871 -83.451783718 35.041869086 -913.831604
3872 -83.413064608 35.035737933 -842.530090
3873 -83.436301880 35.062479905 -719.439575
3874 -83.448634678 35.026332436 -1168.390625
3875 -83.443204654 35.071097168 -893.991089
3876 -83.461869358 35.037199832 -1171.557739
3877 -83.455841900 35.060787492 -871.526245
3878 -83.448424499 35.022300795 -1225.637573
3879 -83.406063656 35.059440655 -648.351929
3880 -83.423747555 35.060855537 -673.203918
3881 -83.429232925 35.041909307 -796.656555
3882 -83.457324323 35.048779416 -978.525696
3883 -83.460467952 35.032039597 -1339.923096
3884 -83.458081984 35.044351958 -1025.494751
3885 -83.414231432 35.062881206 -661.947632
3886 -83.432127039 35.041429091 -850.037354
3887 -83.407335215 35.055858454 -653.019531
3888 -83.451800402 35.056448911 -908.721008
3889 -83.453878665 35.046573336 -969.594177
3890 -83.410244305 35.063228428 -654.376831
3891 -83.460135823 35.043373370 -1023.283386
3892 -83.448010622 35.032730113 -1168.444946
3893 -83.468175326 35.042192435 -1270.725098
3894 -83.428103272 35.056925839 -738.521179
3895 -83.450743366 35.056808917 -898.765808
3896 -83.457101293 35.067214322 -1076.747559
3897 -83.468017804 35.033496123 -1341.197998
3898 -83.434598920 35.063057608 -713.226868
3899 -83.451261271 35.059426639 -850.522705
3900 -83.453659667 35.045888279 -999.659119
3901 -83.439316330 35.047577189 -776.863647
3902 -83.455639342 35.061439682 -899.298462
3903 -83.449025728 35.046219182 -909.411011
3904 -83.457599903 35.059744356 -881.385071
3905 -83.431038043 35.046842481 -875.256104
3906 -83.462028876 35.048050307 -1053.805908
3907 -83.453589804 35.053173080 -983.069641
3908 -83.431293359 35.060694357 -688.427246
3909 -83.415391710 35.044807031 -687.803589
3910 -83.426483497 35.059183477 -692.744751
3911 -83.416671175 35.039345949 -766.905884
3912 -83.470928063 35.059049046 -1198.564697
3913 -83.401468284 35.042591786 -833.393677
3914 -83.414126372 35.066046725 -685.155396
3915 -83.455162950 35.042608789 -927.982056
3916 -83.443315985 35.026855218 -1151.107666
3917 -83.426341477 35.040502698 -858.956421
3918 -83.458599440 35.058968671 -899.636780
3919 -83.414216393 35.044376644 -694.706665
3920 -83.435091041 35.045111977 -929.806519
3921 -83.429339682 35.025279670 -1137.197632
3922 -83.430824561 35.050087358 -824.333740
3923 -83.472705040 35.057255057 -1270.509277
3924 -83.433442405 35.039235357 -859.884033
3925 -83.440021698 35.032752519 -931.164917
3926 -83.443097147 35.058080229 -796.999390
3927 -83.449119407 35.047463466 -911.228638
3928 -83.453418932 35.065272757 -986.141296
3929 -83.457804236 35.055271227 -985.010864
3930 -83.457218548 35.041659101 -1014.729309
3931 -83.433490282 35.033278550 -887.288269
3932 -83.465474953 35.051375733 -1106.617798
3933 -83.428593150 35.036248547 -1004.330994
3934 -83.408996707 35.042398062 -683.297791
3935 -83.433283795 35.065222071 -772.503479
3936 -83.450775721 35.051491140 -915.962830
3937 -83.425969205 35.034465537 -1091.425415
3938 -83.443370946 35.062345529 -778.754211
3939 -83.420566605 35.035506753 -980.694885
3940 -83.447813741 35.054199403 -907.644409
3941 -83.456808749 35.041351794 -979.787109
3942 -83.431406963 35.048851494 -845.624817
3943 -83.433012837 35.043437358 -980.386047
3944 -83.442326623 35.051020265 -838.256653
3945 -83.445076053 35.048776482 -918.242371
3946 -83.407293968 35.052002333 -651.770203
3947 -83.465594811 35.037105177 -1167.026001
3948 -83.437233298 35.053390249 -717.605103
3949 -83.432463519 35.049201688 -871.724121
3950 -83.464331664 35.056671685 -1009.113525
3951 -83.409201395 35.052235066 -670.118042
3952 -83.442071368 35.069783631 -870.010681
3953 -83.457314502 35.039879855 -1035.422241
3954 -83.450980529 35.054600766 -939.919373
3955 -83.436130998 35.048525065 -794.298889
3956 -83.458528125 35.067930536 -1117.882202
3957 -83.451504933 35.050591049 -927.636963
3958 -83.449564646 35.027074026 -1145.082397
3959 -83.430630266 35.052682598 -761.903198
3960 -83.438579823 35.043884968 -921.772766
3961 -83.450467535 35.043910766 -865.116577
3962 -83.435294821 35.068159132 -877.753479
3963 -83.419976234 35.037357778 -869.066650
3964 -83.439192473 35.050939994 -832.593201
3965 -83.432000829 35.036893955 -869.259949
3966 -83.408155779 35.054262091 -657.331299
3967 -83.436801595 35.029867934 -934.781189
3968 -83.413246979 35.046400254 -667.406006
3969 -83.456019492 35.061969523 -932.674683
3970 -83.416254775 35.038898419 -774.130920
3971 -83.407489563 35.052463742 -652.587524
3972 -83.450114357 35.052297842 -904.169189
3973 -83.456099101 35.059279396 -886.291199
3974 -83.417466607 35.041702676 -723.101746
3975 -83.472598385 35.056005802 -1273.252197
3976 -83.432187080 35.031489714 -988.597900
3977 -83.446133031 35.030854207 -1067.428711
3978 -83.470981065 35.059975742 -1241.942749
3979 -83.429988925 35.046564947 -882.741333
3980 -83.454344521 35.055021580 -929.869995
3981 -83.415566326 35.035475455 -884.451782
3982 -83.446115045 35.063454954 -825.112244
3983 -83.459720547 35.059223952 -934.526855
3984 -83.410030542 35.041636170 -690.934509
3985 -83.428424108 35.059836877 -680.886597
3986 -83.445714237 35.044632788 -852.225891
3987 -83.458479066 35.037095896 -1129.628662
3988 -83.435960450 35.052418845 -711.584412
3989 -83.422792007 35.037174400 -981.998840
3990 -83.427556657 35.059587592 -679.447876
3991 -83.447166484 35.045781035 -861.080017
3992 -83.454114198 35.063586392 -932.456909
3993 -83.447618004 35.064359606 -825.531677
3994 -83.457136394 35.060542820 -879.401001
3995 -83.441832941 35.046350454 -794.098267
3996 -83.457144669 35.059589378 -873.977783
3997 -83.430466112 35.040373050 -852.472778
3998 -83.455001611 35.044253924 -970.221802
3999 -83.455118520 35.068986268 -1001.022461
4000 -83.403641873 35.048967372 -663.003052
4001 -83.434146160 35.061073993 -703.922302
4002 -83.458454045 35.041706739 -1046.752930
4003 -83.410581872 35.050205795 -669.659668
4004 -83.422737882 35.041819127 -780.016663
4005 -83.431424674 35.065738181 -797.395752
4006 -83.420994742 35.065205620 -698.726501
4007 -83.434926459 35.066378334 -835.185425
4008 -83.442293664 35.024746176 -1058.133545
4009 -83.432950562 35.037848656 -841.665039
4010 -83.454384496 35.046149870 -990.443787
4011 -83.454500346 35.040719437 -994.286743
4012 -83.414750226 35.041933330 -702.404541
4013 -83.414344990 35.043334642 -689.543274
4014 -83.448639230 35.058953383 -799.117920
4015 -83.446489337 35.062015446 -807.764709
4016 -83.447587650 35.058022050 -871.748108
4017 -83.452725811 35.068266967 -927.975098
4018 -83.459432568 35.038101184 -1083.985107
4019 -83.455649924 35.056436715 -951.938049
4020 -83.446921979 35.031071859 -1063.810059
4021 -83.410334868 35.058778547 -667.217651
4022 -83.460022998 35.035580304 -1157.585449
4023 -83.433191045 35.039641001 -856.148438
4024 -83.447568741 35.062639001 -844.303101
4025 -83.436362536 35.061952276 -752.672302
4026 -83.444644521 35.062780081 -805.320923
4027 -83.457985773 35.059830235 -887.164917
4028 -83.428851102 35.058749337 -687.455994
4029 -83.447014444 35.062867796 -823.997192
4030 -83.443874633 35.060943724 -738.996216
4031 -83.436987556 35.051912999 -723.654846
4032 -83.442094170 35.066593117 -784.054504
4033 -83.434926234 35.049484465 -770.097534
4034 -83.447804717 35.059910742 -766.440674
4035 -83.432736901 35.050665786 -822.319641
4036 -83.457085903 35.054304839 -999.467407
4037 -83.435468629 35.035126033 -915.739563
4038 -83.455591415 35.065650388 -1023.565979
4039 -83.422656673 35.047442584 -761.962280
4040 -83.447828692 35.028852972 -1152.107544
4041 -83.454526663 35.060275606 -841.788330
4042 -83.436009919 35.032181025 -900.599976
4043 -83.449007757 35.052984805 -903.192505
4044 -83.406348022 35.052608474 -650.815613
4045 -83.409919583 35.033315776 -775.444702
4046 -83.440452720 35.033427192 -960.211548
4047 -83.434272607 35.063651421 -724.291992
4048 -83.453568780 35.061816146 -908.082520
4049 -83.424653957 35.041622879 -877.081665
4050 -83.448586313 35.025275396 -1191.197021
4051 -83.417055184 35.044534676 -685.261169
4052 -83.412751439 35.047266484 -666.206543
4053 -83.447204328 35.046884378 -886.914612
4054 -83.451393763 35.048042693 -937.041931
4055 -83.450402407 35.046630601 -945.992554
4056 -83.461081433 35.057362404 -945.005981
4057 -83.416958334 35.035435416 -884.627136
4058 -83.413376436 35.047241693 -668.797058
4059 -83.440999380 35.051830301 -828.577332
4060 -83.463027817 35.040049658 -1085.434937
4061 -83.454045701 35.050429615 -920.859558
4062 -83.409087764 35.061935437 -652.724976
4063 -83.420245328 35.062884718 -668.271912
4064 -83.408638848 35.045223144 -668.389038
4065 -83.442549259 35.031975600 -960.630920
4066 -83.447906516 35.030096480 -1092.042358
4067 -83.471517441 35.057572644 -1196.964478
4068 -83.465742502 35.057423768 -1019.444885
4069 -83.415515921 35.036030471 -856.097534
4070 -83.416575074 35.064032908 -662.273987
4071 -83.466394861 35.047826892 -1169.821655
4072 -83.437615415 35.053012137 -724.389343
4073 -83.407193631 35.060988909 -649.482361
4074 -83.440893691 35.048208675 -842.604370
4075 -83.445707079 35.059220944 -815.837402
4076 -83.435042101 35.052936944 -710.464233
4077 -83.453456895 35.036542601 -1068.622437
4078 -83.417162019 35.063071321 -663.902710
4079 -83.446306381 35.025507329 -1222.769653
4080 -83.458250355 35.066506552 -1058.131226
4081 -83.402944732 35.047803022 -684.849915
4082 -83.423767852 35.040605786 -869.804077
4083 -83.436115290 35.055066633 -775.466858
4084 -83.466963082 35.058197089 -1069.920776
4085 -83.436279147 35.027901715 -909.490601
4086 -83.408904805 35.042849073 -678.848877
4087 -83.455400820 35.060546948 -853.836060
4088 -83.404724282 35.056248696 -644.862244
4089 -83.453843389 35.068588153 -964.543945
4090 -83.424620751 35.031102700 -1135.883545
4091 -83.453303198 35.052442841 -944.411438
4092 -83.449315493 35.055682302 -889.810486
4093 -83.450949663 35.040591802 -922.159119
4094 -83.444618174 35.040271242 -984.047607
4095 -83.445188116 35.058817307 -782.792419
4096 -83.468365854 35.055654478 -1148.391235
4097 -83.441567846 35.051841687 -806.660461
4098 -83.427842547 35.048725878 -905.079529
4099 -83.464490721 35.056053599 -1007.931091
4100 -83.459662871 35.032264409 -1337.234009
4101 -83.428429959 35.042633262 -808.131165
4102 -83.434307764 35.036774083 -879.813171
4103 -83.422815667 35.043648556 -729.984741
4104 -83.435292404 35.033517144 -870.916565
4105 -83.429359884 35.047586371 -879.983154
4106 -83.421675762 35.037679414 -985.836243
4107 -83.461282434 35.032102589 -1310.309814
4108 -83.444428767 35.043880272 -888.237244
4109 -83.465315383 35.042331711 -1135.961792
4110 -83.419409993 35.050281883 -809.358337
4111 -83.460867287 35.067011518 -1133.489380
4112 -83.440689322 35.040842213 -990.158203
4113 -83.425667434 35.042404341 -842.850037
4114 -83.409482257 35.039692524 -702.788452
4115 -83.415049689 35.040204612 -761.184265
4116 -83.460370424 35.047092531 -1021.584106
4117 -83.407988186 35.030771320 -884.010132
4118 -83.451312229 35.056666550 -906.931274
4119 -83.459404446 35.068440316 -1144.704102
4120 -83.440221335 35.053334400 -749.311218
4121 -83.457072986 35.027857492 -1313.940918
4122 -83.408646444 35.062251202 -652.051392
4123 -83.438304252 35.068201070 -909.995789
4124 -83.456710076 35.065108431 -1004.422241
4125 -83.470347149 35.058604057 -1180.168579
4126 -83.450168323 35.063498636 -881.747192
4127 -83.449104753 35.052322894 -921.277832
4128 -83.419795057 35.062146666 -669.181091
4129 -83.438094410 35.039288928 -1013.538818
4130 -83.435789203 35.062295065 -729.858459
4131 -83.446666680 35.059965462 -755.224915
4132 -83.424010123 35.045190139 -708.568665
4133 -83.432603971 35.036963326 -851.587158
4134 -83.442537631 35.044591711 -843.780762
4135 -83.431721709 35.049285302 -865.721680
4136 -83.454283614 35.037200608 -1071.696289
4137 -83.461165167 35.035581372 -1179.067139
4138 -83.436978244 35.049646380 -746.677246
4139 -83.418981397 35.045449634 -683.027832
4140 -83.410967634 35.047023282 -663.286377
4141 -83.427318269 35.041541162 -805.434692
4142 -83.458732417 35.065339947 -1036.652588
4143 -83.434321266 35.038780055 -884.953369
4144 -83.413134755 35.041166114 -698.903198
4145 -83.475554002 35.058331086 -1373.953491
4146 -83.440392185 35.063199614 -720.011414
4147 -83.429647155 35.051938244 -805.210144
4148 -83.467545840 35.052484445 -1110.786743
4149 -83.419934533 35.048806499 -759.130859
4150 -83.461418742 35.060871250 -969.645203
4151 -83.467267518 35.059370094 -1126.956055
4152 -83.426807048 35.060561953 -679.032654
4153 -83.451046188 35.044450825 -868.815735
4154 -83.452936523 35.059705803 -820.974182
4155 -83.444307578 35.028824099 -1121.484863
4156 -83.430410771 35.050300492 -820.893127
4157 -83.454188021 35.027804398 -1236.940063
4158 -83.448987427 35.070839056 -1002.160583
4159 -83.456920836 35.040883938 -1014.676086
4160 -83.441201113 35.033016887 -983.720337
4161 -83.439287093 35.032091865 -928.920410
4162 -83.461362018 35.051565766 -1121.670532
4163 -83.453430473 35.066775651 -937.428589
4164 -83.452098958 35.044384624 -885.366333
4165 -83.443276714 35.053297263 -881.926147
4166 -83.458861019 35.049058669 -994.977539
4167 -83.420648591 35.039189052 -904.034485
4168 -83.427335073 35.038498779 -953.752930
4169 -83.464891911 35.054032888 -1037.367432
4170 -83.420642235 35.066202068 -719.549377
4171 -83.452762533 35.040338947 -971.177429
4172 -83.464347331 35.060509357 -1104.190552
4173 -83.435970016 35.039470035 -994.518494
4174 -83.455724120 35.068451548 -1018.755859
4175 -83.411368640 35.049033881 -676.375732
4176 -83.458512185 35.040911015 -1037.142456
4177 -83.455165073 35.050541381 -930.085693
4178 -83.451804819 35.043901711 -873.319214
4179 -83.442759539 35.071261962 -907.804565
4180 -83.454322963 35.070170582 -1011.134399
4181 -83.439738386 35.062434374 -719.604675
4182 -83.437111143 35.032048612 -902.145203
4183 -83.461742380 35.044114255 -1048.107910
4184 -83.411911389 35.051597261 -683.233948
4185 -83.453556034 35.040661719 -985.087219
4186 -83.449806999 35.048987906 -990.135498
4187 -83.429823758 35.058056277 -704.454407
4188 -83.433424599 35.034412909 -864.528809
4189 -83.451169363 35.058795423 -880.058655
4190 -83.415012857 35.034963463 -896.619202
4191 -83.412978781 35.043449042 -726.218201
4192 -83.421084793 35.040700394 -891.603760
4193 -83.428775713 35.060253166 -682.503784
4194 -83.403247898 35.051426173 -700.592529
4195 -83.467648290 35.047738756 -1224.522095
4196 -83.455140140 35.051387898 -947.509888
4197 -83.408022485 35.035383923 -761.257385
4198 -83.426375981 35.059773126 -679.510071
4199 -83.446893552 35.023789744 -1230.083618
4200 -83.472385160 35.059504931 -1268.390137
4201 -83.465059359 35.059883110 -1111.040161
4202 -83.469361282 35.059530161 -1198.476685
4203 -83.433558934 35.037697541 -851.509705
4204 -83.465891287 35.045526879 -1203.962646
4205 -83.431742636 35.046717266 -915.348328
4206 -83.408297283 35.049245198 -656.547791
4207 -83.456290822 35.045079883 -1008.298523
4208 -83.457511166 35.068277078 -1078.363647
4209 -83.428795401 35.061381099 -711.704041
4210 -83.451787150 35.045685069 -942.040649
4211 -83.442218871 35.062996617 -763.709167
4212 -83.449922459 35.042358086 -906.522766
4213 -83.438182316 35.027761804 -971.944336
4214 -83.427273556 35.060961402 -681.648193
4215 -83.436726867 35.065310419 -777.259155
4216 -83.466069676 35.035659468 -1207.560425
4217 -83.460784801 35.042787017 -1029.312378
4218 -83.444640488 35.026754911 -1201.912598
4219 -83.465066536 35.037688519 -1148.255859
4220 -83.449607934 35.053190219 -897.505432
4221 -83.466983724 35.049858615 -1159.712769
4222 -83.455088258 35.043590821 -951.058899
4223 -83.453142349 35.046485652 -987.199463
4224 -83.403644391 35.053604150 -680.854858
4225 -83.440603923 35.061290404 -740.924866
4226 -83.434885632 35.056338644 -837.930359
4227 -83.452771250 35.052120894 -922.376709
4228 -83.458364832 35.059526154 -891.200256
4229 -83.437024245 35.055409667 -774.058228
4230 -83.435122596 35.033033384 -870.593689
4231 -83.466050251 35.049110708 -1137.559814
4232 -83.411104714 35.045853436 -693.265930
4233 -83.457954958 35.049485093 -997.149841
4234 -83.441387755 35.047599531 -842.859558
4235 -83.446666944 35.031507458 -1062.409912
4236 -83.448220346 35.065495751 -831.521851
4237 -83.446671125 35.043584586 -886.339111
4238 -83.403392539 35.040866967 -744.605225
4239 -83.464391318 35.036342997 -1199.802368
4240 -83.431355144 35.050367614 -857.469482
4241 -83.408735208 35.047173006 -663.412170
4242 -83.422779239 35.062207732 -671.521057
4243 -83.457141509 35.035278838 -1144.700562
4244 -83.447439598 35.030423934 -1084.569580
4245 -83.430363914 35.051128526 -820.139404
4246 -83.454649724 35.064529777 -958.657837
4247 -83.441457913 35.060330657 -776.551147
4248 -83.437493172 35.052352877 -742.053894
4249 -83.442342082 35.065716290 -764.417236
4250 -83.444202240 35.051131744 -830.588684
4251 -83.447738936 35.056990186 -844.861389
4252 -83.405183165 35.047274094 -693.287781
4253 -83.452736541 35.055937669 -899.215454
4254 -83.442876799 35.060116450 -738.825256
4255 -83.453947205 35.070996670 -1044.175293
4256 -83.435503902 35.037321187 -943.935242
4257 -83.445629895 35.057379967 -818.772461
4258 -83.470062546 35.043215589 -1438.183960
4259 -83.440742195 35.024253952 -1057.684448
4260 -83.423880161 35.041256872 -851.678345
4261 -83.432501446 35.062488923 -724.093445
4262 -83.441787897 35.056737689 -878.884766
4263 -83.454850898 35.039262741 -1057.627075
4264 -83.430565621 35.054655911 -752.961365
4265 -83.419814422 35.043770126 -706.685913
4266 -83.472701146 35.051232278 -1411.713135
4267 -83.459184760 35.067525806 -1109.634644
4268 -83.431049555 35.056969162 -689.421631
4269 -83.452900773 35.048495214 -967.813782
4270 -83.448646366 35.024757880 -1188.918945
4271 -83.443725986 35.033754319 -1104.722900
4272 -83.421478341 35.044420036 -704.481628
4273 -83.415277385 35.063967871 -661.052734
4274 -83.467697041 35.056104179 -1135.264282
4275 -83.443062484 35.047883941 -899.939026
4276 -83.417173443 35.056872543 -786.868958
4277 -83.454133976 35.061973419 -879.874817
4278 -83.420240310 35.045126764 -687.664612
4279 -83.451877414 35.067162425 -916.087158
4280 -83.455734258 35.041391369 -974.046875
4281 -83.465549485 35.032864390 -1342.186646
4282 -83.437381010 35.027925828 -965.187256
4283 -83.431523380 35.051393120 -807.316650
4284 -83.404320363 35.039282134 -741.786926
4285 -83.459618262 35.057923549 -935.492249
4286 -83.438565723 35.053077891 -734.191772
4287 -83.408647992 35.035503920 -747.447510
4288 -83.460935982 35.041768439 -1071.253418
4289 -83.459742878 35.055982240 -1015.209473
4290 -83.409922411 35.035847494 -750.299255
4291 -83.421701109 35.047669065 -749.525513
4292 -83.463607430 35.040883251 -1091.851318
4293 -83.405126181 35.046211854 -701.100159
4294 -83.458934844 35.055526367 -1018.898438
4295 -83.468699174 35.049337422 -1229.625122
4296 -83.415046797 35.043853966 -685.419861
4297 -83.449626781 35.036902648 -1084.025635
4298 -83.461715080 35.034430096 -1218.748657
4299 -83.435441120 35.028027936 -924.662231
4300 -83.413464818 35.042952886 -721.968872
4301 -83.414093083 35.046538916 -669.881958
4302 -83.449712388 35.040456463 -955.265381
4303 -83.443077807 35.069474535 -868.521423
4304 -83.438566360 35.050560844 -784.854248
4305 -83.464915043 35.051391861 -1072.625366
4306 -83.412880368 35.060530495 -715.026611
4307 -83.451057753 35.042690895 -881.378906
4308 -83.436144717 35.051930727 -713.317383
4309 -83.450014546 35.031391906 -1139.963135
4310 -83.433709956 35.060644611 -711.411682
4311 -83.430221050 35.060451978 -685.577209
4312 -83.406041095 35.046732266 -685.337463
4313 -83.445622967 35.061405762 -779.083069
4314 -83.434661868 35.022609208 -1106.094727
4315 -83.421190019 35.061971582 -669.434021
4316 -83.446557916 35.062574642 -816.159912
4317 -83.412096878 35.048743726 -678.207153
4318 -83.455810323 35.041860041 -959.201111
4319 -83.452737790 35.068944982 -943.696655
4320 -83.435883384 35.034525135 -928.454834
4321 -83.407587260 35.053779323 -654.973694
4322 -83.435096232 35.043425579 -1006.328857
4323 -83.442124936 35.049981649 -884.702698
4324 -83.411023905 35.061051504 -677.716736
4325 -83.421192669 35.054770592 -931.756714
4326 -83.434080145 35.029245523 -932.702393
4327 -83.428997706 35.059731731 -680.855835
4328 -83.453881425 35.062995884 -914.099182
4329 -83.468953999 35.058796853 -1149.561646
4330 -83.442820852 35.050749930 -847.243958
4331 -83.432836786 35.054914494 -696.405701
4332 -83.444516995 35.033471307 -1107.131592
4333 -83.436894446 35.050209719 -730.107239
4334 -83.422670412 35.042384150 -757.168274
4335 -83.458708866 35.038599686 -1054.487427
4336 -83.411397552 35.063260292 -656.031128
4337 -83.457926899 35.047433721 -1000.223206
4338 -83.437403676 35.024403386 -989.104553
4339 -83.472309028 35.056746894 -1275.453857
4340 -83.427808403 35.057731043 -720.768494
4341 -83.450672677 35.037683794 -1003.151428
4342 -83.460145300 35.062240833 -992.330383
4343 -83.454728693 35.057890603 -917.591736
4344 -83.437445902 35.063147526 -707.498169
4345 -83.461761985 35.042135088 -1052.132568
4346 -83.431173429 35.060048058 -688.326477
4347 -83.455686661 35.043909705 -984.824402
4348 -83.416133956 35.045261343 -675.129028
4349 -83.416467351 35.062265630 -673.057068
4350 -83.431517498 35.040622620 -822.985657
4351 -83.460298659 35.039214366 -1087.817017
4352 -83.444387728 35.050637191 -848.357117
4353 -83.417229611 35.061845426 -695.633423
4354 -83.411128450 35.036259634 -751.288086
4355 -83.454130066 35.058258537 -895.788757
4356 -83.420683543 35.062144656 -668.714783
4357 -83.419583056 35.066359708 -716.002563
4358 -83.453871748 35.049648968 -936.810608
4359 -83.442735129 35.067226489 -788.575012
4360 -83.435480315 35.051420808 -730.596130
4361 -83.462909995 35.056523171 -972.498962
4362 -83.446277553 35.061455062 -795.990234
4363 -83.456623717 35.048041964 -998.028137
4364 -83.459575997 35.053720390 -1102.753296
4365 -83.458553173 35.050292064 -1024.785400
4366 -83.404775329 35.052620115 -667.420227
4367 -83.431407514 35.040099778 -850.326843
4368 -83.405227857 35.057803515 -645.618286
4369 -83.412768102 35.046332621 -667.038269
4370 -83.436481442 35.027178606 -918.759766
4371 -83.430064520 35.055748748 -722.151978
4372 -83.447183895 35.054185243 -921.746521
4373 -83.438651641 35.059826814 -847.125366
4374 -83.459344599 35.064065684 -1034.382812
4375 -83.443062306 35.059756952 -740.688782
4376 -83.427014116 35.065211825 -736.908508
4377 -83.449158763 35.028065710 -1140.359009
4378 -83.451579682 35.039863403 -931.369934
4379 -83.468546400 35.057152043 -1083.821289
4380 -83.460538061 35.043193120 -1023.301331
4381 -83.449651048 35.035303594 -1141.127075
4382 -83.435079595 35.032266691 -872.232666
4383 -83.450889797 35.027654255 -1155.749756
4384 -83.440259570 35.048038689 -783.636475
4385 -83.423930167 35.043220937 -780.339966
4386 -83.450338793 35.025215150 -1192.064819
4387 -83.439769816 35.052994112 -757.043335
4388 -83.441648419 35.060912378 -751.329468
4389 -83.410289518 35.042181644 -686.470276
4390 -83.448813056 35.061227949 -798.491150
4391 -83.425818186 35.061136638 -677.283875
4392 -83.426737267 35.048482784 -941.423218
4393 -83.462466474 35.050002370 -1096.924194
4394 -83.435975811 35.065794870 -803.093567
4395 -83.440202281 35.058216541 -867.344421
4396 -83.466895851 35.051610172 -1156.706665
4397 -83.429666020 35.036878688 -950.270264
4398 -83.414344343 35.048408902 -684.084412
4399 -83.410079422 35.049701158 -665.221436
4400 -83.456460151 35.056116863 -962.400879
4401 -83.465204028 35.057518083 -1005.900513
4402 -83.444818115 35.062109265 -777.270264
4403 -83.454916097 35.042260499 -950.247192
4404 -83.448708009 35.060640424 -774.578613
4405 -83.416518933 35.040687987 -730.690186
4406 -83.442926163 35.068586915 -837.118774
4407 -83.414716068 35.046774415 -672.147339
4408 -83.418268181 35.057922224 -849.409241
4409 -83.410079460 35.042772569 -684.410095
4410 -83.437776219 35.050022686 -734.538879
4411 -83.414883071 35.043321764 -687.999817
4412 -83.408228332 35.047902447 -659.501587
4413 -83.438600887 35.061505292 -774.628601
4414 -83.439570336 35.023749716 -1070.264648
4415 -83.437156703 35.028568951 -964.594482
4416 -83.411348661 35.049899413 -667.150330
4417 -83.436204686 35.030389316 -916.973999
4418 -83.450085049 35.066701074 -887.670654
4419 -83.421656232 35.062333697 -669.610840
4420 -83.425206986 35.060192737 -682.077393
4421 -83.418612012 35.044430039 -686.091187
4422 -83.443821527 35.062940358 -809.064636
4423 -83.455510181 35.048204081 -978.232239
4424 -83.447069482 35.030680535 -1073.744751
4425 -83.460357745 35.034660678 -1193.941650
4426 -83.472837196 35.060229463 -1310.467529
4427 -83.452186109 35.033593119 -1149.047485
4428 -83.434622808 35.050457198 -755.174683
4429 -83.447692694 35.056111428 -865.252075
4430 -83.440484763 35.037526509 -1095.235596
4431 -83.465178973 35.049420341 -1125.832642
4432 -83.455513361 35.066475963 -1028.687256
4433 -83.430562438 35.052152996 -792.340210
4434 -83.433736460 35.067252426 -840.656555
4435 -83.462360916 35.041554966 -1066.869629
4436 -83.409622682 35.038690250 -716.548584
4437 -83.427490817 35.056122725 -779.356567
4438 -83.430489649 35.051628844 -799.812988
4439 -83.462558422 35.040783065 -1070.156982
4440 -83.409093825 35.037347817 -721.842529
4441 -83.438870672 35.048378808 -746.204590
4442 -83.414088091 35.035350587 -892.631714
4443 -83.445575690 35.066499483 -854.694458
4444 -83.420806325 35.063053799 -674.932800
4445 -83.412996636 35.063482505 -657.784973
4446 -83.438011880 35.054366148 -745.721252
4447 -83.448972911 35.040980689 -922.209412
4448 -83.437943902 35.063356834 -709.301697
4449 -83.415450026 35.046490957 -673.866028
4450 -83.407131106 35.060546973 -648.799316
4451 -83.462119609 35.057913854 -953.525696
4452 -83.445668766 35.056018284 -896.732056
4453 -83.446506159 35.046555231 -878.887573
4454 -83.451416041 35.040958314 -912.368652
4455 -83.451803395 35.036912315 -1006.789368
4456 -83.431651525 35.052693401 -758.092041
4457 -83.430360177 35.047979968 -847.492249
4458 -83.414474366 35.046288175 -670.895569
4459 -83.446860060 35.044958669 -835.314758
4460 -83.442330178 35.057590642 -838.273621
4461 -83.414632214 35.062623573 -682.087769
4462 -83.432523903 35.066355317 -807.842163
4463 -83.439387892 35.041612863 -955.390137
4464 -83.445363056 35.072808726 -1013.015930
4465 -83.407803622 35.031969133 -854.357727
4466 -83.425169260 35.038955357 -964.452698
4467 -83.439120660 35.052975880 -753.601562
4468 -83.419911030 35.061039034 -705.111328
4469 -83.422190577 35.049651039 -852.619568
4470 -83.409007968 35.045650138 -667.280701
4471 -83.448196859 35.055692454 -876.647522
4472 -83.434415722 35.039535242 -927.726074
4473 -83.466133241 35.033264071 -1332.197754
4474 -83.409250494 35.033135313 -797.222290
4475 -83.447865215 35.031338697 -1108.016357
4476 -83.460458907 35.042182367 -1058.870972
4477 -83.422686283 35.038751439 -949.500000
4478 -83.459600195 35.034171200 -1206.853882
4479 -83.449062709 35.034442651 -1207.256470
4480 -83.464817174 35.050877225 -1087.239746
4481 -83.461435281 35.059092432 -976.937805
4482 -83.407928358 35.034671543 -772.820190
4483 -83.429853452 35.049049847 -863.903137
4484 -83.433149069 35.029947103 -946.298218
4485 -83.453459697 35.042255563 -912.987244
4486 -83.476314545 35.056203718 -1466.003174
4487 -83.416348804 35.042365167 -725.273254
4488 -83.451247386 35.060398765 -805.015686
4489 -83.419527839 35.064614631 -695.630554
4490 -83.409209761 35.053966465 -671.287903
4491 -83.407045125 35.053458969 -650.512451
4492 -83.463280393 35.040403850 -1092.006714
4493 -83.446106604 35.062857412 -810.095703
4494 -83.422164039 35.042596625 -756.185486
4495 -83.425765822 35.044682904 -734.866028
4496 -83.434631764 35.061550112 -700.992554
4497 -83.436329684 35.063375754 -719.274658
4498 -83.442639916 35.043117234 -914.572571
4499 -83.455679111 35.060297320 -857.049377
4500 -83.458490369 35.065888084 -1039.729980
4501 -83.405971278 35.060746413 -653.461487
4502 -83.407201161 35.035247792 -794.524536
4503 -83.450886796 35.043014379 -876.824890
4504 -83.426117743 35.060212105 -676.200195
4505 -83.443772832 35.031570819 -987.848633
4506 -83.472590757 35.052856956 -1303.646851
4507 -83.434652667 35.060139244 -737.325745
4508 -83.445064816 35.025389252 -1213.047974
4509 -83.421638379 35.032874712 -1115.332153
4510 -83.433474941 35.055517613 -719.015747
4511 -83.449185641 35.031262876 -1155.053101
4512 -83.437420034 35.053984616 -730.497375
4513 -83.462108402 35.042563595 -1049.936890
4514 -83.433950122 35.060043337 -743.572510
4515 -83.450975865 35.065960571 -955.804382
4516 -83.437216447 35.027260747 -931.345886
4517 -83.455573148 35.042725625 -936.198792
4518 -83.454745961 35.061064918 -870.526611
4519 -83.406949514 35.059212329 -648.521362
4520 -83.443908931 35.052131009 -877.103699
4521 -83.459298049 35.043317833 -1029.641602
4522 -83.433622323 35.068668398 -917.283630
4523 -83.444704866 35.059056798 -761.262451
4524 -83.463076183 35.055567636 -986.794434
4525 -83.422176405 35.062019085 -670.751099
4526 -83.414117983 35.045185054 -673.124634
4527 -83.458446696 35.049619365 -1007.182007
4528 -83.408427245 35.049714211 -655.787537
4529 -83.448323366 35.053208387 -914.003906
4530 -83.457704691 35.039461734 -1033.713745
4531 -83.448671697 35.054807067 -880.934631
4532 -83.435104444 35.028481514 -923.978088
4533 -83.450917079 35.043948770 -865.066040
4534 -83.457579561 35.058672326 -926.978943
4535 -83.407207303 35.049854738 -654.788086
4536 -83.420878118 35.044251314 -699.872131
4537 -83.443545192 35.059862468 -742.599243
4538 -83.416337734 35.064443059 -663.941040
4539 -83.454449918 35.064005197 -950.756409
4540 -83.431664202 35.054085069 -712.316040
4541 -83.453425767 35.070272168 -1004.681030
4542 -83.416951397 35.041134588 -731.260193
4543 -83.433756691 35.066092598 -784.324341
4544 -83.462099421 35.052303261 -1130.697876
4545 -83.429023647 35.043536161 -863.262573
4546 -83.417483330 35.039291435 -774.488953
4547 -83.428423244 35.031781547 -1003.128235
4548 -83.452698021 35.067654337 -946.551453
4549 -83.446705818 35.071552082 -1027.955200
4550 -83.458553333 35.050985252 -1010.266479
4551 -83.439207300 35.063736433 -717.483826
4552 -83.406305469 35.049216503 -657.294617
4553 -83.408266268 35.060549530 -651.015137
4554 -83.443828652 35.050823814 -835.046143
4555 -83.463963726 35.041494502 -1096.748169
4556 -83.449813154 35.057284861 -901.442749
4557 -83.417381066 35.066658748 -748.467773
4558 -83.450056588 35.026818069 -1149.073853
4559 -83.453504251 35.045097114 -968.153748
4560 -83.451792347 35.024906634 -1233.475464
4561 -83.438704662 35.063622423 -712.200256
4562 -83.423209586 35.037544851 -988.367859
4563 -83.437259832 35.034721331 -991.137939
4564 -83.435477532 35.030413352 -886.079712
4565 -83.466627438 35.047265392 -1189.707031
4566 -83.446296448 35.057302591 -844.914551
4567 -83.449839402 35.046985762 -925.118591
4568 -83.462397446 35.060451302 -1021.442688
4569 -83.456508178 35.054699532 -963.381226
4570 -83.436784729 35.025583405 -974.509094
4571 -83.444232708 35.058136681 -794.575989
4572 -83.419462773 35.039246438 -823.139893
4573 -83.416050569 35.036875348 -826.837585
4574 -83.441317462 35.046414871 -788.277832
4575 -83.434233148 35.026579678 -1007.973511
4576 -83.446444968 35.056200693 -885.082703
4577 -83.460942872 35.065442014 -1103.152344
4578 -83.464336013 35.053183664 -1039.699341
4579 -83.457944103 35.067256172 -1079.299194
4580 -83.420263898 35.046809718 -709.678589
4581 -83.421429656 35.066910762 -739.408142
4582 -83.435457143 35.031980244 -886.954407
4583 -83.417432616 35.049027378 -753.228271
4584 -83.443928893 35.067623564 -817.269531
4585 -83.437541966 35.024962185 -969.384827
4586 -83.473015669 35.056675449 -1301.194946
4587 -83.460854961 35.032592828 -1289.090698
4588 -83.458976046 35.032809580 -1306.791992
4589 -83.436243775 35.053977526 -728.147705
4590 -83.409885472 35.052943486 -678.475586
4591 -83.429514800 35.044186372 -926.279358
4592 -83.448242599 35.045342848 -860.047302
4593 -83.410603713 35.048147759 -661.141846
4594 -83.434205288 35.034867661 -866.595886
4595 -83.424706642 35.038380477 -979.864990
4596 -83.443642755 35.060417313 -760.853638
4597 -83.454254564 35.048691700 -968.304749
4598 -83.455137567 35.043034739 -921.822388
4599 -83.415344630 35.064492226 -664.599304
4600 -83.451918448 35.040771777 -924.218323
4601 -83.435454150 35.064229001 -756.068726
4602 -83.445870764 35.049562444 -887.415283
4603 -83.416124367 35.046814241 -679.084900
4604 -83.446632703 35.057744963 -822.849182
4605 -83.441923964 35.062381388 -764.581909
4606 -83.453068245 35.043278487 -889.092712
4607 -83.454957954 35.047933379 -985.467712
4608 -83.445808834 35.024355664 -1258.706177
4609 -83.409958970 35.064412132 -671.979370
4610 -83.422001983 35.044379204 -712.818481
4611 -83.463086487 35.039711713 -1091.732910
4612 -83.437926421 35.030963119 -949.146790
4613 -83.435413210 35.023830141 -1053.779907
4614 -83.445076983 35.071277882 -930.345886
4615 -83.473785202 35.056865665 -1330.019409
4616 -83.414677066 35.063226814 -660.236328
4617 -83.468076748 35.057467104 -1074.074707
4618 -83.427527534 35.042328816 -787.072266
4619 -83.409275866 35.048851288 -658.020203
4620 -83.440625656 35.032642818 -952.406250
4621 -83.445169698 35.043564282 -900.080994
4622 -83.462640824 35.056969458 -963.590210
4623 -83.423255478 35.043169693 -759.825989
4624 -83.451966434 35.053130984 -954.782593
4625 -83.461248598 35.058446981 -951.350647
4626 -83.467851761 35.050156188 -1206.481567
4627 -83.409664508 35.048607096 -659.261292
4628 -83.435835178 35.057126285 -802.566223
4629 -83.436531331 35.037469794 -1010.689697
4630 -83.464698661 35.046726556 -1174.999023
4631 -83.434858297 35.027876466 -958.849915
4632 -83.452236116 35.047694135 -925.354126
4633 -83.451297805 35.069381701 -994.466248
4634 -83.437473934 35.023743380 -1013.057800
4635 -83.454269814 35.062540476 -881.179138
4636 -83.435741497 35.033567034 -887.226440
4637 -83.457405024 35.056554008 -999.089355
4638 -83.452782925 35.041003075 -954.620239
4639 -83.416472029 35.036588631 -842.042114
4640 -83.450895506 35.067065384 -906.752075
4641 -83.446797456 35.053236089 -929.470642
4642 -83.423725892 35.058871411 -725.624451
4643 -83.429732660 35.030358080 -1043.296509
4644 -83.443127326 35.051634160 -811.873230
4645 -83.436562482 35.049167725 -767.630859
4646 -83.417751607 35.036620988 -843.253235
4647 -83.450283939 35.022805788 -1235.269897
4648 -83.447239519 35.057038532 -832.662048
4649 -83.454927026 35.060529890 -852.158447
4650 -83.418354263 35.038775760 -797.568115
4651 -83.452774274 35.044769953 -916.702820
4652 -83.440190536 35.036111379 -1103.605713
4653 -83.431474250 35.037483868 -896.496704
4654 -83.450045915 35.055801667 -882.220825
4655 -83.455399874 35.056034290 -945.457092
4656 -83.439345089 35.065380451 -769.683655
4657 -83.464485359 35.040183192 -1113.839966
4658 -83.432957261 35.028806185 -985.325623
4659 -83.448639106 35.054344781 -891.023193
4660 -83.445636393 35.058006818 -800.270508
4661 -83.406784372 35.048844636 -657.349487
4662 -83.467440666 35.053704604 -1120.182861
4663 -83.442080817 35.072168666 -969.261841
4664 -83.440135007 35.025261773 -1010.416260
4665 -83.446285676 35.035094085 -1199.607788
4666 -83.410779572 35.057409027 -670.656555
4667 -83.453798259 35.043866236 -926.973755
4668 -83.410949942 35.030738622 -811.013062
4669 -83.443829069 35.027836971 -1175.338745
4670 -83.425386180 35.045053848 -734.756226
4671 -83.433837228 35.035794470 -859.973999
4672 -83.446013596 35.069598809 -935.926331
4673 -83.456292866 35.053825854 -986.752258
4674 -83.447004491 35.058180633 -846.226746
4675 -83.439277126 35.038430567 -1051.891357
4676 -83.415285637 35.062735458 -664.576782
4677 -83.461203282 35.054366988 -1102.189331
4678 -83.457488066 35.064579965 -1009.468201
4679 -83.433925153 35.046129793 -941.880493
4680 -83.443419918 35.049737390 -893.199036
4681 -83.450669790 35.038373476 -980.740784
4682 -83.462247993 35.034050586 -1233.825439
4683 -83.436263473 35.024275013 -1016.292480
4684 -83.406988760 35.062050301 -655.148987
4685 -83.447721546 35.034796786 -1241.747925
4686 -83.418620246 35.034940850 -937.041077
4687 -83.446792410 35.057307023 -836.144897
4688 -83.410978458 35.042610528 -685.620605
4689 -83.466043005 35.057857212 -1022.705139
4690 -83.446894876 35.044311165 -863.391846
4691 -83.458362396 35.038131362 -1082.356079
4692 -83.410505906 35.043455297 -687.098633
4693 -83.427108222 35.042408919 -776.422546
4694 -83.468308572 35.034284554 -1314.937500
4695 -83.426171667 35.058544408 -719.611328
4696 -83.417484050 35.043293744 -698.962463
4697 -83.447928146 35.030690981 -1085.558228
4698 -83.438421682 35.063270424 -710.304199
4699 -83.436065664 35.054468729 -755.813416
4700 -83.416200723 35.047648463 -693.352905
4701 -83.410849252 35.065485981 -683.584778
4702 -83.445149726 35.033897990 -1149.322876
4703 -83.460428230 35.037857715 -1125.221680
4704 -83.443707805 35.045564602 -812.991577
4705 -83.424059941 35.061182636 -673.583557
4706 -83.438049614 35.053777031 -728.615540
4707 -83.440697846 35.055341770 -846.120544
4708 -83.442499319 35.048578583 -904.643799
4709 -83.459750366 35.045056716 -1000.912354
4710 -83.451691622 35.047576727 -925.437439
4711 -83.439887204 35.060989408 -774.779785
4712 -83.458669932 35.044575442 -1013.937317
4713 -83.438390013 35.034049358 -937.523376
4714 -83.419648509 35.035286192 -960.671021
4715 -83.423431779 35.036288867 -1033.715942
4716 -83.410467970 35.038604725 -737.550049
4717 -83.463774812 35.054385254 -1008.992310
4718 -83.443397909 35.046049881 -824.165405
4719 -83.440612708 35.031168664 -954.472534
4720 -83.407294332 35.049031713 -656.620117
4721 -83.427883097 35.041548988 -806.520142
4722 -83.452891073 35.042269539 -906.226807
4723 -83.452075579 35.038972541 -956.007324
4724 -83.409236570 35.063248998 -655.532227
4725 -83.464019035 35.049554037 -1123.796997
4726 -83.406846681 35.044215147 -699.391846
4727 -83.461150112 35.034041937 -1233.299805
4728 -83.426717061 35.042230084 -795.410950
4729 -83.413584293 35.044150839 -710.232300
4730 -83.438708619 35.052496482 -770.296936
4731 -83.442750968 35.031450543 -982.434143
4732 -83.410364477 35.041066108 -697.402710
4733 -83.412202757 35.043705861 -710.740173
4734 -83.427953891 35.061398125 -688.737854
4735 -83.412149005 35.045100189 -710.492554
4736 -83.444777948 35.066152214 -815.006165
4737 -83.455218704 35.041696264 -960.853027
4738 -83.463875767 35.053507644 -1036.509399
4739 -83.434970108 35.063617232 -727.574158
4740 -83.423323585 35.035614827 -1049.380737
4741 -83.458758219 35.046760022 -992.370667
4742 -83.405185823 35.058288756 -649.778442
4743 -83.465566230 35.057844336 -1017.917847
4744 -83.409356953 35.035959929 -741.599976
4745 -83.419247572 35.040585900 -796.170654
4746 -83.455864650 35.070577706 -1064.796875
4747 -83.415257862 35.052487799 -712.666565
4748 -83.456235554 35.041980375 -950.742065
4749 -83.453638886 35.026729022 -1208.130493
4750 -83.443488354 35.048804191 -941.578857
4751 -83.419464832 35.060234314 -743.580017
4752 -83.458137548 35.053499931 -1075.610840
4753 -83.415842635 35.038055964 -799.407532
4754 -83.448181316 35.055097831 -878.643311
4755 -83.450532990 35.045392107 -899.329529
4756 -83.430761155 35.057472439 -688.184631
4757 -83.424996308 35.046165492 -766.901611
4758 -83.456870472 35.066393880 -1060.559814
4759 -83.451879931 35.048013150 -928.357361
4760 -83.423691785 35.059787266 -715.755005
4761 -83.427885221 35.046819932 -939.704956
4762 -83.444829096 35.031452639 -1009.320679
4763 -83.430383646 35.047526180 -854.434143
4764 -83.432534443 35.035225324 -879.216919
4765 -83.449546140 35.056747689 -868.896851
4766 -83.426583967 35.061132319 -680.026611
4767 -83.427691175 35.052365505 -854.669495
4768 -83.457660069 35.054065561 -1028.628906
4769 -83.402233098 35.052287253 -731.234314
4770 -83.445288431 35.029032941 -1089.420898
4771 -83.454941219 35.048603183 -961.607361
4772 -83.419914037 35.042834830 -756.599487
4773 -83.415197169 35.037144307 -854.061340
4774 -83.441675571 35.064791818 -739.585022
4775 -83.435065865 35.052476574 -717.194153
4776 -83.461894550 35.058559381 -970.900146
4777 -83.446422356 35.045282214 -828.500610
4778 -83.436376508 35.049839415 -749.973816
4779 -83.419618591 35.034037089 -1061.583252
4780 -83.414788303 35.066789187 -706.827942
4781 -83.418122809 35.048144957 -711.273987
4782 -83.468253313 35.058704299 -1120.151489
4783 -83.452442484 35.041642376 -920.421936
4784 -83.428652407 35.037739071 -996.527527
4785 -83.460094917 35.058846736 -928.679199
4786 -83.453929801 35.048279485 -980.801514
4787 -83.453126283 35.034558097 -1131.834839
4788 -83.454843549 35.055999374 -939.429321
4789 -83.441554634 35.029691053 -1066.638550
4790 -83.438636279 35.054030810 -742.428345
4791 -83.417053551 35.040505916 -741.547363
4792 -83.433976986 35.049668686 -801.947327
4793 -83.449467966 35.024778135 -1168.752075
4794 -83.463973045 35.035712858 -1249.832764
4795 -83.422477375 35.060111708 -708.741150
4796 -83.447939174 35.059193597 -795.368774
4797 -83.460911356 35.052452574 -1119.597778
4798 -83.409259048 35.039224049 -708.331238
4799 -83.405274694 35.054943309 -647.992737
4800 -83.413740451 35.062843526 -662.627808
4801 -83.430459664 35.043640340 -935.671143
4802 -83.443359192 35.065268852 -770.139954
4803 -83.450340788 35.068103142 -930.601440
4804 -83.438058534 35.064938643 -790.182922
4805 -83.441257144 35.069980515 -911.474731
4806 -83.451081220 35.048584094 -962.427002
4807 -83.466200542 35.058806649 -1076.919312
4808 -83.467085528 35.034560843 -1264.092773
4809 -83.450239338 35.044846155 -867.297485
4810 -83.424350485 35.057933154 -750.879089
4811 -83.406077729 35.054142193 -648.212646
4812 -83.464797065 35.051904615 -1066.066284
4813 -83.461445393 35.032965882 -1264.861206
4814 -83.451297857 35.055811567 -893.347778
4815 -83.469395012 35.035871254 -1347.235474
4816 -83.421001319 35.057523943 -806.851929
4817 -83.409086464 35.036858999 -723.118347
4818 -83.465343706 35.049964151 -1109.964355
4819 -83.448297407 35.046064033 -879.677246
4820 -83.435710720 35.054141614 -732.428650
4821 -83.450188862 35.047821858 -938.861877
4822 -83.450146753 35.043595805 -868.047729
4823 -83.408825002 35.046155003 -665.729614
4824 -83.458773361 35.054784213 -1034.436035
4825 -83.406457524 35.055838975 -653.073486
4826 -83.447370465 35.025663643 -1214.456665
4827 -83.464910126 35.038581811 -1129.825562
4828 -83.458174848 35.038677698 -1059.335693
4829 -83.435430357 35.029577561 -889.743408
4830 -83.424407767 35.042539004 -835.972595
4831 -83.467513615 35.058611192 -1106.968018
4832 -83.428274795 35.060295416 -681.170654
4833 -83.465567675 35.049112156 -1127.293945
4834 -83.459326701 35.065395905 -1064.987549
4835 -83.448306557 35.049027324 -964.432739
4836 -83.463303434 35.057614717 -973.435852
4837 -83.437765952 35.034238589 -947.405640
4838 -83.464609640 35.049159996 -1156.150635
4839 -83.433274526 35.026670833 -1027.019897
4840 -83.410055907 35.030158501 -833.874573
4841 -83.466851242 35.036425334 -1209.834961
4842 -83.434807178 35.038038497 -909.199402
4843 -83.420817408 35.045263749 -691.250732
4844 -83.431645743 35.056854377 -694.278992
4845 -83.430655114 35.055324517 -730.665283
4846 -83.417188732 35.033907478 -972.002563
4847 -83.435683999 35.028512291 -898.877258
4848 -83.443360591 35.050449653 -852.190186
4849 -83.443939630 35.068655831 -859.308716
4850 -83.410521876 35.064204897 -660.406189
4851 -83.465186277 35.039905165 -1129.740234
4852 -83.446986686 35.054976814 -913.617371
4853 -83.462235065 35.051165619 -1139.648193
4854 -83.412404200 35.047731806 -668.436401
4855 -83.437828944 35.022382468 -1057.463257
4856 -83.446153147 35.028432447 -1123.811401
4857 -83.450916939 35.059698756 -816.740967
4858 -83.437318100 35.049987061 -729.096375
4859 -83.426740140 35.055183707 -817.294983
4860 -83.416049567 35.055634457 -741.143799
4861 -83.443184922 35.045654399 -810.223450
4862 -83.461597224 35.058085726 -951.945312
4863 -83.426250744 35.061795707 -682.914490
4864 -83.411000550 35.031901956 -817.692871
4865 -83.465020198 35.036306950 -1203.743164
4866 -83.439993496 35.066677423 -802.927856
4867 -83.407547020 35.044667201 -692.071960
4868 -83.457167181 35.055039178 -987.850220
4869 -83.438171131 35.048504888 -744.093384
4870 -83.443166315 35.054250275 -919.255005
4871 -83.427712775 35.030093200 -1088.883911
4872 -83.438727052 35.030330395 -984.382935
4873 -83.428475618 35.039000551 -956.110962
4874 -83.453550932 35.058289081 -906.366394
4875 -83.414193180 35.043848854 -691.462036
4876 -83.432975593 35.027723585 -1018.744568
4877 -83.442783321 35.045447448 -814.813232
4878 -83.418177064 35.037976971 -812.583923
4879 -83.465451763 35.047134305 -1202.567505
4880 -83.421267526 35.042191221 -787.842224
4881 -83.445003950 35.048176944 -952.216431
4882 -83.460586699 35.057166492 -969.434204
4883 -83.445820776 35.034280114 -1156.981689
4884 -83.407632980 35.060764924 -650.017883
4885 -83.429529423 35.040951200 -847.759644
4886 -83.411107635 35.048400107 -661.887756
4887 -83.449525849 35.023472457 -1194.065796
4888 -83.443244087 35.072056955 -920.585205
4889 -83.446025403 35.060921961 -763.711365
4890 -83.440275223 35.064148689 -731.102112
4891 -83.459371974 35.054408052 -1066.645752
4892 -83.407799369 35.049134410 -656.132812
4893 -83.459870929 35.058401808 -911.772095
4894 -83.465932757 35.036200267 -1189.529175
4895 -83.434433161 35.028417680 -939.395691
4896 -83.407230952 35.036659747 -756.873047
4897 -83.440718194 35.045754283 -821.193054
4898 -83.417693067 35.064280187 -668.369629
4899 -83.435819455 35.027597579 -915.431824
4900 -83.444608619 35.068421384 -842.252502
4901 -83.451197219 35.066630215 -939.019043
4902 -83.451984028 35.035994141 -1030.191650
4903 -83.413485334 35.033462572 -914.607422
4904 -83.422181921 35.045087523 -696.910583
4905 -83.441168452 35.031863735 -939.362122
4906 -83.429441463 35.045962405 -918.098572
4907 -83.410973001 35.052495493 -678.009705
4908 -83.441102117 35.066330175 -772.638489
4909 -83.456106414 35.042835835 -975.932861
4910 -83.423543334 35.038665846 -949.733337
4911 -83.475888575 35.059405696 -1426.215210
4912 -83.421569708 35.063096786 -672.135986
4913 -83.452270083 35.043330297 -880.528687
4914 -83.410598342 35.063638148 -655.958191
4915 -83.453011859 35.049159686 -960.108337
4916 -83.449687176 35.044763409 -866.117249
4917 -83.450964418 35.031381586 -1155.431885
4918 -83.406607319 35.045034594 -686.098633
4919 -83.425080608 35.056910072 -799.404724
4920 -83.425156372 35.059515289 -695.080566
4921 -83.445778813 35.040620657 -977.533325
4922 -83.452252169 35.038026101 -978.764709
4923 -83.430413717 35.048849517 -847.838623
4924 -83.409137761 35.048296083 -658.880615
4925 -83.441028902 35.044743568 -869.045471
4926 -83.465263408 35.048256100 -1166.193115
4927 -83.449237823 35.066387818 -889.764404
4928 -83.408223222 35.047445660 -661.513000
4929 -83.413740858 35.045829891 -669.879700
4930 -83.448279045 35.066572575 -883.527710
4931 -83.450170565 35.044039140 -860.942200
4932 -83.446763339 35.033250081 -1158.514038
4933 -83.410002061 35.037468978 -756.549500
4934 -83.422085499 35.060653431 -689.347961
4935 -83.465889561 35.038190600 -1156.032837
4936 -83.465975709 35.032151045 -1380.638550
4937 -83.464918668 35.033592166 -1318.698242
4938 -83.435482095 35.032568006 -884.398010
4939 -83.406008731 35.056422894 -658.821594
4940 -83.416975265 35.039896680 -756.757874
4941 -83.435905474 35.053057556 -709.007874
4942 -83.468252643 35.054611956 -1169.070557
4943 -83.449415091 35.032132321 -1172.768066
4944 -83.418156619 35.063031499 -664.904846
4945 -83.435326637 35.055393764 -778.621338
4946 -83.457917650 35.065935410 -1031.737671
4947 -83.432727322 35.054389208 -702.562256
4948 -83.435717091 35.051914055 -713.542297
4949 -83.453478438 35.060572926 -878.942200
4950 -83.428317098 35.050761095 -865.517944
4951 -83.450608336 35.053137598 -910.663940
4952 -83.463555118 35.055273330 -998.200989
4953 -83.428372395 35.058260212 -694.782288
4954 -83.411766881 35.045772504 -706.248779
4955 -83.441012106 35.065438139 -744.774841
4956 -83.457674894 35.054646784 -1006.395203
1 3 1 2138 3705
2 3 1 1425 2138
3 3 1 446 4426
4 3 446 1 3705
5 3 1294 257 3397
6 3 257 1294 2483
7 3 3397 257 4161
8 3 513 856 4488
9 3 2414 513 4857
10 3 2266 513 4488
11 3 513 2266 4857
12 3 769 3598 3654
13 3 769 3654 4725
14 3 769 1108 3598
15 3 769 883 1108
16 3 883 769 4838
17 3 769 4725 4838
18 3 1110 1025 2574
19 3 1025 1110 3874
20 3 2679 1025 3563
21 3 3563 1025 3874
22 3 1025 2030 2574
23 3 2030 1025 2679
24 3 1281 1354 3656
25 3 2389 1281 3656
26 3 1281 2389 4445
27 3 3251 1281 4445
28 3 1561 1537 3270
29 3 1537 2707 3270
30 3 1537 1958 2707
31 3 1958 1537 2543
32 3 1793 1969 2685
33 3 2753 2049 3641
34 3 2049 2256 3641
35 3 2256 2049 3186
36 3 2305 3920 4679
37 3 3329 3345 3482
38 3 3345 3329 4863
39 3 4214 3329 4734
40 3 3329 4214 4766
41 3 3329 3482 4734
42 3 3329 4766 4863
43 3 3375 2 3592
44 3 2 2396 3592
45 3 1118 2 3161
46 3 2 1118 2396
47 3 115 2 3375
48 3 2 115 3161
49 3 2610 258 4676
50 3 258 2610 4349
51 3 3790 258 4349
52 3 258 3540 4676
53 3 3069 258 3790
54 3 258 3069 3540
55 3 770 2666 4855
56 3 1026 2392 2605
57 3 2392 1026 4329
58 3 1721 1026 2605
59 3 1026 1721 3519
60 3 1026 3519 3559
61 3 1026 3559 4329
62 3 1570 1282 3315
63 3 1372 1282 2213
64 3 1282 1372 3315
65 3 2213 1282 4520
66 3 1538 1630 4207
67 3 1630 1538 4347
68 3 1538 1759 4347
69 3 3473 1794 4667
70 3 1794 3473 4559
71 3 1794 2542 3998
72 3 2306 4143 4472
73 3 4143 2306 4842
74 3 2306 2728 4173
75 3 2728 2306 4472
76 3 2562 2730 3952
77 3 3586 3958 4558
78 3 3 328 2418
79 3 2660 3 4786
80 3 2671 3 4269
81 3 3 2671 4786
82 3 3 2418 4269
83 3 3 152 328
84 3 152 3 2660
85 3 259 2306 4173
86 3 2306 259 4842
87 3 4256 259 4629
88 3 259 4256 4842
89 3 259 1443 4629
90 3 1443 259 4173
91 3 515 2081 4271
92 3 515 2140 2588
93 3 2140 515 2460
94 3 2460 515 4271
95 3 750 515 2588
96 3 2324 771 3144
97 3 771 2324 3211
98 3 771 3211 4764
99 3 1046 1027 3735
100 3 1027 1844 4478
101 3 1360 1027 4478
102 3 1027 1360 3735
103 3 1283 4168 4784
104 3 3933 1283 4784
105 3 1283 1673 4168
106 3 1724 1283 3933
107 3 1681 1539 3377
108 3 1539 1681 3166
109 3 1539 1993 3377
110 3 1821 1795 2772
111 3 2772 1795 2782
112 3 2782 1795 4526
113 3 2051 3156 4449
114 3 3156 2051 3312
115 3 2307 2704 2890
116 3 2704 2307 3319
117 3 3319 2307 4379
118 3 2819 4371 4845
119 3 3122 2819 4264
120 3 4264 2819 4845
121 3 3331 3551 3605
122 3 3843 3983 4785
123 3 3843 4785 4893
124 3 2372 4 2668
125 3 4 2372 2938
126 3 4 345 2668
127 3 345 4 701
128 3 1463 4 2938
129 3 701 4 1463
130 3 3923 260 4586
131 3 260 3514 4615
132 3 3044 260 3923
133 3 260 3044 3514
134 3 4586 260 4615
135 3 516 815 2154
136 3 815 516 1974
137 3 516 2154 4253
138 3 1439 516 4253
139 3 516 1439 2815
140 3 1974 516 2815
141 3 772 2688 2971
142 3 1438 772 2971
143 3 1028 2115 3525
144 3 1611 1028 2231
145 3 2231 1028 3624
146 3 1028 3525 3624
147 3 1284 3516 3707
148 3 1540 2098 2739
149 3 2098 1540 4322
150 3 1540 2739 3022
151 3 2032 1540 3022
152 3 1540 2032 2295
153 3 1540 2295 4322
154 3 3610 1796 4788
155 3 1796 4655 4788
156 3 1796 2950 4019
157 3 3249 1796 3610
158 3 1796 4019 4655
159 3 2136 2052 2673
160 3 2308 3727 4240
161 3 3727 2308 4283
162 3 2308 3006 4283
163 3 3076 2564 3746
164 3 2564 3692 3746
165 3 4031 2820 4248
166 3 3333 3076 3347
167 3 3076 3333 3404
168 3 3347 3076 3746
169 3 5 2323 4401
170 3 2458 5 4068
171 3 5 1450 2323
172 3 1450 5 1781
173 3 4068 5 4401
174 3 1781 5 2458
175 3 261 3609 4692
176 3 261 1107 1980
177 3 1107 261 2540
178 3 261 950 3609
179 3 950 261 3548
180 3 261 1980 3548
181 3 2540 261 4692
182 3 517 3091 3667
183 3 517 2614 3091
184 3 2614 517 4668
185 3 4668 517 4864
186 3 517 3667 4864
187 3 1945 773 4829
188 3 1460 773 1945
189 3 773 1460 4847
190 3 4532 773 4847
191 3 2554 773 4532
192 3 773 2303 4829
193 3 2303 773 2554
194 3 1029 1660 4695
195 3 4810 1029 4919
196 3 1029 1504 4919
197 3 1504 1029 4695
198 3 2600 1285 2875
199 3 1541 1620 2943
200 3 1620 1541 2718
201 3 1541 2943 4624
202 3 1937 1541 4624
203 3 1541 1937 3431
204 3 2718 1541 3431
205 3 1797 4420 4920
206 3 1797 2731 4420
207 3 2731 1797 2905
208 3 2261 2053 3296
209 3 2053 2261 2302
210 3 3296 2053 3326
211 3 3326 2053 4902
212 3 3593 2821 4947
213 3 3333 3347 4468
214 3 3404 3333 4751
215 3 3333 4468 4751
216 3 6 2328 2841
217 3 2328 6 3253
218 3 6 2841 4060
219 3 6 2930 3253
220 3 398 6 4611
221 3 6 398 2930
222 3 6 4060 4611
223 3 262 1379 2502
224 3 262 646 1379
225 3 646 262 909
226 3 909 262 3012
227 3 262 1267 3012
228 3 1267 262 2502
229 3 518 1052 1834
230 3 1052 518 3951
231 3 518 1834 2682
232 3 518 2682 3151
233 3 929 518 3151
234 3 518 929 2024
235 3 518 2024 3951
236 3 2443 774 4854
237 3 2200 774 2443
238 3 1985 774 2200
239 3 774 1985 4058
240 3 4052 774 4058
241 3 774 4052 4854
242 3 1030 1827 3888
243 3 1827 1030 4814
244 3 1316 1030 2154
245 3 1030 1316 4814
246 3 3150 1030 3888
247 3 2154 1030 3150
248 3 3377 1286 4557
249 3 1286 2528 3074
250 3 2528 1286 3377
251 3 1286 3306 4557
252 3 2284 1286 3074
253 3 1286 2284 3306
254 3 4619 1542 4627
255 3 1542 1879 4627
256 3 1932 1542 4619
257 3 1542 1932 2237
258 3 1542 2237 4399
259 3 1739 1542 4399
260 3 1542 1739 1879
261 3 3409 1798 3678
262 3 2680 1798 3409
263 3 1798 2680 3173
264 3 3668 2566 3866
265 3 2822 2859 4319
266 3 2859 2822 4089
267 3 3078 3165 3435
268 3 3165 3078 4523
269 3 847 7 2651
270 3 7 847 4570
271 3 1483 7 4570
272 3 7 1483 2547
273 3 7 2547 2651
274 3 263 2373 3446
275 3 2373 263 2550
276 3 263 3446 3901
277 3 641 263 3901
278 3 2550 263 2818
279 3 1102 519 4373
280 3 519 1102 4413
281 3 2523 519 4413
282 3 519 2523 4711
283 3 519 3569 4373
284 3 3569 519 4711
285 3 2315 775 3035
286 3 775 2579 3035
287 3 775 1151 2579
288 3 1151 775 2968
289 3 2296 775 2315
290 3 775 2296 2968
291 3 2145 1031 3187
292 3 1385 1031 2145
293 3 3187 1031 3501
294 3 1287 2824 3233
295 3 2824 1287 4062
296 3 2449 1287 3233
297 3 4062 1287 4122
298 3 2845 1543 4637
299 3 1543 1653 3589
300 3 1653 1543 2845
301 3 2205 1799 4124
302 3 2055 3013 4501
303 3 3701 2311 4672
304 3 3478 2311 3523
305 3 2720 2311 3701
306 3 2311 2720 3523
307 3 2567 3117 4124
308 3 3573 2823 4189
309 3 3591 3816 4767
310 3 939 8 980
311 3 8 939 998
312 3 8 1452 3346
313 3 1452 8 3275
314 3 980 8 3346
315 3 8 998 3275
316 3 3848 264 4728
317 3 264 4693 4728
318 3 1636 264 3360
319 3 264 1636 4693
320 3 2427 264 3848
321 3 264 2427 3360
322 3 2309 520 3471
323 3 520 2309 4496
324 3 3212 520 4001
325 3 4001 520 4496
326 3 3350 776 4772
327 3 776 3171 3820
328 3 776 2672 3171
329 3 776 3820 4772
330 3 1032 3894 4437
331 3 3894 1032 4340
332 3 1032 2902 4340
333 3 2929 1032 4437
334 3 1032 1504 2902
335 3 1504 1032 2929
336 3 1808 1288 2625
337 3 2625 1288 2747
338 3 2747 1288 3706
339 3 4423 1544 4607
340 3 2393 1544 2455
341 3 1800 3718 4811
342 3 2837 2056 3638
343 3 2079 2056 3157
344 3 2786 2056 2837
345 3 2056 2786 3157
346 3 2312 4298 4682
347 3 4298 2312 4727
348 3 3625 2568 3833
349 3 2568 3206 3833
350 3 3534 2824 4062
351 3 3080 3912 3978
352 3 1805 9 4254
353 3 9 1805 3789
354 3 9 2319 4254
355 3 2319 9 4596
356 3 307 9 3789
357 3 9 307 3831
358 3 9 3831 4596
359 3 265 777 2459
360 3 3911 265 4940
361 3 265 925 4940
362 3 925 265 2459
363 3 265 688 777
364 3 688 265 3911
365 3 2344 521 3503
366 3 521 639 3335
367 3 2733 521 3335
368 3 521 2733 3503
369 3 1033 2136 3683
370 3 1380 1033 3683
371 3 2609 1289 3409
372 3 1289 2680 3409
373 3 2680 1289 4765
374 3 1289 4556 4765
375 3 1900 1545 3049
376 3 1545 1900 3573
377 3 1801 4446 4512
378 3 4430 2057 4652
379 3 2140 2057 2588
380 3 2425 2313 3630
381 3 3659 2569 4882
382 3 2569 3759 4056
383 3 2569 4056 4882
384 3 2825 4255 4541
385 3 4015 3081 4316
386 3 4316 3081 4493
387 3 10 532 3898
388 3 532 10 1971
389 3 2908 10 3898
390 3 10 2908 3264
391 3 1971 10 3264
392 3 379 266 4417
393 3 266 379 3318
394 3 266 3528 4417
395 3 1226 266 3318
396 3 266 1226 1531
397 3 266 1531 3528
398 3 1042 522 4703
399 3 522 1042 3539
400 3 3368 522 3876
401 3 522 3368 4703
402 3 522 931 3876
403 3 931 522 3539
404 3 778 1110 3586
405 3 1110 778 3874
406 3 778 2391 3874
407 3 2648 1034 3783
408 3 1290 1890 2756
409 3 1546 3688 3993
410 3 1546 2410 3688
411 3 2410 1546 4236
412 3 1952 1546 3993
413 3 3859 2314 4186
414 3 2314 3859 4806
415 3 3608 2314 4806
416 3 2314 3608 4821
417 3 2570 2696 2795
418 3 2570 2795 4242
419 3 2961 2826 4268
420 3 3594 4171 4185
421 3 1314 11 2317
422 3 11 1314 4519
423 3 11 842 2317
424 3 842 11 1532
425 3 1642 11 1729
426 3 1729 11 4519
427 3 1532 11 1642
428 3 2619 267 3529
429 3 1687 267 2099
430 3 267 1687 3529
431 3 523 894 4463
432 3 894 523 2985
433 3 3022 523 4463
434 3 523 3022 3960
435 3 2117 779 3964
436 3 779 2117 2492
437 3 1886 779 2492
438 3 779 1886 3043
439 3 3964 779 4304
440 3 779 3043 4304
441 3 2326 1035 2426
442 3 1035 2326 3062
443 3 2426 1035 4560
444 3 2957 1035 4386
445 3 1035 2957 4560
446 3 1035 3062 4386
447 3 2799 1291 4595
448 3 1291 2799 3067
449 3 1291 3067 4910
450 3 4175 1547 4416
451 3 4003 1547 4399
452 3 1547 4003 4416
453 3 1547 1739 4399
454 3 1739 1547 2001
455 3 2001 1547 4175
456 3 2461 1803 4524
457 3 4524 1803 4952
458 3 1803 2283 4952
459 3 3095 2059 4477
460 3 2059 3095 3505
461 3 3121 2571 4564
462 3 3421 2571 3491
463 3 3818 2827 4176
464 3 3339 4475 4697
465 3 3339 4244 4424
466 3 4244 3339 4697
467 3 4020 3339 4424
468 3 4107 4587 4813
469 3 4619 4627 4924
470 3 547 12 4935
471 3 12 547 4219
472 3 12 3126 4935
473 3 3126 12 4827
474 3 1194 12 4219
475 3 12 1194 4827
476 3 268 1305 1359
477 3 1305 268 4804
478 3 268 949 4656
479 3 949 268 1359
480 3 3785 268 4656
481 3 268 3785 4804
482 3 524 2857 3588
483 3 2857 524 3882
484 3 1169 524 3588
485 3 524 1169 4363
486 3 3495 524 4363
487 3 524 3495 3882
488 3 780 3340 4018
489 3 2463 780 4703
490 3 1036 1635 4844
491 3 3432 1036 4756
492 3 1036 4268 4756
493 3 4268 1036 4844
494 3 2172 1292 4105
495 3 1292 1742 4105
496 3 1742 1292 2219
497 3 3078 1548 4523
498 3 1548 4075 4095
499 3 1548 4095 4523
500 3 3342 2316 3713
501 3 3713 2316 4391
502 3 3011 2316 3342
503 3 3650 2572 4396
504 3 3596 4429 4471
505 3 3596 4471 4754
506 3 3852 4073 4450
507 3 1596 13 2129
508 3 2129 13 3208
509 3 134 13 1596
510 3 13 134 3812
511 3 3208 13 3957
512 3 13 3812 3957
513 3 269 1155 1725
514 3 650 269 2677
515 3 269 650 1016
516 3 269 2207 2677
517 3 269 1725 2207
518 3 269 1016 1155
519 3 1288 525 3706
520 3 525 2056 2079
521 3 525 2079 2126
522 3 525 2126 3706
523 3 1128 525 1288
524 3 525 1128 2056
525 3 781 1112 3455
526 3 1112 781 2807
527 3 781 3455 3558
528 3 1417 781 4398
529 3 781 3558 4398
530 3 1015 781 1417
531 3 781 1015 2807
532 3 2641 1037 3010
533 3 1037 2641 4802
534 3 1293 2724 4319
535 3 4017 1293 4319
536 3 1972 1293 2831
537 3 1293 1972 2724
538 3 1293 2036 2831
539 3 2036 1293 4017
540 3 1549 2844 2896
541 3 1549 1930 2844
542 3 2775 1549 2896
543 3 1549 1785 1930
544 3 2061 2877 3474
545 3 2877 2061 4820
546 3 2061 4699 4820
547 3 2061 3474 4945
548 3 4083 2061 4945
549 3 2061 4083 4699
550 3 2573 3727 4283
551 3 3727 2573 4035
552 3 343 14 3174
553 3 14 343 2697
554 3 14 360 3174
555 3 360 14 4811
556 3 14 2697 2779
557 3 14 2779 4811
558 3 2843 270 4167
559 3 270 2843 4192
560 3 270 1159 4167
561 3 1159 270 1234
562 3 987 270 4192
563 3 270 987 1234
564 3 526 1586 3979
565 3 1586 526 3042
566 3 526 1923 3905
567 3 1923 526 3979
568 3 3042 526 3905
569 3 4065 782 4731
570 3 782 2548 3704
571 3 2548 782 4065
572 3 1014 782 3704
573 3 782 1014 4731
574 3 1192 1038 1338
575 3 1038 1192 4850
576 3 1038 2480 4701
577 3 2480 1038 4850
578 3 4612 1294 4872
579 3 1294 1376 4872
580 3 1376 1294 3397
581 3 2483 1294 4612
582 3 2663 1550 3662
583 3 1550 2431 3703
584 3 2828 2062 4761
585 3 2517 2062 2828
586 3 2062 2517 4906
587 3 2318 3053 3936
588 3 3053 2318 3972
589 3 2796 2574 4377
590 3 2574 2796 3958
591 3 4420 2830 4920
592 3 4198 2830 4504
593 3 4039 3086 4291
594 3 3854 4355 4874
595 3 15 514 4867
596 3 514 15 1299
597 3 1299 15 2597
598 3 2597 15 4064
599 3 905 15 4867
600 3 15 905 4064
601 3 271 3596 4754
602 3 3596 271 4852
603 3 271 4372 4852
604 3 271 3940 4372
605 3 271 3434 3940
606 3 3434 271 4754
607 3 527 787 3871
608 3 2648 527 3871
609 3 527 2648 3783
610 3 2161 527 4307
611 3 527 3783 4307
612 3 783 2406 4079
613 3 4218 783 4508
614 3 783 1935 2406
615 3 1935 783 4218
616 3 783 4079 4508
617 3 3681 1039 4951
618 3 1039 3681 4220
619 3 1644 1039 4220
620 3 2639 1295 3774
621 3 1551 3188 4681
622 3 2832 1807 3204
623 3 1807 2834 3204
624 3 2834 1807 3515
625 3 2063 4715 4740
626 3 4375 2319 4537
627 3 4254 2319 4375
628 3 4537 2319 4596
629 3 2945 2575 3029
630 3 2753 2575 4637
631 3 3029 2575 3929
632 3 16 1474 1684
633 3 1474 16 3055
634 3 3055 16 4284
635 3 272 1603 3677
636 3 272 3677 3828
637 3 272 3828 3921
638 3 528 1306 4685
639 3 1306 528 3260
640 3 4665 528 4685
641 3 3260 528 3849
642 3 528 3810 3849
643 3 3810 528 4665
644 3 1041 784 1685
645 3 784 1041 3523
646 3 2195 784 3523
647 3 2123 1040 3002
648 3 1138 1040 1719
649 3 1040 2944 3002
650 3 1719 1040 2123
651 3 3385 1296 4258
652 3 2448 1552 2920
653 3 2267 1552 2448
654 3 2320 3396 4521
655 3 3200 2576 3936
656 3 2576 3200 3957
657 3 17 1296 2184
658 3 2351 17 3294
659 3 668 17 2184
660 3 17 668 3294
661 3 273 2421 4888
662 3 679 273 2661
663 3 273 679 3756
664 3 273 1454 2421
665 3 1454 273 3756
666 3 529 1130 2638
667 3 1130 529 2735
668 3 3235 529 4108
669 3 529 724 4108
670 3 724 529 2638
671 3 1911 785 4555
672 3 785 2218 4555
673 3 1484 785 3635
674 3 785 1484 2218
675 3 3478 1041 3756
676 3 1041 3478 3523
677 3 1454 1041 1685
678 3 1041 1454 3756
679 3 1297 3433 3822
680 3 1398 1297 4144
681 3 1297 1398 1757
682 3 1297 3822 4144
683 3 2489 1553 3419
684 3 1809 2643 4794
685 3 1809 1912 2643
686 3 2915 2065 3134
687 3 2065 2915 3147
688 3 2833 3168 4033
689 3 2833 2979 3955
690 3 2979 2833 4033
691 3 3719 3345 4863
692 3 4168 3601 4873
693 3 4625 4776 4862
694 3 18 3116 4887
695 3 3631 18 4647
696 3 2139 18 4887
697 3 18 2139 4647
698 3 670 18 3631
699 3 18 670 1525
700 3 18 1525 3116
701 3 274 1559 4616
702 3 1559 274 4273
703 3 274 1574 4273
704 3 707 274 4616
705 3 274 707 1574
706 3 530 2211 2496
707 3 932 786 4639
708 3 786 932 4646
709 3 3752 786 4646
710 3 786 3752 4057
711 3 3539 1042 4351
712 3 1298 1837 2717
713 3 1298 1606 1837
714 3 1298 2717 4580
715 3 2983 1298 4580
716 3 2289 1298 2983
717 3 1554 2658 3670
718 3 2658 1554 3934
719 3 3209 1810 4806
720 3 4054 1810 4759
721 3 1810 4054 4806
722 3 3039 1810 3209
723 3 1810 3039 3046
724 3 1810 3046 4759
725 3 3075 2066 4258
726 3 2066 3893 4258
727 3 2400 2066 3075
728 3 2941 2834 3750
729 3 2834 3515 3750
730 3 3090 3260 3529
731 3 19 1282 1570
732 3 1282 19 4520
733 3 327 19 4250
734 3 19 327 4520
735 3 1251 19 1570
736 3 19 1251 4250
737 3 1939 275 2711
738 3 2711 275 4922
739 3 945 275 3188
740 3 275 945 966
741 3 275 966 4922
742 3 4171 531 4638
743 3 531 2923 4638
744 3 2923 531 4600
745 3 3205 531 4171
746 3 531 3205 4600
747 3 3871 787 4783
748 3 787 1906 4722
749 3 787 4722 4783
750 3 1859 1043 4798
751 3 1043 3238 4798
752 3 1043 1488 2298
753 3 1043 2298 3238
754 3 1980 1299 2597
755 3 1555 2310 3033
756 3 1555 1974 2310
757 3 3286 1555 3863
758 3 1555 3033 3863
759 3 1999 1811 4216
760 3 2067 2857 3882
761 3 2857 2067 3394
762 3 3394 2067 4233
763 3 2880 2323 3950
764 3 2323 2880 3832
765 3 2323 3832 4401
766 3 3035 2579 3465
767 3 3125 2835 4497
768 3 2835 3125 4601
769 3 4191 3603 4733
770 3 275 20 3188
771 3 20 275 1939
772 3 3188 20 4681
773 3 20 1939 4341
774 3 20 4341 4681
775 3 276 1097 1783
776 3 1672 276 2794
777 3 276 910 1097
778 3 910 276 1672
779 3 276 1783 2794
780 3 532 2309 3471
781 3 532 2183 3898
782 3 2183 532 3471
783 3 532 1971 2309
784 3 788 2322 3118
785 3 788 1214 2322
786 3 1214 788 2509
787 3 1044 2089 3553
788 3 1044 3379 3930
789 3 1300 1345 2885
790 3 1345 1300 3480
791 3 1300 2885 4406
792 3 1300 2269 3101
793 3 2269 1300 4406
794 3 1556 2564 4353
795 3 2564 1556 3692
796 3 3626 1556 4353
797 3 1556 3626 4078
798 3 3692 1556 4944
799 3 1812 1958 2543
800 3 1958 1812 3059
801 3 1812 2543 4132
802 3 2068 2604 3094
803 3 2604 2068 4904
804 3 2068 2363 4904
805 3 2324 3144 4671
806 3 2408 2324 4671
807 3 2324 2408 3211
808 3 2836 4680 4750
809 3 4708 2836 4750
810 3 3092 3499 4163
811 3 1417 21 3217
812 3 21 1417 2200
813 3 21 2443 4317
814 3 21 2200 2443
815 3 21 1023 3217
816 3 1023 21 4317
817 3 277 2064 3250
818 3 277 545 2064
819 3 277 3692 4944
820 3 908 277 4944
821 3 277 3250 3692
822 3 533 4515 4901
823 3 1760 533 4901
824 3 1526 533 3425
825 3 533 1526 4515
826 3 789 3090 4297
827 3 789 1306 3090
828 3 789 1066 1306
829 3 1066 789 4381
830 3 789 2359 4381
831 3 2359 789 4297
832 3 1045 1071 4163
833 3 1071 1045 1776
834 3 1671 1045 2203
835 3 1045 1671 1776
836 3 2203 1045 4548
837 3 3499 1045 4163
838 3 1045 3499 4548
839 3 3363 1301 4795
840 3 1301 3363 3800
841 3 1364 1301 4760
842 3 1301 1364 4795
843 3 1301 2255 4760
844 3 2255 1301 3800
845 3 2750 1813 3585
846 3 2107 2069 4456
847 3 2069 2107 2439
848 3 3959 2069 4433
849 3 2069 2439 4433
850 3 2794 2325 4456
851 3 2581 2871 3857
852 3 2871 2581 3239
853 3 3315 2837 3638
854 3 3457 3349 4932
855 3 4100 3861 4588
856 3 3138 22 4775
857 3 2898 22 3138
858 3 985 22 2898
859 3 22 985 3717
860 3 3299 22 3717
861 3 22 3299 4775
862 3 278 1718 4801
863 3 1718 278 2556
864 3 4591 278 4801
865 3 763 278 4591
866 3 278 763 2556
867 3 1565 534 3417
868 3 534 1565 4713
869 3 1669 534 2076
870 3 534 1669 3417
871 3 790 2350 4869
872 3 2350 790 2373
873 3 2373 790 3446
874 3 3446 790 4441
875 3 1408 790 4869
876 3 790 1408 4441
877 3 2358 1046 3735
878 3 1046 2358 3293
879 3 1612 1046 3293
880 3 1302 1412 4025
881 3 2471 1302 4025
882 3 3062 2326 3817
883 3 4053 2838 4453
884 3 3350 3461 4745
885 3 23 3079 4183
886 3 23 1290 2756
887 3 23 805 3079
888 3 805 23 2756
889 3 23 768 1290
890 3 768 23 4183
891 3 1121 279 4105
892 3 279 1121 4763
893 3 279 1923 3979
894 3 1923 279 4763
895 3 279 2517 4105
896 3 2517 279 3979
897 3 1303 535 3466
898 3 535 2849 4484
899 3 2921 535 4484
900 3 535 2921 3466
901 3 1732 791 1846
902 3 791 1732 4482
903 3 1047 2873 4615
904 3 2873 1047 3773
905 3 3398 1047 4615
906 3 1921 1047 3398
907 3 2571 1303 3491
908 3 4616 1559 4676
909 3 3379 1815 3930
910 3 1815 3379 4002
911 3 1815 4002 4176
912 3 3581 1815 4176
913 3 2071 2094 3944
914 3 2609 2583 4014
915 3 3655 2583 4016
916 3 2583 3655 4796
917 3 4014 2583 4796
918 3 3351 4180 4255
919 3 24 4613 4683
920 3 2615 24 4683
921 3 24 2615 2666
922 3 24 182 4613
923 3 182 24 2666
924 3 280 291 1996
925 3 291 280 2792
926 3 342 280 3722
927 3 280 342 3475
928 3 280 1996 3722
929 3 757 280 3475
930 3 280 757 2792
931 3 536 2398 3468
932 3 536 650 2398
933 3 650 536 1016
934 3 536 3468 3552
935 3 1016 536 3552
936 3 792 2099 4341
937 3 792 1687 2099
938 3 1687 792 4297
939 3 1083 1048 2385
940 3 2385 1048 4553
941 3 1048 4450 4884
942 3 4553 1048 4884
943 3 1304 2012 3560
944 3 1560 2568 3625
945 3 3122 1560 3625
946 3 1560 3122 4264
947 3 3754 1560 4264
948 3 3420 1816 4491
949 3 1816 3420 4044
950 3 1816 2779 4491
951 3 3241 2072 3997
952 3 2072 4350 4367
953 3 2841 2328 4439
954 3 2988 2328 3253
955 3 2328 2988 3838
956 3 2328 3838 4439
957 3 3096 3408 3798
958 3 3096 3798 4048
959 3 3352 3696 3946
960 3 3608 3725 4821
961 3 4054 3608 4806
962 3 4632 4710 4759
963 3 25 1067 2842
964 3 1067 25 4056
965 3 1651 25 2842
966 3 25 1651 1976
967 3 25 1976 2238
968 3 25 2238 4056
969 3 281 776 3350
970 3 776 281 2672
971 3 281 3350 4745
972 3 2672 281 3974
973 3 281 3449 3974
974 3 281 2745 3449
975 3 2745 281 4745
976 3 537 1309 3660
977 3 2350 537 3835
978 3 537 3660 3835
979 3 1930 793 2844
980 3 793 1930 2091
981 3 1196 793 2091
982 3 793 1196 4731
983 3 793 1014 2844
984 3 1014 793 4731
985 3 1049 2829 3856
986 3 2829 1049 3862
987 3 1049 3856 4188
988 3 3862 1049 3931
989 3 1049 3570 3931
990 3 3570 1049 4188
991 3 2563 1305 3731
992 3 1359 1305 2563
993 3 3731 1305 4215
994 3 2068 1561 2363
995 3 2363 1561 3270
996 3 1817 3544 3632
997 3 3639 2073 4147
998 3 2482 2073 3590
999 3 2073 2482 3410
1000 3 3210 2585 3983
1001 3 2585 3210 3289
1002 3 3983 2585 4785
1003 3 3770 2841 4439
1004 3 2841 3770 4492
1005 3 4060 2841 4492
1006 3 3097 4246 4539
1007 3 3992 3097 4539
1008 3 1178 26 3283
1009 3 26 1178 1771
1010 3 188 26 4509
1011 3 26 188 3283
1012 3 26 3516 4509
1013 3 26 1771 3516
1014 3 1633 282 4195
1015 3 282 3184 4195
1016 3 668 282 1633
1017 3 282 668 2184
1018 3 282 725 3184
1019 3 725 282 2184
1020 3 538 3968 4369
1021 3 1966 538 4369
1022 3 538 1966 4052
1023 3 538 3254 3968
1024 3 3254 538 4058
1025 3 538 4052 4058
1026 3 2904 794 4358
1027 3 1936 794 2904
1028 3 794 1936 2043
1029 3 794 3771 4358
1030 3 794 2043 3771
1031 3 1050 3097 3928
1032 3 3097 1050 4246
1033 3 1367 1050 3222
1034 3 1050 1367 4246
1035 3 1782 1050 3928
1036 3 1050 1782 3222
1037 3 3090 1306 3260
1038 3 1562 1866 2422
1039 3 1866 1562 4593
1040 3 1562 2422 4140
1041 3 1562 2479 4593
1042 3 2630 1818 2840
1043 3 1818 2630 3274
1044 3 1818 2492 2840
1045 3 2274 2074 4654
1046 3 2074 2274 4765
1047 3 3575 2074 4765
1048 3 3098 3476 4648
1049 3 3476 3098 4429
1050 3 4251 3098 4648
1051 3 552 27 4872
1052 3 27 552 1698
1053 3 44 27 2384
1054 3 27 44 2260
1055 3 27 1698 2384
1056 3 27 2260 4872
1057 3 283 1554 3670
1058 3 283 620 1554
1059 3 686 283 3670
1060 3 283 686 3806
1061 3 510 283 3806
1062 3 539 1843 4577
1063 3 539 2949 4834
1064 3 795 2144 3373
1065 3 795 2168 3353
1066 3 2168 795 3373
1067 3 795 1496 2144
1068 3 2878 1051 2899
1069 3 1100 1051 2878
1070 3 1051 1100 2940
1071 3 1051 1703 2899
1072 3 2734 1051 2940
1073 3 3083 1307 3995
1074 3 1307 1728 3047
1075 3 1307 3047 3995
1076 3 4429 1563 4471
1077 3 1915 1563 3173
1078 3 1563 1915 4471
1079 3 1819 2375 3868
1080 3 2075 2128 3538
1081 3 2128 2075 2530
1082 3 2530 2075 4489
1083 3 2587 3151 3358
1084 3 2843 4167 4572
1085 3 2843 3461 4192
1086 3 3461 2843 4745
1087 3 2843 4572 4745
1088 3 3355 4148 4396
1089 3 28 2337 3640
1090 3 812 28 3527
1091 3 603 28 812
1092 3 28 603 1484
1093 3 3527 28 3640
1094 3 28 1484 2337
1095 3 285 284 3083
1096 3 284 285 4234
1097 3 284 625 3083
1098 3 540 2066 2400
1099 3 540 1828 2066
1100 3 540 3162 3317
1101 3 540 2400 3162
1102 3 540 643 1828
1103 3 643 540 3317
1104 3 1336 796 4209
1105 3 796 1336 2047
1106 3 2403 796 4193
1107 3 796 2403 4209
1108 3 1834 1052 2285
1109 3 1052 3951 4590
1110 3 2285 1052 4907
1111 3 1052 4590 4907
1112 3 3671 1308 4801
1113 3 3192 1308 3671
1114 3 1564 4294 4824
1115 3 2932 1820 4070
1116 3 1820 3190 4538
1117 3 4070 1820 4538
1118 3 1820 2304 3190
1119 3 2332 2636 3821
1120 3 2417 2332 2860
1121 3 2332 2417 4507
1122 3 3436 3100 4546
1123 3 4546 3100 4650
1124 3 3100 4572 4650
1125 3 4572 3100 4745
1126 3 257 29 4161
1127 3 29 257 2483
1128 3 29 1896 4161
1129 3 29 1669 1896
1130 3 29 655 1669
1131 3 655 29 2483
1132 3 285 3083 3995
1133 3 285 3995 4574
1134 3 285 3304 4234
1135 3 2827 541 4176
1136 3 541 2228 3581
1137 3 541 1761 2228
1138 3 541 3581 4176
1139 3 2572 797 4396
1140 3 797 3355 4396
1141 3 1922 797 2572
1142 3 797 1922 3932
1143 3 4618 1053 4693
1144 3 2599 1053 4618
1145 3 1053 2599 4141
1146 3 1358 1053 4141
1147 3 1053 1358 4728
1148 3 4693 1053 4728
1149 3 3660 1309 3955
1150 3 1515 1309 2153
1151 3 1309 1515 3955
1152 3 2839 1565 3417
1153 3 1565 1602 4837
1154 3 4713 1565 4837
1155 3 1821 1968 4735
1156 3 1968 1821 2772
1157 3 2077 3402 3664
1158 3 2916 2077 3664
1159 3 2077 2916 4213
1160 3 3396 2333 4521
1161 3 2333 2893 3680
1162 3 2333 3680 4521
1163 3 2333 2800 2893
1164 3 2954 2589 4102
1165 3 2589 2778 4203
1166 3 2778 2589 3291
1167 3 3613 4547 4871
1168 3 30 2313 2425
1169 3 2313 30 3485
1170 3 30 2864 4670
1171 3 30 2425 2864
1172 3 4495 30 4670
1173 3 3485 30 4495
1174 3 2592 286 3907
1175 3 3907 286 4091
1176 3 286 339 2034
1177 3 339 286 3571
1178 3 703 286 2592
1179 3 286 703 3571
1180 3 286 2034 4091
1181 3 542 1326 3939
1182 3 1326 542 1431
1183 3 542 3939 4714
1184 3 542 3201 3963
1185 3 3201 542 3498
1186 3 1431 542 3963
1187 3 3498 542 4714
1188 3 798 1652 4278
1189 3 798 916 1583
1190 3 916 798 4278
1191 3 1802 1054 3189
1192 3 1054 1802 3453
1193 3 2417 1054 4514
1194 3 1054 2417 3036
1195 3 1054 3453 4514
1196 3 1054 3036 3189
1197 3 1576 1310 4354
1198 3 1310 3259 4354
1199 3 1989 1310 2321
1200 3 1310 1989 3259
1201 3 2715 1822 4098
1202 3 1822 2533 3218
1203 3 2533 1822 2715
1204 3 2611 2078 2999
1205 3 2078 4184 4907
1206 3 2585 2334 4785
1207 3 2334 4481 4625
1208 3 2334 2490 4785
1209 3 2590 3345 3719
1210 3 2590 3719 3782
1211 3 3564 2590 3782
1212 3 3102 3685 3990
1213 3 3358 3454 4528
1214 3 4582 4382 4938
1215 3 4631 31 4895
1216 3 1910 31 4631
1217 3 31 1910 4575
1218 3 31 4575 4839
1219 3 31 4839 4876
1220 3 2804 31 4876
1221 3 31 2804 4895
1222 3 287 1289 2609
1223 3 1289 287 4556
1224 3 287 1353 2823
1225 3 1353 287 2609
1226 3 1235 287 2823
1227 3 287 1235 4556
1228 3 543 3613 4871
1229 3 3613 543 4090
1230 3 1603 543 4871
1231 3 3725 799 4821
1232 3 3486 799 3725
1233 3 799 3486 4055
1234 3 799 4055 4567
1235 3 2963 1055 3564
1236 3 1191 1055 1715
1237 3 1055 1191 3564
1238 3 1765 1055 2963
1239 3 1862 1311 2947
1240 3 4382 1567 4938
1241 3 1567 4230 4938
1242 3 1984 1567 4382
1243 3 2209 1823 4101
1244 3 1823 2209 4545
1245 3 1823 2538 4101
1246 3 3685 2335 3990
1247 3 2481 2335 3685
1248 3 2335 2481 3032
1249 3 3896 3615 4758
1250 3 3615 3896 4579
1251 3 3615 4080 4946
1252 3 4080 3615 4579
1253 3 32 2921 3976
1254 3 2921 32 3466
1255 3 32 3439 3466
1256 3 32 384 900
1257 3 384 32 3976
1258 3 32 900 3439
1259 3 288 1868 3808
1260 3 288 1150 1868
1261 3 288 1457 2994
1262 3 1457 288 3808
1263 3 2365 544 4436
1264 3 544 1859 4436
1265 3 544 717 1859
1266 3 717 544 3239
1267 3 800 3670 3984
1268 3 800 3984 4732
1269 3 1006 800 4732
1270 3 800 1006 3741
1271 3 1056 1807 3687
1272 3 1807 1056 3515
1273 3 1056 3687 3884
1274 3 1312 4368 4742
1275 3 3169 1312 4742
1276 3 1312 1532 2157
1277 3 2026 1568 2109
1278 3 1824 2612 4918
1279 3 2612 1824 4293
1280 3 3005 1824 4918
1281 3 3380 2080 3982
1282 3 4231 2336 4833
1283 3 2336 2813 4926
1284 3 2848 4290 4744
1285 3 33 98 1410
1286 3 98 33 4059
1287 3 33 2944 4097
1288 3 2944 33 3064
1289 3 33 1410 3064
1290 3 4059 33 4097
1291 3 1095 289 1545
1292 3 289 1095 1478
1293 3 354 289 3085
1294 3 289 354 1220
1295 3 289 1220 1545
1296 3 289 1478 3085
1297 3 2064 545 3538
1298 3 545 2075 3538
1299 3 545 1992 2075
1300 3 801 1853 2395
1301 3 1853 801 4479
1302 3 801 1392 4943
1303 3 1392 801 2395
1304 3 2861 1057 3602
1305 3 1087 1057 2861
1306 3 1057 1087 2040
1307 3 1057 1248 3602
1308 3 1248 1057 2040
1309 3 1313 2341 4032
1310 3 1313 3551 4249
1311 3 3551 1313 4032
1312 3 1569 2824 3534
1313 3 1569 1869 2824
1314 3 3437 1569 3534
1315 3 1825 2882 4133
1316 3 2882 1825 4009
1317 3 3965 1825 4133
1318 3 1825 3965 4653
1319 3 3462 1825 4653
1320 3 4271 2081 4332
1321 3 4332 2081 4702
1322 3 2593 2687 4169
1323 3 3522 2593 4169
1324 3 2849 4326 4484
1325 3 3105 3610 4788
1326 3 3484 3105 4788
1327 3 3873 4025 4130
1328 3 1539 34 1993
1329 3 305 34 1539
1330 3 34 305 2048
1331 3 1993 34 4538
1332 3 34 4070 4538
1333 3 34 2048 4070
1334 3 290 4661 4720
1335 3 1396 290 4720
1336 3 290 1396 3795
1337 3 860 546 4093
1338 3 546 632 1034
1339 3 632 546 860
1340 3 994 546 1034
1341 3 546 994 4454
1342 3 4093 546 4454
1343 3 802 3081 4015
1344 3 3411 802 4313
1345 3 802 4015 4362
1346 3 4313 802 4362
1347 3 802 1502 3081
1348 3 1502 802 3411
1349 3 1058 4062 4122
1350 3 1314 2317 3879
1351 3 1342 1314 1861
1352 3 1314 1342 4519
1353 3 1861 1314 3879
1354 3 1570 3315 3638
1355 3 1974 1826 2310
1356 3 1826 1974 2815
1357 3 2785 1826 2815
1358 3 2082 2738 4936
1359 3 2738 2082 3272
1360 3 4281 2082 4936
1361 3 2082 4281 4473
1362 3 3272 2082 4473
1363 3 2338 2958 4160
1364 3 3012 2594 4921
1365 3 3499 2850 4548
1366 3 3362 3444 3978
1367 3 3532 3362 4202
1368 3 1422 35 4392
1369 3 35 1422 3148
1370 3 35 2715 4392
1371 3 2715 35 3028
1372 3 3028 35 3148
1373 3 1198 291 4942
1374 3 291 1198 3424
1375 3 1996 291 3424
1376 3 291 2792 4942
1377 3 547 2060 3947
1378 3 2060 547 3544
1379 3 1337 547 3947
1380 3 547 1337 4219
1381 3 3544 547 4935
1382 3 1546 803 4236
1383 3 803 1546 1952
1384 3 803 1477 3549
1385 3 803 3549 4236
1386 3 1827 1059 4118
1387 3 1059 1827 4814
1388 3 3367 1059 4814
1389 3 1059 3895 4118
1390 3 1244 1059 3367
1391 3 1059 1244 3895
1392 3 1744 1315 3757
1393 3 3661 1571 4663
1394 3 2650 1571 3661
1395 3 1571 2246 4663
1396 3 3888 1827 4118
1397 3 4151 2851 4831
1398 3 2851 4782 4831
1399 3 4471 3107 4754
1400 3 3107 4531 4754
1401 3 3363 4795 4934
1402 3 3518 3363 4934
1403 3 530 36 4384
1404 3 2962 36 3901
1405 3 36 2962 3274
1406 3 177 36 530
1407 3 36 177 3901
1408 3 36 3274 4384
1409 3 1811 292 4216
1410 3 4216 292 4894
1411 3 2233 292 4865
1412 3 292 2233 4894
1413 3 292 484 4865
1414 3 1818 548 2492
1415 3 548 1818 3274
1416 3 1594 548 4441
1417 3 548 1594 2492
1418 3 548 2962 4441
1419 3 2962 548 3274
1420 3 804 3088 3708
1421 3 3359 804 3708
1422 3 804 3359 4243
1423 3 804 2869 3088
1424 3 2869 804 4243
1425 3 1060 1812 4132
1426 3 1812 1060 3059
1427 3 2864 1060 3723
1428 3 1060 2864 3059
1429 3 3723 1060 4132
1430 3 2674 1572 3953
1431 3 1572 2228 3953
1432 3 2228 1572 3581
1433 3 2066 1828 3893
1434 3 2638 2084 3986
1435 3 4110 2340 4149
1436 3 3234 2340 4110
1437 3 2340 2787 4149
1438 3 2787 2340 4469
1439 3 2596 4145 4911
1440 3 2852 3896 4758
1441 3 3135 2852 4432
1442 3 4292 3620 4492
1443 3 37 3859 4186
1444 3 103 37 3587
1445 3 37 103 3859
1446 3 954 37 4186
1447 3 37 488 3587
1448 3 488 37 954
1449 3 2314 293 4186
1450 3 293 2314 4821
1451 3 293 1616 2955
1452 3 1616 293 2505
1453 3 293 2955 4186
1454 3 2505 293 4821
1455 3 549 1843 4111
1456 3 1843 549 4577
1457 3 549 745 4577
1458 3 3079 805 3139
1459 3 805 1351 3139
1460 3 1366 805 2756
1461 3 1061 2140 2460
1462 3 1400 1061 2460
1463 3 1061 1400 2004
1464 3 1061 2004 3456
1465 3 3852 1317 4073
1466 3 1607 1317 3852
1467 3 1317 1607 3698
1468 3 1317 3698 4684
1469 3 1317 3521 4073
1470 3 1573 4206 4528
1471 3 3454 1573 4528
1472 3 1932 1573 3454
1473 3 1829 4151 4831
1474 3 1829 2791 4151
1475 3 2791 1829 4807
1476 3 1829 3815 4807
1477 3 3815 1829 4084
1478 3 4084 1829 4831
1479 3 2769 2085 2831
1480 3 2085 2769 3724
1481 3 3556 2085 4803
1482 3 2341 3511 4908
1483 3 3754 2853 4540
1484 3 3557 2853 3612
1485 3 3254 3109 3968
1486 3 3109 3254 4301
1487 3 4087 3877 4499
1488 3 4389 4409 4688
1489 3 3415 38 3839
1490 3 38 1661 2434
1491 3 1661 38 2241
1492 3 2241 38 3415
1493 3 967 38 2434
1494 3 38 967 3839
1495 3 1668 294 3816
1496 3 3816 294 4767
1497 3 294 2537 4767
1498 3 891 550 3360
1499 3 550 891 2248
1500 3 658 550 3850
1501 3 550 658 1503
1502 3 550 2248 3850
1503 3 550 1503 3360
1504 3 806 3612 3796
1505 3 1062 1209 1990
1506 3 1062 1990 2042
1507 3 1761 1062 3535
1508 3 1062 2042 3535
1509 3 1551 1318 3188
1510 3 3073 1574 3336
1511 3 1574 3073 4599
1512 3 3336 1574 3372
1513 3 4273 1574 4599
1514 3 2907 1830 4320
1515 3 1830 4037 4320
1516 3 2086 4272 4610
1517 3 2086 2776 4272
1518 3 3184 2342 4195
1519 3 2342 3184 4565
1520 3 4071 2342 4565
1521 3 3010 2598 4774
1522 3 2854 2980 4418
1523 3 3545 2854 4418
1524 3 3392 39 4276
1525 3 39 3221 4860
1526 3 4276 39 4860
1527 3 2268 39 3392
1528 3 39 2268 3221
1529 3 295 2932 4070
1530 3 295 2519 2932
1531 3 2519 295 4078
1532 3 295 499 4078
1533 3 499 295 2048
1534 3 2048 295 4070
1535 3 551 3356 4501
1536 3 3013 551 4501
1537 3 2138 807 3310
1538 3 886 807 2138
1539 3 807 886 1456
1540 3 807 1456 3514
1541 3 1063 1936 2239
1542 3 1936 1063 2043
1543 3 1497 1063 2239
1544 3 1063 1261 4771
1545 3 1261 1063 1497
1546 3 2043 1063 4771
1547 3 2127 1831 4916
1548 3 1831 2127 2182
1549 3 1831 2002 4916
1550 3 2087 3802 4606
1551 3 2087 3050 3802
1552 3 2590 2343 3345
1553 3 3060 2343 4376
1554 3 2601 2599 4618
1555 3 2599 2601 4721
1556 3 4141 2599 4721
1557 3 2855 4214 4734
1558 3 2855 3032 4214
1559 3 4766 4391 4863
1560 3 3701 40 4900
1561 3 890 40 1740
1562 3 40 890 3313
1563 3 1146 40 3701
1564 3 40 1146 1740
1565 3 40 3313 4900
1566 3 1824 296 4293
1567 3 2210 296 3652
1568 3 441 296 1824
1569 3 296 441 3652
1570 3 1509 296 2210
1571 3 296 1509 4293
1572 3 1376 552 4872
1573 3 552 1376 1423
1574 3 1258 552 1423
1575 3 552 1258 1698
1576 3 808 2580 3332
1577 3 2580 808 4390
1578 3 4390 808 4404
1579 3 808 2090 4404
1580 3 2090 808 2909
1581 3 2909 808 3332
1582 3 2844 1064 2896
1583 3 1064 2844 4505
1584 3 2896 1064 4762
1585 3 1320 1413 1585
1586 3 1413 1320 2914
1587 3 2608 1832 4925
1588 3 1832 3483 4925
1589 3 1832 2985 3483
1590 3 2985 1832 3513
1591 3 2088 2903 4129
1592 3 3136 2344 3886
1593 3 2344 3503 3886
1594 3 2856 4015 4316
1595 3 4024 2856 4029
1596 3 4029 2856 4316
1597 3 3112 3603 4688
1598 3 3603 3112 4733
1599 3 3609 3112 4692
1600 3 3112 4688 4692
1601 3 3517 3112 3609
1602 3 3112 3517 4733
1603 3 3384 3368 3876
1604 3 1281 41 1354
1605 3 41 1281 3251
1606 3 1354 41 1566
1607 3 41 596 1449
1608 3 596 41 3251
1609 3 41 1449 1566
1610 3 3942 297 4135
1611 3 297 3737 4135
1612 3 1726 297 3942
1613 3 297 1726 3740
1614 3 297 1024 3737
1615 3 1024 297 3740
1616 3 553 630 3249
1617 3 553 1157 3383
1618 3 2118 809 4030
1619 3 809 2118 3271
1620 3 809 3435 4596
1621 3 4030 809 4596
1622 3 809 2011 3435
1623 3 2011 809 3271
1624 3 1079 1065 2577
1625 3 1065 1079 3765
1626 3 1065 2433 2534
1627 3 2433 1065 2560
1628 3 1065 2534 2577
1629 3 2560 1065 3765
1630 3 1321 3187 4477
1631 3 1946 1321 4477
1632 3 1321 2009 3187
1633 3 1577 4153 4533
1634 3 1577 3961 4931
1635 3 3961 1577 4533
1636 3 3021 1577 4931
1637 3 1577 3021 4809
1638 3 1833 1871 4725
1639 3 1871 1833 2541
1640 3 3736 1833 4725
1641 3 2089 3546 4909
1642 3 3546 2089 4748
1643 3 3553 2089 4909
1644 3 2857 2891 3588
1645 3 3113 4000 4081
1646 3 3369 4554 4848
1647 3 4330 3369 4848
1648 3 42 3281 4421
1649 3 3281 42 3820
1650 3 2258 42 4421
1651 3 42 468 4265
1652 3 468 42 2258
1653 3 3820 42 4265
1654 3 298 1624 3426
1655 3 1624 298 1691
1656 3 2152 298 3426
1657 3 1173 298 2152
1658 3 298 1173 2222
1659 3 1691 298 2222
1660 3 554 584 4708
1661 3 584 554 617
1662 3 617 554 4074
1663 3 4074 554 4234
1664 3 1904 810 2202
1665 3 810 1904 2783
1666 3 2202 810 4131
1667 3 810 2783 4075
1668 3 1306 1066 4685
1669 3 1066 4381 4479
1670 3 1066 4479 4685
1671 3 2979 1322 4778
1672 3 1322 2979 4033
1673 3 1322 4033 4428
1674 3 1322 2511 4778
1675 3 2682 1834 4003
1676 3 2346 3620 4657
1677 3 3684 2346 4657
1678 3 3857 2602 4896
1679 3 2871 2602 3857
1680 3 4349 3626 4353
1681 3 4138 4645 4778
1682 3 4333 4138 4778
1683 3 4138 4333 4858
1684 3 43 1811 3827
1685 3 43 292 1811
1686 3 292 43 484
1687 3 43 697 1809
1688 3 697 43 3827
1689 3 484 43 1809
1690 3 821 299 1037
1691 3 299 821 1536
1692 3 299 887 1037
1693 3 680 299 4422
1694 3 299 680 887
1695 3 299 1536 4422
1696 3 555 2092 2102
1697 3 2092 555 2438
1698 3 555 2102 3847
1699 3 3530 555 3847
1700 3 1584 811 4346
1701 3 811 843 2899
1702 3 843 811 1701
1703 3 811 2899 4346
1704 3 2842 1067 4451
1705 3 4451 1067 4862
1706 3 3759 1067 4056
1707 3 1067 3759 4862
1708 3 2827 1323 3418
1709 3 1323 2827 3818
1710 3 3405 1323 3818
1711 3 2684 1323 3405
1712 3 1323 2684 3027
1713 3 1323 3027 3418
1714 3 1593 1579 4677
1715 3 1579 3780 4677
1716 3 1835 2829 3862
1717 3 2829 1835 3733
1718 3 1835 3443 3733
1719 3 3904 2603 4027
1720 3 2859 4017 4319
1721 3 3115 3167 3926
1722 3 3167 3115 4571
1723 3 4162 3371 4797
1724 3 4107 3883 4587
1725 3 3657 44 4415
1726 3 44 2384 4213
1727 3 44 4213 4282
1728 3 44 4282 4415
1729 3 2260 44 3657
1730 3 300 369 4011
1731 3 369 300 1738
1732 3 1938 300 4185
1733 3 300 1938 2155
1734 3 300 4011 4185
1735 3 1738 300 2155
1736 3 1173 556 2386
1737 3 556 1173 4808
1738 3 556 1999 2386
1739 3 3824 556 4808
1740 3 812 2858 4109
1741 3 1126 1068 1185
1742 3 1185 1068 4789
1743 3 1899 1324 3745
1744 3 1731 1324 1899
1745 3 2575 1580 4637
1746 3 1580 2575 2945
1747 3 1580 2845 4637
1748 3 2845 1580 4400
1749 3 1580 2435 4400
1750 3 2435 1580 2945
1751 3 1836 2070 4763
1752 3 4457 1836 4763
1753 3 2102 2092 3474
1754 3 2092 2438 2881
1755 3 4180 2348 4541
1756 3 2693 2348 2822
1757 3 2348 2693 4541
1758 3 3256 2348 4180
1759 3 3094 2604 3629
1760 3 3170 2604 4904
1761 3 2604 3170 3198
1762 3 2604 3198 3629
1763 3 1090 45 3103
1764 3 45 1090 3240
1765 3 45 3430 4383
1766 3 45 166 3103
1767 3 166 45 4383
1768 3 45 3240 3430
1769 3 301 2108 3967
1770 3 3657 301 3967
1771 3 301 1945 2108
1772 3 301 1460 1945
1773 3 450 301 3657
1774 3 301 450 1460
1775 3 1852 557 3739
1776 3 557 919 3739
1777 3 919 557 1751
1778 3 557 723 2321
1779 3 723 557 1852
1780 3 1751 557 2321
1781 3 2096 813 2445
1782 3 813 2096 4308
1783 3 813 2008 2445
1784 3 2008 813 4031
1785 3 2156 1069 3744
1786 3 1069 1183 2690
1787 3 1325 2956 2987
1788 3 2515 1325 3708
1789 3 1581 2742 3797
1790 3 2742 1581 2789
1791 3 2763 1581 3797
1792 3 1837 2377 4781
1793 3 1837 2527 2717
1794 3 2527 1837 4781
1795 3 3413 2093 4696
1796 3 2093 3171 4696
1797 3 3171 2093 3281
1798 3 3281 2093 4421
1799 3 2271 2093 3413
1800 3 2093 2271 2558
1801 3 2093 2558 4421
1802 3 2349 3143 4137
1803 3 3143 2349 4022
1804 3 3007 2605 4125
1805 3 4461 3885 4616
1806 3 46 2933 4407
1807 3 2933 46 3558
1808 3 46 1985 4398
1809 3 1985 46 3026
1810 3 3026 46 4407
1811 3 3558 46 4398
1812 3 302 1622 4738
1813 3 1622 302 2553
1814 3 302 2405 3196
1815 3 2405 302 4578
1816 3 4578 302 4738
1817 3 2553 302 3196
1818 3 2332 558 2860
1819 3 558 2332 3821
1820 3 558 3809 4628
1821 3 3809 558 3821
1822 3 814 2145 3562
1823 3 814 1385 2145
1824 3 1385 814 4082
1825 3 814 948 3786
1826 3 948 814 3562
1827 3 814 3786 4082
1828 3 1070 2325 2821
1829 3 1769 1070 2754
1830 3 2342 1582 4195
1831 3 1633 1582 2106
1832 3 1582 1633 4195
1833 3 1838 3354 4917
1834 3 3369 2094 4644
1835 3 2094 3369 4330
1836 3 3944 2094 4330
1837 3 2606 4410 4858
1838 3 4333 2606 4858
1839 3 2862 3934 4086
1840 3 145 47 671
1841 3 47 145 3058
1842 3 671 47 4736
1843 3 47 2764 4736
1844 3 2764 47 3058
1845 3 303 1292 2172
1846 3 350 303 4098
1847 3 303 350 1292
1848 3 303 2172 3579
1849 3 303 3579 4098
1850 3 2305 559 3920
1851 3 559 2098 3920
1852 3 2098 559 2669
1853 3 2153 559 2305
1854 3 1555 815 1974
1855 3 815 1555 3286
1856 3 815 1316 2154
1857 3 1316 815 3286
1858 3 1071 1782 4163
1859 3 1782 1071 2659
1860 3 1327 2078 4907
1861 3 2078 1327 2999
1862 3 1327 2952 2999
1863 3 4490 1327 4590
1864 3 4590 1327 4907
1865 3 1583 1943 4265
1866 3 1943 1583 4536
1867 3 1839 2336 4926
1868 3 2336 1839 4833
1869 3 1839 4431 4833
1870 3 4431 1839 4838
1871 3 2095 3843 4893
1872 3 4285 2095 4893
1873 3 2607 3387 4621
1874 3 3387 2607 3830
1875 3 3830 2607 3986
1876 3 3091 2863 3667
1877 3 4045 2863 4474
1878 3 3259 3119 4290
1879 3 3375 3592 3767
1880 3 3645 3375 3767
1881 3 48 2151 4260
1882 3 2151 48 3003
1883 3 48 933 4004
1884 3 933 48 3786
1885 3 3003 48 4004
1886 3 3786 48 4260
1887 3 304 2566 4228
1888 3 304 2603 2918
1889 3 2603 304 4027
1890 3 4027 304 4228
1891 3 304 992 2566
1892 3 992 304 2918
1893 3 560 1548 3078
1894 3 1548 560 4075
1895 3 560 2394 3825
1896 3 560 672 4075
1897 3 672 560 3825
1898 3 2011 560 3078
1899 3 560 2011 2394
1900 3 816 1376 3397
1901 3 1376 816 1423
1902 3 1423 816 4719
1903 3 1492 816 3397
1904 3 2616 1072 2937
1905 3 1072 1730 2937
1906 3 3952 1328 4805
1907 3 2730 1328 3952
1908 3 1328 2730 3071
1909 3 2499 1328 3071
1910 3 3908 1584 4346
1911 3 3470 1840 3781
1912 3 3781 1840 3836
1913 3 2096 4360 4948
1914 3 4308 2096 4948
1915 3 2352 2939 4846
1916 3 3155 2608 4925
1917 3 2864 3723 4670
1918 3 3120 3277 3971
1919 3 3435 3376 4537
1920 3 49 2821 3593
1921 3 49 1070 2821
1922 3 1070 49 2754
1923 3 2438 49 3593
1924 3 234 49 2438
1925 3 49 234 2754
1926 3 305 1539 3166
1927 3 305 3166 4898
1928 3 2048 305 4898
1929 3 848 561 1558
1930 3 561 848 2441
1931 3 858 561 2441
1932 3 3642 817 4187
1933 3 817 3642 4028
1934 3 817 2940 4187
1935 3 817 2734 2940
1936 3 2734 817 3502
1937 3 1605 1073 4034
1938 3 1073 1381 1723
1939 3 1073 4014 4796
1940 3 1073 1723 4014
1941 3 4034 1073 4796
1942 3 4114 1329 4798
1943 3 2132 1329 4114
1944 3 4436 1329 4716
1945 3 1329 4436 4798
1946 3 2665 1841 4866
1947 3 1841 2665 3309
1948 3 3900 2097 4223
1949 3 2097 3900 4559
1950 3 2097 4559 4651
1951 3 3002 2353 3276
1952 3 2353 3002 3064
1953 3 2353 3018 3442
1954 3 3276 2353 3442
1955 3 4452 2865 4576
1956 3 2865 4257 4566
1957 3 3422 3121 4564
1958 3 3633 4191 4729
1959 3 4191 3633 4300
1960 3 3633 4729 4875
1961 3 4013 3633 4875
1962 3 3889 3900 4223
1963 3 3900 3889 4010
1964 3 1039 50 4951
1965 3 3863 50 3954
1966 3 50 3110 3954
1967 3 828 50 1039
1968 3 50 828 3110
1969 3 2943 50 3863
1970 3 50 2943 4951
1971 3 1609 306 3999
1972 3 306 3256 3999
1973 3 997 306 1609
1974 3 306 997 4089
1975 3 306 1017 3256
1976 3 1017 306 4089
1977 3 562 1175 2176
1978 3 1175 562 2264
1979 3 2264 562 4655
1980 3 562 730 4655
1981 3 818 2830 4420
1982 3 2830 818 4504
1983 3 818 3713 4391
1984 3 3713 818 4420
1985 3 3793 818 4391
1986 3 818 3793 4504
1987 3 1556 1074 4944
1988 3 1074 1556 4078
1989 3 1074 3618 4944
1990 3 1330 2000 3969
1991 3 3555 1330 3969
1992 3 3979 1586 4906
1993 3 2556 1586 3042
1994 3 3335 1842 4023
1995 3 1842 3924 4023
1996 3 1842 2526 4472
1997 3 3920 2098 4322
1998 3 2098 2669 2739
1999 3 2370 2354 4774
2000 3 2354 3280 4955
2001 3 3378 3526 4077
2002 3 51 3161 3479
2003 3 3161 51 4066
2004 3 51 2691 4066
2005 3 51 3479 4040
2006 3 51 1758 2691
2007 3 1758 51 4040
2008 3 1877 307 1973
2009 3 1694 307 1877
2010 3 307 1694 3831
2011 3 1973 307 3789
2012 3 2853 563 3612
2013 3 563 2853 3754
2014 3 563 2984 3612
2015 3 2984 563 4845
2016 3 563 4264 4845
2017 3 563 3754 4264
2018 3 819 1308 3192
2019 3 1308 819 2503
2020 3 819 2652 3616
2021 3 2503 819 3616
2022 3 1075 1674 2204
2023 3 1674 1075 3547
2024 3 1075 2204 3310
2025 3 1075 3044 3547
2026 3 1331 3871 4783
2027 3 4454 1331 4600
2028 3 2923 1331 4783
2029 3 1331 2923 4600
2030 3 1587 1726 3942
2031 3 3066 1587 3942
2032 3 4341 2099 4681
2033 3 2704 2355 2861
2034 3 2355 2704 3319
2035 3 2611 3438 4747
2036 3 2611 2999 3438
2037 3 3311 2867 3389
2038 3 3172 3123 3576
2039 3 3123 3172 4604
2040 3 3123 4257 4660
2041 3 4257 3123 4566
2042 3 4566 3123 4604
2043 3 3576 3123 4660
2044 3 3720 3635 4513
2045 3 52 2631 3216
2046 3 3196 52 3216
2047 3 1927 52 2491
2048 3 2491 52 3196
2049 3 52 975 2631
2050 3 975 52 1927
2051 3 308 1649 1903
2052 3 1649 308 4041
2053 3 308 885 4041
2054 3 564 4713 4837
2055 3 564 1648 2649
2056 3 1648 564 4563
2057 3 564 2978 4713
2058 3 2252 564 2649
2059 3 564 2252 2978
2060 3 4563 564 4837
2061 3 820 1122 4890
2062 3 1122 820 1619
2063 3 2993 820 4890
2064 3 820 2993 4146
2065 3 3103 1076 3305
2066 3 3305 1076 4377
2067 3 1076 2796 4377
2068 3 1332 2846 4605
2069 3 1332 1877 2846
2070 3 1877 1332 3938
2071 3 4211 1332 4605
2072 3 1588 2125 2580
2073 3 1588 1748 2627
2074 3 1844 2466 4478
2075 3 2100 2223 2766
2076 3 2223 2100 3542
2077 3 2100 2766 4664
2078 3 2100 3048 3542
2079 3 2974 2356 3183
2080 3 2799 2356 2974
2081 3 2356 2799 4595
2082 3 2612 4293 4312
2083 3 3380 3982 4493
2084 3 1585 53 2729
2085 3 53 1585 2290
2086 3 53 867 2729
2087 3 867 53 1707
2088 3 1707 53 4312
2089 3 53 2290 4312
2090 3 1887 309 4051
2091 3 309 1887 3037
2092 3 309 758 4051
2093 3 758 309 2025
2094 3 565 2080 3380
2095 3 2080 565 2220
2096 3 565 3380 3766
2097 3 565 3766 4026
2098 3 565 1536 2220
2099 3 1536 565 4026
2100 3 821 1037 4802
2101 3 2220 821 3082
2102 3 1536 821 2220
2103 3 2064 1077 3250
2104 3 3347 1077 4128
2105 3 1077 3347 3746
2106 3 3250 1077 3746
2107 3 2063 1333 4715
2108 3 1333 2063 3536
2109 3 1333 3663 4715
2110 3 3663 1333 3989
2111 3 3354 1589 4917
2112 3 1589 4309 4917
2113 3 1845 3732 4800
2114 3 2357 2611 4747
2115 3 2807 2357 4747
2116 3 2613 2681 3280
2117 3 3088 2869 3133
2118 3 3554 2869 4243
2119 3 4601 3125 4739
2120 3 4405 4542 4791
2121 3 54 1813 2750
2122 3 1813 54 2506
2123 3 4276 54 4408
2124 3 54 438 4408
2125 3 438 54 2750
2126 3 2506 54 4276
2127 3 2847 310 4525
2128 3 310 3634 4315
2129 3 310 4419 4525
2130 3 310 4315 4419
2131 3 2015 310 2847
2132 3 310 2015 3634
2133 3 566 820 4146
2134 3 820 566 1619
2135 3 1619 566 2412
2136 3 1962 566 4146
2137 3 566 1962 2412
2138 3 822 1068 2667
2139 3 1068 822 4789
2140 3 822 2667 3542
2141 3 1698 822 3048
2142 3 3048 822 3542
2143 3 1258 822 1698
2144 3 822 1258 4789
2145 3 1078 3368 3384
2146 3 3143 1078 3384
2147 3 2917 1078 3143
2148 3 1078 2463 3368
2149 3 1193 1078 2917
2150 3 1078 1193 2463
2151 3 1334 3088 3133
2152 3 3088 1334 3987
2153 3 1860 1334 3133
2154 3 1389 1334 1860
2155 3 1334 1389 4691
2156 3 2705 1334 4691
2157 3 1334 2705 3987
2158 3 2369 1590 4927
2159 3 1590 3669 4930
2160 3 2760 1846 4474
2161 3 2102 2877 3847
2162 3 2877 2102 3474
2163 3 2614 4668 4840
2164 3 2870 4372 4641
2165 3 4372 2870 4852
2166 3 3126 3632 4935
2167 3 55 197 988
2168 3 197 55 2018
2169 3 55 988 3853
2170 3 2018 55 3325
2171 3 3325 55 3853
2172 3 311 3145 3531
2173 3 311 2919 3145
2174 3 311 2455 2919
2175 3 2986 311 3531
2176 3 2055 567 3858
2177 3 567 2055 4501
2178 3 567 3852 4450
2179 3 3852 567 4501
2180 3 823 2856 4024
2181 3 1079 2577 4678
2182 3 1079 3232 3765
2183 3 3000 1079 4678
2184 3 1079 3000 3232
2185 3 1335 3395 4012
2186 3 3459 1335 4012
2187 3 1335 1414 3395
2188 3 1986 1335 3459
2189 3 1591 4459 4690
2190 3 4459 1591 4777
2191 3 3830 1591 4690
2192 3 1591 3830 3986
2193 3 2419 1847 3353
2194 3 1847 2419 3467
2195 3 1847 3467 4203
2196 3 4009 1847 4203
2197 3 2603 2103 2918
2198 3 2103 2603 3994
2199 3 2359 3296 4381
2200 3 2666 2615 4634
2201 3 2615 4338 4634
2202 3 2871 4440 4817
2203 3 2871 3239 4440
2204 3 3127 3282 4099
2205 3 4245 3639 4438
2206 3 2391 56 3874
2207 3 56 2391 4050
2208 3 665 56 4050
2209 3 56 665 4826
2210 3 56 3563 3874
2211 3 3563 56 4826
2212 3 3349 312 4932
2213 3 2895 312 3349
2214 3 312 4702 4883
2215 3 449 312 4883
2216 3 312 449 4932
2217 3 506 312 2895
2218 3 312 506 4702
2219 3 568 4150 4568
2220 3 1152 568 4481
2221 3 568 1152 3289
2222 3 568 2489 4481
2223 3 2489 568 4568
2224 3 568 3289 4150
2225 3 1393 824 3203
2226 3 824 1393 1941
2227 3 3203 824 4773
2228 3 824 1941 4753
2229 3 1406 1080 4018
2230 3 1080 1406 4335
2231 3 1209 1080 4335
2232 3 1592 1991 4201
2233 3 1848 2591 3561
2234 3 1848 3388 4912
2235 3 3388 1848 3561
2236 3 2934 2360 3726
2237 3 3726 2360 4719
2238 3 2473 2360 2934
2239 3 2360 2473 4789
2240 3 2872 4448 4698
2241 3 3001 2872 3056
2242 3 3056 2872 4698
2243 3 2872 4344 4448
2244 3 3128 3343 4503
2245 3 3783 3128 4307
2246 3 4307 3128 4503
2247 3 3896 4208 4579
2248 3 4214 4152 4766
2249 3 57 4361 4622
2250 3 1578 57 4836
2251 3 2876 57 4622
2252 3 57 2876 4836
2253 3 57 2951 4361
2254 3 751 57 1578
2255 3 57 751 2951
2256 3 1350 313 4357
2257 3 313 1350 4489
2258 3 313 696 3860
2259 3 696 313 4489
2260 3 313 754 4357
2261 3 754 313 3860
2262 3 3158 569 3213
2263 3 3213 569 3262
2264 3 569 1481 3262
2265 3 2209 825 4545
2266 3 4545 825 4591
2267 3 825 2017 4591
2268 3 1081 2057 4430
2269 3 2617 1081 4430
2270 3 1081 1239 2057
2271 3 1239 1081 1341
2272 3 3742 1337 3788
2273 3 3788 1337 3947
2274 3 1337 3278 4219
2275 3 3278 1337 3742
2276 3 3412 1593 4677
2277 3 2454 1593 3412
2278 3 2879 1849 4744
2279 3 1849 2879 3578
2280 3 1849 3578 4287
2281 3 2105 2911 3597
2282 3 2361 2678 4513
2283 3 4345 2361 4513
2284 3 2617 3658 4112
2285 3 3658 2617 4675
2286 3 2617 4430 4675
2287 3 2873 3975 4586
2288 3 2873 4586 4615
2289 3 3893 3385 4258
2290 3 3641 4289 4294
2291 3 4688 4409 4692
2292 3 58 2064 3538
2293 3 58 1077 2064
2294 3 1077 58 4128
2295 3 58 403 4128
2296 3 403 58 4063
2297 3 58 3538 4063
2298 3 1313 314 2341
2299 3 314 1313 4249
2300 3 2341 314 3511
2301 3 314 1212 3511
2302 3 1212 314 3273
2303 3 3273 314 4249
2304 3 1855 570 2164
2305 3 570 1855 2454
2306 3 570 3412 3715
2307 3 570 2454 3412
2308 3 570 1976 2164
2309 3 1976 570 3715
2310 3 3956 826 4119
2311 3 826 3956 4208
2312 3 3836 826 4208
2313 3 2628 1082 4684
2314 3 1082 2628 3690
2315 3 1338 3292 3656
2316 3 2273 1338 3656
2317 3 1886 1594 3595
2318 3 1594 1886 2492
2319 3 4704 1850 4861
2320 3 1850 3287 4877
2321 3 1850 2039 3287
2322 3 4861 1850 4877
2323 3 2106 4221 4626
2324 3 4295 2106 4626
2325 3 2582 2362 3977
2326 3 2362 3031 4235
2327 3 2362 3061 3977
2328 3 3061 2362 4235
2329 3 2858 2618 4109
2330 3 2618 3682 4109
2331 3 3084 2874 3797
2332 3 2874 3448 3797
2333 3 3819 3130 3914
2334 3 4028 3642 4953
2335 3 3898 4047 4739
2336 3 1813 59 3585
2337 3 59 1813 2506
2338 3 1898 59 2506
2339 3 59 1898 2518
2340 3 59 1677 3585
2341 3 59 968 1677
2342 3 968 59 2518
2343 3 2858 315 3893
2344 3 812 315 2858
2345 3 315 3385 3893
2346 3 315 1686 3385
2347 3 507 315 812
2348 3 315 507 1686
2349 3 571 1618 4730
2350 3 1780 571 4730
2351 3 571 1780 3837
2352 3 571 3837 3964
2353 3 827 2052 2136
2354 3 955 827 4154
2355 3 1342 1083 4519
2356 3 1083 1729 4519
2357 3 1339 2341 4908
2358 3 2341 1339 4032
2359 3 1841 1339 4908
2360 3 1339 1841 3309
2361 3 1595 4680 4848
2362 3 1595 2163 4680
2363 3 2163 1595 3761
2364 3 3761 1595 4352
2365 3 4554 1595 4848
2366 3 4352 1595 4554
2367 3 1925 1851 2401
2368 3 1851 1925 2441
2369 3 2107 2573 4283
2370 3 2439 2107 4283
2371 3 2619 3529 3614
2372 3 2875 3066 3949
2373 3 3131 3181 4226
2374 3 3131 4226 4945
2375 3 3474 3131 4945
2376 3 3387 3599 4621
2377 3 3387 3830 4237
2378 3 3792 3643 4231
2379 3 60 2921 4484
2380 3 2921 60 3976
2381 3 2158 60 4484
2382 3 171 60 2158
2383 3 60 171 1713
2384 3 60 1713 3976
2385 3 3842 316 4709
2386 3 316 3710 4709
2387 3 316 2713 3710
2388 3 2206 316 3842
2389 3 316 2206 2713
2390 3 572 573 4740
2391 3 573 572 2045
2392 3 872 572 1384
2393 3 572 872 2045
2394 3 1384 572 4715
2395 3 4715 572 4740
2396 3 828 1039 1644
2397 3 828 3106 3110
2398 3 3106 828 3751
2399 3 828 1644 3751
2400 3 1084 2054 2578
2401 3 2054 1084 3628
2402 3 1340 1596 3565
2403 3 1340 2884 4358
2404 3 2884 1340 3565
2405 3 1596 2129 3242
2406 3 1948 1596 3242
2407 3 1596 1948 3565
2408 3 1852 1953 3617
2409 3 2108 3693 4417
2410 3 3967 2108 4417
2411 3 2364 2894 3775
2412 3 2364 2548 2894
2413 3 2548 2364 3704
2414 3 2620 3343 4822
2415 3 2620 3961 4533
2416 3 3961 2620 4822
2417 3 3388 4419 4912
2418 3 4419 3388 4525
2419 3 3388 4242 4525
2420 3 3388 3561 4242
2421 3 537 61 1309
2422 3 61 537 2350
2423 3 1309 61 2153
2424 3 61 2350 2373
2425 3 61 2373 2550
2426 3 61 396 2153
2427 3 396 61 2550
2428 3 317 321 2194
2429 3 321 317 768
2430 3 317 4217 4380
2431 3 653 317 4380
2432 3 317 653 768
2433 3 317 2194 4217
2434 3 2113 573 3707
2435 3 573 2113 4740
2436 3 573 640 3707
2437 3 640 573 2045
2438 3 829 3097 3992
2439 3 829 1608 3097
2440 3 3408 829 4328
2441 3 829 3992 4328
2442 3 1737 829 3408
2443 3 3903 1085 4819
2444 3 1378 1085 3903
2445 3 1085 1378 2002
2446 3 1085 4592 4819
2447 3 1377 1341 1753
2448 3 1341 1708 4094
2449 3 1753 1341 4094
2450 3 3889 1597 4010
2451 3 2110 1597 3889
2452 3 4381 1853 4479
2453 3 3296 1853 4381
2454 3 2365 4436 4716
2455 3 2365 2809 4933
2456 3 2809 2365 4716
2457 3 2621 4389 4688
2458 3 3152 2621 4688
2459 3 2621 3152 3488
2460 3 2621 3984 4389
2461 3 3984 2621 4732
2462 3 2621 3488 4732
2463 3 3338 62 3728
2464 3 62 67 3117
2465 3 67 62 2375
2466 3 2375 62 3338
2467 3 1184 62 3117
2468 3 62 1184 3728
2469 3 318 811 1584
2470 3 811 318 1701
2471 3 390 318 1584
2472 3 318 390 1878
2473 3 1701 318 1711
2474 3 1711 318 1878
2475 3 1346 574 4673
2476 3 574 1346 1977
2477 3 574 2176 4569
2478 3 574 4569 4673
2479 3 830 886 4145
2480 3 886 830 1456
2481 3 830 1921 3398
2482 3 1921 830 2251
2483 3 1456 830 3398
2484 3 2251 830 4145
2485 3 4175 1086 4886
2486 3 1086 4175 4317
2487 3 1086 3778 4886
2488 3 1086 1774 3778
2489 3 1774 1086 4317
2490 3 1342 1861 3858
2491 3 1598 2679 3220
2492 3 1598 3220 3791
2493 3 1598 3791 4040
2494 3 1598 2030 2679
2495 3 1854 4379 4617
2496 3 2892 1854 4617
2497 3 1854 2892 3559
2498 3 1854 3519 4379
2499 3 3519 1854 3559
2500 3 2330 2110 2660
2501 3 3577 2110 3889
2502 3 4280 2366 4737
2503 3 2622 3241 3997
2504 3 3646 4194 4769
2505 3 3646 3764 4366
2506 3 3764 3646 4224
2507 3 63 2367 2467
2508 3 2367 63 4835
2509 3 1872 63 2467
2510 3 136 63 1416
2511 3 63 136 4835
2512 3 1416 63 1872
2513 3 319 2349 4425
2514 3 2349 319 4022
2515 3 944 319 4425
2516 3 472 319 944
2517 3 575 1098 3181
2518 3 2910 575 4510
2519 3 575 3181 4510
2520 3 2808 575 2910
2521 3 831 1295 3175
2522 3 831 870 1295
2523 3 1390 1087 3007
2524 3 1087 1390 2040
2525 3 1343 2240 3861
2526 3 1855 2164 4361
2527 3 2454 1855 4524
2528 3 2461 1855 4361
2529 3 1855 2461 4524
2530 3 2623 3103 3305
2531 3 2623 3645 3767
2532 3 2623 3305 3645
2533 3 3119 2879 4290
2534 3 4290 2879 4744
2535 3 3652 3391 3913
2536 3 3913 3391 4238
2537 3 64 267 2619
2538 3 267 64 3185
2539 3 3185 64 4302
2540 3 1409 64 2619
2541 3 64 666 4447
2542 3 666 64 1409
2543 3 4302 64 4447
2544 3 320 4138 4858
2545 3 4410 320 4858
2546 3 320 2683 4138
2547 3 320 956 2683
2548 3 956 320 2788
2549 3 2788 320 4410
2550 3 576 2067 3882
2551 3 602 576 3495
2552 3 576 602 2296
2553 3 3495 576 3882
2554 3 832 2080 2220
2555 3 1093 832 3082
2556 3 832 1093 2374
2557 3 832 1944 2080
2558 3 1944 832 2374
2559 3 832 2220 3082
2560 3 1307 1088 1728
2561 3 1728 1088 4718
2562 3 2170 1344 3008
2563 3 1344 2170 3569
2564 3 4225 1344 4711
2565 3 3008 1344 4225
2566 3 1344 3569 4711
2567 3 1600 2681 4656
2568 3 2681 1600 3711
2569 3 2176 2112 4569
2570 3 2112 2945 4868
2571 3 2112 2435 2945
2572 3 4569 2112 4868
2573 3 3726 2368 4905
2574 3 2368 3726 4719
2575 3 2368 2447 4905
2576 3 3392 4276 4408
2577 3 65 863 3382
2578 3 863 65 4756
2579 3 1933 65 3382
2580 3 65 1933 4187
2581 3 3755 65 4187
2582 3 65 3755 4756
2583 3 2678 321 3219
2584 3 2194 321 2678
2585 3 3219 321 4183
2586 3 321 768 4183
2587 3 4119 577 4267
2588 3 577 3637 4267
2589 3 577 618 4111
2590 3 618 577 4119
2591 3 1058 833 4062
2592 3 1124 833 2749
2593 3 833 1124 3534
2594 3 833 3534 4062
2595 3 4177 1089 4196
2596 3 1634 1089 4061
2597 3 1089 3571 4196
2598 3 1345 3480 4359
2599 3 2317 1601 3879
2600 3 1601 1754 3879
2601 3 1857 3933 4397
2602 3 1857 2192 3933
2603 3 2005 1857 3346
2604 3 1857 2005 2192
2605 3 2966 2369 3492
2606 3 2625 3761 4352
2607 3 2625 2747 3761
2608 3 3334 3137 4395
2609 3 4117 3393 4465
2610 3 2065 66 3134
2611 3 66 2065 2927
2612 3 66 1889 3134
2613 3 1889 66 3695
2614 3 962 66 2927
2615 3 66 962 3695
2616 3 322 3949 4135
2617 3 322 3714 3949
2618 3 3714 322 4035
2619 3 3727 322 4240
2620 3 322 3727 4035
2621 3 3737 322 4135
2622 3 322 3737 4240
2623 3 578 2874 3084
2624 3 2874 578 4366
2625 3 578 3646 4366
2626 3 3646 578 4194
2627 3 2411 578 3084
2628 3 578 2411 4194
2629 3 2888 834 3246
2630 3 2236 834 2440
2631 3 834 2236 3246
2632 3 1469 834 2888
2633 3 834 1469 2440
2634 3 2623 1090 3103
2635 3 1090 2623 3767
2636 3 1625 1346 2592
2637 3 1498 1346 1625
2638 3 1346 1498 1977
2639 3 1602 4563 4837
2640 3 1602 3302 4563
2641 3 2846 1858 4605
2642 3 3024 1858 3132
2643 3 2046 1858 2846
2644 3 1858 2046 3132
2645 3 2408 2114 3211
2646 3 2114 2408 4594
2647 3 3211 2114 4188
2648 3 2598 2370 4774
2649 3 2626 3494 3837
2650 3 2882 3291 4133
2651 3 4360 3138 4948
2652 3 4166 3394 4527
2653 3 3394 4233 4527
2654 3 4221 3650 4626
2655 3 4544 4162 4797
2656 3 4162 4544 4853
2657 3 3117 67 4124
2658 3 67 2205 4124
2659 3 1706 67 2375
2660 3 67 1706 2205
2661 3 323 2327 4762
2662 3 1064 323 4762
2663 3 383 323 1064
2664 3 323 383 474
2665 3 323 1696 2327
2666 3 323 474 1696
2667 3 1044 579 3379
2668 3 579 1044 3553
2669 3 579 1908 3379
2670 3 1908 579 3288
2671 3 579 983 3288
2672 3 983 579 3553
2673 3 2058 835 3536
2674 3 1333 835 3989
2675 3 835 1333 3536
2676 3 835 1237 3989
2677 3 1237 835 1521
2678 3 1521 835 2058
2679 3 2848 1091 4290
2680 3 3259 1091 4354
2681 3 1091 3259 4290
2682 3 1091 1476 4354
2683 3 1347 2217 4190
2684 3 3677 1603 4871
2685 3 4436 1859 4798
2686 3 2115 2399 3525
2687 3 2820 2371 4248
2688 3 2371 2883 3948
2689 3 2371 3948 4072
2690 3 2371 4072 4248
2691 3 3560 2627 4126
2692 3 2627 3560 3580
2693 3 68 4198 4504
2694 3 2481 68 4152
2695 3 68 2481 4198
2696 3 68 3793 4152
2697 3 3793 68 4504
2698 3 3721 324 4150
2699 3 324 3721 4342
2700 3 324 404 2578
2701 3 404 324 4342
2702 3 1275 324 2578
2703 3 324 1275 4150
2704 3 580 595 3712
2705 3 595 580 1734
2706 3 2388 580 2655
2707 3 2655 580 3712
2708 3 1734 580 2388
2709 3 836 1657 2961
2710 3 1657 836 3796
2711 3 836 2961 4844
2712 3 1092 2600 2875
2713 3 2600 1092 3168
2714 3 1092 2875 3949
2715 3 3168 1092 4792
2716 3 3714 1092 3949
2717 3 1092 3714 4792
2718 3 1348 2878 2899
2719 3 2191 1348 3189
2720 3 1604 3424 3520
2721 3 2232 1604 3520
2722 3 1604 1996 3424
2723 3 1996 1604 3722
2724 3 2561 1860 2926
2725 3 2372 2668 4034
2726 3 2938 2372 4131
2727 3 2884 2904 4358
2728 3 2904 2884 4061
2729 3 2884 3565 4061
2730 3 69 778 3586
2731 3 778 69 2391
2732 3 2391 69 2964
2733 3 3226 69 3586
2734 3 69 969 2964
2735 3 969 69 3226
2736 3 2570 325 3851
2737 3 325 2570 4242
2738 3 325 2147 3851
2739 3 325 1252 2147
2740 3 1252 325 3561
2741 3 3561 325 4242
2742 3 1179 581 4127
2743 3 581 1179 3399
2744 3 2975 581 3399
2745 3 581 2975 4529
2746 3 581 4043 4127
2747 3 4043 581 4529
2748 3 1715 837 4376
2749 3 1093 3082 4736
2750 3 4443 1093 4736
2751 3 3543 1093 4443
2752 3 1349 3513 4498
2753 3 1605 2121 4404
2754 3 2121 1605 2668
2755 3 2668 1605 4034
2756 3 1861 2055 3858
2757 3 2055 1861 3879
2758 3 2432 2117 3964
2759 3 2492 2117 2840
2760 3 2629 2857 3394
2761 3 2857 2629 2891
2762 3 2629 3394 4166
2763 3 2891 2629 3729
2764 3 3729 2629 4166
2765 3 2885 3071 4406
2766 3 70 1328 2499
2767 3 1328 70 4805
2768 3 70 2664 4805
2769 3 70 2499 3653
2770 3 452 70 3653
2771 3 70 452 2664
2772 3 3601 326 3621
2773 3 326 3601 4168
2774 3 3621 326 3917
2775 3 326 2236 3917
2776 3 2236 326 3834
2777 3 3834 326 4168
2778 3 582 2160 3378
2779 3 2160 582 4455
2780 3 582 1204 4902
2781 3 1204 582 3378
2782 3 2870 838 4852
2783 3 838 4452 4576
2784 3 1233 838 4576
2785 3 838 1233 4852
2786 3 1302 1094 2636
2787 3 1094 1575 3821
2788 3 2636 1094 3821
2789 3 1094 1102 1575
2790 3 4170 1350 4357
2791 3 4006 1350 4170
2792 3 1350 2530 4489
2793 3 2530 1350 4006
2794 3 1837 1606 2377
2795 3 1862 2947 4570
2796 3 1975 1862 4570
2797 3 3507 2118 4030
2798 3 3274 2630 4384
2799 3 2630 4074 4384
2800 3 3550 2886 3854
2801 3 3148 3142 3154
2802 3 3142 3734 4469
2803 3 3736 3654 4393
2804 3 3654 3736 4725
2805 3 2100 71 3048
2806 3 335 71 2100
2807 3 71 335 1731
2808 3 150 71 1731
2809 3 71 150 3048
2810 3 327 3369 4644
2811 3 3369 327 4554
2812 3 327 4250 4554
2813 3 412 327 4644
2814 3 327 412 4520
2815 3 583 3094 3629
2816 3 1881 583 3629
2817 3 583 1249 3094
2818 3 1249 583 1920
2819 3 1440 839 3037
2820 3 839 1440 4603
2821 3 1095 1545 3573
2822 3 1478 1095 2801
2823 3 2801 1095 4189
2824 3 1095 3573 4189
2825 3 1383 1351 3906
2826 3 1351 1383 3139
2827 3 1960 1351 4116
2828 3 1351 1960 3906
2829 3 1607 3852 4501
2830 3 1607 3356 3698
2831 3 3356 1607 4501
2832 3 2119 4459 4777
2833 3 2375 3338 3868
2834 3 2631 4393 4853
2835 3 3216 2631 4853
2836 3 2631 3736 4393
2837 3 3143 3384 4137
2838 3 3655 4016 4674
2839 3 4546 3911 4940
2840 3 4423 4607 4771
2841 3 791 72 1846
2842 3 1846 72 4474
2843 3 72 569 3158
2844 3 72 3158 4474
2845 3 482 72 791
2846 3 72 482 569
2847 3 328 1471 2418
2848 3 1471 328 2174
2849 3 584 2836 4708
2850 3 2836 584 4323
2851 3 584 617 1485
2852 3 584 1485 4323
2853 3 840 1634 1948
2854 3 840 1948 3242
2855 3 2744 840 3242
2856 3 2034 840 2744
2857 3 1096 2349 4137
2858 3 2349 1096 4425
2859 3 1096 1632 4425
2860 3 1632 1096 4727
2861 3 1096 4298 4727
2862 3 2010 1096 4137
2863 3 1096 2010 4298
2864 3 1352 3742 4239
2865 3 3255 1352 4239
2866 3 1352 3278 3742
2867 3 3097 1608 3928
2868 3 1864 4142 4500
2869 3 4142 1864 4834
2870 3 2387 1864 4500
2871 3 2120 2863 3091
2872 3 2863 2120 4474
2873 3 2120 2760 4474
2874 3 3406 2376 3826
2875 3 2654 2376 3178
2876 3 2376 2654 3826
2877 3 3178 2376 4635
2878 3 2376 4277 4635
2879 3 4095 2632 4523
2880 3 4784 4168 4873
2881 3 73 2848 4744
2882 3 2848 73 4817
2883 3 1215 73 4744
2884 3 73 1215 1791
2885 3 73 1791 4817
2886 3 329 1033 4949
2887 3 1033 329 2136
2888 3 827 329 4154
2889 3 329 827 2136
2890 3 585 838 2870
2891 3 838 585 4452
2892 3 585 841 4452
2893 3 1131 585 2870
2894 3 585 765 841
2895 3 765 585 1131
2896 3 841 1069 2156
2897 3 1069 841 1183
2898 3 841 2156 4452
2899 3 1560 1097 2568
2900 3 1097 1560 3754
2901 3 1783 1097 3754
2902 3 1353 2609 4014
2903 3 1599 1353 1723
2904 3 1723 1353 4014
2905 3 3135 1609 4174
2906 3 1609 3999 4174
2907 3 1865 2644 3277
2908 3 2024 1865 3277
2909 3 1865 2293 2644
2910 3 2121 4390 4404
2911 3 2744 2633 4227
2912 3 3230 2889 3540
2913 3 4589 3401 4820
2914 3 74 1315 1744
2915 3 837 74 4376
2916 3 74 837 1315
2917 3 74 1744 3348
2918 3 3060 74 3348
2919 3 74 3060 4376
2920 3 330 1285 2600
2921 3 330 1174 1285
2922 3 1174 330 4679
2923 3 1458 330 2600
2924 3 330 1458 4679
2925 3 1310 586 2321
2926 3 586 1310 1576
2927 3 586 1576 3872
2928 3 586 1751 2321
2929 3 842 1312 3169
2930 3 1312 842 1532
2931 3 842 1601 2317
2932 3 1601 842 3169
2933 3 3181 1098 4226
2934 3 1354 1566 4336
2935 3 1354 2273 3656
2936 3 2273 1354 4336
2937 3 3635 1610 4513
2938 3 1610 4345 4513
2939 3 2422 1866 3778
2940 3 3778 1866 4886
2941 3 1866 4593 4886
2942 3 2398 2378 3468
2943 3 2378 2398 4757
2944 3 3146 3723 4132
2945 3 4112 3658 4463
2946 3 4129 3658 4675
2947 3 308 75 4949
2948 3 75 308 1903
2949 3 329 75 4154
2950 3 75 329 4949
2951 3 75 1903 3550
2952 3 75 1190 4154
2953 3 1190 75 3550
2954 3 3911 331 3970
2955 3 331 3911 4546
2956 3 331 3428 3970
2957 3 331 3225 3428
2958 3 3875 587 4179
2959 3 599 587 1685
2960 3 1685 587 3875
2961 3 587 744 4179
2962 3 843 1802 3189
2963 3 843 1348 2899
2964 3 1348 843 3189
2965 3 843 1701 1802
2966 3 1284 1099 3516
2967 3 1099 1284 2520
2968 3 1099 2520 4090
2969 3 1355 3890 4914
2970 3 2977 1355 4914
2971 3 3314 1611 4787
2972 3 1867 2874 4366
2973 3 2874 1867 3448
2974 3 3448 1867 4044
2975 3 3015 1867 4366
2976 3 3697 2123 4165
2977 3 2123 3002 3276
2978 3 2123 3276 4165
2979 3 2635 2941 3750
2980 3 2635 2986 3531
2981 3 3588 2891 4337
2982 3 2891 3865 4337
2983 3 3403 3903 4819
2984 3 4517 3915 4598
2985 3 4185 4171 4638
2986 3 2067 76 4233
2987 3 576 76 2067
2988 3 76 576 2296
2989 3 1942 76 2315
2990 3 76 1942 4233
2991 3 76 2296 2315
2992 3 332 1826 2785
2993 3 332 1135 1826
2994 3 1135 332 1625
2995 3 332 1498 1625
2996 3 1498 332 3980
2997 3 332 2785 3980
2998 3 806 588 3612
2999 3 588 806 2808
3000 3 588 2910 4331
3001 3 588 3557 3612
3002 3 3557 588 4331
3003 3 588 2808 2910
3004 3 1298 844 1606
3005 3 844 1298 2289
3006 3 3365 844 4139
3007 3 1606 844 3365
3008 3 844 2289 4139
3009 3 1100 2878 3432
3010 3 1100 3432 3755
3011 3 2940 1100 3755
3012 3 1356 1562 4140
3013 3 1562 1356 2479
3014 3 1655 1356 3686
3015 3 1612 3883 4100
3016 3 3883 1612 4587
3017 3 1612 3293 4587
3018 3 3674 1868 3691
3019 3 1868 3674 3808
3020 3 1868 3322 3691
3021 3 2124 3603 4191
3022 3 2124 4191 4300
3023 3 2124 3493 3603
3024 3 2892 3423 4831
3025 3 4782 2892 4831
3026 3 3559 2892 4782
3027 3 3660 3955 4645
3028 3 4218 3916 4669
3029 3 816 77 4719
3030 3 77 816 1492
3031 3 77 2368 4719
3032 3 2368 77 2447
3033 3 77 417 2447
3034 3 417 77 1492
3035 3 333 2336 4231
3036 3 333 478 2336
3037 3 3620 589 4492
3038 3 2346 589 3620
3039 3 589 2346 3045
3040 3 4060 589 4611
3041 3 589 4060 4492
3042 3 589 3045 4611
3043 3 1386 845 4288
3044 3 845 2684 4288
3045 3 2684 845 3027
3046 3 845 2988 3027
3047 3 1121 1101 4457
3048 3 1101 1121 1742
3049 3 1101 4483 4923
3050 3 1101 2219 4483
3051 3 1101 1742 2219
3052 3 1357 3126 4827
3053 3 1357 3684 4851
3054 3 1357 2225 3126
3055 3 2225 1357 4851
3056 3 1357 2498 3684
3057 3 2498 1357 4827
3058 3 4470 1613 4823
3059 3 4064 1613 4470
3060 3 2824 1869 3233
3061 3 3233 1869 4553
3062 3 3332 2125 3805
3063 3 2580 2125 3332
3064 3 2381 2480 4609
3065 3 2480 2381 4701
3066 3 2637 3113 4081
3067 3 3149 4042 4938
3068 3 2090 78 4404
3069 3 78 1073 1605
3070 3 1073 78 1381
3071 3 78 1605 4404
3072 3 1381 78 2090
3073 3 3433 334 3822
3074 3 334 3488 3822
3075 3 722 334 3433
3076 3 493 334 722
3077 3 590 1622 1884
3078 3 1622 590 4738
3079 3 590 1884 2450
3080 3 590 2450 4717
3081 3 3584 590 4717
3082 3 590 3584 4738
3083 3 846 3411 4402
3084 3 3766 846 4026
3085 3 4026 846 4402
3086 3 846 1502 3411
3087 3 1502 846 3766
3088 3 1575 1102 4373
3089 3 3445 1358 4141
3090 3 1358 2545 4728
3091 3 1614 3226 4558
3092 3 3706 2126 4602
3093 3 2383 2382 3941
3094 3 2382 4280 4318
3095 3 2382 4318 4748
3096 3 2894 2897 4271
3097 3 3775 2894 4271
3098 3 3406 3826 3902
3099 3 4686 4714 4779
3100 3 831 79 2401
3101 3 79 831 3175
3102 3 2167 79 3175
3103 3 79 1925 2401
3104 3 1925 79 2167
3105 3 335 1324 1731
3106 3 335 2100 4664
3107 3 335 693 1324
3108 3 693 335 4664
3109 3 591 2605 3007
3110 3 2355 591 2861
3111 3 591 1087 2861
3112 3 1087 591 3007
3113 3 591 1721 2605
3114 3 1721 591 2355
3115 3 847 2651 3776
3116 3 847 3776 4585
3117 3 847 2768 4570
3118 3 2768 847 4585
3119 3 1103 2598 2634
3120 3 1103 2370 2598
3121 3 1103 2014 2370
3122 3 2014 1103 2993
3123 3 1359 2563 4123
3124 3 3386 1359 4123
3125 3 2476 1615 3991
3126 3 1615 2476 4819
3127 3 4592 1615 4819
3128 3 4431 1871 4818
3129 3 1871 4431 4838
3130 3 4725 1871 4838
3131 3 3021 2127 4916
3132 3 2383 3941 4159
3133 3 3031 2895 3349
3134 3 3358 3151 3454
3135 3 3663 3989 4562
3136 3 4729 3919 4875
3137 3 80 4650 4878
3138 3 331 80 3225
3139 3 80 331 4546
3140 3 893 80 4878
3141 3 80 893 3225
3142 3 80 4546 4650
3143 3 336 893 4878
3144 3 893 336 4646
3145 3 336 3201 3498
3146 3 336 3498 4646
3147 3 952 336 4878
3148 3 336 952 3201
3149 3 3077 592 3823
3150 3 665 592 923
3151 3 592 665 4270
3152 3 923 592 2972
3153 3 2972 592 3077
3154 3 3823 592 4270
3155 3 848 1645 2441
3156 3 1645 848 4086
3157 3 1552 1104 1969
3158 3 1104 1552 2267
3159 3 1104 1814 3214
3160 3 1969 1104 3214
3161 3 1104 2267 4261
3162 3 1632 1360 4425
3163 3 1360 1632 3735
3164 3 3853 1616 3927
3165 3 1616 2505 3927
3166 3 2079 1872 2126
3167 3 2128 2970 4444
3168 3 3538 2128 4063
3169 3 4063 2128 4444
3170 3 2128 2530 2970
3171 3 3607 2896 4762
3172 3 3603 3152 4688
3173 3 3488 3152 3822
3174 3 3493 3152 3603
3175 3 3152 3493 3822
3176 3 3798 3408 4328
3177 3 3664 3801 4516
3178 3 319 81 4022
3179 3 81 319 472
3180 3 2956 81 2987
3181 3 81 2956 4022
3182 3 81 472 2987
3183 3 337 788 3118
3184 3 1379 337 3118
3185 3 337 1379 4237
3186 3 337 4237 4690
3187 3 337 678 788
3188 3 678 337 4690
3189 3 593 631 4212
3190 3 631 593 3451
3191 3 593 995 3451
3192 3 995 593 1262
3193 3 1262 593 2798
3194 3 2798 593 4212
3195 3 849 2622 4885
3196 3 849 1154 2469
3197 3 1154 849 2814
3198 3 849 2469 2622
3199 3 2981 849 4885
3200 3 2814 849 2981
3201 3 1105 1339 3309
3202 3 1105 1181 1339
3203 3 2499 1105 3309
3204 3 1361 2137 2633
3205 3 2137 1361 3200
3206 3 2404 1361 2633
3207 3 1361 2404 3208
3208 3 3200 1361 3208
3209 3 1617 3344 3870
3210 3 1617 1838 3344
3211 3 1838 1617 3354
3212 3 3240 1617 3870
3213 3 3648 1873 3715
3214 3 1873 3648 4289
3215 3 1873 2238 3715
3216 3 1873 1987 2238
3217 3 1987 1873 4289
3218 3 2404 2129 3208
3219 3 2129 2404 3242
3220 3 2641 3010 3273
3221 3 2641 3273 4249
3222 3 4551 3153 4561
3223 3 4561 3153 4698
3224 3 4372 3665 4641
3225 3 3940 3665 4372
3226 3 82 1652 2258
3227 3 1652 82 2771
3228 3 82 2258 4139
3229 3 2289 82 4139
3230 3 82 2289 2771
3231 3 1311 338 2150
3232 3 338 1311 2254
3233 3 2150 338 4899
3234 3 1910 338 2254
3235 3 338 1411 4899
3236 3 1411 338 1910
3237 3 1798 594 3678
3238 3 594 1798 3173
3239 3 3098 594 4429
3240 3 594 3098 4251
3241 3 594 1563 4429
3242 3 1563 594 3173
3243 3 3678 594 4251
3244 3 2643 850 4794
3245 3 2484 850 2643
3246 3 850 3255 4794
3247 3 850 1513 3255
3248 3 1513 850 1773
3249 3 1773 850 2484
3250 3 1312 1106 4368
3251 3 1106 1312 2157
3252 3 1106 2157 2468
3253 3 1106 1979 4368
3254 3 3958 1362 4558
3255 3 2796 1362 3958
3256 3 1874 2104 2467
3257 3 2367 1874 2467
3258 3 2608 2130 4134
3259 3 3287 2130 4877
3260 3 2130 3287 4134
3261 3 2524 2386 4216
3262 3 2642 4412 4928
3263 3 2729 2642 4928
3264 3 2642 3500 4412
3265 3 3500 2642 3795
3266 3 2898 3138 4360
3267 3 3509 2898 4428
3268 3 4462 4434 4543
3269 3 83 539 4834
3270 3 83 1864 2387
3271 3 1864 83 4834
3272 3 83 2387 3637
3273 3 83 199 539
3274 3 199 83 3637
3275 3 339 1089 1634
3276 3 1089 339 3571
3277 3 840 339 1634
3278 3 339 840 2034
3279 3 1113 595 1734
3280 3 595 1113 1511
3281 3 1966 851 4052
3282 3 4052 851 4854
3283 3 1107 1299 1980
3284 3 3079 1363 4183
3285 3 1363 3219 4183
3286 3 1619 2412 4551
3287 3 3110 1875 3954
3288 3 3367 1875 4654
3289 3 2131 4387 4467
3290 3 3477 2131 4467
3291 3 2278 2131 3477
3292 3 4080 2387 4500
3293 3 3155 3844 4897
3294 3 3844 3155 4925
3295 3 4339 3923 4586
3296 3 84 273 4888
3297 3 273 84 2661
3298 3 84 206 3337
3299 3 206 84 4888
3300 3 340 4129 4675
3301 3 340 2649 3224
3302 3 340 3224 4629
3303 3 1443 340 4629
3304 3 340 1443 4129
3305 3 1745 340 4675
3306 3 340 1745 2649
3307 3 596 1639 2478
3308 3 1449 596 2478
3309 3 596 1001 1639
3310 3 1001 596 3251
3311 3 4167 852 4572
3312 3 852 1675 3963
3313 3 1675 852 1963
3314 3 1963 852 4167
3315 3 952 852 3963
3316 3 852 952 4572
3317 3 1108 3243 3598
3318 3 3243 1108 3803
3319 3 4642 1364 4760
3320 3 1364 3703 4795
3321 3 3703 1364 3807
3322 3 3807 1364 4642
3323 3 2943 1620 4951
3324 3 2042 1876 4530
3325 3 1876 2042 4828
3326 3 2388 3779 4487
3327 3 2644 3352 3946
3328 3 3277 2644 3946
3329 3 3156 4407 4449
3330 3 4407 3156 4458
3331 3 3156 3265 4458
3332 3 3265 3156 3312
3333 3 3648 3412 4677
3334 3 3412 3648 3715
3335 3 4255 4180 4541
3336 3 85 1838 4917
3337 3 1838 85 2703
3338 3 85 2395 4427
3339 3 1392 85 4917
3340 3 85 1392 2395
3341 3 2703 85 4427
3342 3 341 3375 3645
3343 3 3541 341 3645
3344 3 2356 597 3183
3345 3 597 2356 4595
3346 3 4466 597 4595
3347 3 597 1673 3183
3348 3 1673 597 3834
3349 3 3834 597 4466
3350 3 1566 853 4336
3351 3 853 1355 2977
3352 3 877 853 1005
3353 3 853 2977 4336
3354 3 1005 853 1566
3355 3 1172 1109 1318
3356 3 1109 1172 3583
3357 3 1177 1109 4378
3358 3 1109 1177 1318
3359 3 1109 3583 4378
3360 3 3428 1365 3970
3361 3 1365 3428 4753
3362 3 1941 1365 4753
3363 3 1365 1941 3777
3364 3 1365 3777 3970
3365 3 1628 1621 3019
3366 3 1621 1628 3568
3367 3 3316 1621 3568
3368 3 2992 1877 3938
3369 3 1877 1973 2846
3370 3 2133 3966 4490
3371 3 3966 2133 4321
3372 3 2586 2389 3292
3373 3 3292 2389 3656
3374 3 2645 3401 4941
3375 3 2925 2645 4941
3376 3 2645 2925 4076
3377 3 2645 3530 3847
3378 3 3530 2645 4076
3379 3 3298 2901 4897
3380 3 3925 4046 4620
3381 3 86 2934 3726
3382 3 86 3726 4905
3383 3 86 951 2934
3384 3 951 86 1535
3385 3 1266 86 4905
3386 3 86 1266 1535
3387 3 342 3722 4506
3388 3 4266 342 4506
3389 3 342 455 3475
3390 3 455 342 4266
3391 3 598 1091 2848
3392 3 1091 598 1476
3393 3 1170 598 2848
3394 3 598 1170 4933
3395 3 1476 598 4933
3396 3 2335 854 3990
3397 3 854 2335 3032
3398 3 2855 854 3032
3399 3 854 2855 4832
3400 3 3985 854 4832
3401 3 2265 854 3985
3402 3 854 2265 3990
3403 3 3586 1110 3958
3404 3 1110 2574 3958
3405 3 3710 1366 4709
3406 3 1366 3710 3799
3407 3 1366 2756 4709
3408 3 2134 2826 2961
3409 3 4371 2134 4845
3410 3 2134 2984 4845
3411 3 2680 2390 3173
3412 3 2390 2680 4765
3413 3 3101 2646 4584
3414 3 2646 3101 4849
3415 3 3313 2646 4900
3416 3 2646 3313 4584
3417 3 2646 4849 4900
3418 3 3158 3213 4045
3419 3 3158 4045 4474
3420 3 87 1081 2617
3421 3 1081 87 1341
3422 3 87 2617 4112
3423 3 1341 87 1708
3424 3 1349 87 4112
3425 3 87 1349 1708
3426 3 343 3966 4321
3427 3 2697 343 4321
3428 3 1000 343 3174
3429 3 343 1000 3966
3430 3 784 599 1685
3431 3 961 855 4006
3432 3 2530 855 2970
3433 3 855 2530 4006
3434 3 1111 3413 4696
3435 3 3413 1111 4051
3436 3 1111 2189 2784
3437 3 1111 2784 4051
3438 3 1367 1683 4246
3439 3 1683 1367 1706
3440 3 1367 3222 4038
3441 3 1706 1367 4038
3442 3 3145 1623 3531
3443 3 2635 1623 2941
3444 3 1623 2635 3531
3445 3 1623 2535 2941
3446 3 4172 2135 4201
3447 3 2135 2424 3647
3448 3 2686 2391 2964
3449 3 2391 2686 4050
3450 3 2647 2972 3141
3451 3 2972 2647 4199
3452 3 2903 3658 4129
3453 3 3658 2903 4463
3454 3 2903 3022 4463
3455 3 3415 3839 4000
3456 3 88 1538 4207
3457 3 1056 88 3515
3458 3 3750 88 4207
3459 3 3515 88 3750
3460 3 88 964 1538
3461 3 964 88 1056
3462 3 344 1569 2866
3463 3 1569 344 1869
3464 3 1869 344 4553
3465 3 344 2385 4553
3466 3 1505 344 2866
3467 3 344 1505 2385
3468 3 3688 600 3993
3469 3 600 2177 3636
3470 3 2177 600 3688
3471 3 600 3266 3993
3472 3 2811 600 3636
3473 3 600 2811 3266
3474 3 856 3845 4488
3475 3 856 1736 3845
3476 3 1736 856 3805
3477 3 1129 1112 2807
3478 3 1112 1129 1279
3479 3 3455 1112 4583
3480 3 1112 1279 4583
3481 3 2318 1368 3972
3482 3 1368 2318 2525
3483 3 3566 1368 4127
3484 3 1368 3566 3972
3485 3 3426 1624 4815
3486 3 1624 1691 1998
3487 3 1624 2743 4815
3488 3 1624 1998 2743
3489 3 2656 1880 3787
3490 3 1880 3729 4166
3491 3 3787 1880 4166
3492 3 1880 2287 3729
3493 3 2136 2673 3683
3494 3 2605 2392 4125
3495 3 4202 2392 4329
3496 3 3160 4190 4442
3497 3 3160 3981 4190
3498 3 3981 3160 4069
3499 3 1688 89 2695
3500 3 89 1688 4325
3501 3 89 1705 3472
3502 3 1705 89 4325
3503 3 89 1197 2695
3504 3 1197 89 3472
3505 3 345 823 1479
3506 3 345 2121 2668
3507 3 345 701 823
3508 3 345 1479 2121
3509 3 1800 601 3718
3510 3 601 1800 3015
3511 3 2708 601 3764
3512 3 601 3015 3764
3513 3 892 857 4873
3514 3 857 892 1264
3515 3 857 2429 4784
3516 3 857 4784 4873
3517 3 857 1264 2429
3518 3 4405 1113 4542
3519 3 1113 1734 2006
3520 3 1113 2006 4542
3521 3 1511 1113 4405
3522 3 1369 1852 3739
3523 3 1852 1369 1953
3524 3 3667 1369 4864
3525 3 1369 3739 4864
3526 3 1953 1369 3667
3527 3 1625 2592 3907
3528 3 3086 1881 3629
3529 3 1881 3086 4039
3530 3 4868 3929 4956
3531 3 90 1048 1083
3532 3 1048 90 4450
3533 3 567 90 3858
3534 3 90 567 4450
3535 3 90 1083 1342
3536 3 90 1342 3858
3537 3 3427 346 3745
3538 3 3745 346 3776
3539 3 2989 346 3427
3540 3 346 2989 4338
3541 3 3776 346 4585
3542 3 346 4338 4585
3543 3 602 2111 3644
3544 3 2111 602 3495
3545 3 2968 602 3644
3546 3 2296 602 2968
3547 3 1925 858 2441
3548 3 2706 1370 3611
3549 3 1964 1370 2706
3550 3 1626 1664 4707
3551 3 1664 1626 3018
3552 3 1626 2226 3442
3553 3 3018 1626 3442
3554 3 1882 2381 4609
3555 3 2736 1882 4609
3556 3 2138 3310 3705
3557 3 3268 2394 3414
3558 3 2394 3268 3825
3559 3 2394 3271 3414
3560 3 3418 3574 4351
3561 3 3109 91 4929
3562 3 91 3109 4301
3563 3 91 700 4929
3564 3 700 91 3265
3565 3 3265 91 4458
3566 3 91 4301 4458
3567 3 347 4141 4721
3568 3 347 2676 3621
3569 3 2676 347 2780
3570 3 3445 347 3621
3571 3 347 3445 4141
3572 3 2780 347 4721
3573 3 603 812 4109
3574 3 2218 603 4109
3575 3 1484 603 2218
3576 3 3345 859 3482
3577 3 2343 859 3345
3578 3 859 2343 3060
3579 3 859 1254 3482
3580 3 1254 859 3060
3581 3 2894 1115 2897
3582 3 1115 1400 2897
3583 3 1400 1115 2004
3584 3 2230 1115 2548
3585 3 2004 1115 2230
3586 3 2548 1115 2894
3587 3 1371 1597 2142
3588 3 1597 1371 4010
3589 3 1371 2142 2393
3590 3 1371 1453 4010
3591 3 1627 1778 3341
3592 3 1778 1627 4261
3593 3 3591 1883 3816
3594 3 3016 1883 3591
3595 3 1883 3016 4859
3596 3 2326 2139 3817
3597 3 3817 2139 4887
3598 3 4104 2907 4636
3599 3 3223 3163 4942
3600 3 3163 4096 4942
3601 3 4096 3163 4274
3602 3 3419 4451 4776
3603 3 92 3079 3139
3604 3 2337 92 3640
3605 3 92 1363 3079
3606 3 1363 92 2337
3607 3 92 3004 3640
3608 3 3004 92 3139
3609 3 348 1939 3867
3610 3 1939 348 4341
3611 3 2549 348 3867
3612 3 2302 348 2549
3613 3 1353 604 2823
3614 3 604 1353 1599
3615 3 876 604 1599
3616 3 604 876 2414
3617 3 604 2414 2701
3618 3 604 2701 2823
3619 3 1222 1116 1557
3620 3 1116 1222 4043
3621 3 1116 4043 4529
3622 3 1372 2213 3463
3623 3 1628 2757 3568
3624 3 1628 3019 3267
3625 3 2396 3533 4511
3626 3 3125 2908 4739
3627 3 2908 3898 4739
3628 3 3696 3420 3971
3629 3 3420 3696 4044
3630 3 3932 93 4305
3631 3 1631 93 2050
3632 3 93 1631 4480
3633 3 93 1922 2050
3634 3 1922 93 3932
3635 3 4305 93 4480
3636 3 349 1815 3581
3637 3 349 1572 2674
3638 3 1572 349 3581
3639 3 349 2674 4159
3640 3 349 1229 1815
3641 3 1229 349 4159
3642 3 1285 605 2875
3643 3 605 1285 1895
3644 3 605 1587 3066
3645 3 2875 605 3066
3646 3 605 677 1587
3647 3 677 605 1895
3648 3 2316 861 4391
3649 3 4391 861 4863
3650 3 861 3719 4863
3651 3 1117 1973 3789
3652 3 1973 1117 2046
3653 3 1117 1473 4388
3654 3 1473 1117 3789
3655 3 2046 1117 4388
3656 3 1373 1559 4273
3657 3 1373 1820 2932
3658 3 1820 1373 2304
3659 3 1373 1530 1559
3660 3 1530 1373 2932
3661 3 2304 1373 4273
3662 3 1629 2453 4843
3663 3 1629 2983 4580
3664 3 2249 1629 4580
3665 3 1629 2508 2983
3666 3 2508 1629 4843
3667 3 1885 3460 4515
3668 3 3460 1885 3492
3669 3 2397 2413 3690
3670 3 2413 2397 3753
3671 3 2653 3883 4107
3672 3 2806 2653 4107
3673 3 3376 3165 3622
3674 3 3165 3376 3435
3675 3 3421 3730 4582
3676 3 3421 3491 3730
3677 3 4643 3677 4871
3678 3 4397 3933 4784
3679 3 283 94 620
3680 3 94 283 510
3681 3 94 831 2401
3682 3 620 94 2401
3683 3 94 510 831
3684 3 1292 350 2219
3685 3 1822 350 4098
3686 3 710 350 1822
3687 3 350 710 2219
3688 3 606 1912 4937
3689 3 1912 606 3052
3690 3 1693 606 3164
3691 3 606 1693 3052
3692 3 862 1623 3145
3693 3 1623 862 2535
3694 3 1169 862 3145
3695 3 862 1169 4337
3696 3 862 2280 2535
3697 3 1118 3161 4066
3698 3 2396 1118 3533
3699 3 3533 1118 4697
3700 3 1118 4066 4697
3701 3 2331 1374 4752
3702 3 4752 1374 4768
3703 3 4036 1374 4673
3704 3 1374 4036 4768
3705 3 2037 1374 2331
3706 3 1374 2037 4673
3707 3 3998 1630 4347
3708 3 2542 1630 3998
3709 3 2788 1886 3595
3710 3 1886 2788 3043
3711 3 2398 2967 4757
3712 3 2654 3555 3826
3713 3 2654 3072 3555
3714 3 3627 2910 4510
3715 3 2910 3627 4331
3716 3 3693 3422 4564
3717 3 3422 3693 4829
3718 3 4706 4446 4790
3719 3 4512 4446 4706
3720 3 1393 95 1863
3721 3 95 1393 3203
3722 3 95 1506 1856
3723 3 1506 95 3203
3724 3 1004 95 1856
3725 3 95 1004 1863
3726 3 351 3457 3892
3727 3 1427 351 3892
3728 3 351 1427 4475
3729 3 2500 351 4475
3730 3 351 990 3457
3731 3 990 351 2500
3732 3 780 607 3340
3733 3 607 780 2463
3734 3 1193 607 2463
3735 3 607 1193 1274
3736 3 607 940 3340
3737 3 940 607 1274
3738 3 2826 863 4268
3739 3 4268 863 4756
3740 3 2029 863 2826
3741 3 863 2029 3382
3742 3 1119 2378 4757
3743 3 3146 1119 3723
3744 3 3723 1119 4757
3745 3 1119 1433 2378
3746 3 1375 1576 4354
3747 3 1476 1375 4354
3748 3 1375 1519 1576
3749 3 1519 1375 2291
3750 3 1631 2050 4818
3751 3 1871 1631 4818
3752 3 1631 1871 2541
3753 3 1631 2541 4480
3754 3 3037 1887 4348
3755 3 2784 1887 4051
3756 3 2161 2143 2710
3757 3 2710 2143 4178
3758 3 2143 2557 4178
3759 3 2557 2143 4533
3760 3 2655 3712 4012
3761 3 3597 2911 3919
3762 3 3423 4084 4831
3763 3 3935 4462 4543
3764 3 96 1336 2685
3765 3 1336 96 2047
3766 3 1766 96 2685
3767 3 96 1766 3582
3768 3 96 3582 4311
3769 3 2047 96 4311
3770 3 352 2371 2820
3771 3 2371 352 2883
3772 3 352 3988 4941
3773 3 684 352 2820
3774 3 352 684 3988
3775 3 352 2277 2883
3776 3 2277 352 4941
3777 3 608 845 1386
3778 3 845 608 2988
3779 3 895 608 1386
3780 3 608 895 3838
3781 3 2988 608 3838
3782 3 917 864 4539
3783 3 864 3992 4539
3784 3 1667 1120 3827
3785 3 1120 1207 4937
3786 3 1207 1120 1667
3787 3 2358 1632 4727
3788 3 1632 2358 3735
3789 3 2144 3244 3373
3790 3 3922 2912 4156
3791 3 4033 3168 4792
3792 3 3520 3424 3602
3793 3 4718 4704 4861
3794 3 97 771 4764
3795 3 97 615 771
3796 3 3275 97 4764
3797 3 998 97 3275
3798 3 97 254 615
3799 3 254 97 998
3800 3 353 806 3796
3801 3 806 353 2808
3802 3 353 575 2808
3803 3 836 353 3796
3804 3 896 609 4204
3805 3 609 896 2234
3806 3 1434 609 2234
3807 3 865 2312 4682
3808 3 2312 865 4813
3809 3 865 3716 4813
3810 3 865 1693 3716
3811 3 1693 865 3052
3812 3 3052 865 4682
3813 3 1121 4457 4763
3814 3 1742 1121 4105
3815 3 1377 1753 3849
3816 3 3810 1377 3849
3817 3 1633 2106 4295
3818 3 3294 1633 4295
3819 3 2299 1889 3695
3820 3 4206 2913 4892
3821 3 3500 2913 3769
3822 3 2626 98 3494
3823 3 1665 98 2626
3824 3 1410 98 1665
3825 3 3494 98 4059
3826 3 354 3085 4874
3827 3 354 553 3383
3828 3 553 354 630
3829 3 630 354 4874
3830 3 1220 354 3383
3831 3 2601 610 4101
3832 3 610 2601 4618
3833 3 1636 610 4618
3834 3 610 2209 4101
3835 3 1503 610 1636
3836 3 610 1503 2209
3837 3 866 2579 2584
3838 3 2579 866 3465
3839 3 866 2584 4177
3840 3 3099 866 4196
3841 3 866 3099 3465
3842 3 866 4177 4196
3843 3 1122 1619 4551
3844 3 1510 1378 3903
3845 3 1948 1634 3565
3846 3 3565 1634 4061
3847 3 2756 1890 4709
3848 3 2294 1890 2893
3849 3 1890 2294 4709
3850 3 2146 3159 3589
3851 3 2229 2146 3589
3852 3 2146 2229 2741
3853 3 3407 2402 4374
3854 3 3450 2402 4342
3855 3 2402 2560 4374
3856 3 2560 2402 3450
3857 3 4389 2658 4409
3858 3 2658 2862 4409
3859 3 2862 2658 3934
3860 3 3670 2658 3984
3861 3 3984 2658 4389
3862 3 2914 4867 4918
3863 3 1304 99 1526
3864 3 99 1885 4515
3865 3 191 99 1304
3866 3 99 191 747
3867 3 99 747 1885
3868 3 1526 99 4515
3869 3 2052 355 3841
3870 3 827 355 2052
3871 3 355 827 955
3872 3 355 955 3207
3873 3 355 2801 3841
3874 3 2801 355 3207
3875 3 611 3675 3909
3876 3 611 1887 2784
3877 3 1887 611 4348
3878 3 611 2784 3675
3879 3 867 2642 2729
3880 3 2642 867 3795
3881 3 3224 1123 4629
3882 3 1123 4256 4629
3883 3 2726 1123 3224
3884 3 2502 1379 3118
3885 3 2526 1891 2728
3886 3 2147 3011 3851
3887 3 2403 2855 4734
3888 3 2855 2403 4832
3889 3 2403 4193 4832
3890 3 4209 2403 4734
3891 3 2659 3135 4432
3892 3 3222 2659 4432
3893 3 2915 3134 4839
3894 3 3147 2915 4575
3895 3 4575 2915 4839
3896 3 3171 3281 3820
3897 3 4776 4451 4862
3898 3 100 308 4949
3899 3 308 100 885
3900 3 100 1136 3247
3901 3 885 100 3247
3902 3 410 100 4949
3903 3 100 410 1136
3904 3 356 3362 3532
3905 3 3390 356 3532
3906 3 612 3456 4046
3907 3 1280 612 3263
3908 3 1371 868 1453
3909 3 868 1432 1453
3910 3 1432 868 2521
3911 3 2521 868 2986
3912 3 1124 3437 3534
3913 3 1380 3096 4048
3914 3 1380 2689 3096
3915 3 2689 1380 3683
3916 3 1636 4618 4693
3917 3 2157 1892 2468
3918 3 2468 1892 2948
3919 3 2148 2991 3897
3920 3 2991 2148 3272
3921 3 2148 2738 3272
3922 3 2404 2633 2744
3923 3 2404 2744 3242
3924 3 2916 3664 4516
3925 3 4213 2916 4282
3926 3 4282 2916 4516
3927 3 4604 3172 4674
3928 3 3684 4657 4851
3929 3 101 2354 2370
3930 3 2354 101 3280
3931 3 101 2613 3280
3932 3 101 2014 2613
3933 3 2014 101 2370
3934 3 357 3092 3425
3935 3 3092 357 3499
3936 3 533 357 3425
3937 3 357 533 1760
3938 3 357 2850 3499
3939 3 2850 357 4279
3940 3 357 1760 4279
3941 3 2817 613 3320
3942 3 3486 613 4055
3943 3 3320 613 3486
3944 3 869 1403 4424
3945 3 1403 869 1486
3946 3 2691 869 4244
3947 3 4244 869 4424
3948 3 922 869 2691
3949 3 869 922 1486
3950 3 1710 1125 3475
3951 3 1125 1710 4295
3952 3 1125 4295 4626
3953 3 1381 2090 2909
3954 3 1599 1381 2909
3955 3 1381 1599 1723
3956 3 1637 1799 4758
3957 3 1637 3615 4946
3958 3 3615 1637 4758
3959 3 1893 2565 3392
3960 3 2565 1893 4816
3961 3 1893 3392 4408
3962 3 2149 3366 3790
3963 3 2149 2750 3366
3964 3 2750 2149 3057
3965 3 2247 2149 4353
3966 3 2149 2247 3057
3967 3 2149 3790 4353
3968 3 2405 3038 3196
3969 3 2405 2803 3038
3970 3 2917 3143 4022
3971 3 2956 2917 4022
3972 3 3429 3848 4113
3973 3 3685 3910 4198
3974 3 4197 4482 4502
3975 3 514 102 4867
3976 3 102 514 561
3977 3 102 561 858
3978 3 111 102 858
3979 3 102 111 4726
3980 3 102 4726 4867
3981 3 2567 358 4678
3982 3 634 358 2567
3983 3 358 634 689
3984 3 358 689 3000
3985 3 358 3000 4678
3986 3 614 1888 2812
3987 3 614 2812 4581
3988 3 1295 870 3774
3989 3 2298 870 2960
3990 3 870 2298 3774
3991 3 1930 1126 2091
3992 3 1126 1185 2091
3993 3 1785 1126 1930
3994 3 1606 1382 2377
3995 3 2852 1638 3896
3996 3 1638 2852 3135
3997 3 3896 1638 4208
3998 3 1638 3135 4174
3999 3 3781 1638 4174
4000 3 1638 3781 4208
4001 3 2708 1894 3679
4002 3 1894 2708 4224
4003 3 2501 1894 4224
4004 3 2679 2406 3220
4005 3 2406 2679 3563
4006 3 2406 3563 4826
4007 3 4079 2406 4826
4008 3 2662 3944 4330
4009 3 2662 3227 3944
4010 3 3227 2662 4323
4011 3 3887 3174 4825
4012 3 2576 103 3587
4013 3 103 2576 3957
4014 3 103 3209 3859
4015 3 3209 103 3812
4016 3 3812 103 3957
4017 3 595 359 3712
4018 3 359 595 1511
4019 3 3712 359 3772
4020 3 3772 359 4115
4021 3 771 615 3144
4022 3 3144 615 3649
4023 3 871 3347 4128
4024 3 3347 871 4468
4025 3 3440 871 4356
4026 3 2770 871 3440
4027 3 871 2770 4468
4028 3 1127 2086 2928
4029 3 2086 1127 2776
4030 3 1127 2928 3114
4031 3 1127 1905 2776
4032 3 3598 1383 3906
4033 3 3243 1383 3598
4034 3 1383 3004 3139
4035 3 3004 1383 3243
4036 3 2478 1639 3458
4037 3 2151 4049 4260
4038 3 4049 2151 4830
4039 3 3608 2407 3725
4040 3 2407 3608 4054
4041 3 2407 3486 3725
4042 3 2407 4054 4710
4043 3 3320 2407 4710
4044 3 2407 3320 3486
4045 3 2663 3662 4751
4046 3 4468 2663 4751
4047 3 2770 2663 4468
4048 3 3884 3687 4712
4049 3 3623 104 4121
4050 3 104 623 4121
4051 3 623 104 2240
4052 3 2240 104 2997
4053 3 498 104 3623
4054 3 104 498 2997
4055 3 3718 360 4811
4056 3 360 2719 3174
4057 3 976 360 3718
4058 3 360 976 2719
4059 3 616 1836 4457
4060 3 616 1587 1836
4061 3 1587 616 1726
4062 3 616 1101 4923
4063 3 1101 616 4457
4064 3 1726 616 4923
4065 3 872 1384 2974
4066 3 872 2974 3183
4067 3 1128 1288 1808
4068 3 2056 1128 3638
4069 3 1570 1128 1808
4070 3 1128 1570 3638
4071 3 3663 1384 4715
4072 3 1435 1384 3663
4073 3 1384 1435 2974
4074 3 3322 1640 3691
4075 3 2152 3426 4694
4076 3 2436 2408 4671
4077 3 2408 2436 4594
4078 3 2664 3747 4805
4079 3 3689 2920 4005
4080 3 3176 3527 3640
4081 3 3527 3176 4204
4082 3 3755 3432 4756
4083 3 105 1147 4367
4084 3 105 161 2733
4085 3 161 105 4350
4086 3 105 198 1147
4087 3 198 105 2733
4088 3 4350 105 4367
4089 3 361 1592 4201
4090 3 387 361 4201
4091 3 361 387 2791
4092 3 361 444 1592
4093 3 444 361 1493
4094 3 1493 361 4807
4095 3 361 2791 4807
4096 3 617 2630 2840
4097 3 2630 617 4074
4098 3 1485 617 2840
4099 3 873 2908 3125
4100 3 2908 873 3264
4101 3 3264 873 4130
4102 3 873 1784 4130
4103 3 1784 873 3125
4104 3 3221 1129 4747
4105 3 2027 1129 3221
4106 3 1129 2807 4747
4107 3 1279 1129 2027
4108 3 2888 1385 4082
4109 3 1641 1659 1994
4110 3 1659 1641 4573
4111 3 1641 1994 4773
4112 3 1897 2938 4131
4113 3 1897 3825 4889
4114 3 2409 4281 4936
4115 3 3386 2665 4866
4116 3 3309 2665 3653
4117 3 3935 3689 4462
4118 3 3699 3689 3935
4119 3 3689 4005 4462
4120 3 106 1296 3385
4121 3 1296 106 2184
4122 3 123 106 1686
4123 3 106 123 725
4124 3 1686 106 3385
4125 3 106 725 2184
4126 3 362 1806 2181
4127 3 1806 362 3225
4128 3 3428 362 4753
4129 3 3225 362 3428
4130 3 681 362 2181
4131 3 362 681 4753
4132 3 3427 874 4414
4133 3 4259 874 4664
4134 3 874 4259 4414
4135 3 1176 1130 2735
4136 3 1130 1176 1750
4137 3 1130 1501 2638
4138 3 1501 1130 1750
4139 3 2178 1386 4288
4140 3 1386 2178 4345
4141 3 1892 1642 3611
4142 3 1642 1892 2157
4143 3 2154 3150 4253
4144 3 2410 2867 3688
4145 3 2867 2410 2966
4146 3 3434 4531 4659
4147 3 4531 3434 4754
4148 3 107 3086 3629
4149 3 1629 107 2453
4150 3 107 1629 2249
4151 3 3198 107 3629
4152 3 2453 107 3198
4153 3 107 2249 3086
4154 3 363 529 3235
4155 3 529 363 2735
4156 3 363 1850 4704
4157 3 1850 363 2039
4158 3 2735 363 4704
4159 3 2039 363 3235
4160 3 1618 619 4248
4161 3 619 2186 3194
4162 3 619 4031 4248
4163 3 2008 619 3194
4164 3 619 2008 4031
4165 3 3648 875 4289
4166 3 875 2973 4891
4167 3 2973 875 3648
4168 3 4289 875 4294
4169 3 4294 875 4824
4170 3 4824 875 4891
4171 3 1131 1372 3463
4172 3 2307 1387 4379
4173 3 1387 2307 2890
4174 3 1387 2890 4096
4175 3 1387 4096 4274
4176 3 1643 2614 4840
4177 3 1676 1643 4117
4178 3 1643 1676 2614
4179 3 1899 2651 3402
4180 3 2651 1899 3776
4181 3 1899 3745 3776
4182 3 2757 2155 3568
4183 3 3568 2155 4485
4184 3 3916 2667 4669
4185 3 4638 2923 4783
4186 3 3179 3381 3430
4187 3 3381 3179 4749
4188 3 3179 4157 4749
4189 3 3179 3430 3870
4190 3 3435 4537 4596
4191 3 108 2057 2140
4192 3 1061 108 2140
4193 3 108 1061 3456
4194 3 612 108 3456
4195 3 108 612 1280
4196 3 108 1280 2057
4197 3 2054 364 3370
4198 3 364 2054 3628
4199 3 1554 620 3934
4200 3 1851 620 2401
4201 3 1645 620 1851
4202 3 620 1645 3934
4203 3 876 1599 2909
4204 3 1917 876 2909
4205 3 1889 1132 3134
4206 3 1132 1889 2299
4207 3 1132 2996 3134
4208 3 2996 1132 3828
4209 3 3828 1132 3921
4210 3 1132 2299 3921
4211 3 1446 1388 3237
4212 3 1388 2518 3237
4213 3 3895 1900 4118
4214 3 1900 3049 4118
4215 3 2156 2865 4452
4216 3 2865 2156 4257
4217 3 2156 3744 4257
4218 3 2412 3153 4551
4219 3 3549 2924 4930
4220 3 3449 3436 4791
4221 3 4791 3436 4940
4222 3 3436 4546 4940
4223 3 267 109 2099
4224 3 109 267 3185
4225 3 109 1551 4681
4226 3 2099 109 4681
4227 3 109 1172 1551
4228 3 1172 109 3185
4229 3 365 3111 4880
4230 3 3111 365 4494
4231 3 365 3114 4494
4232 3 365 1127 3114
4233 3 1127 365 1905
4234 3 1260 365 4880
4235 3 365 1260 1905
4236 3 1346 621 2592
4237 3 621 1346 4673
4238 3 703 621 3099
4239 3 621 703 2592
4240 3 621 2037 3099
4241 3 2037 621 4673
4242 3 877 1005 1018
4243 3 877 1018 1124
4244 3 3362 1133 4202
4245 3 1133 3362 3978
4246 3 1133 3912 4125
4247 3 3912 1133 3978
4248 3 2392 1133 4125
4249 3 1133 2392 4202
4250 3 1389 1860 2561
4251 3 4691 1389 4828
4252 3 1876 1389 2561
4253 3 1389 1876 4828
4254 3 1645 1851 2441
4255 3 3934 1645 4086
4256 3 1901 2587 3358
4257 3 1901 3358 4528
4258 3 2016 1901 3300
4259 3 3300 1901 4528
4260 3 2739 2669 2758
4261 3 3988 2925 4941
4262 3 4076 2925 4775
4263 3 4417 3693 4564
4264 3 4461 4616 4676
4265 3 110 2615 4683
4266 3 2615 110 4338
4267 3 1975 110 4683
4268 3 110 1975 2768
4269 3 110 2768 4338
4270 3 366 1601 3169
4271 3 1601 366 1754
4272 3 366 3169 4742
4273 3 622 1553 2489
4274 3 1553 622 1991
4275 3 622 2489 4568
4276 3 1991 622 4172
4277 3 622 759 4172
4278 3 759 622 4568
4279 3 878 1058 4122
4280 3 878 2413 3753
4281 3 878 3753 4724
4282 3 2380 1134 3009
4283 3 2741 1134 3973
4284 3 1756 1134 2380
4285 3 1134 1756 3973
4286 3 2288 1134 2741
4287 3 1134 2288 3009
4288 3 1390 3804 4067
4289 3 2040 1390 4067
4290 3 1646 1821 4735
4291 3 1646 4735 4954
4292 3 1646 2709 4369
4293 3 2709 1646 4954
4294 3 3355 1902 4148
4295 3 4148 1902 4662
4296 3 2201 1902 3355
4297 3 3709 2158 4658
4298 3 2158 4484 4658
4299 3 3508 2158 3709
4300 3 2701 2414 4857
4301 3 3378 2670 3526
4302 3 3323 3182 4849
4303 3 111 858 1925
4304 3 111 2167 2221
4305 3 111 1925 2167
4306 3 111 2221 3005
4307 3 111 3005 4726
4308 3 4385 367 4623
4309 3 367 4385 4830
4310 3 367 2151 3003
4311 3 2151 367 4830
4312 3 367 708 4623
4313 3 708 367 3003
4314 3 623 1343 2702
4315 3 1343 623 2240
4316 3 879 1291 4910
4317 3 3501 879 4910
4318 3 2310 1135 3033
4319 3 1826 1135 2310
4320 3 1135 1625 3907
4321 3 3033 1135 3907
4322 3 3106 1391 3110
4323 3 1391 1875 3110
4324 3 1875 1391 4654
4325 3 1391 4092 4654
4326 3 1647 1831 2182
4327 3 1647 2182 2322
4328 3 1903 2886 3550
4329 3 2563 2415 4123
4330 3 2671 4269 4915
4331 3 2671 3771 4597
4332 3 2671 4597 4786
4333 3 4314 2927 4613
4334 3 2838 112 4453
4335 3 112 2838 3991
4336 3 2119 112 3991
4337 3 112 2119 4777
4338 3 203 112 4777
4339 3 112 203 2021
4340 3 112 2021 4453
4341 3 2352 368 2939
4342 3 1347 368 2352
4343 3 368 1347 4190
4344 3 3981 368 4190
4345 3 368 737 2939
4346 3 737 368 3981
4347 3 2159 624 3846
4348 3 624 2976 3846
4349 3 2976 624 3034
4350 3 3344 880 3870
4351 3 880 3623 4157
4352 3 880 3179 3870
4353 3 3179 880 4157
4354 3 2805 880 3344
4355 3 880 2805 3623
4356 3 1136 1924 3247
4357 3 1924 1136 4277
4358 3 1136 4048 4277
4359 3 4309 1392 4917
4360 3 1392 4309 4943
4361 3 2649 1648 3224
4362 3 1648 2726 3224
4363 3 2726 1648 4563
4364 3 1904 3655 4674
4365 3 3172 1904 4674
4366 3 1904 2202 3655
4367 3 2783 1904 3172
4368 3 3867 2160 4455
4369 3 2160 2670 3378
4370 3 2670 2160 4922
4371 3 2711 2160 3867
4372 3 2160 2711 4922
4373 3 2416 3674 3691
4374 3 3674 2416 4560
4375 3 2416 2426 4560
4376 3 3171 2672 4696
4377 3 3634 3440 4315
4378 3 4315 3440 4356
4379 3 3946 3696 3971
4380 3 539 113 2949
4381 3 113 539 4577
4382 3 2949 113 3407
4383 3 113 1949 3407
4384 3 1949 113 4577
4385 3 2366 369 4737
4386 3 369 2366 4011
4387 3 369 1738 4737
4388 3 625 1307 3083
4389 3 625 1088 1307
4390 3 1088 625 1455
4391 3 1455 625 4275
4392 3 1028 881 2115
4393 3 2115 881 4243
4394 3 920 881 1028
4395 3 881 920 3554
4396 3 881 3554 4243
4397 3 2159 1137 2458
4398 3 1137 1781 2458
4399 3 1781 1137 2235
4400 3 1903 1649 2886
4401 3 1905 1943 2776
4402 3 2161 4307 4503
4403 3 2417 2860 3036
4404 3 4507 2417 4514
4405 3 3845 2673 4488
4406 3 2929 4437 4859
4407 3 825 114 2017
4408 3 114 658 3850
4409 3 658 114 825
4410 3 1725 114 3850
4411 3 114 1725 2017
4412 3 872 370 2045
4413 3 392 370 872
4414 3 370 392 1724
4415 3 370 1724 3937
4416 3 2045 370 3937
4417 3 626 1302 2471
4418 3 626 1094 1302
4419 3 1094 626 1102
4420 3 882 1649 4041
4421 3 882 4041 4649
4422 3 2071 1138 2094
4423 3 2094 1138 4644
4424 3 1138 1719 4644
4425 3 1394 3087 4636
4426 3 2907 1394 4636
4427 3 1394 2907 4320
4428 3 1394 1399 3087
4429 3 1399 1394 3302
4430 3 3302 1394 4320
4431 3 2582 1650 3607
4432 3 1650 2582 3977
4433 3 1650 2624 2775
4434 3 1650 2775 3607
4435 3 2087 1906 4913
4436 3 1906 2087 4606
4437 3 1906 3316 4722
4438 3 3316 1906 4606
4439 3 2162 3115 3622
4440 3 3115 2162 4571
4441 3 2632 2162 4523
4442 3 2162 2632 4571
4443 3 3165 2162 3622
4444 3 2162 3165 4523
4445 3 3046 2418 4632
4446 3 2418 3046 4269
4447 3 3253 2930 3539
4448 3 3659 3186 4285
4449 3 341 115 3375
4450 3 115 341 3479
4451 3 3161 115 3479
4452 3 371 2817 4210
4453 3 371 613 2817
4454 3 613 371 4055
4455 3 3489 371 4210
4456 3 371 3489 4755
4457 3 1199 371 4755
4458 3 371 1199 4055
4459 3 627 1047 1921
4460 3 1047 627 3773
4461 3 627 2616 2937
4462 3 2616 627 4486
4463 3 627 2937 3773
4464 3 627 1921 4486
4465 3 883 1839 4926
4466 3 1839 883 4838
4467 3 1108 883 3803
4468 3 3803 883 4926
4469 3 1801 1139 4446
4470 3 1139 1801 4229
4471 3 3604 1139 4229
4472 3 2216 1139 3604
4473 3 1139 1230 4446
4474 3 1230 1139 2216
4475 3 1395 1911 3770
4476 3 1395 3770 4439
4477 3 1395 3838 4435
4478 3 3838 1395 4439
4479 3 2164 1651 4622
4480 3 1976 1651 2164
4481 3 1651 2752 4622
4482 3 2752 1651 2842
4483 3 1907 2817 3320
4484 3 4632 1907 4710
4485 3 1907 3320 4710
4486 3 4680 2163 4750
4487 3 2163 2190 3497
4488 3 2190 2163 3761
4489 3 2163 3497 4750
4490 3 2419 3353 3924
4491 3 3467 2419 4143
4492 3 2675 4049 4830
4493 3 4459 2931 4690
4494 3 515 116 2081
4495 3 116 515 750
4496 3 2081 116 4702
4497 3 116 4665 4883
4498 3 4702 116 4883
4499 3 116 3810 4665
4500 3 116 750 3810
4501 3 571 372 1618
4502 3 372 571 3964
4503 3 372 619 1618
4504 3 619 372 2186
4505 3 372 3964 4304
4506 3 372 1663 2186
4507 3 1663 372 4304
4508 3 1564 628 3929
4509 3 628 1564 4824
4510 3 3929 628 4956
4511 3 884 1874 2367
4512 3 1874 884 3702
4513 3 1664 1140 4707
4514 3 1140 1664 3014
4515 3 1140 2716 4707
4516 3 2216 1140 3140
4517 3 1140 2216 2716
4518 3 1140 3014 3140
4519 3 2913 1396 4892
4520 3 1396 2913 3500
4521 3 1396 4720 4892
4522 3 1396 3500 3795
4523 3 1652 2771 4278
4524 3 2320 1908 3396
4525 3 3379 1908 4002
4526 3 1908 3288 3396
4527 3 4361 2164 4622
4528 3 2420 2581 3857
4529 3 2676 3601 3621
4530 3 3956 4119 4267
4531 3 4208 3956 4579
4532 3 117 1145 3085
4533 3 1145 117 1190
4534 3 1190 117 4154
4535 3 117 955 4154
4536 3 955 117 3207
4537 3 1478 117 3085
4538 3 117 1478 3207
4539 3 373 2369 4927
4540 3 2369 373 3492
4541 3 3460 373 4418
4542 3 373 3460 3492
4543 3 3545 373 4927
4544 3 373 3545 4418
4545 3 629 2862 4086
4546 3 629 848 1558
4547 3 848 629 4086
4548 3 1107 629 1558
4549 3 629 1107 2540
4550 3 629 2540 2862
4551 3 885 4518 4649
4552 3 885 3247 4518
4553 3 4041 885 4649
4554 3 1141 1929 4633
4555 3 1929 1141 3041
4556 3 1141 1441 3108
4557 3 1441 1141 3556
4558 3 3041 1141 3108
4559 3 3556 1141 4633
4560 3 1397 4704 4718
4561 3 1653 2229 3589
4562 3 2229 1653 2950
4563 3 2773 1653 2845
4564 3 1653 2773 2950
4565 3 1909 3157 3399
4566 3 2165 3330 4952
4567 3 3330 2165 4717
4568 3 2165 2423 4717
4569 3 2423 2165 3522
4570 3 2165 3282 3522
4571 3 2283 2165 4952
4572 3 2165 2283 3282
4573 3 2421 3875 4179
4574 3 2677 4495 4670
4575 3 2967 2677 4670
4576 3 2677 3023 4495
4577 3 4407 2933 4449
4578 3 4449 2933 4603
4579 3 2933 3558 4700
4580 3 4603 2933 4700
4581 3 3445 3621 3917
4582 3 118 1598 4040
4583 3 1598 118 2030
4584 3 341 118 3479
4585 3 118 341 3541
4586 3 3479 118 4040
4587 3 118 3541 4377
4588 3 2030 118 4377
4589 3 2562 374 4303
4590 3 374 784 2195
4591 3 374 599 784
4592 3 401 374 2562
4593 3 374 401 599
4594 3 374 2195 4303
4595 3 4355 630 4874
4596 3 3249 630 4343
4597 3 4343 630 4355
4598 3 1799 1142 4758
4599 3 1142 1799 2205
4600 3 2852 1142 4432
4601 3 1142 2852 4758
4602 3 1142 2205 4038
4603 3 1142 4038 4432
4604 3 1951 1398 3459
4605 3 1398 1951 3772
4606 3 1757 1398 3772
4607 3 2555 1398 4144
4608 3 1398 2555 3459
4609 3 1654 2715 3028
4610 3 2533 1654 4950
4611 3 1654 2533 2715
4612 3 1910 2254 4575
4613 3 2452 2166 3817
4614 3 2166 2452 3823
4615 3 3062 2166 4793
4616 3 2166 3062 3817
4617 3 2678 3720 4513
4618 3 2678 3219 3720
4619 3 4867 4726 4918
4620 3 119 649 3372
4621 3 707 119 3372
4622 3 119 707 3732
4623 3 119 457 649
4624 3 457 119 3732
4625 3 3213 375 3617
4626 3 375 3213 3262
4627 3 1989 375 3262
4628 3 375 723 3617
4629 3 723 375 1989
4630 3 3343 631 4822
4631 3 3128 631 3343
4632 3 631 3128 4212
4633 3 631 3451 4822
4634 3 1037 887 3010
4635 3 2598 887 2634
4636 3 887 2598 3010
4637 3 2634 887 4211
4638 3 2378 1143 3468
4639 3 1422 1143 2942
4640 3 1143 1422 3468
4641 3 1602 1399 3302
4642 3 1495 1399 1602
4643 3 1399 1495 2035
4644 3 1399 2035 3087
4645 3 2272 1655 3686
4646 3 1655 2272 4823
4647 3 3770 1911 4292
4648 3 4292 1911 4555
4649 3 2423 3522 4169
4650 3 2423 3584 4717
4651 3 3926 2935 4460
4652 3 3167 2935 3926
4653 3 3675 3191 4296
4654 3 4296 3191 4411
4655 3 4385 3447 4830
4656 3 2325 120 4456
4657 3 1070 120 2325
4658 3 120 1070 1769
4659 3 2107 120 2573
4660 3 120 2107 4456
4661 3 120 1769 2573
4662 3 391 376 2436
4663 3 376 391 471
4664 3 376 924 2436
4665 3 924 376 4037
4666 3 746 632 860
4667 3 632 746 1227
4668 3 632 1003 1034
4669 3 1003 632 1227
4670 3 888 1579 1593
4671 3 1579 888 1884
4672 3 888 1593 2454
4673 3 1884 888 2450
4674 3 2450 888 2512
4675 3 888 2454 2512
4676 3 1834 1144 4003
4677 3 1144 1834 2285
4678 3 4003 1144 4416
4679 3 1144 1716 4416
4680 3 1716 1144 4184
4681 3 1144 2285 4184
4682 3 1400 2460 2897
4683 3 2340 1656 4469
4684 3 1656 2340 3234
4685 3 2345 1656 3234
4686 3 3142 1656 3154
4687 3 1656 3142 4469
4688 3 1688 1656 2345
4689 3 1656 1688 3154
4690 3 2643 1912 3052
4691 3 3353 2168 3924
4692 3 3924 2168 4023
4693 3 2242 2168 3373
4694 3 2168 2242 4023
4695 3 3073 2936 4599
4696 3 2936 3190 4599
4697 3 2119 121 4459
4698 3 121 2119 3991
4699 3 1615 121 3991
4700 3 121 2931 4459
4701 3 692 121 1615
4702 3 121 692 2931
4703 3 780 377 4703
4704 3 377 780 4018
4705 3 377 1042 4703
4706 3 1042 377 4351
4707 3 1080 377 4018
4708 3 477 377 1080
4709 3 377 477 4351
4710 3 633 1816 4044
4711 3 633 1867 3015
4712 3 1867 633 4044
4713 3 633 1741 1816
4714 3 1741 633 3015
4715 3 3699 889 3840
4716 3 2183 889 4047
4717 3 3231 889 3699
4718 3 889 3231 4047
4719 3 1203 889 2183
4720 3 889 1203 3840
4721 3 3085 1145 4874
4722 3 1145 3854 4874
4723 3 1145 1190 3550
4724 3 1145 3550 3854
4725 3 1401 1549 2775
4726 3 1549 1401 1785
4727 3 4155 1401 4770
4728 3 1401 2624 4770
4729 3 2624 1401 2775
4730 3 1785 1401 4155
4731 3 1657 2134 2961
4732 3 2134 1657 2984
4733 3 2984 1657 3796
4734 3 3120 1913 3951
4735 3 2133 1913 3120
4736 3 1913 2133 4490
4737 3 3951 1913 4590
4738 3 1913 4490 4590
4739 3 2169 2953 3400
4740 3 2953 2169 3760
4741 3 3760 2169 4225
4742 3 3024 2169 3400
4743 3 2169 3024 4225
4744 3 2864 2425 3059
4745 3 3059 2425 3630
4746 3 3280 2681 3711
4747 3 2937 3020 3773
4748 3 3193 4454 4600
4749 3 3193 3205 4378
4750 3 3205 3193 4600
4751 3 3193 4093 4454
4752 3 3583 3193 4378
4753 3 3193 3583 4093
4754 3 3974 3449 4542
4755 3 4542 3449 4791
4756 3 3961 4822 4931
4757 3 1835 122 3443
4758 3 3443 122 3813
4759 3 384 122 1835
4760 3 122 384 3976
4761 3 1713 122 3976
4762 3 122 1713 3813
4763 3 378 541 2827
4764 3 541 378 1761
4765 3 1062 378 1209
4766 3 378 1062 1761
4767 3 1799 634 4124
4768 3 634 2567 4124
4769 3 1637 634 1799
4770 3 689 634 1637
4771 3 890 4443 4736
4772 3 890 1740 4443
4773 3 2764 890 4736
4774 3 890 2764 3313
4775 3 2141 1146 2721
4776 3 1146 3701 4672
4777 3 2721 1146 4672
4778 3 1740 1146 2141
4779 3 1642 1402 3611
4780 3 1402 1642 1729
4781 3 1402 2706 3611
4782 3 1658 2405 4578
4783 3 2405 1658 2803
4784 3 2803 1658 3177
4785 3 1658 3065 3177
4786 3 3065 1658 4578
4787 3 2589 1914 4102
4788 3 1914 2589 4203
4789 3 3467 1914 4203
4790 3 1914 3467 4842
4791 3 1914 2751 4102
4792 3 2751 1914 4842
4793 3 2170 3334 3569
4794 3 2170 3008 4247
4795 3 2682 4003 4399
4796 3 3962 4434 4522
4797 3 3962 4007 4434
4798 3 609 123 4204
4799 3 123 609 1434
4800 3 725 123 1434
4801 3 123 507 4204
4802 3 507 123 1686
4803 3 379 2571 3421
4804 3 2571 379 4564
4805 3 379 4417 4564
4806 3 3318 379 3421
4807 3 635 1544 2393
4808 3 1544 635 4607
4809 3 635 2330 4607
4810 3 2142 635 2393
4811 3 2427 891 3360
4812 3 1403 4020 4424
4813 3 1403 1486 3977
4814 3 3061 1403 3977
4815 3 1403 3061 4020
4816 3 1994 1659 4069
4817 3 1659 4573 4639
4818 3 1915 3107 4471
4819 3 3107 1915 4092
4820 3 2390 1915 3173
4821 3 1915 2390 4092
4822 3 2284 2171 3306
4823 3 3429 2427 3848
4824 3 4138 2683 4645
4825 3 2683 3660 4645
4826 3 3660 2683 3835
4827 3 3252 2939 4057
4828 3 2939 3252 4846
4829 3 3195 4063 4444
4830 3 1879 124 4627
4831 3 124 1879 2001
4832 3 124 1666 4627
4833 3 1666 124 2479
4834 3 2479 124 4593
4835 3 124 2001 4593
4836 3 380 4434 4462
4837 3 4434 380 4522
4838 3 3757 380 4462
4839 3 636 4619 4924
4840 3 1573 636 4206
4841 3 636 1573 1932
4842 3 636 2913 4206
4843 3 2913 636 3769
4844 3 636 1932 4619
4845 3 3769 636 4924
4846 3 1221 892 3762
4847 3 892 1221 1717
4848 3 2539 892 4873
4849 3 892 2539 3762
4850 3 1264 892 1717
4851 3 1814 1148 3104
4852 3 1148 1202 1878
4853 3 1202 1148 1627
4854 3 1404 3374 4263
4855 3 2366 1404 4011
4856 3 1779 1404 4263
4857 3 1404 1779 4011
4858 3 1916 2144 3462
4859 3 2144 1916 3244
4860 3 3307 1916 3462
4861 3 2172 2828 4761
4862 3 2517 2172 4105
4863 3 2172 2517 2828
4864 3 3579 2172 4761
4865 3 3801 2428 4516
4866 3 2684 3405 4476
4867 3 4288 2684 4476
4868 3 2940 3755 4187
4869 3 125 1089 4177
4870 3 1089 125 4061
4871 3 125 2904 4061
4872 3 1936 125 4177
4873 3 125 1936 2904
4874 3 381 2832 3204
4875 3 381 2713 2832
4876 3 2529 381 4741
4877 3 381 2529 2713
4878 3 2280 381 3204
4879 3 1604 637 3722
4880 3 637 1604 2232
4881 3 3722 637 4506
4882 3 637 2723 3020
4883 3 637 2232 2723
4884 3 637 3020 4506
4885 3 893 1806 3225
4886 3 893 932 1806
4887 3 932 893 4646
4888 3 1149 2251 2596
4889 3 2251 1149 4486
4890 3 1405 1449 2478
4891 3 1661 2241 2742
4892 3 1917 3332 3805
4893 3 1917 2909 3332
4894 3 2173 2308 4240
4895 3 2308 2173 3006
4896 3 2173 3922 4156
4897 3 3922 2173 4240
4898 3 3006 2173 4245
4899 3 3829 2173 4156
4900 3 2173 3829 4245
4901 3 2429 4397 4784
4902 3 3197 3472 3758
4903 3 3197 3758 4810
4904 3 3197 4810 4919
4905 3 3453 4310 4514
4906 3 3709 4658 4876
4907 3 126 791 4482
4908 3 4197 126 4482
4909 3 126 4197 4287
4910 3 126 482 791
4911 3 482 126 3578
4912 3 3578 126 4287
4913 3 1577 382 4153
4914 3 382 1577 4809
4915 3 4755 382 4809
4916 3 3489 382 4755
4917 3 382 3308 4153
4918 3 3308 382 3489
4919 3 638 772 1438
4920 3 1352 638 3278
4921 3 1194 638 1438
4922 3 638 1194 3278
4923 3 894 4112 4463
4924 3 894 1349 4112
4925 3 1349 894 3513
4926 3 894 2985 3513
4927 3 1868 1150 3322
4928 3 3340 1406 4018
4929 3 2705 1406 3340
4930 3 1406 2705 4691
4931 3 4335 1406 4691
4932 3 1662 2132 4114
4933 3 2960 1662 3238
4934 3 1662 2960 3806
4935 3 3741 1662 3806
4936 3 3238 1662 4114
4937 3 2244 1918 2924
4938 3 1918 2244 3543
4939 3 3441 2174 4223
4940 3 2174 3577 4223
4941 3 3918 2430 4228
4942 3 2430 3040 4228
4943 3 4050 2686 4270
4944 3 2942 3142 3148
4945 3 3142 2942 3734
4946 3 1838 127 3344
4947 3 127 1838 2703
4948 3 2231 127 2703
4949 3 498 127 2231
4950 3 127 498 2805
4951 3 127 2805 3344
4952 3 383 1064 4505
4953 3 2364 383 3704
4954 3 3704 383 4505
4955 3 474 383 2364
4956 3 639 1842 3335
4957 3 1842 639 2526
4958 3 639 1013 2526
4959 3 895 1610 4435
4960 3 1610 895 4345
4961 3 895 1386 4345
4962 3 3838 895 4435
4963 3 2579 1151 2584
4964 3 1151 2968 3644
4965 3 1151 2239 2584
4966 3 2239 1151 3644
4967 3 3350 1407 3461
4968 3 1407 3350 4772
4969 3 2456 1407 4880
4970 3 1407 2456 3461
4971 3 2606 1663 4410
4972 3 2186 1663 2606
4973 3 1663 3043 4410
4974 3 3043 1663 4304
4975 3 1919 3948 4512
4976 3 3948 1919 4072
4977 3 1919 4512 4706
4978 3 3794 1919 4706
4979 3 1919 3794 4072
4980 3 2175 2582 3607
4981 3 2327 2175 4762
4982 3 2175 3607 4762
4983 3 3703 2431 4795
4984 3 4795 2431 4934
4985 3 2687 3065 4169
4986 3 3065 2687 3177
4987 3 2943 3863 4624
4988 3 4142 3199 4500
4989 3 4500 3199 4946
4990 3 3232 3199 4142
4991 3 3558 3455 4700
4992 3 128 1340 4358
4993 3 1340 128 4915
4994 3 128 2671 4915
4995 3 2671 128 3771
4996 3 3771 128 4358
4997 3 384 1835 3862
4998 3 900 384 3862
4999 3 640 1284 3707
5000 3 1284 640 2520
5001 3 2520 640 3811
5002 3 3811 640 3937
5003 3 640 2045 3937
5004 3 896 4630 4879
5005 3 896 3176 4630
5006 3 3176 896 4204
5007 3 2234 896 4879
5008 3 1152 2585 3289
5009 3 1152 2334 2585
5010 3 2334 1152 4481
5011 3 3595 1408 4869
5012 3 1594 1408 3595
5013 3 1408 1594 4441
5014 3 3014 1664 3694
5015 3 1664 3018 3694
5016 3 1920 3146 4132
5017 3 3494 2432 3837
5018 3 2746 2432 3494
5019 3 2546 2432 2746
5020 3 3837 2432 3964
5021 3 3002 2944 3064
5022 3 3200 3208 3957
5023 3 4046 3456 4160
5024 3 290 129 4661
5025 3 129 290 3795
5026 3 129 867 1707
5027 3 867 129 3795
5028 3 129 1707 2507
5029 3 129 2507 4661
5030 3 801 385 4479
5031 3 4479 385 4685
5032 3 2755 385 3892
5033 3 385 2755 4685
5034 3 767 385 801
5035 3 385 767 3892
5036 3 641 2496 3600
5037 3 897 2122 3093
5038 3 897 1174 2122
5039 3 1174 897 4205
5040 3 3042 897 3093
5041 3 897 3042 4205
5042 3 1153 1322 4428
5043 3 1153 2898 4360
5044 3 2898 1153 4428
5045 3 1218 1153 4360
5046 3 1153 1218 1322
5047 3 2594 1409 3614
5048 3 1409 2594 3012
5049 3 1409 2619 3614
5050 3 4120 1665 4387
5051 3 1665 2626 4387
5052 3 1921 2251 4486
5053 3 2867 2177 3688
5054 3 2177 2867 3311
5055 3 2177 3295 3636
5056 3 3295 2177 3311
5057 3 2433 2560 3450
5058 3 2945 3029 4868
5059 3 4625 4481 4776
5060 3 130 4170 4581
5061 3 130 4006 4170
5062 3 130 961 4006
5063 3 961 130 2812
5064 3 2812 130 4581
5065 3 386 2367 4835
5066 3 386 884 2367
5067 3 386 982 988
5068 3 982 386 4835
5069 3 386 736 884
5070 3 736 386 988
5071 3 2377 642 4781
5072 3 3455 642 4700
5073 3 642 3455 4583
5074 3 642 4583 4781
5075 3 898 4375 4537
5076 3 898 3376 3622
5077 3 3376 898 4537
5078 3 898 2906 4375
5079 3 996 898 3622
5080 3 898 996 2906
5081 3 1154 2208 2503
5082 3 2208 1154 2814
5083 3 2469 1154 3616
5084 3 1154 2503 3616
5085 3 1410 2353 3064
5086 3 4627 1666 4924
5087 3 2178 2361 4345
5088 3 4217 2178 4476
5089 3 2178 2194 2361
5090 3 2194 2178 4217
5091 3 2178 4288 4476
5092 3 2690 2935 3167
5093 3 3734 3202 4469
5094 3 3202 4039 4291
5095 3 3395 131 4012
5096 3 131 2388 2655
5097 3 131 2655 4012
5098 3 2263 131 3395
5099 3 131 2263 2388
5100 3 387 2135 3647
5101 3 2135 387 4201
5102 3 429 387 3647
5103 3 387 429 2791
5104 3 643 1817 3632
5105 3 1817 643 1998
5106 3 1828 643 2816
5107 3 1998 643 3317
5108 3 2816 643 3632
5109 3 2869 899 3133
5110 3 899 2869 3554
5111 3 899 1860 3133
5112 3 1860 899 2926
5113 3 899 1162 2926
5114 3 1162 899 1418
5115 3 1418 899 3554
5116 3 2062 1155 4761
5117 3 1725 1155 2017
5118 3 2017 1155 2062
5119 3 1411 1910 4631
5120 3 4299 1411 4631
5121 3 1411 4299 4899
5122 3 1959 1667 3824
5123 3 1923 2070 3905
5124 3 2070 1923 4763
5125 3 2179 2224 3102
5126 3 2224 2179 4953
5127 3 2179 4028 4953
5128 3 2265 2179 3102
5129 3 4066 2691 4244
5130 3 3490 3203 4773
5131 3 132 1320 1585
5132 3 132 1585 2729
5133 3 132 1201 1268
5134 3 132 1268 1320
5135 3 1022 132 2729
5136 3 132 1022 1201
5137 3 1071 388 2659
5138 3 388 1071 1776
5139 3 388 1609 3135
5140 3 2659 388 3135
5141 3 388 997 1609
5142 3 997 388 1776
5143 3 4148 644 4396
5144 3 3650 644 4626
5145 3 644 3650 4396
5146 3 644 1125 4626
5147 3 757 644 4148
5148 3 644 757 1125
5149 3 900 3862 3931
5150 3 1767 900 3931
5151 3 900 1767 3439
5152 3 1156 1858 3024
5153 3 1858 1156 4605
5154 3 1451 1156 3400
5155 3 1156 1451 2245
5156 3 1156 2245 4605
5157 3 1156 3024 3400
5158 3 4025 1412 4130
5159 3 1883 1668 3816
5160 3 1768 1668 1883
5161 3 1668 1768 2197
5162 3 1924 2376 3406
5163 3 2376 1924 4277
5164 3 1924 3406 4518
5165 3 3247 1924 4518
5166 3 2180 3595 4869
5167 3 2350 2180 4869
5168 3 2180 2350 3835
5169 3 4197 2692 4287
5170 3 2948 3887 4825
5171 3 2948 4825 4939
5172 3 3716 4107 4813
5173 3 2821 133 4947
5174 3 2853 133 4540
5175 3 133 2853 3557
5176 3 1709 133 2821
5177 3 133 1709 4540
5178 3 133 3557 4947
5179 3 389 1027 1046
5180 3 1027 389 1844
5181 3 389 4100 4588
5182 3 389 1046 1612
5183 3 1844 389 4588
5184 3 389 1612 4100
5185 3 645 1793 2685
5186 3 645 1336 4209
5187 3 1336 645 2685
5188 3 645 1254 1793
5189 3 1254 645 1527
5190 3 1527 645 4209
5191 3 3861 901 4588
5192 3 2399 901 3525
5193 3 911 901 2399
5194 3 901 911 4588
5195 3 2997 901 3861
5196 3 901 2997 3525
5197 3 1157 1182 3383
5198 3 1182 1157 4253
5199 3 1439 1157 3361
5200 3 1157 1439 4253
5201 3 1585 1413 2290
5202 3 2612 1413 4918
5203 3 1413 2914 4918
5204 3 2290 1413 2612
5205 3 1896 1669 2076
5206 3 4573 2181 4639
5207 3 3111 2437 4880
5208 3 2437 2456 4880
5209 3 2693 2822 4319
5210 3 2949 3407 4374
5211 3 3205 3666 4378
5212 3 3261 3205 4171
5213 3 3205 3261 3666
5214 3 134 1340 4915
5215 3 1340 134 1596
5216 3 134 3209 3812
5217 3 3039 134 4915
5218 3 134 3039 3209
5219 3 3104 390 3908
5220 3 390 1584 3908
5221 3 1148 390 3104
5222 3 390 1148 1878
5223 3 3387 646 3599
5224 3 646 3387 4237
5225 3 1379 646 4237
5226 3 646 909 3599
5227 3 1578 902 2880
5228 3 902 1578 4836
5229 3 2880 902 3832
5230 3 902 1210 1232
5231 3 1210 902 4836
5232 3 902 1232 2536
5233 3 902 2536 3832
5234 3 2719 1158 3229
5235 3 2474 1158 4799
5236 3 1158 2474 2532
5237 3 1158 2532 3229
5238 3 1414 4013 4411
5239 3 2263 1414 4411
5240 3 1414 2263 3395
5241 3 1670 1804 2593
5242 3 1804 1670 2235
5243 3 1670 2593 3522
5244 3 3127 1670 3282
5245 3 2235 1670 3127
5246 3 3282 1670 3522
5247 3 1926 4007 4394
5248 3 2510 1926 4601
5249 3 2881 2438 3593
5250 3 2694 3666 4723
5251 3 3496 3206 3959
5252 3 3206 3496 3833
5253 3 135 1123 2726
5254 3 376 135 4037
5255 3 135 376 471
5256 3 135 2726 4037
5257 3 135 471 1123
5258 3 391 2436 4671
5259 3 391 2954 4102
5260 3 2954 391 4671
5261 3 471 391 4102
5262 3 647 3604 4229
5263 3 647 727 4628
5264 3 727 647 4229
5265 3 647 2781 3604
5266 3 2781 647 3809
5267 3 3809 647 4628
5268 3 903 2430 3918
5269 3 2430 903 4534
5270 3 1223 903 2887
5271 3 903 1223 4534
5272 3 903 993 2887
5273 3 1159 1321 1946
5274 3 1159 1946 1963
5275 3 1159 1963 4167
5276 3 1159 1234 1321
5277 3 3393 1415 4465
5278 3 1671 2859 4089
5279 3 1671 2203 2859
5280 3 1927 2491 4305
5281 3 1927 4305 4480
5282 3 2541 1927 4480
5283 3 3898 2183 4047
5284 3 4433 2439 4438
5285 3 2439 3006 4438
5286 3 3006 2439 4283
5287 3 3154 2695 3672
5288 3 2695 3016 3672
5289 3 3463 4165 4870
5290 3 3975 4339 4586
5291 3 136 1416 1909
5292 3 136 954 4835
5293 3 488 136 1909
5294 3 136 488 954
5295 3 1283 392 1673
5296 3 392 1283 1724
5297 3 392 872 3183
5298 3 1673 392 3183
5299 3 648 903 3918
5300 3 903 648 993
5301 3 648 1950 2095
5302 3 1950 648 3918
5303 3 993 648 2095
5304 3 904 1588 2627
5305 3 1588 904 2125
5306 3 904 2627 3580
5307 3 2488 904 3580
5308 3 904 1736 2125
5309 3 1736 904 2488
5310 3 1160 4609 4850
5311 3 3890 1160 4914
5312 3 1160 2736 4609
5313 3 2736 1160 3506
5314 3 3506 1160 3890
5315 3 1160 4850 4914
5316 3 1416 2079 3157
5317 3 1416 1872 2079
5318 3 1909 1416 3157
5319 3 2069 1672 4456
5320 3 1672 2069 3959
5321 3 1672 2794 4456
5322 3 3130 1928 3914
5323 3 2109 1928 3130
5324 3 3914 1928 4780
5325 3 1928 3180 4780
5326 3 2696 3363 3518
5327 3 3363 2696 3800
5328 3 2795 2696 3518
5329 3 3483 3464 3844
5330 3 137 1349 4498
5331 3 1349 137 1708
5332 3 397 137 1970
5333 3 137 397 1467
5334 3 1970 137 4498
5335 3 137 1467 1708
5336 3 393 2051 3258
5337 3 393 611 3909
5338 3 611 393 4348
5339 3 393 3258 4348
5340 3 393 464 2051
5341 3 464 393 3909
5342 3 649 3336 3372
5343 3 3336 649 3819
5344 3 649 2586 3819
5345 3 649 709 2586
5346 3 905 1320 1613
5347 3 1320 905 2914
5348 3 905 1613 4064
5349 3 2914 905 4867
5350 3 3374 1161 4263
5351 3 1162 1161 2926
5352 3 2475 1161 3374
5353 3 1161 2475 2926
5354 3 2200 1417 4398
5355 3 1673 3834 4168
5356 3 2312 2185 4727
5357 3 2185 2312 4813
5358 3 2185 2358 4727
5359 3 2358 2185 3293
5360 3 3293 2185 4813
5361 3 2779 2697 4491
5362 3 2697 4321 4491
5363 3 2953 3651 4181
5364 3 3651 2953 3760
5365 3 2953 3030 3400
5366 3 3030 2953 4181
5367 3 3859 3209 4806
5368 3 138 1929 3041
5369 3 138 1188 1929
5370 3 731 138 2825
5371 3 138 731 1188
5372 3 394 4640 4901
5373 3 394 3460 4418
5374 3 3460 394 4515
5375 3 4515 394 4901
5376 3 394 2980 4640
5377 3 2980 394 4418
5378 3 2398 650 2967
5379 3 650 2677 2967
5380 3 2669 906 2758
5381 3 2758 906 3504
5382 3 906 2550 2818
5383 3 1162 1418 4136
5384 3 1418 3236 4136
5385 3 1674 1995 2204
5386 3 2186 2606 3194
5387 3 3784 2442 4067
5388 3 2442 3784 4339
5389 3 2698 3661 4663
5390 3 3144 2954 4671
5391 3 3210 3668 3866
5392 3 3668 3210 3983
5393 3 139 294 1668
5394 3 139 3625 3833
5395 3 139 1668 2197
5396 3 139 2197 3625
5397 3 139 202 294
5398 3 202 139 3833
5399 3 1429 395 2103
5400 3 395 1429 2000
5401 3 395 1762 2103
5402 3 1762 395 2433
5403 3 651 2087 4913
5404 3 2087 651 3050
5405 3 4164 651 4178
5406 3 2710 651 4913
5407 3 651 2710 4178
5408 3 3050 651 4164
5409 3 3105 907 3361
5410 3 907 3105 3484
5411 3 907 3484 3980
5412 3 907 3025 3361
5413 3 2785 907 3980
5414 3 907 2785 3025
5415 3 1241 1163 1412
5416 3 1163 1241 2253
5417 3 1163 2023 4496
5418 3 2023 1163 2253
5419 3 1419 1797 4920
5420 3 1797 1419 2905
5421 3 1419 4642 4760
5422 3 2905 1419 4760
5423 3 1675 1963 4106
5424 3 2150 1931 4370
5425 3 1931 2150 4899
5426 3 4085 1931 4899
5427 3 3666 2187 4723
5428 3 2187 3261 3594
5429 3 3261 2187 3666
5430 3 2514 2187 3594
5431 3 4232 2699 4954
5432 3 2699 2709 4954
5433 3 3856 3211 4188
5434 3 3211 3856 4764
5435 3 3467 4143 4842
5436 3 277 140 545
5437 3 140 277 908
5438 3 545 140 1992
5439 3 140 3618 3814
5440 3 140 908 3618
5441 3 1992 140 3869
5442 3 140 3814 3869
5443 3 396 559 2153
5444 3 559 396 2669
5445 3 396 906 2669
5446 3 906 396 2550
5447 3 652 3885 4461
5448 3 3885 652 4800
5449 3 2889 652 3540
5450 3 652 2946 4800
5451 3 3540 652 4461
5452 3 3618 908 4944
5453 3 1164 1846 2760
5454 3 1415 1164 4465
5455 3 1164 1415 3749
5456 3 1164 1732 1846
5457 3 1732 1164 3749
5458 3 1164 2760 4465
5459 3 3138 1420 4948
5460 3 1420 3138 4775
5461 3 1420 2925 3988
5462 3 2925 1420 4775
5463 3 1420 3988 4948
5464 3 1676 4117 4465
5465 3 2614 1676 3091
5466 3 1676 2120 3091
5467 3 2120 1676 2760
5468 3 2760 1676 4465
5469 3 2237 1932 3454
5470 3 3744 2188 4257
5471 3 4257 2188 4660
5472 3 2188 2531 4660
5473 3 3352 2444 3696
5474 3 3696 2444 4044
5475 3 2444 3448 4044
5476 3 2763 2444 3352
5477 3 2444 2763 3448
5478 3 2700 3447 4385
5479 3 3447 2700 3630
5480 3 2707 2700 4385
5481 3 2700 3059 3630
5482 3 3212 4001 4310
5483 3 3552 3468 4392
5484 3 2171 141 3306
5485 3 442 141 3512
5486 3 141 442 4557
5487 3 3306 141 4557
5488 3 397 4108 4621
5489 3 3599 397 4621
5490 3 397 1970 4108
5491 3 1467 397 3599
5492 3 3891 653 4380
5493 3 653 1272 1290
5494 3 1272 653 3891
5495 3 768 653 1290
5496 3 909 1467 3599
5497 3 1467 909 4921
5498 3 909 3012 4921
5499 3 3108 1165 4158
5500 3 2379 1165 3108
5501 3 1165 1426 4158
5502 3 1426 1165 2721
5503 3 2033 1165 2379
5504 3 1165 2033 2721
5505 3 1421 2589 2954
5506 3 2589 1421 3291
5507 3 1421 3144 3649
5508 3 1421 2954 3144
5509 3 3291 1421 3649
5510 3 1677 3230 3585
5511 3 1677 2797 3230
5512 3 1933 3642 4187
5513 3 3228 1933 3382
5514 3 2189 3191 3675
5515 3 3191 2189 3779
5516 3 2784 2189 3675
5517 3 2445 2457 2511
5518 3 2823 2701 4189
5519 3 2701 3899 4189
5520 3 3899 2701 4857
5521 3 3213 3617 4045
5522 3 4720 3469 4892
5523 3 142 583 1881
5524 3 583 142 1920
5525 3 142 1119 3146
5526 3 1119 142 1433
5527 3 1920 142 3146
5528 3 756 142 1881
5529 3 142 756 1433
5530 3 398 953 2930
5531 3 398 467 953
5532 3 467 398 3045
5533 3 3045 398 4611
5534 3 1343 654 2702
5535 3 1273 654 1343
5536 3 654 1273 2653
5537 3 2568 910 3206
5538 3 1097 910 2568
5539 3 3206 910 3959
5540 3 910 1672 3959
5541 3 3229 1166 4939
5542 3 2275 1166 4088
5543 3 2532 1166 3229
5544 3 1166 2532 4088
5545 3 1422 2942 3148
5546 3 3468 1422 4392
5547 3 3331 1678 3551
5548 3 1678 2641 4249
5549 3 2641 1678 4802
5550 3 3551 1678 4249
5551 3 3865 1934 4741
5552 3 3799 1934 4116
5553 3 1934 2529 4741
5554 3 2529 1934 3799
5555 3 2287 1934 3865
5556 3 2190 2982 3945
5557 3 3497 2190 3945
5558 3 2446 3334 4395
5559 3 3334 2446 3569
5560 3 3569 2446 4373
5561 3 4160 2958 4620
5562 3 3999 3470 4174
5563 3 3470 3781 4174
5564 3 817 143 3502
5565 3 143 817 4028
5566 3 143 1428 3502
5567 3 1428 143 4327
5568 3 1777 143 4028
5569 3 143 1777 4327
5570 3 772 399 2688
5571 3 399 1352 3255
5572 3 638 399 772
5573 3 399 638 1352
5574 3 399 1513 2688
5575 3 1513 399 3255
5576 3 1669 655 3417
5577 3 655 2483 3416
5578 3 2767 655 3416
5579 3 655 2281 3417
5580 3 2281 655 2767
5581 3 1844 911 2466
5582 3 911 1844 4588
5583 3 911 2399 3089
5584 3 2466 911 3089
5585 3 3897 1167 4694
5586 3 1167 2152 4694
5587 3 2152 1167 4808
5588 3 2991 1167 3897
5589 3 2297 1167 2991
5590 3 1167 2297 4808
5591 3 2360 1423 4719
5592 3 1679 2071 3944
5593 3 3227 1679 3944
5594 3 2406 1935 3220
5595 3 3220 1935 4856
5596 3 2958 2447 4620
5597 3 2447 2958 4905
5598 3 2973 2959 4364
5599 3 2959 2973 4677
5600 3 3780 2959 4677
5601 3 2959 3780 4797
5602 3 2959 3070 4364
5603 3 3070 2959 4797
5604 3 3215 3572 3855
5605 3 1370 144 1870
5606 3 144 1370 1964
5607 3 2952 144 4666
5608 3 144 1171 1870
5609 3 1171 144 2952
5610 3 144 1964 4666
5611 3 400 1882 2736
5612 3 2397 400 3753
5613 3 400 2736 3753
5614 3 656 3591 4767
5615 3 656 1654 3028
5616 3 656 2732 3591
5617 3 2732 656 3028
5618 3 656 1514 1654
5619 3 1514 656 4767
5620 3 1044 912 2089
5621 3 912 1044 3930
5622 3 2089 912 4748
5623 3 2382 912 3941
5624 3 912 2382 4748
5625 3 912 3930 3941
5626 3 1168 3935 4543
5627 3 1926 1168 4007
5628 3 1168 1926 2510
5629 3 1168 3231 3935
5630 3 4007 1168 4543
5631 3 1168 2510 3231
5632 3 1424 2650 3661
5633 3 2650 1424 3747
5634 3 2698 1424 3661
5635 3 3747 1424 4805
5636 3 1424 1967 4805
5637 3 3484 1680 3980
5638 3 2239 1936 4177
5639 3 2448 2920 3689
5640 3 2448 3689 3699
5641 3 2448 3699 3840
5642 3 2704 2861 3602
5643 3 4544 3216 4853
5644 3 145 1678 3331
5645 3 1678 145 4802
5646 3 145 671 4802
5647 3 3058 145 3331
5648 3 401 2562 3952
5649 3 401 587 599
5650 3 587 401 744
5651 3 1967 401 3952
5652 3 744 401 1967
5653 3 3381 657 3430
5654 3 3430 657 4383
5655 3 704 657 3381
5656 3 657 704 1614
5657 3 657 720 4383
5658 3 720 657 1614
5659 3 913 1358 3445
5660 3 1358 913 2545
5661 3 913 3445 3917
5662 3 2440 913 3917
5663 3 1169 3588 4337
5664 3 1169 2919 4363
5665 3 2919 1169 3145
5666 3 1681 3377 4557
5667 3 3166 1681 3860
5668 3 2633 1937 4227
5669 3 2137 1937 2633
5670 3 1937 2137 3431
5671 3 2935 2193 4460
5672 3 2690 2193 2935
5673 3 2193 4262 4460
5674 3 2449 3233 3284
5675 3 2449 3284 3521
5676 3 2961 4268 4844
5677 3 4559 3473 4651
5678 3 3802 3473 4667
5679 3 4193 3985 4832
5680 3 3985 4193 4327
5681 3 799 146 4821
5682 3 146 799 4567
5683 3 146 927 2505
5684 3 927 146 4567
5685 3 146 2505 4821
5686 3 1621 402 3019
5687 3 402 1621 3316
5688 3 3019 402 4667
5689 3 402 3802 4667
5690 3 3802 402 4606
5691 3 402 3316 4606
5692 3 658 825 2209
5693 3 1503 658 2209
5694 3 914 2320 3279
5695 3 914 3405 3818
5696 3 914 1908 2320
5697 3 1908 914 4002
5698 3 914 3279 3405
5699 3 914 3818 4002
5700 3 1170 2848 4817
5701 3 4440 1170 4817
5702 3 1426 3452 4549
5703 3 1426 2721 3452
5704 3 1682 1807 2832
5705 3 1807 1682 3687
5706 3 2713 1682 2832
5707 3 1682 2206 3687
5708 3 2206 1682 2713
5709 3 1938 4638 4783
5710 3 1938 4185 4638
5711 3 2155 1938 4485
5712 3 4722 1938 4783
5713 3 4485 1938 4722
5714 3 2361 2194 2678
5715 3 2450 3330 4717
5716 3 2450 2512 3330
5717 3 3446 2962 3901
5718 3 2962 3446 4441
5719 3 3730 4382 4582
5720 3 147 3597 4526
5721 3 147 2105 3597
5722 3 700 147 4526
5723 3 147 700 3265
5724 3 147 3265 3312
5725 3 147 464 2105
5726 3 464 147 3312
5727 3 871 403 4356
5728 3 403 871 4128
5729 3 403 3195 4356
5730 3 3195 403 4063
5731 3 659 1304 1608
5732 3 1304 659 2012
5733 3 829 659 1608
5734 3 659 829 1737
5735 3 659 1737 2012
5736 3 915 2063 4740
5737 3 2063 915 3536
5738 3 2113 915 4740
5739 3 1178 915 2113
5740 3 1327 1171 2952
5741 3 1171 1327 4490
5742 3 1870 1171 3567
5743 3 3567 1171 4490
5744 3 4511 1427 4943
5745 3 1427 3533 4475
5746 3 3533 1427 4511
5747 3 1819 1683 2375
5748 3 1683 1706 2375
5749 3 1939 2711 3867
5750 3 3182 2195 3523
5751 3 2195 3182 3323
5752 3 2195 3323 4303
5753 3 2498 2451 3864
5754 3 2451 2498 4827
5755 3 4103 2707 4623
5756 3 2707 4385 4623
5757 3 3270 2707 4103
5758 3 3731 4215 4394
5759 3 148 2342 4071
5760 3 148 1582 2342
5761 3 333 148 478
5762 3 148 214 1582
5763 3 214 148 333
5764 3 478 148 4071
5765 3 404 1084 2578
5766 3 1084 404 1949
5767 3 404 2402 3407
5768 3 2402 404 4342
5769 3 1949 404 3407
5770 3 1804 660 3223
5771 3 660 1804 2235
5772 3 660 3163 3223
5773 3 3163 660 4274
5774 3 1137 660 2235
5775 3 1583 916 4536
5776 3 916 3245 4536
5777 3 3245 916 4843
5778 3 916 4278 4843
5779 3 1172 1318 1551
5780 3 1684 3857 4896
5781 3 2969 1684 4896
5782 3 1940 2135 4172
5783 3 2135 1940 2424
5784 3 2424 1940 3370
5785 3 1940 2019 3370
5786 3 2929 2196 4919
5787 3 2196 2929 4859
5788 3 2695 2196 3016
5789 3 3016 2196 4859
5790 3 3077 2452 3116
5791 3 2452 3077 3823
5792 3 3116 2452 4887
5793 3 2452 3817 4887
5794 3 2708 3764 4224
5795 3 3791 3220 4856
5796 3 3885 3732 4616
5797 3 3732 3885 4800
5798 3 3988 4308 4948
5799 3 149 3166 3860
5800 3 3166 149 4898
5801 3 696 149 3860
5802 3 149 696 3869
5803 3 3814 149 3869
5804 3 149 3814 4898
5805 3 2117 405 2840
5806 3 405 2117 2432
5807 3 405 2432 2546
5808 3 405 1485 2840
5809 3 1485 405 2546
5810 3 661 2072 3241
5811 3 2072 661 4350
5812 3 2652 661 3241
5813 3 917 1683 1819
5814 3 1683 917 4246
5815 3 4246 917 4539
5816 3 1173 2152 4808
5817 3 2222 1173 2386
5818 3 1429 2103 3994
5819 3 2762 1429 3994
5820 3 1429 2762 3051
5821 3 2000 1429 3051
5822 3 2197 2819 3122
5823 3 2197 3122 3625
5824 3 3170 2453 3198
5825 3 3438 3221 4747
5826 3 3221 3438 4860
5827 3 4286 3477 4467
5828 3 150 2077 4213
5829 3 2384 150 4213
5830 3 150 2384 3048
5831 3 150 1731 2077
5832 3 406 1043 1859
5833 3 1043 406 1488
5834 3 2420 406 2581
5835 3 406 717 2581
5836 3 717 406 1859
5837 3 1488 406 2420
5838 3 2924 662 4930
5839 3 662 1918 2141
5840 3 1918 662 2924
5841 3 2033 662 2141
5842 3 918 3120 3971
5843 3 918 2133 3120
5844 3 2133 918 4321
5845 3 3420 918 3971
5846 3 918 3420 4491
5847 3 4321 918 4491
5848 3 1285 1174 1895
5849 3 2122 1174 4679
5850 3 1895 1174 4205
5851 3 1430 2097 4651
5852 3 2097 1430 4210
5853 3 4164 1430 4651
5854 3 3308 1430 4164
5855 3 1430 3308 4210
5856 3 1942 4365 4527
5857 3 4233 1942 4527
5858 3 2243 1942 2315
5859 3 1942 2243 4365
5860 3 2867 2198 3389
5861 3 2198 2867 2966
5862 3 2198 2966 3492
5863 3 2512 2454 4524
5864 3 4038 3222 4432
5865 3 3478 3756 4614
5866 3 1319 151 2058
5867 3 151 1319 1326
5868 3 151 1326 1431
5869 3 151 1675 4106
5870 3 151 1431 1675
5871 3 151 1521 2058
5872 3 1521 151 4106
5873 3 3854 407 4355
5874 3 2886 407 3854
5875 3 407 2886 3009
5876 3 2288 407 3009
5877 3 407 2288 4343
5878 3 407 4343 4355
5879 3 663 851 2007
5880 3 851 663 4854
5881 3 663 2422 3778
5882 3 663 2007 2422
5883 3 1774 663 3778
5884 3 663 1774 4854
5885 3 919 1447 3739
5886 3 919 1751 4903
5887 3 1175 2112 2176
5888 3 2112 1175 2435
5889 3 2435 1175 4400
5890 3 1175 2264 4400
5891 3 1675 1431 3963
5892 3 1687 3090 3529
5893 3 3090 1687 4297
5894 3 4265 1943 4772
5895 3 2776 1943 4536
5896 3 2199 3791 4856
5897 3 3723 2967 4670
5898 3 2967 3723 4757
5899 3 4662 3223 4942
5900 3 2110 152 2660
5901 3 152 2110 3577
5902 3 328 152 2174
5903 3 2174 152 3577
5904 3 805 408 1351
5905 3 408 805 1366
5906 3 1351 408 4116
5907 3 408 1366 3799
5908 3 408 3799 4116
5909 3 664 2058 3536
5910 3 664 1319 2058
5911 3 664 915 1178
5912 3 915 664 3536
5913 3 664 1178 1269
5914 3 664 1269 1319
5915 3 920 1028 1611
5916 3 920 1611 3314
5917 3 1418 920 3236
5918 3 920 1418 3554
5919 3 3236 920 3314
5920 3 1397 1176 4704
5921 3 1176 1397 3572
5922 3 1176 2735 4704
5923 3 1750 1176 3572
5924 3 1630 1432 4207
5925 3 1432 1630 2542
5926 3 1453 1432 2542
5927 3 1432 2521 4207
5928 3 1688 2345 4325
5929 3 1688 2695 3154
5930 3 2080 1944 3982
5931 3 2116 1944 2868
5932 3 1944 2116 3290
5933 3 1944 2374 2868
5934 3 1944 3290 3982
5935 3 3461 2456 4192
5936 3 2783 2712 4075
5937 3 2712 2783 3576
5938 3 4075 2712 4095
5939 3 2712 3576 4660
5940 3 153 309 3037
5941 3 309 153 2025
5942 3 153 839 1382
5943 3 839 153 3037
5944 3 738 153 1382
5945 3 153 738 2025
5946 3 2053 409 4902
5947 3 409 2053 2302
5948 3 409 582 4902
5949 3 582 409 4455
5950 3 409 2549 4455
5951 3 409 2302 2549
5952 3 665 923 2522
5953 3 665 4050 4270
5954 3 665 2522 4826
5955 3 921 2613 4890
5956 3 2613 921 2681
5957 3 1122 921 4890
5958 3 971 921 1122
5959 3 921 971 2681
5960 3 1318 1177 2694
5961 3 3666 1177 4378
5962 3 2694 1177 3666
5963 3 1689 4648 4687
5964 3 4016 1689 4674
5965 3 1689 2761 4648
5966 3 2761 1689 4016
5967 3 1689 4604 4674
5968 3 4604 1689 4687
5969 3 2108 1945 3693
5970 3 3693 1945 4829
5971 3 2687 2201 3177
5972 3 2606 2457 3194
5973 3 2457 2606 4333
5974 3 2511 2457 4333
5975 3 3737 3922 4240
5976 3 154 1537 1561
5977 3 1537 154 2543
5978 3 154 1920 4132
5979 3 1249 154 1561
5980 3 154 1249 1920
5981 3 2543 154 4132
5982 3 1033 410 4949
5983 3 410 1033 1380
5984 3 410 1380 4048
5985 3 1136 410 4048
5986 3 666 1409 3012
5987 3 666 1267 4447
5988 3 1267 666 3012
5989 3 1714 922 2199
5990 3 1486 922 1714
5991 3 1758 922 2691
5992 3 922 1758 2199
5993 3 1771 1178 2113
5994 3 1269 1178 3283
5995 3 3184 1434 4565
5996 3 1434 2234 4565
5997 3 3472 1690 3758
5998 3 1705 1690 3472
5999 3 1690 1705 4816
6000 3 3758 1690 3807
6001 3 2059 1946 4477
6002 3 1946 2059 2802
6003 3 1963 1946 4106
6004 3 1946 2802 4106
6005 3 2372 2202 4131
6006 3 2202 2372 4034
6007 3 3655 2202 4796
6008 3 2202 4034 4796
6009 3 4444 2970 4912
6010 3 3226 3586 4558
6011 3 4250 4352 4554
6012 3 2573 155 4035
6013 3 1444 155 3509
6014 3 155 1444 4035
6015 3 155 985 3509
6016 3 985 155 1769
6017 3 1769 155 2573
6018 3 411 530 4384
6019 3 530 411 2211
6020 3 2211 411 3304
6021 3 3304 411 4234
6022 3 4074 411 4384
6023 3 411 4074 4234
6024 3 1567 667 4230
6025 3 667 1567 1984
6026 3 667 973 4230
6027 3 973 667 2765
6028 3 1767 667 1984
6029 3 667 1767 2765
6030 3 923 2972 4199
6031 3 2522 923 4199
6032 3 1368 1179 4127
6033 3 1179 1368 2525
6034 3 1179 1909 3399
6035 3 1435 3663 4562
6036 3 1435 2799 2974
6037 3 2799 1435 3067
6038 3 3067 1435 4562
6039 3 1691 2222 4841
6040 3 1691 1735 1998
6041 3 1735 1691 4841
6042 3 1947 2670 4922
6043 3 2859 2203 4017
6044 3 4017 2203 4548
6045 3 2715 4098 4392
6046 3 3483 3844 4925
6047 3 2877 156 3847
6048 3 156 2877 4820
6049 3 3401 156 4820
6050 3 156 2645 3847
6051 3 2645 156 3401
6052 3 412 3697 4520
6053 3 1719 412 4644
6054 3 412 1719 3697
6055 3 668 1633 3294
6056 3 1830 924 4037
6057 3 1114 924 1830
6058 3 924 1114 4594
6059 3 2436 924 4594
6060 3 2060 1180 3947
6061 3 1180 2060 3481
6062 3 1180 3481 4894
6063 3 2233 1180 4894
6064 3 1180 2233 3788
6065 3 1180 3788 3947
6066 3 4448 1436 4698
6067 3 1436 2472 3510
6068 3 1436 4561 4698
6069 3 3321 1436 3510
6070 3 1436 3321 4561
6071 3 1692 2563 3731
6072 3 1692 2415 2563
6073 3 2415 1692 3962
6074 3 3962 1692 4007
6075 3 1692 3731 4394
6076 3 4007 1692 4394
6077 3 3310 2204 3705
6078 3 2897 2460 4271
6079 3 4293 4252 4312
6080 3 157 933 948
6081 3 933 157 2544
6082 3 157 1961 2544
6083 3 157 948 3562
6084 3 157 987 1961
6085 3 987 157 3562
6086 3 413 1069 2690
6087 3 1069 413 3744
6088 3 413 3167 4571
6089 3 413 2690 3167
6090 3 669 2608 3155
6091 3 669 2130 2608
6092 3 669 1489 2130
6093 3 2559 669 3155
6094 3 925 4405 4791
6095 3 925 2459 4405
6096 3 925 4791 4940
6097 3 3605 1181 4359
6098 3 1181 3605 4032
6099 3 1339 1181 4032
6100 3 1181 1345 4359
6101 3 1614 1437 3226
6102 3 1437 2957 4386
6103 3 1693 3164 3487
6104 3 1693 3487 3716
6105 3 2951 2461 4361
6106 3 3328 2717 4149
6107 3 2717 3328 4580
6108 3 2973 4364 4891
6109 3 2973 3648 4677
6110 3 4825 3229 4939
6111 3 158 1083 2385
6112 3 1083 158 1729
6113 3 1402 158 2706
6114 3 158 1402 1729
6115 3 1505 158 2385
6116 3 158 1505 2706
6117 3 2830 414 4920
6118 3 414 2830 4198
6119 3 414 3910 4695
6120 3 3910 414 4198
6121 3 414 1660 4920
6122 3 1660 414 4695
6123 3 670 3124 3878
6124 3 3124 670 3631
6125 3 1525 670 3878
6126 3 926 3915 4403
6127 3 3915 926 4598
6128 3 926 1628 3267
6129 3 1628 926 2757
6130 3 926 3267 4598
6131 3 2757 926 4403
6132 3 3150 1182 4253
6133 3 2451 1438 3864
6134 3 1438 2971 3864
6135 3 1694 1877 2992
6136 3 1694 2992 3507
6137 3 1694 3507 4030
6138 3 3831 1694 4030
6139 3 3843 1950 3983
6140 3 2095 1950 3843
6141 3 1950 3668 3983
6142 3 2206 3842 4712
6143 3 3687 2206 4712
6144 3 2851 2462 4782
6145 3 2462 4202 4329
6146 3 2462 3532 4202
6147 3 2462 4329 4782
6148 3 4239 3742 4865
6149 3 3742 3788 4865
6150 3 4222 3998 4347
6151 3 3338 159 3868
6152 3 159 1330 3555
6153 3 937 159 3338
6154 3 159 937 1330
6155 3 159 3072 3868
6156 3 3072 159 3555
6157 3 1611 415 4787
6158 3 415 1611 2231
6159 3 415 4427 4787
6160 3 415 2703 4427
6161 3 415 2231 2703
6162 3 3082 671 4736
6163 3 821 671 3082
6164 3 671 821 4802
6165 3 927 2727 3927
6166 3 2727 927 4567
6167 3 2505 927 3927
6168 3 1183 2193 2690
6169 3 1183 1697 2193
6170 3 3025 1439 3361
6171 3 2815 1439 3025
6172 3 2073 1695 4147
6173 3 1695 2073 3410
6174 3 2537 1695 3410
6175 3 3712 1951 4012
6176 3 1951 3712 3772
6177 3 1951 3459 4012
6178 3 2677 2207 3023
6179 3 2248 2207 3850
6180 3 2207 2248 3023
6181 3 3368 2463 4703
6182 3 3174 2719 4825
6183 3 2719 3229 4825
6184 3 3665 2975 4641
6185 3 2975 3665 4529
6186 3 3231 3699 3935
6187 3 4364 3743 4891
6188 3 3743 4824 4891
6189 3 160 4170 4357
6190 3 4170 160 4581
6191 3 3512 160 4357
6192 3 416 1581 2763
6193 3 1581 416 2789
6194 3 2644 416 3352
6195 3 416 2714 2789
6196 3 416 2763 3352
6197 3 2293 416 2644
6198 3 416 2293 2714
6199 3 810 672 4131
6200 3 672 810 4075
6201 3 672 1897 4131
6202 3 1897 672 3825
6203 3 928 2331 4752
6204 3 2331 928 2725
6205 3 2725 928 2777
6206 3 1988 928 4752
6207 3 928 1988 3070
6208 3 2777 928 3070
6209 3 2567 1184 3117
6210 3 1184 2567 4678
6211 3 2577 1184 4678
6212 3 1184 2577 3728
6213 3 1440 2051 4449
6214 3 2051 1440 3258
6215 3 1440 4449 4603
6216 3 1440 3037 3258
6217 3 2327 1696 2895
6218 3 3424 2464 3602
6219 3 2464 2704 3602
6220 3 2704 2464 2890
6221 3 2720 3182 3523
6222 3 3182 2720 4849
6223 3 2720 3701 4900
6224 3 4849 2720 4900
6225 3 3423 2976 4084
6226 3 2976 3034 4084
6227 3 2733 161 3503
6228 3 3503 161 3886
6229 3 161 239 3886
6230 3 239 161 4350
6231 3 417 3925 4620
6232 3 2447 417 4620
6233 3 417 2998 3925
6234 3 417 1492 2998
6235 3 673 2666 4634
6236 3 2666 673 4855
6237 3 2989 673 4634
6238 3 2497 673 2989
6239 3 1520 673 2497
6240 3 673 1520 4855
6241 3 2587 929 3151
6242 3 929 1865 2024
6243 3 2091 1185 2473
6244 3 2473 1185 4789
6245 3 1441 2379 3108
6246 3 1441 1490 2379
6247 3 1490 1441 4803
6248 3 1441 3556 4803
6249 3 2226 1697 4870
6250 3 3617 1953 4045
6251 3 2863 1953 3667
6252 3 1953 2863 4045
6253 3 3443 2465 3733
6254 3 3452 2721 4672
6255 3 3284 3233 4553
6256 3 777 162 2459
6257 3 162 777 977
6258 3 359 162 4115
6259 3 162 359 1511
6260 3 162 977 4115
6261 3 162 1511 2459
6262 3 418 4686 4779
6263 3 418 3252 4686
6264 3 3252 418 4846
6265 3 786 674 4639
6266 3 674 786 4057
6267 3 674 1659 4639
6268 3 737 674 4057
6269 3 930 2423 4169
6270 3 2423 930 3584
6271 3 930 4578 4738
6272 3 3065 930 4169
6273 3 930 3065 4578
6274 3 3584 930 4738
6275 3 3939 1186 4714
6276 3 4714 1186 4779
6277 3 3283 1186 3939
6278 3 2137 1442 3431
6279 3 1442 2137 3200
6280 3 1442 3200 3936
6281 3 1442 2718 3431
6282 3 2718 1442 3053
6283 3 3053 1442 3936
6284 3 2384 1698 3048
6285 3 3074 1954 4780
6286 3 1954 3914 4780
6287 3 1954 2936 3073
6288 3 2528 1954 3074
6289 3 1954 2528 2936
6290 3 2210 2637 4081
6291 3 2722 4508 4608
6292 3 163 3359 3708
6293 3 1325 163 3708
6294 3 163 1325 2987
6295 3 163 1775 3359
6296 3 1775 163 2987
6297 3 1674 419 1995
6298 3 419 1674 3547
6299 3 419 1704 1995
6300 3 1704 419 3804
6301 3 419 3784 4067
6302 3 419 3547 3784
6303 3 3804 419 4067
6304 3 675 1143 2378
6305 3 1433 675 2378
6306 3 675 1008 1143
6307 3 756 675 1433
6308 3 675 756 1008
6309 3 2930 931 3539
6310 3 931 2688 3876
6311 3 953 931 2930
6312 3 931 953 2688
6313 3 1187 2078 2611
6314 3 2078 1187 4184
6315 3 2357 1187 2611
6316 3 2214 1187 2357
6317 3 1187 2214 4184
6318 3 1443 2088 4129
6319 3 2088 1443 4173
6320 3 1699 2344 3136
6321 3 1955 2086 4610
6322 3 2086 1955 2928
6323 3 2363 1955 4610
6324 3 1955 2363 3270
6325 3 2928 1955 4103
6326 3 1955 3270 4103
6327 3 2211 2477 3600
6328 3 2477 2211 3304
6329 3 2496 2211 3600
6330 3 2873 2723 3975
6331 3 2723 2873 3773
6332 3 3020 2723 3773
6333 3 4645 2979 4778
6334 3 3955 2979 4645
6335 3 164 803 1952
6336 3 803 164 1477
6337 3 1477 164 2244
6338 3 1746 164 1952
6339 3 164 475 2244
6340 3 475 164 1746
6341 3 420 1811 1999
6342 3 1811 420 3827
6343 3 556 420 1999
6344 3 420 556 3824
6345 3 1667 420 3824
6346 3 420 1667 3827
6347 3 1291 676 4595
6348 3 879 676 1291
6349 3 676 4466 4595
6350 3 676 3246 4466
6351 3 764 676 879
6352 3 676 764 3246
6353 3 1806 932 2181
6354 3 2181 932 4639
6355 3 1929 1188 4633
6356 3 1188 2724 4633
6357 3 1444 4428 4792
6358 3 3714 1444 4792
6359 3 1444 3714 4035
6360 3 1444 3509 4428
6361 3 1700 2570 3851
6362 3 2570 1700 2696
6363 3 1700 3851 4705
6364 3 3880 1700 4705
6365 3 2696 1700 3800
6366 3 3800 1700 3880
6367 3 1956 2363 4610
6368 3 2363 1956 4904
6369 3 1956 3170 4904
6370 3 4272 1956 4610
6371 3 2313 2212 3630
6372 3 2212 3447 3630
6373 3 2468 2948 4939
6374 3 3236 4077 4136
6375 3 3803 3748 4879
6376 3 3748 3803 4926
6377 3 165 4103 4623
6378 3 3114 165 4494
6379 3 165 2928 4103
6380 3 2928 165 3114
6381 3 708 165 4623
6382 3 165 708 4334
6383 3 165 4334 4494
6384 3 1590 421 4927
6385 3 421 1590 4930
6386 3 421 3545 4927
6387 3 487 421 4930
6388 3 421 487 1787
6389 3 421 1787 3545
6390 3 2070 677 3905
6391 3 1836 677 2070
6392 3 1587 677 1836
6393 3 3905 677 4205
6394 3 677 1895 4205
6395 3 948 933 3786
6396 3 933 2544 4004
6397 3 3877 1189 3902
6398 3 1189 3877 4087
6399 3 1189 3406 3902
6400 3 3406 1189 4518
6401 3 4518 1189 4649
6402 3 1189 4087 4649
6403 3 2421 1445 4888
6404 3 1445 2421 4179
6405 3 1445 2698 4663
6406 3 2698 1445 4179
6407 3 1802 1701 3453
6408 3 1701 1711 3453
6409 3 2601 1957 4721
6410 3 1957 2780 4721
6411 3 1957 2022 2780
6412 3 2538 1957 2601
6413 3 2213 3697 4165
6414 3 3697 2213 4520
6415 3 3463 2213 4165
6416 3 2622 2469 3241
6417 3 2652 2469 3616
6418 3 2469 2652 3241
6419 3 2725 2777 4550
6420 3 4021 3237 4666
6421 3 3822 3493 4144
6422 3 166 1076 3103
6423 3 1076 166 2796
6424 3 166 1362 2796
6425 3 720 166 4383
6426 3 166 720 1362
6427 3 422 2083 3215
6428 3 422 2021 2083
6429 3 2021 422 4453
6430 3 1512 422 2657
6431 3 422 1512 4453
6432 3 788 678 2509
6433 3 2931 678 4690
6434 3 2509 678 2931
6435 3 934 1122 4551
6436 3 934 971 1122
6437 3 971 934 3785
6438 3 3321 934 4551
6439 3 934 3321 3785
6440 3 2866 1446 4021
6441 3 1446 3237 4021
6442 3 1465 1446 2866
6443 3 1446 1465 4324
6444 3 3651 1702 4181
6445 3 3001 1702 4413
6446 3 1702 3001 3056
6447 3 1702 2523 4413
6448 3 2523 1702 3651
6449 3 1958 2700 2707
6450 3 2700 1958 3059
6451 3 2836 2470 4680
6452 3 2470 2836 4323
6453 3 4680 2470 4848
6454 3 2662 2470 4323
6455 3 2470 2662 4330
6456 3 2470 4330 4848
6457 3 4037 2726 4320
6458 3 3302 2726 4563
6459 3 2726 3302 4320
6460 3 3238 4114 4798
6461 3 3107 167 4531
6462 3 167 3107 4092
6463 3 167 1391 3106
6464 3 1391 167 4092
6465 3 739 167 3106
6466 3 167 739 4531
6467 3 423 3633 4013
6468 3 3633 423 4300
6469 3 1335 423 1414
6470 3 423 1335 1986
6471 3 1414 423 4013
6472 3 423 1986 4300
6473 3 679 2347 4614
6474 3 2347 679 4464
6475 3 679 2661 4464
6476 3 3756 679 4614
6477 3 1345 935 2885
6478 3 2885 935 3071
6479 3 1105 935 1181
6480 3 935 1105 2499
6481 3 1181 935 1345
6482 3 935 2499 3071
6483 3 1191 2590 3564
6484 3 2343 1191 4376
6485 3 1191 2343 2590
6486 3 1191 1715 4376
6487 3 3739 1447 4864
6488 3 2899 1703 4346
6489 3 1703 3303 4346
6490 3 1959 3272 4473
6491 3 1959 2297 3272
6492 3 2297 1959 3824
6493 3 3975 2215 4339
6494 3 2215 2442 4339
6495 3 2232 2215 3975
6496 3 2215 2232 3520
6497 3 2513 2471 4025
6498 3 2471 2513 2810
6499 3 3403 2727 3903
6500 3 3325 2727 3403
6501 3 2727 3325 3927
6502 3 4434 4007 4543
6503 3 168 1626 4707
6504 3 1626 168 2226
6505 3 2193 168 4262
6506 3 1697 168 2193
6507 3 168 1697 2226
6508 3 486 168 4707
6509 3 168 486 4262
6510 3 1828 424 3893
6511 3 424 1828 2816
6512 3 424 2858 3893
6513 3 424 2618 2858
6514 3 2618 424 3738
6515 3 424 2816 3738
6516 3 1332 680 3938
6517 3 680 1332 4211
6518 3 3938 680 4422
6519 3 887 680 4211
6520 3 1550 936 3662
6521 3 1893 936 4816
6522 3 1472 936 1550
6523 3 936 1472 4816
6524 3 1192 1338 2273
6525 3 1192 2977 4914
6526 3 1192 2273 2977
6527 3 4850 1192 4914
6528 3 4365 1448 4527
6529 3 1448 4166 4527
6530 3 1448 3787 4166
6531 3 3297 1448 4365
6532 3 1448 2551 3787
6533 3 2551 1448 3297
6534 3 3080 1704 3912
6535 3 1995 1704 3080
6536 3 2250 2216 3604
6537 3 2216 2250 2716
6538 3 3510 2472 4804
6539 3 3612 2984 3796
6540 3 3430 3240 3870
6541 3 3496 3959 4433
6542 3 1841 169 4866
6543 3 169 1841 4908
6544 3 169 1600 4866
6545 3 1600 169 3711
6546 3 173 169 4908
6547 3 169 173 3711
6548 3 785 425 3635
6549 3 425 785 1911
6550 3 425 1610 3635
6551 3 1610 425 4435
6552 3 425 1395 4435
6553 3 1395 425 1911
6554 3 681 824 4753
6555 3 824 681 4773
6556 3 681 1641 4773
6557 3 1641 681 4573
6558 3 681 2181 4573
6559 3 937 3338 3728
6560 3 2534 937 3728
6561 3 1705 2565 4816
6562 3 2565 1705 4325
6563 3 2437 1961 2456
6564 3 1961 2437 2544
6565 3 2456 1961 4192
6566 3 4190 2217 4442
6567 3 3497 3945 4881
6568 3 601 170 3718
6569 3 170 601 2708
6570 3 3718 170 4799
6571 3 170 2708 3679
6572 3 2474 170 3679
6573 3 170 2474 4799
6574 3 426 1082 3690
6575 3 1082 426 1243
6576 3 2413 426 3690
6577 3 426 878 4122
6578 3 878 426 2413
6579 3 1243 426 4122
6580 3 1088 682 4718
6581 3 682 1088 1455
6582 3 682 1397 4718
6583 3 1397 682 3572
6584 3 682 1455 3855
6585 3 3572 682 3855
6586 3 1055 938 1715
6587 3 938 1055 1765
6588 3 1888 938 2812
6589 3 1715 938 1888
6590 3 938 1765 2812
6591 3 1194 2451 4827
6592 3 1194 1438 2451
6593 3 3278 1194 4219
6594 3 2323 1450 3950
6595 3 1450 3127 4099
6596 3 3950 1450 4099
6597 3 1450 1781 3127
6598 3 2205 1706 4038
6599 3 3030 1962 4146
6600 3 1962 3030 4181
6601 3 3682 2218 4109
6602 3 2218 3682 4555
6603 3 2922 2474 3679
6604 3 2532 2474 2922
6605 3 4686 3498 4714
6606 3 3498 3752 4646
6607 3 3752 3498 4686
6608 3 171 2158 3508
6609 3 1713 171 4643
6610 3 171 3508 4643
6611 3 513 427 856
6612 3 427 513 2414
6613 3 856 427 3805
6614 3 876 427 2414
6615 3 427 876 1917
6616 3 427 1917 3805
6617 3 1355 683 3890
6618 3 853 683 1355
6619 3 683 853 877
6620 3 683 1124 2749
6621 3 683 877 1124
6622 3 683 2749 3890
6623 3 3965 939 4653
6624 3 998 939 3965
6625 3 1316 1195 4814
6626 3 1195 1316 3286
6627 3 1195 3367 4814
6628 3 1195 1875 3367
6629 3 1875 1195 3954
6630 3 1195 3286 3954
6631 3 1451 3030 4146
6632 3 3030 1451 3400
6633 3 4252 1707 4312
6634 3 2475 2561 2926
6635 3 2731 3342 3713
6636 3 2731 2905 3257
6637 3 2731 3713 4420
6638 3 2731 3257 3342
6639 3 3243 3803 4630
6640 3 172 2569 3659
6641 3 172 3659 4285
6642 3 2490 172 4893
6643 3 172 4285 4893
6644 3 172 2262 2569
6645 3 2262 172 2490
6646 3 534 428 2076
6647 3 428 534 4713
6648 3 2076 428 2301
6649 3 2978 428 4713
6650 3 440 428 2978
6651 3 428 440 2301
6652 3 684 2820 4031
6653 3 813 684 4031
6654 3 684 813 4308
6655 3 3988 684 4308
6656 3 940 2705 3340
6657 3 2705 940 3987
6658 3 940 2515 3987
6659 3 940 1274 2515
6660 3 1196 2091 2473
6661 3 1196 2473 2934
6662 3 1452 2005 3346
6663 3 2005 1452 3733
6664 3 1964 4021 4666
6665 3 2838 2476 3991
6666 3 2476 2838 4053
6667 3 3591 2732 3672
6668 3 2732 3148 3154
6669 3 2732 3154 3672
6670 3 2732 3028 3148
6671 3 2988 3253 3574
6672 3 3027 2988 3574
6673 3 3500 3769 4412
6674 3 3711 173 4955
6675 3 3511 173 4908
6676 3 173 3511 4955
6677 3 3390 429 3647
6678 3 2791 429 4151
6679 3 891 685 2248
6680 3 2248 685 3023
6681 3 3023 685 3485
6682 3 760 685 891
6683 3 685 760 1534
6684 3 685 1534 3485
6685 3 1640 941 3691
6686 3 941 1640 2990
6687 3 941 2416 3691
6688 3 2416 941 2426
6689 3 941 947 2426
6690 3 947 941 2990
6691 3 1197 3197 4919
6692 3 3197 1197 3472
6693 3 2196 1197 4919
6694 3 1197 2196 2695
6695 3 2325 1709 2821
6696 3 1709 2325 2794
6697 3 1709 1783 4540
6698 3 1783 1709 2794
6699 3 1965 2085 3724
6700 3 2085 1965 4803
6701 3 2854 1965 2980
6702 3 1965 2854 4803
6703 3 1965 3724 4640
6704 3 2980 1965 4640
6705 3 2477 2901 3298
6706 3 2477 3298 3600
6707 3 4338 2989 4634
6708 3 3245 4272 4536
6709 3 4005 3757 4462
6710 3 4640 174 4901
6711 3 3724 174 4640
6712 3 2769 174 3724
6713 3 174 2769 4279
6714 3 174 1760 4901
6715 3 1760 174 4279
6716 3 430 2159 3846
6717 3 430 1137 2159
6718 3 430 660 1137
6719 3 660 430 4274
6720 3 942 430 3846
6721 3 430 942 4274
6722 3 800 686 3670
6723 3 686 800 3741
6724 3 686 3741 3806
6725 3 4379 942 4617
6726 3 1387 942 4379
6727 3 942 1387 4274
6728 3 2890 1198 4096
6729 3 2464 1198 2890
6730 3 1198 2464 3424
6731 3 4096 1198 4942
6732 3 2421 1454 3875
6733 3 1454 1685 3875
6734 3 1710 2351 3294
6735 3 1710 3294 4295
6736 3 2709 1966 4369
6737 3 2222 2386 2524
6738 3 2222 2524 4841
6739 3 2990 3631 4647
6740 3 3758 4642 4810
6741 3 3758 3807 4642
6742 3 691 175 4847
6743 3 175 691 4085
6744 3 4299 175 4899
6745 3 175 4299 4847
6746 3 175 4085 4899
6747 3 1557 431 4659
6748 3 431 3665 3940
6749 3 3665 431 4529
6750 3 1116 431 1557
6751 3 431 1116 4529
6752 3 431 3434 4659
6753 3 3434 431 3940
6754 3 687 2693 4319
6755 3 1188 687 2724
6756 3 2724 687 4319
6757 3 687 731 2693
6758 3 731 687 1188
6759 3 4427 943 4787
6760 3 943 984 4787
6761 3 984 943 3326
6762 3 1257 943 4427
6763 3 943 1257 3326
6764 3 1199 1378 1510
6765 3 1199 1510 4055
6766 3 1967 3952 4805
6767 3 2223 2667 3916
6768 3 2667 2223 3542
6769 3 2766 2223 4008
6770 3 2552 2223 3916
6771 3 2223 2552 4008
6772 3 3759 4625 4862
6773 3 176 2339 4592
6774 3 1831 176 2002
6775 3 176 1085 2002
6776 3 1085 176 4592
6777 3 1647 176 1831
6778 3 176 1214 2339
6779 3 1214 176 1647
6780 3 432 2331 2725
6781 3 3099 432 3465
6782 3 432 2725 3035
6783 3 432 3035 3465
6784 3 432 2037 2331
6785 3 2037 432 3099
6786 3 777 688 977
6787 3 688 3911 3970
6788 3 3777 688 3970
6789 3 977 688 3777
6790 3 1360 944 4425
6791 3 944 1360 4478
6792 3 1796 1200 2950
6793 3 1200 1796 3249
6794 3 1200 3249 4343
6795 3 1200 2229 2950
6796 3 2229 1200 4343
6797 3 1456 3398 4615
6798 3 3514 1456 4615
6799 3 1712 1832 2608
6800 3 1832 1712 3513
6801 3 1712 2608 4134
6802 3 3513 1712 4498
6803 3 2774 1712 4134
6804 3 1712 2774 4498
6805 3 4191 1968 4729
6806 3 1968 4191 4733
6807 3 3517 1968 4733
6808 3 1968 3517 4735
6809 3 1968 2772 4729
6810 3 2902 2224 4340
6811 3 4340 2224 4953
6812 3 4609 2480 4850
6813 3 3753 2736 4724
6814 3 2736 3506 4724
6815 3 4000 3248 4081
6816 3 3839 3248 4000
6817 3 3760 4225 4711
6818 3 177 530 2496
6819 3 177 641 3901
6820 3 641 177 2496
6821 3 433 544 2365
6822 3 544 433 3239
6823 3 433 2365 4933
6824 3 1170 433 4933
6825 3 433 1170 4440
6826 3 3239 433 4440
6827 3 689 1637 4946
6828 3 3199 689 4946
6829 3 3000 689 3199
6830 3 1318 945 3188
6831 3 945 1318 2694
6832 3 945 2694 4723
6833 3 966 945 4723
6834 3 1655 1201 4241
6835 3 1201 1655 4823
6836 3 1268 1201 4823
6837 3 1457 3623 4121
6838 3 3623 1457 4157
6839 3 4157 1457 4749
6840 3 2994 1457 4121
6841 3 1457 3808 4749
6842 3 3813 1713 4643
6843 3 2685 1969 3214
6844 3 3126 2225 3632
6845 3 3738 2225 4851
6846 3 2225 2816 3632
6847 3 2816 2225 3738
6848 3 2481 3685 4198
6849 3 3032 2481 4152
6850 3 2737 3639 4147
6851 3 3639 2737 4438
6852 3 2737 4433 4438
6853 3 3496 2737 4147
6854 3 2737 3496 4433
6855 3 178 1575 4373
6856 3 1575 178 3821
6857 3 2446 178 4373
6858 3 178 2781 3809
6859 3 178 3809 3821
6860 3 1011 178 2446
6861 3 178 1011 2781
6862 3 4613 434 4683
6863 3 434 1862 1975
6864 3 434 1975 4683
6865 3 1997 434 4613
6866 3 434 1240 1862
6867 3 1240 434 1997
6868 3 2602 690 4896
6869 3 690 2602 2692
6870 3 690 4197 4502
6871 3 690 2692 4197
6872 3 690 2969 4896
6873 3 2969 690 4502
6874 3 946 1795 1821
6875 3 1795 946 4929
6876 3 946 3109 4929
6877 3 3109 946 3968
6878 3 946 1646 4369
6879 3 1646 946 1821
6880 3 3968 946 4369
6881 3 1202 1627 3341
6882 3 1202 1711 1878
6883 3 1458 2305 4679
6884 3 2833 1458 3168
6885 3 1458 2600 3168
6886 3 1458 1515 2305
6887 3 1515 1458 2833
6888 3 2624 1714 4770
6889 3 1714 2199 4856
6890 3 4770 1714 4856
6891 3 1970 3235 4108
6892 3 2774 1970 4498
6893 3 1970 2774 3235
6894 3 3276 2226 4870
6895 3 2226 3276 3442
6896 3 3129 2482 3590
6897 3 2482 3129 3218
6898 3 3410 2482 4950
6899 3 2482 3218 4950
6900 3 3692 3250 3746
6901 3 1404 179 3374
6902 3 179 1404 2366
6903 3 179 1978 1982
6904 3 1978 179 2028
6905 3 179 1982 3374
6906 3 2028 179 2366
6907 3 435 1639 2946
6908 3 1639 435 3458
6909 3 435 652 2889
6910 3 652 435 2946
6911 3 2797 435 2889
6912 3 435 2797 3458
6913 3 1460 691 4847
6914 3 691 2041 4085
6915 3 947 2326 2426
6916 3 947 2139 2326
6917 3 2139 947 4647
6918 3 947 2990 4647
6919 3 1203 2183 3471
6920 3 1778 1203 3471
6921 3 1203 1778 4261
6922 3 3840 1203 4261
6923 3 1459 2191 3189
6924 3 3036 1459 3189
6925 3 2309 1971 4496
6926 3 2227 2657 4881
6927 3 3945 2227 4881
6928 3 2982 2227 3945
6929 3 3416 2483 4612
6930 3 2739 2758 3960
6931 3 3022 2739 3960
6932 3 2995 3364 4344
6933 3 4275 4708 4750
6934 3 180 1848 4912
6935 3 855 180 2970
6936 3 180 855 961
6937 3 2970 180 4912
6938 3 180 473 1848
6939 3 473 180 961
6940 3 436 2675 4113
6941 3 2675 436 4049
6942 3 436 2440 4049
6943 3 436 913 2440
6944 3 913 436 2545
6945 3 2545 436 4113
6946 3 692 2339 2509
6947 3 2339 692 4592
6948 3 692 1615 4592
6949 3 692 2509 2931
6950 3 1204 3378 4077
6951 3 2790 1204 4077
6952 3 2214 1716 4184
6953 3 1716 2214 3217
6954 3 2085 1972 2831
6955 3 1972 2085 3556
6956 3 2724 1972 4633
6957 3 1972 3556 4633
6958 3 3953 2228 4530
6959 3 2228 3535 4530
6960 3 2484 2643 3052
6961 3 4298 2484 4682
6962 3 2484 3052 4682
6963 3 2740 2995 4344
6964 3 2810 2740 4344
6965 3 3134 2996 4839
6966 3 2996 3709 4876
6967 3 3709 2996 3828
6968 3 4839 2996 4876
6969 3 3252 3752 4686
6970 3 3752 3252 4057
6971 3 3508 3677 4643
6972 3 3677 3508 3828
6973 3 3508 3709 3828
6974 3 4532 4631 4895
6975 3 181 2580 4390
6976 3 181 1588 2580
6977 3 1588 181 1748
6978 3 1479 181 4390
6979 3 1748 181 3295
6980 3 227 181 1479
6981 3 181 227 3295
6982 3 437 3450 4342
6983 3 3721 437 4342
6984 3 1480 437 3721
6985 3 992 437 1480
6986 3 437 992 1762
6987 3 437 1762 3450
6988 3 1324 693 3745
6989 3 693 3427 3745
6990 3 874 693 4664
6991 3 693 874 3427
6992 3 949 3386 4866
6993 3 1600 949 4866
6994 3 949 1600 4656
6995 3 949 1359 3386
6996 3 1205 1590 2369
6997 3 1590 1205 3669
6998 3 1205 2369 2966
6999 3 3669 1205 4236
7000 3 1205 2410 4236
7001 3 2410 1205 2966
7002 3 4259 1461 4414
7003 3 1461 1520 4414
7004 3 1973 2046 2846
7005 3 2229 2288 2741
7006 3 2288 2229 4343
7007 3 3080 2485 4200
7008 3 2485 3080 3978
7009 3 4200 2485 4426
7010 3 3444 2485 3978
7011 3 3525 2997 3624
7012 3 3253 3539 3574
7013 3 770 182 2666
7014 3 182 770 3768
7015 3 182 3768 4314
7016 3 182 4314 4613
7017 3 438 2750 3057
7018 3 2793 438 3057
7019 3 694 1219 3748
7020 3 1219 694 4071
7021 3 2813 694 3748
7022 3 3537 950 3548
7023 3 950 1792 3609
7024 3 1792 950 3537
7025 3 1206 2111 3495
7026 3 1206 3495 4363
7027 3 1206 1261 2111
7028 3 1261 1206 4423
7029 3 2412 1462 3153
7030 3 1702 1462 4181
7031 3 1462 1702 3056
7032 3 1462 1962 4181
7033 3 1962 1462 2412
7034 3 1462 3056 3153
7035 3 1718 3671 4801
7036 3 1718 2556 3093
7037 3 2230 2548 4065
7038 3 4419 2486 4912
7039 3 2486 4444 4912
7040 3 3195 2486 4356
7041 3 2486 3195 4444
7042 3 2486 4315 4356
7043 3 4315 2486 4419
7044 3 2742 3084 3797
7045 3 3785 3510 4804
7046 3 183 2333 3396
7047 3 2333 183 2800
7048 3 183 3884 4712
7049 3 183 3288 3884
7050 3 3288 183 3396
7051 3 2800 183 4712
7052 3 864 439 3992
7053 3 439 3178 4635
7054 3 3992 439 4328
7055 3 4328 439 4635
7056 3 2311 695 4672
7057 3 695 2311 3478
7058 3 2347 695 4614
7059 3 695 2347 4549
7060 3 695 3452 4672
7061 3 3452 695 4549
7062 3 695 3478 4614
7063 3 951 1196 2934
7064 3 1196 951 4731
7065 3 951 4065 4731
7066 3 951 1535 4065
7067 3 1207 1667 1959
7068 3 1207 1959 4473
7069 3 1207 4281 4937
7070 3 4281 1207 4473
7071 3 4362 1463 4889
7072 3 1463 1897 4889
7073 3 1897 1463 2938
7074 3 1719 2123 3697
7075 3 2768 1975 4570
7076 3 2487 2767 4182
7077 3 2743 3162 4815
7078 3 3162 2743 3317
7079 3 3255 4239 4794
7080 3 184 3150 3888
7081 3 1182 184 3383
7082 3 184 1182 3150
7083 3 184 1220 3383
7084 3 1220 184 3049
7085 3 3049 184 3888
7086 3 612 440 3263
7087 3 440 612 4046
7088 3 440 2978 3263
7089 3 2301 440 4046
7090 3 696 1992 3869
7091 3 1992 696 4489
7092 3 4650 952 4878
7093 3 3201 952 3963
7094 3 4572 952 4650
7095 3 3894 1208 4437
7096 3 3228 1208 3894
7097 3 1208 1768 4437
7098 3 1464 4104 4636
7099 3 4104 1464 4230
7100 3 3087 1464 4636
7101 3 1464 3087 3149
7102 3 1464 3149 4938
7103 3 4230 1464 4938
7104 3 1720 4120 4387
7105 3 2131 1720 4387
7106 3 1720 2131 2278
7107 3 1720 3694 4120
7108 3 1720 3014 3694
7109 3 1720 2278 3014
7110 3 2238 1976 3715
7111 3 2723 2232 3975
7112 3 2488 2673 3845
7113 3 2673 2488 3683
7114 3 2488 2689 3683
7115 3 2689 2488 3580
7116 3 3000 3199 3232
7117 3 4318 4280 4737
7118 3 792 185 4297
7119 3 185 792 4341
7120 3 185 2359 4297
7121 3 348 185 4341
7122 3 185 348 2302
7123 3 185 2261 2359
7124 3 2261 185 2302
7125 3 441 1824 3005
7126 3 441 3391 3652
7127 3 441 2221 3391
7128 3 2221 441 3005
7129 3 1809 697 1912
7130 3 697 1120 4937
7131 3 1120 697 3827
7132 3 1912 697 4937
7133 3 2688 953 2971
7134 3 1990 1209 4335
7135 3 1569 1465 2866
7136 3 1465 1569 3437
7137 3 1465 3437 4324
7138 3 1721 2355 3319
7139 3 1721 3319 3519
7140 3 3788 2233 4865
7141 3 2489 3419 4776
7142 3 4481 2489 4776
7143 3 2745 3100 3436
7144 3 3100 2745 4745
7145 3 2745 3436 3449
7146 3 3342 3257 4705
7147 3 3257 3880 4705
7148 3 2434 186 4552
7149 3 1213 186 2965
7150 3 186 1213 4552
7151 3 221 186 2434
7152 3 186 221 2965
7153 3 754 442 3512
7154 3 442 754 4557
7155 3 2748 698 3702
7156 3 1253 698 2657
7157 3 698 1253 1523
7158 3 698 1512 2657
7159 3 1512 698 2748
7160 3 698 1523 3702
7161 3 2955 954 4186
7162 3 954 2955 4835
7163 3 1553 1210 3419
7164 3 1232 1210 1553
7165 3 1466 2428 4370
7166 3 2428 1466 4516
7167 3 1931 1466 4370
7168 3 1466 1931 4085
7169 3 1466 4282 4516
7170 3 1466 2041 4282
7171 3 2041 1466 4085
7172 3 2817 1722 4210
7173 3 1722 2097 4210
7174 3 2097 1722 4223
7175 3 1722 3441 4223
7176 3 1907 1722 2817
7177 3 1722 1907 3441
7178 3 1978 2383 4159
7179 3 2674 1978 4159
7180 3 1982 1978 2674
7181 3 1978 2028 2383
7182 3 4785 2490 4893
7183 3 2746 3494 4059
7184 3 3770 4292 4492
7185 3 2632 187 4571
7186 3 187 2188 3744
7187 3 2188 187 2531
7188 3 413 187 3744
7189 3 187 413 4571
7190 3 2531 187 2632
7191 3 628 443 4956
7192 3 443 628 4824
7193 3 443 4752 4768
7194 3 443 3743 4752
7195 3 3743 443 4824
7196 3 443 4768 4956
7197 3 699 1803 2461
7198 3 1803 699 2283
7199 3 699 3950 4099
7200 3 699 2461 2951
7201 3 2283 699 4099
7202 3 699 751 3950
7203 3 751 699 2951
7204 3 1211 2982 4602
7205 3 1211 2227 2982
7206 3 1253 1211 2104
7207 3 1211 1253 2227
7208 3 1708 1467 4094
7209 3 4094 1467 4921
7210 3 4305 2491 4812
7211 3 3038 2491 3196
7212 3 2491 3038 4812
7213 3 3003 4004 4334
7214 3 2900 188 4509
7215 3 188 2900 4779
7216 3 1186 188 4779
7217 3 188 1186 3283
7218 3 1592 444 2536
7219 3 444 1493 1752
7220 3 444 1752 2536
7221 3 700 1795 4929
7222 3 1795 700 4526
7223 3 2683 956 3835
7224 3 2180 956 3595
7225 3 956 2180 3835
7226 3 956 2788 3595
7227 3 1212 2354 4955
7228 3 2354 1212 4774
7229 3 3511 1212 4955
7230 3 1212 3273 4774
7231 3 3303 1468 4311
7232 3 1468 2047 4311
7233 3 2192 1724 3933
7234 3 1724 2192 2493
7235 3 1724 2493 3937
7236 3 2292 1980 2597
7237 3 1980 2292 3548
7238 3 2236 2440 3917
7239 3 3246 2236 4466
7240 3 2236 3834 4466
7241 3 3176 3004 4630
7242 3 3004 3176 3640
7243 3 3004 3243 4630
7244 3 3614 3260 3849
7245 3 3529 3260 3614
7246 3 189 807 3514
7247 3 807 189 3310
7248 3 1075 189 3044
7249 3 189 1075 3310
7250 3 3044 189 3514
7251 3 3105 445 3610
7252 3 445 3105 3361
7253 3 553 445 1157
7254 3 445 553 3249
7255 3 1157 445 3361
7256 3 445 3249 3610
7257 3 2856 701 4015
7258 3 823 701 2856
7259 3 4015 701 4362
7260 3 701 1463 4362
7261 3 957 3635 3720
7262 3 957 1363 2337
7263 3 1363 957 3219
7264 3 3219 957 3720
7265 3 1484 957 2337
7266 3 957 1484 3635
7267 3 4661 1213 4720
7268 3 1213 3469 4720
7269 3 3469 1213 4535
7270 3 1213 2965 4535
7271 3 4552 1213 4661
7272 3 1469 2888 4082
7273 3 2440 1469 4049
7274 3 4049 1469 4260
7275 3 1469 4082 4260
7276 3 2207 1725 3850
7277 3 2672 1981 4696
7278 3 1981 2672 3974
7279 3 2006 1981 3974
7280 3 1981 2006 4487
7281 3 3151 2237 3454
7282 3 2237 2682 4399
7283 3 2682 2237 3151
7284 3 3613 2493 4547
7285 3 2493 3613 3811
7286 3 2493 3811 3937
7287 3 2749 3506 3890
7288 3 4726 3005 4918
7289 3 3594 3261 4171
7290 3 284 190 625
7291 3 190 284 4234
7292 3 190 554 4708
7293 3 554 190 4234
7294 3 625 190 4275
7295 3 4275 190 4708
7296 3 446 4200 4426
7297 3 446 2204 4200
7298 3 2204 446 3705
7299 3 797 702 3355
7300 3 702 2201 3355
7301 3 2201 702 3177
7302 3 702 2803 3177
7303 3 958 2640 3996
7304 3 3159 958 4534
7305 3 978 958 3996
7306 3 958 978 4534
7307 3 958 1788 2640
7308 3 1788 958 3159
7309 3 2339 1214 2509
7310 3 1214 1647 2322
7311 3 1470 3598 3906
7312 3 3598 1470 3654
7313 3 3654 1470 4393
7314 3 3740 1726 4923
7315 3 1982 2674 3953
7316 3 1982 2475 3374
7317 3 4056 2238 4882
7318 3 2494 2835 3673
7319 3 2835 2494 4497
7320 3 3364 2494 3524
7321 3 2995 2494 3364
7322 3 2494 2995 4497
7323 3 3524 2494 3673
7324 3 3366 2750 3585
7325 3 3006 4245 4438
7326 3 4286 4467 4730
7327 3 191 1304 3560
7328 3 3389 191 4126
7329 3 191 3560 4126
7330 3 747 191 3389
7331 3 575 447 1098
7332 3 1098 447 1459
7333 3 447 1635 2191
7334 3 1459 447 2191
7335 3 703 3099 4196
7336 3 3571 703 4196
7337 3 959 1103 2634
7338 3 1103 959 2993
7339 3 959 1451 4146
7340 3 1451 959 2245
7341 3 2993 959 4146
7342 3 2245 959 2634
7343 3 1849 1215 4744
7344 3 1215 1849 4287
7345 3 2692 1215 4287
7346 3 1791 1215 2692
7347 3 2418 1471 4632
7348 3 1471 1907 4632
7349 3 1907 1471 3441
7350 3 1471 2174 3441
7351 3 1727 2566 3668
7352 3 2566 1727 4228
7353 3 1727 3918 4228
7354 3 1727 1950 3918
7355 3 1950 1727 3668
7356 3 2584 2239 4177
7357 3 2495 4507 4514
7358 3 4001 2495 4310
7359 3 4310 2495 4514
7360 3 4256 2751 4842
7361 3 3775 4271 4332
7362 3 192 2318 3936
7363 3 2318 192 2525
7364 3 192 2576 3587
7365 3 2576 192 3936
7366 3 2525 192 3587
7367 3 448 797 3932
7368 3 448 3932 4305
7369 3 448 702 797
7370 3 702 448 2803
7371 3 448 4305 4812
7372 3 2803 448 4812
7373 3 2957 704 4560
7374 3 704 1437 1614
7375 3 1437 704 2957
7376 3 3017 704 3381
7377 3 704 3017 4560
7378 3 3537 960 3686
7379 3 960 3537 3548
7380 3 960 2272 3686
7381 3 2272 960 4470
7382 3 960 2292 4470
7383 3 2292 960 3548
7384 3 1216 1311 2150
7385 3 1311 1216 2947
7386 3 1216 2150 4370
7387 3 2428 1216 4370
7388 3 1216 2428 3801
7389 3 1216 1483 2947
7390 3 1483 1216 3801
7391 3 1472 1550 3703
7392 3 1472 3703 3807
7393 3 1472 1690 4816
7394 3 1690 1472 3807
7395 3 1728 4718 4861
7396 3 1728 4861 4877
7397 3 3730 1984 4382
7398 3 2240 2997 3861
7399 3 2752 2842 4451
7400 3 2752 2876 4622
7401 3 3008 3132 4388
7402 3 3132 3008 4225
7403 3 4247 3008 4388
7404 3 193 1870 3887
7405 3 1370 193 3611
7406 3 193 1370 1870
7407 3 193 1892 3611
7408 3 1892 193 2948
7409 3 2948 193 3887
7410 3 4665 449 4883
7411 3 449 4665 4685
7412 3 449 2755 4932
7413 3 2755 449 4685
7414 3 2886 705 3009
7415 3 705 2380 3009
7416 3 1649 705 2886
7417 3 705 882 2380
7418 3 882 705 1649
7419 3 1765 961 2812
7420 3 1308 1217 4801
7421 3 1217 1308 2503
7422 3 2101 1217 2208
7423 3 2208 1217 2503
7424 3 1224 1217 2101
7425 3 1217 1224 4801
7426 3 1805 1473 3789
7427 3 1473 4247 4388
7428 3 1985 2200 4398
7429 3 1985 3026 4058
7430 3 2241 2411 3084
7431 3 2411 2241 3415
7432 3 2742 2241 3084
7433 3 2497 3427 4414
7434 3 2497 2989 3427
7435 3 4073 3521 4884
7436 3 4428 4033 4792
7437 3 194 1819 3868
7438 3 194 864 917
7439 3 194 917 1819
7440 3 194 218 864
7441 3 218 194 3072
7442 3 3072 194 3868
7443 3 450 3657 4415
7444 3 450 691 1460
7445 3 691 450 2041
7446 3 2041 450 4415
7447 3 2837 706 4641
7448 3 706 2837 3315
7449 3 706 2870 4641
7450 3 1372 706 3315
7451 3 706 1131 2870
7452 3 1131 706 1372
7453 3 962 2927 4314
7454 3 1322 1218 2511
7455 3 2096 1218 4360
7456 3 1218 2096 2445
7457 3 1218 2445 2511
7458 3 2639 1474 3055
7459 3 1474 2420 3857
7460 3 2420 1474 2639
7461 3 1684 1474 3857
7462 3 2937 1730 3020
7463 3 1730 4266 4506
7464 3 3020 1730 4506
7465 3 2124 1986 3493
7466 3 1986 2124 4300
7467 3 2555 1986 3459
7468 3 1986 2555 3493
7469 3 2242 3335 4023
7470 3 2242 2733 3335
7471 3 3273 3010 4774
7472 3 195 3429 4113
7473 3 2675 195 4113
7474 3 195 2675 4830
7475 3 3447 195 4830
7476 3 195 2212 3429
7477 3 2212 195 3447
7478 3 451 1589 3354
7479 3 1090 451 3240
7480 3 451 1090 3767
7481 3 1617 451 3354
7482 3 451 1617 3240
7483 3 451 483 1589
7484 3 483 451 3767
7485 3 1574 707 3372
7486 3 3732 707 4616
7487 3 1801 963 4229
7488 3 963 1801 4512
7489 3 963 4589 4699
7490 3 4083 963 4699
7491 3 963 4083 4229
7492 3 3748 1219 4879
7493 3 1219 2234 4879
7494 3 2234 1219 4565
7495 3 1219 4071 4565
7496 3 1618 1475 4730
7497 3 1475 1618 4248
7498 3 1475 4286 4730
7499 3 1475 3794 4286
7500 3 3794 1475 4072
7501 3 4072 1475 4248
7502 3 2077 1731 3402
7503 3 1731 1899 3402
7504 3 1987 3659 4882
7505 3 2238 1987 4882
7506 3 1987 2256 3659
7507 3 2256 1987 4289
7508 3 2243 2315 3035
7509 3 4365 2243 4550
7510 3 2243 2725 4550
7511 3 2725 2243 3035
7512 3 2499 3309 3653
7513 3 3457 2755 3892
7514 3 2755 3457 4932
7515 3 3851 3011 4705
7516 3 3011 3342 4705
7517 3 3267 4222 4598
7518 3 4547 4643 4871
7519 3 3877 196 4499
7520 3 2762 196 3877
7521 3 196 974 1756
7522 3 721 196 2762
7523 3 196 721 974
7524 3 196 1756 4499
7525 3 452 3386 4123
7526 3 452 2665 3386
7527 3 2665 452 3653
7528 3 1487 452 4123
7529 3 452 1487 2664
7530 3 708 3003 4334
7531 3 964 1056 3884
7532 3 964 983 1538
7533 3 983 964 3288
7534 3 3288 964 3884
7535 3 1545 1220 3049
7536 3 2809 1476 4933
7537 3 1988 3743 4364
7538 3 3743 1988 4752
7539 3 3070 1988 4364
7540 3 3339 2500 4475
7541 3 2500 3339 4020
7542 3 2500 4020 4235
7543 3 3268 3414 4313
7544 3 3268 4313 4889
7545 3 3825 3268 4889
7546 3 3780 4544 4797
7547 3 4036 4868 4956
7548 3 4768 4036 4956
7549 3 4036 4569 4868
7550 3 4569 4036 4673
7551 3 2748 197 4053
7552 3 736 197 2748
7553 3 197 736 988
7554 3 197 2018 4053
7555 3 453 521 2344
7556 3 521 453 639
7557 3 639 453 1013
7558 3 981 453 2344
7559 3 453 981 1013
7560 3 709 2389 2586
7561 3 2389 709 4445
7562 3 2829 965 3856
7563 3 965 2829 3733
7564 3 3856 965 4764
7565 3 1452 965 3733
7566 3 965 1452 3275
7567 3 965 3275 4764
7568 3 2622 1221 4885
7569 3 1221 2622 3997
7570 3 1221 3762 4885
7571 3 1717 1221 3997
7572 3 1477 2924 3549
7573 3 1477 2244 2924
7574 3 1957 1733 2022
7575 3 1733 1957 2538
7576 3 2981 1733 3881
7577 3 2022 1733 2981
7578 3 1733 2538 3881
7579 3 1989 3119 3259
7580 3 3119 1989 3262
7581 3 2245 2634 4211
7582 3 2245 4211 4605
7583 3 3646 2501 4224
7584 3 2501 3646 4769
7585 3 4403 3269 4737
7586 3 3915 3269 4403
7587 3 3269 3915 4517
7588 3 3546 3269 4517
7589 3 3269 3546 4318
7590 3 3269 4318 4737
7591 3 3781 3836 4208
7592 3 1147 198 3244
7593 3 3244 198 3373
7594 3 198 2242 3373
7595 3 2242 198 2733
7596 3 527 454 787
7597 3 454 527 2161
7598 3 787 454 1906
7599 3 454 2161 2710
7600 3 1906 454 4913
7601 3 454 2710 4913
7602 3 710 1822 3218
7603 3 710 3619 4483
7604 3 710 3129 3619
7605 3 3129 710 3218
7606 3 2219 710 4483
7607 3 1222 1557 3751
7608 3 1222 1644 4220
7609 3 1644 1222 3751
7610 3 4043 1222 4220
7611 3 1478 2801 3207
7612 3 1734 2388 4487
7613 3 2006 1734 4487
7614 3 1990 4335 4828
7615 3 2042 1990 4828
7616 3 2758 3504 3960
7617 3 4077 3526 4136
7618 3 539 199 1843
7619 3 1843 199 4111
7620 3 199 577 4111
7621 3 577 199 3637
7622 3 1710 455 2351
7623 3 455 1710 3475
7624 3 4145 711 4911
7625 3 886 711 4145
7626 3 711 886 2138
7627 3 711 1425 4911
7628 3 1425 711 2138
7629 3 967 2434 4552
7630 3 2507 967 4552
7631 3 1223 1543 3589
7632 3 3159 1223 3589
7633 3 1223 3159 4534
7634 3 2121 1479 4390
7635 3 2060 1735 3481
7636 3 1735 2060 3544
7637 3 1735 1817 1998
7638 3 1817 1735 3544
7639 3 3481 1735 4841
7640 3 1991 4172 4201
7641 3 2564 2247 4353
7642 3 2247 2564 3076
7643 3 2247 3076 3404
7644 3 3057 2247 3404
7645 3 2759 3124 3631
7646 3 2990 2759 3631
7647 3 3764 3015 4366
7648 3 200 606 4937
7649 3 606 200 3164
7650 3 200 2409 3164
7651 3 2409 200 4281
7652 3 4281 200 4937
7653 3 1659 456 4069
7654 3 456 3981 4069
7655 3 674 456 1659
7656 3 456 674 737
7657 3 456 737 3981
7658 3 1051 712 1703
7659 3 712 1051 2734
7660 3 1428 712 3502
7661 3 712 1428 1468
7662 3 1703 712 3303
7663 3 712 2734 3502
7664 3 712 1468 3303
7665 3 968 1388 4306
7666 3 1388 968 2518
7667 3 1677 968 2797
7668 3 2797 968 4306
7669 3 1823 1224 2101
7670 3 1224 1823 4545
7671 3 1224 4545 4591
7672 3 1224 4591 4801
7673 3 1480 3210 3866
7674 3 3210 1480 3289
7675 3 3289 1480 3721
7676 3 2125 1736 3805
7677 3 1736 2488 3845
7678 3 2075 1992 4489
7679 3 4393 2504 4853
7680 3 2504 3371 4162
7681 3 2504 4162 4853
7682 3 2504 2551 3371
7683 3 3016 3591 3672
7684 3 3528 3967 4417
7685 3 3784 3923 4339
7686 3 1330 201 2000
7687 3 2433 201 2534
7688 3 395 201 2433
7689 3 201 395 2000
7690 3 937 201 1330
7691 3 201 937 2534
7692 3 457 1845 4445
7693 3 1845 457 3732
7694 3 649 457 709
7695 3 709 457 4445
7696 3 713 2052 3841
7697 3 2052 713 2673
7698 3 2673 713 4488
7699 3 2266 713 3841
7700 3 713 2266 4488
7701 3 969 1437 4386
7702 3 1437 969 3226
7703 3 2257 969 4386
7704 3 969 2257 2964
7705 3 1225 4013 4875
7706 3 4013 1225 4411
7707 3 1225 4296 4411
7708 3 1770 1225 4875
7709 3 1225 1770 4296
7710 3 1481 3119 3262
7711 3 1481 2879 3119
7712 3 2879 1481 3578
7713 3 3096 1737 3408
7714 3 2689 1737 3096
7715 3 2012 1737 2689
7716 3 3190 1993 4538
7717 3 2936 1993 3190
7718 3 1993 2528 3377
7719 3 2528 1993 2936
7720 3 3086 2249 4291
7721 3 2249 3328 4291
7722 3 3328 2249 4580
7723 3 2761 3678 4251
7724 3 2761 4251 4648
7725 3 3017 3381 4749
7726 3 3017 3674 4560
7727 3 3674 3017 3808
7728 3 3808 3017 4749
7729 3 294 202 2537
7730 3 1695 202 4147
7731 3 202 1695 2537
7732 3 202 3496 4147
7733 3 3496 202 3833
7734 3 2860 458 3036
7735 3 458 558 4628
7736 3 558 458 2860
7737 3 1098 458 4226
7738 3 458 1098 1459
7739 3 4226 458 4628
7740 3 458 1459 3036
7741 3 1378 714 2002
7742 3 714 4755 4809
7743 3 1199 714 1378
7744 3 714 1199 4755
7745 3 714 4809 4916
7746 3 2002 714 4916
7747 3 3453 970 4310
7748 3 3212 970 3341
7749 3 970 3212 4310
7750 3 1711 970 3453
7751 3 970 1202 3341
7752 3 1202 970 1711
7753 3 1226 1749 4182
7754 3 1749 1226 4042
7755 3 1226 3318 4042
7756 3 1531 1226 4182
7757 3 1482 1793 3348
7758 3 1793 1482 1969
7759 3 1552 1482 2920
7760 3 1482 1552 1969
7761 3 1744 1482 3348
7762 3 1482 1744 2920
7763 3 1738 4403 4737
7764 3 1738 2155 2757
7765 3 1738 2757 4403
7766 3 1994 3160 3490
7767 3 3160 1994 4069
7768 3 1994 3490 4773
7769 3 2716 2250 3357
7770 3 2781 2250 3604
7771 3 2506 4276 4860
7772 3 3051 2762 3877
7773 3 4082 3786 4260
7774 3 4042 4582 4938
7775 3 203 1501 2083
7776 3 1501 203 2084
7777 3 2021 203 2083
7778 3 203 1533 2084
7779 3 1533 203 4777
7780 3 459 882 4649
7781 3 882 459 2380
7782 3 459 1756 2380
7783 3 1756 459 4499
7784 3 4087 459 4649
7785 3 459 4087 4499
7786 3 715 3331 3605
7787 3 715 3605 4359
7788 3 3480 715 4359
7789 3 715 3058 3331
7790 3 2681 971 4656
7791 3 971 3785 4656
7792 3 1227 2798 4212
7793 3 2947 1483 4570
7794 3 2547 1483 3801
7795 3 1879 1739 2001
7796 3 1995 3080 4200
7797 3 2204 1995 4200
7798 3 2596 2251 4145
7799 3 2507 4552 4661
7800 3 3448 2763 3797
7801 3 4532 4299 4631
7802 3 4299 4532 4847
7803 3 3095 204 4910
7804 3 204 3095 4477
7805 3 3187 204 4477
7806 3 204 3187 3501
7807 3 204 3501 4910
7808 3 1104 460 1814
7809 3 460 1104 4261
7810 3 1627 460 4261
7811 3 460 1148 1814
7812 3 1148 460 1627
7813 3 716 833 1058
7814 3 833 716 2749
7815 3 878 716 1058
7816 3 716 878 4724
7817 3 3506 716 4724
7818 3 2749 716 3506
7819 3 972 1794 4559
7820 3 1794 972 2542
7821 3 972 3900 4010
7822 3 3900 972 4559
7823 3 1453 972 4010
7824 3 972 1453 2542
7825 3 3102 1228 3685
7826 3 3910 1228 4695
7827 3 1228 2902 4695
7828 3 3685 1228 3910
7829 3 2224 1228 3102
7830 3 1228 2224 2902
7831 3 1918 1740 2141
7832 3 1740 1918 3543
7833 3 1740 3543 4443
7834 3 2978 2252 3263
7835 3 3263 2252 4652
7836 3 4278 2508 4843
7837 3 2508 2771 2983
7838 3 2771 2508 4278
7839 3 3313 2764 4584
7840 3 4165 3276 4870
7841 3 205 1317 4684
7842 3 1317 205 3521
7843 3 1082 205 4684
7844 3 205 1082 1243
7845 3 205 2449 3521
7846 3 205 1243 2449
7847 3 461 520 3212
7848 3 520 461 3471
7849 3 461 3212 3341
7850 3 1778 461 3341
7851 3 461 1778 3471
7852 3 2581 717 3239
7853 3 973 4104 4230
7854 3 973 2765 3700
7855 3 1815 1229 3930
7856 3 3930 1229 3941
7857 3 3941 1229 4159
7858 3 1485 3227 4323
7859 3 1485 2546 3227
7860 3 1800 1741 3015
7861 3 1741 1800 4811
7862 3 1816 1741 2779
7863 3 2779 1741 4811
7864 3 1997 2065 3147
7865 3 2065 1997 2927
7866 3 2927 1997 4613
7867 3 2332 2253 2636
7868 3 2253 2332 4507
7869 3 3570 2765 3931
7870 3 2765 3570 3700
7871 3 4809 3021 4916
7872 3 3277 3946 3971
7873 3 4475 3533 4697
7874 3 4301 4407 4458
7875 3 1445 206 4888
7876 3 206 1445 4663
7877 3 206 2246 3337
7878 3 2246 206 4663
7879 3 1804 462 2593
7880 3 462 1804 3223
7881 3 2593 462 2687
7882 3 1902 462 4662
7883 3 462 1902 2201
7884 3 462 3223 4662
7885 3 462 2201 2687
7886 3 718 2583 2609
7887 3 2583 718 4016
7888 3 718 2609 3409
7889 3 718 3409 3678
7890 3 2761 718 3678
7891 3 718 2761 4016
7892 3 974 2640 3973
7893 3 1756 974 3973
7894 3 1230 3140 4790
7895 3 4446 1230 4790
7896 3 1230 2216 3140
7897 3 1650 1486 2624
7898 3 1486 1650 3977
7899 3 1486 1714 2624
7900 3 2743 1998 3317
7901 3 2254 3147 4575
7902 3 3231 2510 4047
7903 3 4047 2510 4739
7904 3 2510 4601 4739
7905 3 2766 4259 4664
7906 3 2766 4008 4259
7907 3 3790 4349 4353
7908 3 4046 4160 4620
7909 3 3912 207 4125
7910 3 207 1390 3007
7911 3 1390 207 3804
7912 3 1704 207 3912
7913 3 207 1704 3804
7914 3 207 3007 4125
7915 3 463 514 1299
7916 3 514 463 561
7917 3 561 463 1558
7918 3 1107 463 1299
7919 3 463 1107 1558
7920 3 2575 719 3929
7921 3 719 2575 2753
7922 3 719 1564 3929
7923 3 1564 719 4294
7924 3 719 3641 4294
7925 3 719 2753 3641
7926 3 975 1833 3736
7927 3 1833 975 2541
7928 3 2631 975 3736
7929 3 975 1927 2541
7930 3 1231 1916 3307
7931 3 1238 1231 1717
7932 3 1231 1264 1717
7933 3 1264 1231 3307
7934 3 4238 1743 4284
7935 3 1743 3055 4284
7936 3 2386 1999 4216
7937 3 2255 2905 4760
7938 3 2905 2255 3257
7939 3 3257 2255 3880
7940 3 2255 3800 3880
7941 3 2511 4333 4778
7942 3 2767 3416 4182
7943 3 3023 3485 4495
7944 3 3405 3279 4476
7945 3 208 1550 2663
7946 3 1550 208 2431
7947 3 208 2663 2770
7948 3 2431 208 4934
7949 3 208 2770 3634
7950 3 2015 208 3634
7951 3 208 2015 4934
7952 3 2051 464 3312
7953 3 2105 464 3909
7954 3 720 1614 4558
7955 3 1362 720 4558
7956 3 976 1158 2719
7957 3 1158 976 4799
7958 3 976 3718 4799
7959 3 1232 1553 1991
7960 3 1592 1232 1991
7961 3 1232 1592 2536
7962 3 1488 2639 3774
7963 3 1488 2420 2639
7964 3 2298 1488 3774
7965 3 2920 1744 4005
7966 3 1744 3757 4005
7967 3 2000 3051 3969
7968 3 3641 2256 4289
7969 3 2256 3186 3659
7970 3 3330 2512 4952
7971 3 2512 4524 4952
7972 3 4338 2768 4585
7973 3 3024 3132 4225
7974 3 3280 3711 4955
7975 3 3792 4431 4818
7976 3 4431 3792 4833
7977 3 3792 4231 4833
7978 3 3089 209 3359
7979 3 3359 209 4243
7980 3 2115 209 2399
7981 3 209 2115 4243
7982 3 2399 209 3089
7983 3 1960 465 3906
7984 3 465 1960 2656
7985 3 1470 465 4393
7986 3 465 1470 3906
7987 3 465 2504 4393
7988 3 2504 465 2551
7989 3 2551 465 2656
7990 3 2640 721 3996
7991 3 721 2762 3994
7992 3 974 721 2640
7993 3 2279 721 3994
7994 3 721 2279 3996
7995 3 977 2595 4115
7996 3 3596 1233 4429
7997 3 1233 3596 4852
7998 3 1233 3476 4429
7999 3 3476 1233 4576
8000 3 2130 1489 4877
8001 3 1489 1728 4877
8002 3 1728 1489 3047
8003 3 1745 4430 4652
8004 3 4430 1745 4675
8005 3 2252 1745 4652
8006 3 1745 2252 2649
8007 3 2001 4175 4886
8008 3 4593 2001 4886
8009 3 2257 2686 2964
8010 3 2686 2257 4793
8011 3 3062 2257 4386
8012 3 2257 3062 4793
8013 3 3873 2513 4025
8014 3 2513 2740 2810
8015 3 2516 2513 3873
8016 3 2513 2516 2740
8017 3 3793 4391 4766
8018 3 4152 3793 4766
8019 3 210 2122 4679
8020 3 3920 210 4679
8021 3 210 3920 4322
8022 3 210 1508 2122
8023 3 1508 210 3943
8024 3 210 243 3943
8025 3 243 210 4322
8026 3 466 2159 2458
8027 3 466 624 2159
8028 3 624 466 3034
8029 3 466 2458 4068
8030 3 3034 466 4689
8031 3 466 4068 4689
8032 3 1856 722 3433
8033 3 722 1856 2291
8034 3 722 1242 4716
8035 3 1242 722 2291
8036 3 3904 978 3996
8037 3 978 2430 4534
8038 3 2430 978 3040
8039 3 3040 978 3904
8040 3 1321 1234 2009
8041 3 2009 1234 3562
8042 3 1490 2329 2379
8043 3 2854 1490 4803
8044 3 1490 1787 2329
8045 3 1787 1490 2854
8046 3 2374 1746 2868
8047 3 2770 3440 3634
8048 3 3254 3026 4301
8049 3 3026 3254 4058
8050 3 4301 3026 4407
8051 3 334 211 3488
8052 3 211 334 493
8053 3 3488 211 4732
8054 3 211 493 2132
8055 3 1006 211 2132
8056 3 211 1006 4732
8057 3 2971 467 3864
8058 3 953 467 2971
8059 3 467 999 3864
8060 3 999 467 3045
8061 3 723 1852 3617
8062 3 723 1989 2321
8063 3 979 1901 2016
8064 3 979 2016 2031
8065 3 979 2031 2293
8066 3 1235 2823 3573
8067 3 1235 1900 3895
8068 3 1900 1235 3573
8069 3 3575 1235 3895
8070 3 1235 3575 4556
8071 3 3590 1491 3829
8072 3 2073 1491 3590
8073 3 1491 2073 3639
8074 3 1491 3639 4245
8075 3 3829 1491 4245
8076 3 4155 1747 4669
8077 3 1747 4155 4770
8078 3 1747 4218 4669
8079 3 1747 1935 4218
8080 3 1935 1747 4856
8081 3 1747 4770 4856
8082 3 3872 2003 4442
8083 3 2003 3160 4442
8084 3 3160 2003 3490
8085 3 2003 3203 3490
8086 3 3620 2259 4657
8087 3 2259 3620 4292
8088 3 3682 2259 4555
8089 3 2259 4292 4555
8090 3 3088 2515 3708
8091 3 2515 3088 3987
8092 3 3418 3027 3574
8093 3 3574 3539 4351
8094 3 311 212 2455
8095 3 212 311 2986
8096 3 212 2393 2455
8097 3 212 1371 2393
8098 3 212 868 1371
8099 3 868 212 2986
8100 3 468 798 1583
8101 3 798 468 1652
8102 3 468 1583 4265
8103 3 1652 468 2258
8104 3 4108 724 4621
8105 3 724 2607 4621
8106 3 2607 724 3986
8107 3 724 2638 3986
8108 3 1857 980 3346
8109 3 980 1857 4397
8110 3 1236 2059 3505
8111 3 2059 1236 2802
8112 3 3989 1236 4562
8113 3 1236 3505 4562
8114 3 1237 1236 3989
8115 3 1236 1237 2802
8116 3 1492 3397 4161
8117 3 2998 1492 4161
8118 3 2627 1748 4126
8119 3 1748 3295 3311
8120 3 1748 3311 4126
8121 3 2004 2338 4160
8122 3 3456 2004 4160
8123 3 2004 2230 2338
8124 3 2260 4612 4872
8125 3 2260 3657 3967
8126 3 2260 3528 4612
8127 3 3528 2260 3967
8128 3 2995 2516 4497
8129 3 2740 2516 2995
8130 3 2772 2782 4729
8131 3 3521 3284 4884
8132 3 3284 4553 4884
8133 3 3540 4461 4676
8134 3 3662 213 4751
8135 3 213 1893 4408
8136 3 936 213 3662
8137 3 213 936 1893
8138 3 438 213 4408
8139 3 213 438 2793
8140 3 213 2793 4751
8141 3 469 3907 4091
8142 3 469 1937 4624
8143 3 1937 469 4227
8144 3 3033 469 4624
8145 3 469 3033 3907
8146 3 469 4091 4227
8147 3 725 1434 3184
8148 3 1699 981 2344
8149 3 1237 1521 4106
8150 3 2802 1237 4106
8151 3 1493 4689 4743
8152 3 1752 1493 4743
8153 3 1493 3815 4689
8154 3 3815 1493 4807
8155 3 3149 1749 4042
8156 3 1749 2487 4182
8157 3 2035 1749 3149
8158 3 1749 2035 2487
8159 3 2192 2005 2465
8160 3 2465 2005 3733
8161 3 2359 2261 3296
8162 3 2517 3979 4906
8163 3 2773 2845 4400
8164 3 2950 2773 4019
8165 3 3029 3929 4868
8166 3 4309 4511 4943
8167 3 1582 214 2106
8168 3 2106 214 4221
8169 3 214 3643 4221
8170 3 3643 214 4231
8171 3 214 333 4231
8172 3 470 2327 2895
8173 3 470 2362 2582
8174 3 2362 470 3031
8175 3 470 2895 3031
8176 3 2175 470 2582
8177 3 470 2175 2327
8178 3 726 1161 1162
8179 3 1161 726 4263
8180 3 726 1162 4136
8181 3 1278 726 4136
8182 3 982 1616 3853
8183 3 1616 982 2955
8184 3 2955 982 4835
8185 3 988 982 3853
8186 3 1238 2072 4367
8187 3 2072 1238 3997
8188 3 1238 1717 3997
8189 3 3982 1494 4493
8190 3 1494 3763 4029
8191 3 1494 4029 4316
8192 3 3290 1494 3982
8193 3 1494 3290 3763
8194 3 1494 4316 4493
8195 3 2083 1750 3215
8196 3 3215 1750 3572
8197 3 2006 3974 4542
8198 3 2569 2262 3759
8199 3 2262 2334 4625
8200 3 2334 2262 2490
8201 3 3759 2262 4625
8202 3 3286 3863 3954
8203 3 4277 3798 4635
8204 3 4048 3798 4277
8205 3 3798 4328 4635
8206 3 4710 4054 4759
8207 3 4566 4604 4687
8208 3 215 2088 4173
8209 3 1891 215 2728
8210 3 215 1891 2295
8211 3 2728 215 4173
8212 3 215 2032 2088
8213 3 2032 215 2295
8214 3 1123 471 4256
8215 3 2751 471 4102
8216 3 471 2751 4256
8217 3 727 4226 4628
8218 3 4226 727 4945
8219 3 727 4083 4945
8220 3 4083 727 4229
8221 3 1538 983 1759
8222 3 1759 983 3553
8223 3 2057 1239 2588
8224 3 1239 1341 1377
8225 3 1495 1565 2839
8226 3 1565 1495 1602
8227 3 2487 1495 2839
8228 3 2035 1495 2487
8229 3 2422 2007 4140
8230 3 2007 2699 4140
8231 3 2388 2263 3779
8232 3 3191 2263 4411
8233 3 2263 3191 3779
8234 3 3626 2519 4078
8235 3 2519 3626 4349
8236 3 2610 2519 4349
8237 3 2775 2896 3607
8238 3 1038 216 1338
8239 3 216 1038 4701
8240 3 1568 216 4701
8241 3 216 1568 2026
8242 3 1338 216 3292
8243 3 216 2026 3292
8244 3 2466 472 4478
8245 3 472 944 4478
8246 3 1775 472 2466
8247 3 472 1775 2987
8248 3 728 1880 2656
8249 3 1880 728 2287
8250 3 1934 728 4116
8251 3 728 1934 2287
8252 3 728 1960 4116
8253 3 1960 728 2656
8254 3 1204 984 4902
8255 3 984 1204 2790
8256 3 984 2790 4787
8257 3 984 3326 4902
8258 3 1240 1311 1862
8259 3 1311 1240 2254
8260 3 1240 1997 3147
8261 3 2254 1240 3147
8262 3 1496 1825 3462
8263 3 1825 1496 4009
8264 3 2144 1496 3462
8265 3 4401 1752 4743
8266 3 2536 1752 3832
8267 3 3832 1752 4401
8268 3 2445 2008 2457
8269 3 2457 2008 3194
8270 3 4019 2264 4655
8271 3 2264 2773 4400
8272 3 2773 2264 4019
8273 3 3613 2520 3811
8274 3 2520 3613 4090
8275 3 4272 2776 4536
8276 3 3032 4152 4214
8277 3 3632 3544 4935
8278 3 796 217 4193
8279 3 217 796 2047
8280 3 4193 217 4327
8281 3 1428 217 1468
8282 3 217 1428 4327
8283 3 1468 217 2047
8284 3 1848 473 2591
8285 3 473 961 1765
8286 3 473 1765 2591
8287 3 729 2118 3507
8288 3 2118 729 3271
8289 3 1983 729 3507
8290 3 3271 729 3414
8291 3 729 1009 3414
8292 3 1009 729 1983
8293 3 985 2898 3509
8294 3 985 1769 3717
8295 3 1241 1302 2636
8296 3 1302 1241 1412
8297 3 2253 1241 2636
8298 3 2111 1497 3644
8299 3 1497 2239 3644
8300 3 1753 3614 3849
8301 3 1753 2594 3614
8302 3 2594 1753 4921
8303 3 1753 4094 4921
8304 3 2009 2145 3187
8305 3 2145 2009 3562
8306 3 2265 3102 3990
8307 3 2521 2635 3750
8308 3 2635 2521 2986
8309 3 2521 3750 4207
8310 3 3297 2777 3371
8311 3 2777 3297 4550
8312 3 2777 3070 3371
8313 3 3863 3033 4624
8314 3 3289 3721 4150
8315 3 4313 4362 4889
8316 3 218 2654 3178
8317 3 2654 218 3072
8318 3 218 439 864
8319 3 439 218 3178
8320 3 474 2364 3775
8321 3 1696 474 2038
8322 3 2038 474 3775
8323 3 4655 730 4788
8324 3 730 1680 3484
8325 3 730 3484 4788
8326 3 986 2850 4279
8327 3 2850 986 4548
8328 3 986 2769 2831
8329 3 2769 986 4279
8330 3 2036 986 2831
8331 3 986 2036 4548
8332 3 1242 1375 1476
8333 3 1375 1242 2291
8334 3 1242 1476 2809
8335 3 1242 2809 4716
8336 3 1680 1498 3980
8337 3 1498 1680 1977
8338 3 1754 2055 3879
8339 3 2055 1754 3013
8340 3 2010 2484 4298
8341 3 2266 3841 3899
8342 3 2266 3899 4857
8343 3 2522 4199 4608
8344 3 2522 4079 4826
8345 3 4079 2522 4608
8346 3 2778 2882 4009
8347 3 2882 2778 3291
8348 3 2778 4009 4203
8349 3 3815 3034 4689
8350 3 3034 3815 4084
8351 3 3546 4517 4909
8352 3 4318 3546 4748
8353 3 219 1863 2595
8354 3 219 1393 1863
8355 3 1393 219 1941
8356 3 1941 219 3777
8357 3 977 219 2595
8358 3 219 977 3777
8359 3 1093 475 2374
8360 3 475 1093 3543
8361 3 2244 475 3543
8362 3 475 1746 2374
8363 3 731 2825 4541
8364 3 2693 731 4541
8365 3 1961 987 4192
8366 3 1234 987 3562
8367 3 1287 1243 4122
8368 3 1243 1287 2449
8369 3 2166 1499 4793
8370 3 1499 2166 3823
8371 3 2686 1499 4270
8372 3 1499 2686 4793
8373 3 1499 3823 4270
8374 3 1755 1823 2101
8375 3 1823 1755 2538
8376 3 1755 2101 2208
8377 3 1755 2208 2814
8378 3 2538 1755 3881
8379 3 1755 2814 3881
8380 3 2011 3078 3435
8381 3 2394 2011 3271
8382 3 2267 2448 3840
8383 3 2267 3840 4261
8384 3 2523 3651 3760
8385 3 2523 3760 4711
8386 3 3291 3649 4133
8387 3 3784 3547 3923
8388 3 4630 3803 4879
8389 3 3266 220 3993
8390 3 743 220 2116
8391 3 220 743 3993
8392 3 220 1263 2116
8393 3 1263 220 3266
8394 3 476 3228 3382
8395 3 476 1208 3228
8396 3 734 476 4371
8397 3 476 734 1208
8398 3 476 2029 4371
8399 3 2029 476 3382
8400 3 860 732 4302
8401 3 732 860 4093
8402 3 732 3185 4302
8403 3 732 1172 3185
8404 3 1172 732 3583
8405 3 3583 732 4093
8406 3 2074 1244 4654
8407 3 1244 2074 3575
8408 3 1244 3367 4654
8409 3 1244 3575 3895
8410 3 2127 1500 2182
8411 3 1500 2127 3021
8412 3 3451 1500 4822
8413 3 2182 1500 3451
8414 3 1500 3021 4931
8415 3 4822 1500 4931
8416 3 2012 2689 3580
8417 3 3560 2012 3580
8418 3 2565 2268 3392
8419 3 2268 2565 4325
8420 3 2345 2268 4325
8421 3 2524 4216 4894
8422 3 3481 2524 4894
8423 3 2524 3481 4841
8424 3 1661 221 2434
8425 3 221 1661 2742
8426 3 221 2714 2965
8427 3 2714 221 2789
8428 3 221 2742 2789
8429 3 477 1080 1209
8430 3 733 2105 3909
8431 3 2105 733 2911
8432 3 3675 733 3909
8433 3 733 3675 4296
8434 3 733 1770 2911
8435 3 1770 733 4296
8436 3 989 3593 4947
8437 3 3627 989 4331
8438 3 989 2881 3593
8439 3 2881 989 3627
8440 3 4331 989 4947
8441 3 3619 1245 4483
8442 3 2912 1245 3619
8443 3 4483 1245 4923
8444 3 1245 3740 4923
8445 3 1501 2084 2638
8446 3 1501 1750 2083
8447 3 2595 1757 4115
8448 3 1863 1757 2595
8449 3 1757 3772 4115
8450 3 2849 2013 4326
8451 3 2013 3121 3422
8452 3 2303 2013 3422
8453 3 2013 2303 4326
8454 3 3101 2269 4849
8455 3 3323 2269 4406
8456 3 2269 3323 4849
8457 3 3258 3037 4348
8458 3 4587 3293 4813
8459 3 3669 3549 4930
8460 3 3549 3669 4236
8461 3 222 2571 3121
8462 3 222 535 1303
8463 3 535 222 2849
8464 3 222 1303 2571
8465 3 222 2013 2849
8466 3 2013 222 3121
8467 3 2336 478 2813
8468 3 694 478 4071
8469 3 478 694 2813
8470 3 2819 734 4371
8471 3 2197 734 2819
8472 3 1208 734 1768
8473 3 1768 734 2197
8474 3 990 3349 3457
8475 3 990 2500 4235
8476 3 990 3031 3349
8477 3 3031 990 4235
8478 3 1246 2453 3170
8479 3 2453 1246 4843
8480 3 1956 1246 3170
8481 3 1246 1956 4272
8482 3 3245 1246 4272
8483 3 1246 3245 4843
8484 3 3081 1502 4493
8485 3 1502 3380 4493
8486 3 3380 1502 3766
8487 3 2199 1758 3791
8488 3 3791 1758 4040
8489 3 2613 2014 4890
8490 3 2014 2993 4890
8491 3 2270 2676 2780
8492 3 2270 2539 2676
8493 3 2539 2270 3762
8494 3 2526 2728 4472
8495 3 2782 3597 3919
8496 3 3597 2782 4526
8497 3 2782 3919 4729
8498 3 223 1303 3466
8499 3 1303 223 3491
8500 3 3439 223 3466
8501 3 3491 223 3730
8502 3 1984 223 3439
8503 3 223 1984 3730
8504 3 479 1040 1138
8505 3 1040 479 2944
8506 3 479 1138 2071
8507 3 2944 479 4097
8508 3 479 1679 4097
8509 3 1679 479 2071
8510 3 735 3390 3647
8511 3 2424 735 3647
8512 3 991 3365 4139
8513 3 3365 991 3676
8514 3 2258 991 4139
8515 3 991 2258 4421
8516 3 2558 991 4421
8517 3 991 2558 3676
8518 3 1589 1247 4309
8519 3 2396 1247 3592
8520 3 1247 2396 4511
8521 3 4309 1247 4511
8522 3 1503 1636 3360
8523 3 1759 3553 4909
8524 3 2300 1759 4909
8525 3 1759 2300 4347
8526 3 2015 2847 3518
8527 3 2015 3518 4934
8528 3 2271 3413 4051
8529 3 2717 2527 4149
8530 3 2527 3068 4149
8531 3 3068 2527 4781
8532 3 2783 3172 3576
8533 3 4269 3039 4915
8534 3 3046 3039 4269
8535 3 3605 3551 4032
8536 3 224 2851 4151
8537 3 224 3390 3532
8538 3 224 2462 2851
8539 3 2462 224 3532
8540 3 429 224 4151
8541 3 224 429 3390
8542 3 3113 480 4000
8543 3 480 3415 4000
8544 3 480 2411 3415
8545 3 2411 480 4194
8546 3 884 736 3702
8547 3 736 2748 3702
8548 3 2566 992 3866
8549 3 992 1480 3866
8550 3 1762 992 2918
8551 3 2215 1248 2442
8552 3 1248 2215 3520
8553 3 1248 3520 3602
8554 3 1248 2040 2442
8555 3 2902 1504 4695
8556 3 1504 2929 4919
8557 3 2016 3469 4535
8558 3 2016 3300 3469
8559 3 2031 2016 4535
8560 3 2272 4470 4823
8561 3 3040 3904 4027
8562 3 3040 4027 4228
8563 3 3579 3552 4392
8564 3 3552 3579 4761
8565 3 1794 225 4667
8566 3 225 1794 3998
8567 3 225 3998 4222
8568 3 3267 225 4222
8569 3 225 3019 4667
8570 3 3019 225 3267
8571 3 481 3497 4881
8572 3 3497 481 4750
8573 3 1455 481 3855
8574 3 481 1455 4275
8575 3 481 4275 4750
8576 3 2939 737 4057
8577 3 993 2049 2887
8578 3 2049 993 3186
8579 3 993 2095 4285
8580 3 3186 993 4285
8581 3 1249 2068 3094
8582 3 1249 1561 2068
8583 3 1505 2866 4021
8584 3 1505 1964 2706
8585 3 1964 1505 4021
8586 3 2228 1761 3535
8587 3 2017 2062 4906
8588 3 2977 2273 4336
8589 3 3710 2529 3799
8590 3 2713 2529 3710
8591 3 2785 2815 3025
8592 3 3041 3108 4158
8593 3 3297 4365 4550
8594 3 226 285 4574
8595 3 285 226 3304
8596 3 2901 226 4574
8597 3 2477 226 2901
8598 3 226 2477 3304
8599 3 569 482 1481
8600 3 1481 482 3578
8601 3 738 3365 3676
8602 3 738 1606 3365
8603 3 738 1382 1606
8604 3 2025 738 3676
8605 3 994 1034 2648
8606 3 1331 994 3871
8607 3 994 1331 4454
8608 3 994 2648 3871
8609 3 1250 3590 3829
8610 3 1250 3129 3590
8611 3 3129 1250 3619
8612 3 1250 2912 3619
8613 3 2912 1250 4156
8614 3 1250 3829 4156
8615 3 1856 1506 2291
8616 3 2003 1506 3203
8617 3 1519 1506 2003
8618 3 1506 1519 2291
8619 3 2103 1762 2918
8620 3 1762 2433 3450
8621 3 2018 3403 4819
8622 3 2476 2018 4819
8623 3 2018 2476 4053
8624 3 2018 3325 3403
8625 3 2274 2390 4765
8626 3 2390 2274 4092
8627 3 4092 2274 4654
8628 3 2786 2837 4641
8629 3 3157 2786 3399
8630 3 2975 2786 4641
8631 3 2786 2975 3399
8632 3 3042 3905 4205
8633 3 3298 3324 3600
8634 3 3324 3298 3327
8635 3 3327 3298 4897
8636 3 4066 4244 4697
8637 3 3636 227 4024
8638 3 227 823 4024
8639 3 823 227 1479
8640 3 3295 227 3636
8641 3 3592 483 3767
8642 3 1247 483 3592
8643 3 483 1247 1589
8644 3 739 1557 4659
8645 3 1557 739 3751
8646 3 739 3106 3751
8647 3 4531 739 4659
8648 3 2322 995 3118
8649 3 2182 995 2322
8650 3 995 2182 3451
8651 3 995 1262 3118
8652 3 1251 1808 2625
8653 3 1251 1570 1808
8654 3 1251 2625 4352
8655 3 4250 1251 4352
8656 3 1679 1507 4097
8657 3 1507 1679 3227
8658 3 1507 2746 4059
8659 3 1507 4059 4097
8660 3 2546 1507 3227
8661 3 1507 2546 2746
8662 3 1763 2330 2660
8663 3 2330 1763 4607
8664 3 1763 2660 4786
8665 3 1763 4597 4771
8666 3 4597 1763 4786
8667 3 4607 1763 4771
8668 3 2054 2019 2578
8669 3 2019 2054 3370
8670 3 3285 2275 4088
8671 3 2531 2632 4095
8672 3 2531 2712 4660
8673 3 2712 2531 4095
8674 3 3202 2787 4469
8675 3 2787 3202 4291
8676 3 2787 3328 4149
8677 3 3328 2787 4291
8678 3 3299 3530 4076
8679 3 3299 4076 4775
8680 3 3826 3555 3969
8681 3 228 3357 4395
8682 3 3137 228 4395
8683 3 4262 228 4460
8684 3 228 486 3357
8685 3 486 228 4262
8686 3 3063 228 3137
8687 3 228 3063 4460
8688 3 484 1809 4794
8689 3 484 4239 4865
8690 3 4239 484 4794
8691 3 740 3464 3504
8692 3 740 906 2818
8693 3 906 740 3504
8694 3 740 3324 3327
8695 3 740 3327 3464
8696 3 3115 996 3622
8697 3 996 3115 3926
8698 3 1522 996 3926
8699 3 996 1522 2906
8700 3 1252 2591 2963
8701 3 2591 1252 3561
8702 3 2147 1252 3782
8703 3 1252 2963 3564
8704 3 1252 3564 3782
8705 3 2122 1508 3093
8706 3 1508 1718 3093
8707 3 1718 1508 3671
8708 3 1508 1528 3671
8709 3 1528 1508 3943
8710 3 1764 3627 4510
8711 3 1764 2092 2881
8712 3 2092 1764 3474
8713 3 3131 1764 3181
8714 3 1764 3131 3474
8715 3 1764 2881 3627
8716 3 3181 1764 4510
8717 3 2020 3137 3334
8718 3 3137 2020 3606
8719 3 2170 2020 3334
8720 3 2020 2170 4247
8721 3 2562 2276 2730
8722 3 2276 2562 4303
8723 3 2730 2276 3071
8724 3 2276 3323 4406
8725 3 3323 2276 4303
8726 3 3071 2276 4406
8727 3 2532 2922 4088
8728 3 3043 2788 4410
8729 3 3547 3044 3923
8730 3 3300 4206 4892
8731 3 4206 3300 4528
8732 3 3469 3300 4892
8733 3 4068 4401 4743
8734 3 4689 4068 4743
8735 3 229 1597 2110
8736 3 1597 229 2142
8737 3 229 2110 2330
8738 3 635 229 2330
8739 3 229 635 2142
8740 3 1865 485 2293
8741 3 1901 485 2587
8742 3 485 929 2587
8743 3 929 485 1865
8744 3 979 485 1901
8745 3 485 979 2293
8746 3 3343 741 4503
8747 3 2620 741 3343
8748 3 741 2620 4533
8749 3 741 2143 2161
8750 3 2143 741 4533
8751 3 741 2161 4503
8752 3 1671 997 1776
8753 3 997 1671 4089
8754 3 2227 1253 2657
8755 3 1523 1253 2104
8756 3 1509 4252 4293
8757 3 1509 2210 4081
8758 3 1509 3248 4252
8759 3 3248 1509 4081
8760 3 2591 1765 2963
8761 3 3401 2277 4941
8762 3 2277 3401 4589
8763 3 3218 2533 4950
8764 3 4412 3301 4928
8765 3 3301 4241 4928
8766 3 3769 3301 4412
8767 3 3301 3769 4924
8768 3 3557 4331 4947
8769 3 4547 3813 4643
8770 3 230 3077 3116
8771 3 3141 230 3878
8772 3 230 2972 3077
8773 3 2972 230 3141
8774 3 230 1525 3878
8775 3 1525 230 3116
8776 3 486 2716 3357
8777 3 2716 486 4707
8778 3 2187 742 4723
8779 3 742 2187 2514
8780 3 742 1947 4922
8781 3 1947 742 2514
8782 3 966 742 4922
8783 3 742 966 4723
8784 3 1793 1254 3348
8785 3 1254 3060 3348
8786 3 1254 1527 3482
8787 3 2727 1510 3903
8788 3 1510 2727 4567
8789 3 4055 1510 4567
8790 3 1766 1814 3104
8791 3 1814 1766 3214
8792 3 1766 3104 3908
8793 3 1766 2685 3214
8794 3 3582 1766 3908
8795 3 2022 2981 4885
8796 3 3762 2022 4885
8797 3 2270 2022 3762
8798 3 2022 2270 2780
8799 3 3140 2278 4790
8800 3 2278 3477 4790
8801 3 3014 2278 3140
8802 3 2577 2534 3728
8803 3 3236 2790 4077
8804 3 2790 3236 3314
8805 3 2790 3314 4787
8806 3 3046 4632 4759
8807 3 4484 4326 4658
8808 3 1325 231 2956
8809 3 231 1325 2515
8810 3 231 2917 2956
8811 3 231 1193 2917
8812 3 1193 231 1274
8813 3 1274 231 2515
8814 3 662 487 4930
8815 3 487 662 2033
8816 3 487 2033 2329
8817 3 1787 487 2329
8818 3 743 2116 2868
8819 3 743 1952 3993
8820 3 1746 743 2868
8821 3 743 1746 1952
8822 3 999 2346 3684
8823 3 2346 999 3045
8824 3 999 2498 3864
8825 3 2498 999 3684
8826 3 1255 2572 3650
8827 3 3643 1255 4221
8828 3 1255 3650 4221
8829 3 1922 1255 2050
8830 3 1255 1922 2572
8831 3 2459 1511 4405
8832 3 1767 1984 3439
8833 3 2765 1767 3931
8834 3 2023 4001 4496
8835 3 2495 2023 4507
8836 3 2023 2495 4001
8837 3 2023 2253 4507
8838 3 2279 2603 3904
8839 3 2603 2279 3994
8840 3 2279 3904 3996
8841 3 2535 2834 2941
8842 3 2834 2535 3204
8843 3 3582 3303 4311
8844 3 3303 3582 4346
8845 3 4329 3559 4782
8846 3 1102 232 4413
8847 3 626 232 1102
8848 3 232 626 2471
8849 3 232 2471 2810
8850 3 232 3001 4413
8851 3 232 2810 3001
8852 3 1179 488 1909
8853 3 488 1179 2525
8854 3 488 2525 3587
8855 3 744 2698 4179
8856 3 744 1424 2698
8857 3 1424 744 1967
8858 3 1870 1000 3887
8859 3 1000 1870 3567
8860 3 1000 3174 3887
8861 3 1000 3567 3966
8862 3 1305 1256 4215
8863 3 1256 1305 4804
8864 3 1256 3673 4215
8865 3 1256 2472 3524
8866 3 2472 1256 4804
8867 3 1256 3524 3673
8868 3 1512 2748 4053
8869 3 1512 4053 4453
8870 3 4437 1768 4859
8871 3 1768 1883 4859
8872 3 2024 3120 3951
8873 3 3120 2024 3277
8874 3 2535 2280 3204
8875 3 2792 4148 4662
8876 3 2792 4662 4942
8877 3 233 1068 1126
8878 3 1068 233 2667
8879 3 233 4155 4669
8880 3 233 1126 1785
8881 3 2667 233 4669
8882 3 233 1785 4155
8883 3 669 489 1489
8884 3 489 669 2559
8885 3 1489 489 3047
8886 3 3047 489 3995
8887 3 489 2559 3995
8888 3 1084 745 3628
8889 3 745 1084 1949
8890 3 745 1949 4577
8891 3 1845 1001 4445
8892 3 1001 1845 4800
8893 3 1639 1001 2946
8894 3 2946 1001 4800
8895 3 1001 3251 4445
8896 3 1853 1257 2395
8897 3 1257 1853 3296
8898 3 2395 1257 4427
8899 3 1257 3296 3326
8900 3 2688 1513 3876
8901 3 1513 1773 3876
8902 3 1769 2754 3717
8903 3 2281 2839 3417
8904 3 2281 2487 2839
8905 3 2487 2281 2767
8906 3 2793 3404 4751
8907 3 2793 3057 3404
8908 3 3049 3888 4118
8909 3 3541 3305 4377
8910 3 3305 3541 3645
8911 3 4450 4073 4884
8912 3 555 234 2438
8913 3 234 555 3530
8914 3 2754 234 3717
8915 3 234 3299 3717
8916 3 3299 234 3530
8917 3 490 2076 2301
8918 3 490 1896 2076
8919 3 1896 490 4161
8920 3 490 2998 4161
8921 3 2998 490 3925
8922 3 490 2301 3925
8923 3 746 860 4302
8924 3 1227 746 2798
8925 3 746 4302 4447
8926 3 2798 746 4447
8927 3 2104 1002 2467
8928 3 2126 1002 4602
8929 3 1872 1002 2126
8930 3 1002 1872 2467
8931 3 1211 1002 2104
8932 3 1002 1211 4602
8933 3 1258 2360 4789
8934 3 1258 1423 2360
8935 3 1514 3410 4950
8936 3 1654 1514 4950
8937 3 1514 2537 3410
8938 3 2537 1514 4767
8939 3 3919 1770 4875
8940 3 2911 1770 3919
8941 3 2026 2586 3292
8942 3 2586 2026 3819
8943 3 2026 3130 3819
8944 3 2026 2109 3130
8945 3 2282 4142 4834
8946 3 2282 2949 4374
8947 3 2949 2282 4834
8948 3 2282 3232 4142
8949 3 3232 2282 3765
8950 3 3765 2282 4374
8951 3 2538 2601 4101
8952 3 3050 4164 4651
8953 3 3473 3050 4651
8954 3 3050 3473 3802
8955 3 4002 3818 4176
8956 3 235 836 4844
8957 3 353 235 575
8958 3 235 353 836
8959 3 1635 235 4844
8960 3 235 447 575
8961 3 447 235 1635
8962 3 1029 491 1660
8963 3 491 1029 4810
8964 3 4642 491 4810
8965 3 1660 491 4920
8966 3 1419 491 4642
8967 3 491 1419 4920
8968 3 1885 747 3492
8969 3 2198 747 3389
8970 3 747 2198 3492
8971 3 1034 1003 3783
8972 3 3128 1003 4212
8973 3 1003 3128 3783
8974 3 1003 1227 4212
8975 3 3391 1259 4238
8976 3 1259 2167 3175
8977 3 2167 1259 2221
8978 3 2221 1259 3391
8979 3 1743 1259 3175
8980 3 1259 1743 4238
8981 3 1515 2833 3955
8982 3 1515 2153 2305
8983 3 1771 2113 3707
8984 3 3516 1771 3707
8985 3 2027 2345 3234
8986 3 2027 3234 4110
8987 3 2027 2268 2345
8988 3 2268 2027 3221
8989 3 3282 2283 4099
8990 3 3601 2539 4873
8991 3 2676 2539 3601
8992 3 2795 2847 4525
8993 3 2847 2795 3518
8994 3 4242 2795 4525
8995 3 3051 3877 3902
8996 3 3051 3902 3969
8997 3 3307 3462 4653
8998 3 236 523 3960
8999 3 523 236 2985
9000 3 236 3464 3483
9001 3 3464 236 3504
9002 3 2985 236 3483
9003 3 3504 236 3960
9004 3 492 795 3353
9005 3 795 492 1496
9006 3 1847 492 3353
9007 3 492 1847 4009
9008 3 1496 492 4009
9009 3 2883 748 3948
9010 3 3948 748 4512
9011 3 748 963 4512
9012 3 963 748 4589
9013 3 2277 748 2883
9014 3 748 2277 4589
9015 3 1297 1004 3433
9016 3 1004 1297 1757
9017 3 1004 1856 3433
9018 3 1004 1757 1863
9019 3 1905 1260 1943
9020 3 1407 1260 4880
9021 3 1260 1407 4772
9022 3 1943 1260 4772
9023 3 1620 1516 4951
9024 3 1516 1620 2718
9025 3 1516 3681 4951
9026 3 3681 1516 3972
9027 3 1516 2718 3053
9028 3 1516 3053 3972
9029 3 1772 3894 4340
9030 3 3642 1772 4953
9031 3 1933 1772 3642
9032 3 1772 1933 3228
9033 3 1772 3228 3894
9034 3 1772 4340 4953
9035 3 2028 2366 4280
9036 3 2028 2382 2383
9037 3 2382 2028 4280
9038 3 2284 3074 4780
9039 3 3180 2284 4780
9040 3 2862 2540 4409
9041 3 4409 2540 4692
9042 3 3308 3489 4210
9043 3 3820 4265 4772
9044 3 237 1388 1446
9045 3 1388 237 4306
9046 3 237 1405 2478
9047 3 1405 237 4324
9048 3 237 3458 4306
9049 3 237 1446 4324
9050 3 237 2478 3458
9051 3 493 1329 2132
9052 3 1329 493 4716
9053 3 493 722 4716
9054 3 1147 749 4367
9055 3 749 1147 3244
9056 3 1916 749 3244
9057 3 1231 749 1916
9058 3 749 1231 1238
9059 3 749 1238 4367
9060 3 1405 1005 1449
9061 3 1449 1005 1566
9062 3 1018 1005 1405
9063 3 1261 4423 4771
9064 3 1261 1497 2111
9065 3 1517 1979 2275
9066 3 1517 2275 3285
9067 3 1773 3384 3876
9068 3 3384 1773 4137
9069 3 1773 2010 4137
9070 3 2010 1773 2484
9071 3 2134 2029 2826
9072 3 2029 2134 4371
9073 3 4184 2285 4907
9074 3 2797 2889 3230
9075 3 3458 2797 4306
9076 3 4699 4589 4820
9077 3 2050 238 4818
9078 3 238 3643 3792
9079 3 238 3792 4818
9080 3 1255 238 2050
9081 3 238 1255 3643
9082 3 2114 494 4188
9083 3 494 2114 4594
9084 3 494 1114 3700
9085 3 1114 494 4594
9086 3 494 3570 4188
9087 3 3570 494 3700
9088 3 750 1377 3810
9089 3 1239 750 2588
9090 3 750 1239 1377
9091 3 1662 1006 2132
9092 3 1006 1662 3741
9093 3 1262 2502 3118
9094 3 1262 1267 2502
9095 3 1267 1262 2798
9096 3 3637 1518 4267
9097 3 2387 1518 3637
9098 3 1518 2387 4080
9099 3 1518 3956 4267
9100 3 3956 1518 4579
9101 3 1518 4080 4579
9102 3 2443 1774 4317
9103 3 1774 2443 4854
9104 3 2574 2030 4377
9105 3 4648 2286 4687
9106 3 2286 2865 4566
9107 3 2865 2286 4576
9108 3 3476 2286 4648
9109 3 2286 3476 4576
9110 3 2286 4566 4687
9111 3 3054 4706 4790
9112 3 3477 3054 4790
9113 3 3054 3477 4286
9114 3 3054 3794 4706
9115 3 3794 3054 4286
9116 3 3681 3566 4220
9117 3 3566 3681 3972
9118 3 4043 3566 4127
9119 3 3566 4043 4220
9120 3 239 661 2652
9121 3 661 239 4350
9122 3 239 508 3886
9123 3 508 239 2652
9124 3 1898 495 2518
9125 3 495 2952 4666
9126 3 2952 495 2999
9127 3 3237 495 4666
9128 3 2518 495 3237
9129 3 1524 495 1898
9130 3 495 1524 2999
9131 3 751 1578 2880
9132 3 751 2880 3950
9133 3 1007 1579 1884
9134 3 1579 1007 3780
9135 3 1622 1007 1884
9136 3 1007 1622 2553
9137 3 3780 1007 4544
9138 3 1007 2553 4544
9139 3 2116 1263 3290
9140 3 3290 1263 3763
9141 3 1263 2811 3763
9142 3 2811 1263 3266
9143 3 1576 1519 3872
9144 3 1519 2003 3872
9145 3 1775 3089 3359
9146 3 1775 2466 3089
9147 3 2965 2031 4535
9148 3 2714 2031 2965
9149 3 2293 2031 2714
9150 3 2891 2287 3865
9151 3 2287 2891 3729
9152 3 3311 3389 4126
9153 3 3966 3567 4490
9154 3 4508 4079 4608
9155 3 4335 4691 4828
9156 3 240 3865 4741
9157 3 3865 240 4337
9158 3 862 240 2280
9159 3 240 862 4337
9160 3 381 240 4741
9161 3 240 381 2280
9162 3 3351 496 4180
9163 3 496 3351 4746
9164 3 1840 496 4746
9165 3 496 1840 3470
9166 3 496 3470 3999
9167 3 496 3256 4180
9168 3 3256 496 3999
9169 3 4657 752 4851
9170 3 2618 752 3682
9171 3 752 2618 3738
9172 3 752 3738 4851
9173 3 2259 752 4657
9174 3 752 2259 3682
9175 3 1143 1008 2942
9176 3 2942 1008 3734
9177 3 1008 3202 3734
9178 3 3202 1008 4039
9179 3 2429 1264 3307
9180 3 1520 2497 4414
9181 3 2088 2032 2903
9182 3 2903 2032 3022
9183 3 3842 2800 4712
9184 3 3153 3056 4698
9185 3 4080 4500 4946
9186 3 241 3111 4494
9187 3 241 2437 3111
9188 3 2437 241 2544
9189 3 4004 241 4334
9190 3 4334 241 4494
9191 3 2544 241 4004
9192 3 497 1805 4254
9193 3 497 2906 3606
9194 3 2906 497 4375
9195 3 497 4254 4375
9196 3 497 766 1805
9197 3 766 497 3606
9198 3 2429 753 4397
9199 3 753 2429 3307
9200 3 939 753 4653
9201 3 753 939 980
9202 3 753 980 4397
9203 3 753 3307 4653
9204 3 3411 1009 4402
9205 3 1009 3411 4313
9206 3 3414 1009 4313
9207 3 1009 1983 4402
9208 3 1265 3092 3928
9209 3 3092 1265 3425
9210 3 1304 1265 1608
9211 3 1265 1304 1526
9212 3 1608 1265 3928
9213 3 1265 1526 3425
9214 3 2179 1777 4028
9215 3 1777 2179 2265
9216 3 1777 3985 4327
9217 3 1777 2265 3985
9218 3 2329 2033 2379
9219 3 2033 2141 2721
9220 3 2771 2289 2983
9221 3 3848 2545 4113
9222 3 2545 3848 4728
9223 3 3841 2801 3899
9224 3 3899 2801 4189
9225 3 242 2892 4617
9226 3 2892 242 3423
9227 3 2976 242 3846
9228 3 242 2976 3423
9229 3 242 942 3846
9230 3 942 242 4617
9231 3 2997 498 3624
9232 3 498 2231 3624
9233 3 2805 498 3623
9234 3 1681 754 3860
9235 3 754 1681 4557
9236 3 754 3512 4357
9237 3 1010 1111 4696
9238 3 1111 1010 2189
9239 3 2189 1010 3779
9240 3 1981 1010 4696
9241 3 1010 1981 4487
9242 3 3779 1010 4487
9243 3 2338 1266 2958
9244 3 2958 1266 4905
9245 3 1535 1266 2338
9246 3 1522 3926 4460
9247 3 2906 1522 3606
9248 3 1522 3063 3606
9249 3 3063 1522 4460
9250 3 2034 2744 4227
9251 3 4091 2034 4227
9252 3 2290 2612 4312
9253 3 3902 3826 3969
9254 3 243 1699 3943
9255 3 243 981 1699
9256 3 243 761 981
9257 3 761 243 4322
9258 3 499 1074 4078
9259 3 755 1707 4252
9260 3 1707 755 2507
9261 3 3248 755 4252
9262 3 755 3248 3839
9263 3 755 967 2507
9264 3 967 755 3839
9265 3 3357 1011 4395
9266 3 1011 2446 4395
9267 3 2250 1011 3357
9268 3 1011 2250 2781
9269 3 1267 2798 4447
9270 3 1874 1523 2104
9271 3 1523 1874 3702
9272 3 1779 3594 4185
9273 3 4011 1779 4185
9274 3 3087 2035 3149
9275 3 3402 2547 3664
9276 3 3664 2547 3801
9277 3 2651 2547 3402
9278 3 3038 2803 4812
9279 3 263 244 2818
9280 3 244 263 641
9281 3 244 641 3600
9282 3 244 740 2818
9283 3 740 244 3324
9284 3 3324 244 3600
9285 3 1412 500 4130
9286 3 1163 500 1412
9287 3 500 1163 4496
9288 3 1971 500 4496
9289 3 500 1971 3264
9290 3 500 3264 4130
9291 3 756 1881 4039
9292 3 1008 756 4039
9293 3 1012 3938 4422
9294 3 1012 2992 3938
9295 3 2992 1012 3507
9296 3 1012 4026 4402
9297 3 4026 1012 4422
9298 3 1983 1012 4402
9299 3 1012 1983 3507
9300 3 1320 1268 1613
9301 3 1613 1268 4823
9302 3 1524 1898 2506
9303 3 3438 1524 4860
9304 3 2999 1524 3438
9305 3 1524 2506 4860
9306 3 4387 1780 4467
9307 3 2626 1780 4387
9308 3 1780 2626 3837
9309 3 4467 1780 4730
9310 3 2036 4017 4548
9311 3 2292 2597 4064
9312 3 2292 4064 4470
9313 3 4658 2804 4876
9314 3 2804 4326 4895
9315 3 4326 2804 4658
9316 3 3316 4485 4722
9317 3 3316 3568 4485
9318 3 245 562 2176
9319 3 562 245 730
9320 3 574 245 2176
9321 3 245 574 1977
9322 3 1680 245 1977
9323 3 730 245 1680
9324 3 2049 501 2887
9325 3 501 2049 2753
9326 3 1543 501 4637
9327 3 501 2753 4637
9328 3 1223 501 1543
9329 3 501 1223 2887
9330 3 1125 757 3475
9331 3 2792 757 4148
9332 3 1013 1891 2526
9333 3 1319 1269 1326
9334 3 1326 1269 3939
9335 3 1269 3283 3939
9336 3 1781 2235 3127
9337 3 2549 3867 4455
9338 3 4020 3061 4235
9339 3 246 2827 3418
9340 3 246 3418 4351
9341 3 246 378 2827
9342 3 378 246 1209
9343 3 246 477 1209
9344 3 477 246 4351
9345 3 502 2316 3011
9346 3 502 861 2316
9347 3 861 502 3719
9348 3 2147 502 3011
9349 3 502 2147 3782
9350 3 3719 502 3782
9351 3 758 2271 4051
9352 3 2271 758 2558
9353 3 758 2025 3676
9354 3 2558 758 3676
9355 3 2844 1014 4505
9356 3 1014 3704 4505
9357 3 1270 1356 4140
9358 3 1356 1270 3686
9359 3 2699 1270 4140
9360 3 1270 2699 4232
9361 3 1270 3537 3686
9362 3 3537 1270 4232
9363 3 1782 3092 4163
9364 3 3092 1782 3928
9365 3 1782 2659 3222
9366 3 2038 3775 4332
9367 3 2294 3842 4709
9368 3 2294 2800 3842
9369 3 2800 2294 2893
9370 3 3716 2806 4107
9371 3 3487 2806 3716
9372 3 3318 3421 4582
9373 3 4042 3318 4582
9374 3 4237 3830 4690
9375 3 839 247 1382
9376 3 247 839 4603
9377 3 1382 247 2377
9378 3 247 642 2377
9379 3 642 247 4700
9380 3 247 4603 4700
9381 3 1036 503 1635
9382 3 503 1036 3432
9383 3 2878 503 3432
9384 3 1348 503 2878
9385 3 503 1348 2191
9386 3 1635 503 2191
9387 3 759 1940 4172
9388 3 1940 759 2019
9389 3 1275 759 4568
9390 3 759 1275 2019
9391 3 1015 2357 2807
9392 3 1015 1417 3217
9393 3 1015 2214 2357
9394 3 2214 1015 3217
9395 3 2353 1271 3018
9396 3 3694 1271 4120
9397 3 1271 1665 4120
9398 3 1410 1271 2353
9399 3 1271 1410 1665
9400 3 3018 1271 3694
9401 3 1527 4209 4734
9402 3 3482 1527 4734
9403 3 1783 3754 4540
9404 3 2039 2774 4134
9405 3 2774 2039 3235
9406 3 3287 2039 4134
9407 3 2551 2656 3787
9408 3 2551 3297 3371
9409 3 3063 3137 3606
9410 3 3519 3319 4379
9411 3 4556 3575 4765
9412 3 3831 4030 4596
9413 3 248 1830 2907
9414 3 248 1114 1830
9415 3 1114 248 3700
9416 3 248 2907 4104
9417 3 973 248 4104
9418 3 248 973 3700
9419 3 504 2514 3594
9420 3 726 504 4263
9421 3 504 726 1278
9422 3 1779 504 3594
9423 3 504 1779 4263
9424 3 504 1278 2514
9425 3 760 891 2427
9426 3 760 2427 3429
9427 3 1534 760 3429
9428 3 1155 1016 4761
9429 3 1016 3552 4761
9430 3 1290 1272 1890
9431 3 2893 1272 3680
9432 3 3680 1272 3891
9433 3 1890 1272 2893
9434 3 1528 3136 3192
9435 3 1528 3192 3671
9436 3 1528 1699 3136
9437 3 1699 1528 3943
9438 3 1784 3873 4130
9439 3 1784 3125 4497
9440 3 1784 2516 3873
9441 3 2516 1784 4497
9442 3 2442 2040 4067
9443 3 2552 3916 4218
9444 3 2552 4218 4508
9445 3 2722 2552 4508
9446 3 2552 2722 4008
9447 3 249 851 1966
9448 3 851 249 2007
9449 3 2699 249 2709
9450 3 249 1966 2709
9451 3 2007 249 2699
9452 3 505 3872 4442
9453 3 505 586 3872
9454 3 586 505 1751
9455 3 505 2217 4903
9456 3 2217 505 4442
9457 3 1751 505 4903
9458 3 1891 761 2295
9459 3 981 761 1013
9460 3 1013 761 1891
9461 3 2295 761 4322
9462 3 2822 1017 4089
9463 3 2348 1017 2822
9464 3 1017 2348 3256
9465 3 1273 3861 4100
9466 3 3883 1273 4100
9467 3 1273 1343 3861
9468 3 2653 1273 3883
9469 3 1529 3706 4602
9470 3 2190 1529 2982
9471 3 1529 2190 3761
9472 3 2982 1529 4602
9473 3 1529 2747 3706
9474 3 2747 1529 3761
9475 3 4282 2041 4415
9476 3 2297 2991 3272
9477 3 2297 3824 4808
9478 3 2553 3196 3216
9479 3 2553 3216 4544
9480 3 3321 3510 3785
9481 3 3321 4551 4561
9482 3 3577 3889 4223
9483 3 2835 250 3673
9484 3 250 2835 4601
9485 3 3673 250 4215
9486 3 4215 250 4394
9487 3 250 1926 4394
9488 3 1926 250 4601
9489 3 1696 506 2895
9490 3 506 1696 2038
9491 3 506 4332 4702
9492 3 506 2038 4332
9493 3 762 3891 4380
9494 3 4217 762 4380
9495 3 762 4217 4476
9496 3 3279 762 4476
9497 3 762 2044 3891
9498 3 2044 762 3279
9499 3 1124 1018 3437
9500 3 3437 1018 4324
9501 3 1018 1405 4324
9502 3 1559 1530 4676
9503 3 1530 2610 4676
9504 3 1530 2519 2610
9505 3 2519 1530 2932
9506 3 1786 1876 2561
9507 3 1876 1786 4530
9508 3 1786 3953 4530
9509 3 2475 1786 2561
9510 3 1786 1982 3953
9511 3 1982 1786 2475
9512 3 3535 2042 4530
9513 3 2298 2960 3238
9514 3 2554 4532 4895
9515 3 4326 2554 4895
9516 3 2810 2872 3001
9517 3 2872 2810 4344
9518 3 3066 3942 4135
9519 3 3949 3066 4135
9520 3 2657 251 4881
9521 3 251 3215 3855
9522 3 422 251 2657
9523 3 251 422 3215
9524 3 481 251 3855
9525 3 251 481 4881
9526 3 507 812 3527
9527 3 507 3527 4204
9528 3 1586 763 4906
9529 3 763 1586 2556
9530 3 763 2017 4906
9531 3 2017 763 4591
9532 3 4482 1019 4502
9533 3 1732 1019 4482
9534 3 1019 1732 3749
9535 3 4150 1275 4568
9536 3 2019 1275 2578
9537 3 1531 3416 4612
9538 3 3416 1531 4182
9539 3 3528 1531 4612
9540 3 1787 2854 3545
9541 3 3771 2043 4597
9542 3 4597 2043 4771
9543 3 3493 2555 4144
9544 3 2811 3636 4024
9545 3 3763 2811 4029
9546 3 2811 4024 4029
9547 3 3067 3095 4910
9548 3 3095 3067 3505
9549 3 3505 3067 4562
9550 3 4098 3579 4392
9551 3 252 1544 4423
9552 3 1544 252 2455
9553 3 2919 252 4363
9554 3 2455 252 2919
9555 3 252 1206 4363
9556 3 1206 252 4423
9557 3 819 508 2652
9558 3 508 819 3192
9559 3 508 3136 3886
9560 3 3136 508 3192
9561 3 764 1031 1385
9562 3 1031 764 3501
9563 3 764 2888 3246
9564 3 764 1385 2888
9565 3 764 879 3501
9566 3 1020 1300 3101
9567 3 1300 1020 3480
9568 3 1020 3101 4584
9569 3 1276 1295 2639
9570 3 1295 1276 3175
9571 3 1276 2639 3055
9572 3 1276 1743 3175
9573 3 1743 1276 3055
9574 3 1532 1642 2157
9575 3 2640 1788 3973
9576 3 2146 1788 3159
9577 3 1788 2146 2741
9578 3 1788 2741 3973
9579 3 2044 2320 4521
9580 3 2320 2044 3279
9581 3 2044 3680 3891
9582 3 3680 2044 4521
9583 3 4222 2300 4598
9584 3 2300 4222 4347
9585 3 4517 2300 4909
9586 3 2300 4517 4598
9587 3 2556 3042 3093
9588 3 3068 4110 4149
9589 3 4583 3068 4781
9590 3 253 715 3480
9591 3 715 253 3058
9592 3 2764 253 4584
9593 3 253 2764 3058
9594 3 1020 253 3480
9595 3 253 1020 4584
9596 3 2876 509 4836
9597 3 3419 509 4451
9598 3 1210 509 3419
9599 3 509 1210 4836
9600 3 2752 509 2876
9601 3 509 2752 4451
9602 3 841 765 1183
9603 3 765 1131 3463
9604 3 765 3463 4870
9605 3 1183 765 1697
9606 3 1697 765 4870
9607 3 1021 1106 2468
9608 3 1106 1021 1979
9609 3 1166 1021 4939
9610 3 1021 1166 2275
9611 3 1021 2468 4939
9612 3 1979 1021 2275
9613 3 1277 3364 3524
9614 3 3364 1277 4344
9615 3 1277 1436 4448
9616 3 1436 1277 2472
9617 3 2472 1277 3524
9618 3 4344 1277 4448
9619 3 2084 1533 3986
9620 3 1533 1591 3986
9621 3 1591 1533 4777
9622 3 4143 1789 4472
9623 3 1842 1789 3924
9624 3 1789 1842 4472
9625 3 2419 1789 4143
9626 3 1789 2419 3924
9627 3 3925 2301 4046
9628 3 4153 2557 4533
9629 3 2557 4164 4178
9630 3 3308 2557 4153
9631 3 2557 3308 4164
9632 3 2813 3748 4926
9633 3 3069 3366 3585
9634 3 3366 3069 3790
9635 3 3230 3069 3585
9636 3 3069 3230 3540
9637 3 3325 3853 3927
9638 3 3649 254 4133
9639 3 615 254 3649
9640 3 254 3965 4133
9641 3 254 998 3965
9642 3 831 510 870
9643 3 870 510 2960
9644 3 2960 510 3806
9645 3 766 1473 1805
9646 3 1473 766 4247
9647 3 2020 766 3606
9648 3 766 2020 4247
9649 3 4241 1022 4928
9650 3 1022 2729 4928
9651 3 1201 1022 4241
9652 3 2670 1278 3526
9653 3 1947 1278 2670
9654 3 1278 1947 2514
9655 3 3526 1278 4136
9656 3 1534 2313 3485
9657 3 1534 2212 2313
9658 3 2212 1534 3429
9659 3 1790 3073 3336
9660 3 1790 3336 3819
9661 3 1790 1954 3073
9662 3 1954 1790 3914
9663 3 1790 3819 3914
9664 3 3132 2046 4388
9665 3 2814 2981 3881
9666 3 3371 3070 4797
9667 3 3582 3908 4346
9668 3 3618 255 3814
9669 3 1074 255 3618
9670 3 3814 255 4898
9671 3 499 255 1074
9672 3 255 499 2048
9673 3 255 2048 4898
9674 3 511 1356 1655
9675 3 1356 511 2479
9676 3 511 1655 4241
9677 3 1666 511 4924
9678 3 511 1666 2479
9679 3 511 3301 4924
9680 3 3301 511 4241
9681 3 767 801 4943
9682 3 767 1427 3892
9683 3 1427 767 4943
9684 3 1023 4175 4416
9685 3 4175 1023 4317
9686 3 1716 1023 4416
9687 3 1023 1716 3217
9688 3 1279 2027 4110
9689 3 3068 1279 4110
9690 3 1279 3068 4583
9691 3 2230 1535 2338
9692 3 1535 2230 4065
9693 3 1791 2602 2871
9694 3 2602 1791 2692
9695 3 1791 2871 4817
9696 3 2303 3422 4829
9697 3 2303 2554 4326
9698 3 2559 3155 4897
9699 3 2901 2559 4897
9700 3 2559 2901 4574
9701 3 3995 2559 4574
9702 3 3844 3327 4897
9703 3 3464 3327 3844
9704 3 256 3443 3813
9705 3 256 2192 2465
9706 3 2192 256 2493
9707 3 256 2465 3443
9708 3 2493 256 4547
9709 3 256 3813 4547
9710 3 2722 512 4008
9711 3 4008 512 4259
9712 3 512 1461 4259
9713 3 1024 2912 3922
9714 3 3737 1024 3922
9715 3 1024 1245 2912
9716 3 1245 1024 3740
9717 3 2057 1280 4652
9718 3 1280 3263 4652
9719 3 1536 4026 4422
9720 3 4735 1792 4954
9721 3 1792 4232 4954
9722 3 1792 3517 3609
9723 3 3517 1792 4735
9724 3 1792 3537 4232
9725 3 3190 2304 4599
9726 3 2304 4273 4599
9727 3 2560 3765 4374
1 = Number of open boundaries
28 = Total number of open boundary nodes
28 = Number of nodes for open boundary 1
2969
16
4284
4238
3913
3652
2210
2637
3113
480
4194
4769
2501
1894
3679
2922
4088
3285
1517
1979
4368
4742
366
1754
3013
551
3356
3698
1 = Number of land boundaries
155 = Total number of land boundary nodes
155 0 = # nodes for land boundary 1
1
1425
4911
2596
1149
4486
2616
1072
1730
4266
455
2351
17
1296
4258
3075
2400
3162
4815
3426
4694
3897
2148
2738
4936
2409
3164
3487
2806
2653
654
2702
623
4121
2994
288
1150
3322
1640
2990
2759
3124
3878
3141
2647
4199
4608
2722
512
1461
1520
4855
770
3768
4314
962
3695
2299
3921
272
1603
543
4090
1099
3516
4509
2900
4779
418
4846
2352
1347
2217
4903
919
1447
4864
4668
4840
1643
4117
3393
1415
3749
1019
4502
1684
4684
2628
3690
2397
400
1882
2381
4701
1568
2109
1928
3180
2284
2171
141
3512
160
4581
614
1888
1715
837
1315
3757
380
4522
3962
2415
4123
1487
2664
3747
2650
1571
2246
3337
84
2661
4464
2347
4549
1426
4158
3041
138
2825
4255
3351
4746
1840
3836
826
4119
618
4111
549
745
3628
364
3370
2424
735
3390
356
3362
3444
2485
4426
