trid3nt_delaware_bay
9422 5308
1 -75.563771283 39.453137065 -0.000000
2 -75.589798164 39.466187152 -0.000000
3 -75.157018261 38.980320890 12.781562
4 -75.397830178 39.067094522 1.360097
5 -75.114760707 39.112913207 5.220768
6 -74.941303441 39.076604325 4.421299
7 -75.212149960 38.862100831 3.661502
8 -75.543350947 39.543482022 -0.000000
9 -75.562718640 39.512312217 -0.000000
10 -75.305832834 38.924838163 1.511967
11 -75.268531323 39.226351103 7.231020
12 -75.403687828 39.179071241 1.635558
13 -75.276791821 39.123190680 6.378790
14 -75.075900117 39.201439408 2.584584
15 -75.162629513 38.847485409 6.374846
16 -74.965416425 38.996516381 5.739420
17 -75.495559221 39.428526019 -0.000000
18 -74.875973124 38.938464486 -0.000000
19 -75.547622058 39.515397031 -0.000000
20 -75.314382848 38.982335184 1.536937
21 -75.550072790 39.507639368 -0.000000
22 -74.980897947 38.948965108 7.889658
23 -75.566943483 39.509229589 -0.000000
24 -75.027376004 38.937226566 9.420185
25 -74.940938420 38.905287176 9.669103
26 -75.303799407 38.952559751 1.392159
27 -75.452242766 39.340894805 7.086933
28 -75.458669035 39.418583241 3.262000
29 -75.458091605 39.405249459 4.594082
30 -75.060534916 39.162969224 3.981691
31 -75.059061545 39.207169361 2.056630
32 -75.177837122 39.189912285 5.157344
33 -75.394317390 39.105552315 1.663107
34 -75.567559690 39.539172919 -0.000000
35 -75.534929729 39.509367296 -0.000000
36 -75.370898319 39.071155389 3.172808
37 -75.463576394 39.434458326 -0.000000
38 -75.487700444 39.435167459 -0.000000
39 -75.417713636 39.314737595 2.724846
40 -75.421238060 39.355868280 5.456319
41 -75.168062465 39.208313424 1.920486
42 -75.111832747 38.787122473 4.127596
43 -74.937273346 39.183963929 1.179027
44 -75.370778675 39.347871040 2.522255
45 -74.895498596 38.928989639 -0.000000
46 -75.389194874 39.252765088 4.393161
47 -74.984523183 38.904651491 9.549201
48 -75.335915362 39.299749008 5.254745
49 -74.975311397 39.183841829 2.851337
50 -75.373111669 39.060305762 3.291571
51 -75.428561052 39.300841125 2.854488
52 -75.012969328 38.868330281 8.931259
53 -75.291158708 39.284193836 6.645036
54 -75.464372334 39.346747319 5.987437
55 -75.374429305 39.098142993 3.689651
56 -75.421157292 39.372511382 5.333322
57 -75.432097654 39.311505732 2.539353
58 -75.368322823 39.164235688 4.206738
59 -74.942856160 39.153724258 3.445700
60 -75.392480182 39.095018774 1.527066
61 -74.904207338 38.927315070 -0.000000
62 -75.318250557 38.997578997 1.786134
63 -75.429928074 39.329975852 9.782043
64 -75.539971119 39.418145155 1.482298
65 -75.505877715 39.365553044 1.369856
66 -75.048655089 39.212323811 1.237673
67 -75.181205941 38.804879651 2.229444
68 -75.530782083 39.452866315 -0.000000
69 -74.946108755 39.109450815 3.812335
70 -75.446781610 39.408111222 3.071707
71 -74.955269877 39.024981719 5.618493
72 -75.468504864 39.430956539 -0.000000
73 -75.107824585 38.946711829 13.891242
74 -75.398798107 39.101321483 0.766471
75 -74.846066154 38.954782149 -0.000000
76 -75.504211432 39.379313151 3.051438
77 -74.838044071 38.959964458 -0.000000
78 -75.583511998 39.466004488 -0.000000
79 -74.965671059 38.971933866 2.701824
80 -75.411016775 39.319134336 15.240722
81 -75.365031285 39.114584474 3.938645
82 -75.021824717 38.899951917 7.894795
83 -75.365881959 39.097474425 3.723031
84 -75.209589441 38.832870665 2.763675
85 -75.583356028 39.456073630 -0.000000
86 -75.372870343 39.051958602 2.547841
87 -75.214202515 39.259590083 2.808542
88 -75.544649659 39.494395347 -0.000000
89 -75.009788728 38.905640837 9.191733
90 -74.991620979 39.001269582 8.463463
91 -75.234555528 39.266138566 3.404960
92 -75.305447664 39.131978658 4.903288
93 -75.169730486 38.870625493 9.693737
94 -75.349736672 39.349061653 1.999687
95 -75.252052801 38.869548475 1.918217
96 -74.894164446 39.141039105 -0.000000
97 -75.345745334 39.347199261 2.546008
98 -75.424157655 39.329608661 12.360342
99 -74.907136058 38.927940958 -0.000000
100 -75.207447992 38.828648003 2.678753
101 -75.402446960 39.123231885 1.808498
102 -75.077301479 38.752299349 -0.000000
103 -75.561979886 39.449804601 -0.000000
104 -75.074517320 38.800802406 21.084486
105 -75.231734270 38.847351015 1.471125
106 -75.293769101 39.007540485 4.873679
107 -75.252859405 38.963980174 5.025231
108 -74.860800588 38.934198618 -0.000000
109 -75.082922769 39.210841560 1.072566
110 -75.564587712 39.497049092 -0.000000
111 -75.503539940 39.362994888 1.482361
112 -74.893480009 38.920050955 -0.000000
113 -75.482918219 39.343433666 1.888501
114 -75.367496565 39.340686759 4.831890
115 -75.360203454 39.036749520 1.824819
116 -75.499980983 39.397422366 7.553576
117 -75.105840641 38.836587822 10.567691
118 -74.978702656 39.043689606 7.056473
119 -75.093706087 38.827589920 14.090095
120 -75.334504669 39.313659579 6.000426
121 -74.938378203 39.178637433 2.658088
122 -75.552109590 39.542031161 -0.000000
123 -75.535974388 39.529980027 -0.000000
124 -74.963613567 38.992933252 5.389044
125 -75.339036593 39.029104836 2.509184
126 -75.511039314 39.380164549 2.400335
127 -75.190929825 38.816364098 3.278426
128 -74.974363219 38.938172648 9.787255
129 -75.346356408 39.344045187 2.967275
130 -75.255163097 39.218936121 7.761015
131 -75.083762833 38.842755629 32.194939
132 -75.129466573 39.165037089 3.855110
133 -74.894286328 39.111514983 -0.000000
134 -75.357433611 39.198763373 4.012816
135 -74.991815139 38.925576972 7.538872
136 -75.176097505 38.884877680 9.585845
137 -75.024590926 39.184648679 2.518059
138 -75.551466200 39.443845199 -0.000000
139 -75.257012293 39.099272250 6.193461
140 -74.957901025 38.922118902 8.764893
141 -75.284836359 38.912727166 3.857896
142 -75.558382643 39.491549514 -0.000000
143 -74.910121794 38.922412361 -0.000000
144 -74.857444680 38.926884333 -0.000000
145 -75.153281547 39.177173480 3.707812
146 -75.263230641 38.999590380 8.510350
147 -75.395198934 39.189002835 3.053129
148 -75.436266811 39.374752728 6.122066
149 -75.380591722 39.241285665 3.797910
150 -75.195342297 38.864729953 5.689864
151 -75.086333421 39.180439978 3.232751
152 -75.331784459 39.026003686 2.541624
153 -75.309501812 38.971657412 1.819887
154 -74.967409162 38.956396412 4.159641
155 -75.201148432 39.253808646 3.491349
156 -75.390790342 39.056917846 0.950002
157 -74.967424678 39.005195663 6.792776
158 -75.063896359 38.788344527 23.865885
159 -75.563768309 39.443158812 -0.000000
160 -75.380272073 39.108644666 3.496684
161 -75.306757971 38.943878129 1.208479
162 -74.939490716 39.043041991 3.003008
163 -75.045863964 39.212901338 0.983190
164 -75.245220274 39.283692921 2.790738
165 -75.399248516 39.103464328 0.579225
166 -75.326976600 39.003281437 1.367438
167 -75.399287854 39.148248422 2.389470
168 -75.199763780 39.255363601 2.446390
169 -75.174220722 39.237466064 2.054148
170 -75.012181434 38.720000003 -0.000000
171 -75.361383067 39.049476031 3.634759
172 -75.081761716 38.774370909 -0.000000
173 -75.397263447 39.255405160 3.835468
174 -75.219453894 38.840665477 1.626512
175 -74.919119227 38.928195942 -0.000000
176 -75.006289964 39.170723531 3.433336
177 -75.526212779 39.419398124 7.791692
178 -75.419891210 39.381046094 4.306314
179 -75.349844616 39.178671036 4.398567
180 -75.243545305 39.227550986 5.056370
181 -75.401641717 39.181491005 1.842740
182 -75.568886338 39.508650396 -0.000000
183 -75.097535109 39.196427252 2.280992
184 -75.053727108 39.183518052 3.395653
185 -75.396019087 39.069501881 1.276411
186 -75.339027983 39.105861565 4.149587
187 -74.964610339 38.851180481 9.365321
188 -75.097960970 38.795286746 3.537888
189 -75.283408114 39.290098973 3.140405
190 -75.563122010 39.436763818 -0.000000
191 -74.968230086 38.966067902 5.376062
192 -75.567565999 39.496757877 -0.000000
193 -74.950836045 39.082615547 4.137544
194 -75.225181131 39.247108556 4.788965
195 -75.047398899 39.194705864 2.906487
196 -75.385875937 39.344332111 2.728850
197 -75.296429382 38.927782874 2.379808
198 -75.303225288 38.960744539 1.809465
199 -75.309483515 39.248255408 5.821774
200 -75.161771669 39.129361426 5.547980
201 -74.979432307 39.184441169 2.862541
202 -75.367766670 39.042301681 1.211157
203 -75.172281721 39.205123402 4.709280
204 -75.348814317 39.346452857 2.655111
205 -75.119420423 38.810027363 8.740353
206 -75.401848811 39.370956994 3.251780
207 -75.078925107 38.775601811 -0.000000
208 -75.138794294 39.170544302 3.782491
209 -75.223778183 38.879408723 5.245238
210 -75.104994860 38.812043416 12.982553
211 -75.306202052 38.946619623 1.315499
212 -75.076888711 38.787629378 5.610789
213 -75.245232036 39.277683918 2.719168
214 -74.917613942 39.166063780 -0.000000
215 -75.206679866 38.848591213 3.658329
216 -75.371131362 39.125010778 3.624058
217 -75.231732582 38.863288290 3.154650
218 -75.460208812 39.397356837 5.062742
219 -75.307013462 38.955801040 1.176268
220 -74.856675494 38.942623236 -0.000000
221 -75.461517469 39.407699346 5.067680
222 -75.339613030 39.326041061 4.511153
223 -75.387663982 39.242125135 4.483450
224 -75.254448999 39.283022163 3.312508
225 -75.404114745 39.121017233 1.336264
226 -74.933997040 39.171671549 2.946769
227 -75.196272238 39.233731039 4.127952
228 -74.910981645 38.791186809 -0.000000
229 -74.989302359 38.980883577 8.196959
230 -74.938685185 38.928791293 3.788316
231 -75.399666338 39.090635694 1.004773
232 -75.381848646 39.168170883 3.278747
233 -75.393304136 39.101724979 1.575642
234 -75.281068242 39.298342306 4.216606
235 -75.152576506 39.042390381 11.558640
236 -75.309387666 39.269162809 5.973570
237 -74.854119657 38.943335667 -0.000000
238 -75.307072781 38.921139477 1.516868
239 -75.158205720 39.179403889 4.322605
240 -75.111390729 39.197369541 2.223601
241 -75.124273424 39.201652180 1.105142
242 -74.938082487 39.102937511 3.910864
243 -75.279336459 39.004999021 7.594268
244 -75.512347718 39.398094467 4.962379
245 -75.435136043 39.314193606 3.027450
246 -74.864506553 38.971248467 -0.000000
247 -75.555409605 39.525964888 -0.000000
248 -74.953585543 39.010424330 1.982571
249 -74.978267199 38.914054096 11.100631
250 -75.405689932 39.171888383 1.621530
251 -75.208283392 39.259089312 2.803751
252 -75.277725949 38.918652163 2.876291
253 -75.541270045 39.431523621 -0.000000
254 -74.871191630 38.941852023 -0.000000
255 -75.010462106 39.184255590 2.770329
256 -75.400953113 39.112357595 0.835309
257 -75.282705402 38.909410898 3.757617
258 -75.244328661 38.860834747 1.692309
259 -75.104885447 39.206108573 2.070573
260 -74.924464916 39.062951808 1.078268
261 -74.912261951 38.752647032 -0.000000
262 -74.948913755 39.057816663 4.644620
263 -75.126037438 39.158429959 4.024783
264 -75.396951362 39.181880576 2.205563
265 -74.943740911 38.923972278 5.553662
266 -74.902039092 39.161185667 -0.000000
267 -75.105217586 39.213813446 4.175001
268 -75.180327782 39.170495221 5.156010
269 -75.268059740 39.302289320 2.015030
270 -74.953698833 39.188820422 1.380452
271 -75.406111841 39.312576555 14.886969
272 -74.951568317 38.919728755 9.384865
273 -75.435423539 39.394487628 2.392204
274 -75.395526795 39.371591928 2.262651
275 -75.393421005 39.184894615 2.921144
276 -75.532553831 39.407490194 1.301472
277 -75.428498270 39.290765063 1.520292
278 -75.064955458 39.193326569 2.769688
279 -75.164093602 39.214671007 1.834568
280 -75.465150463 39.429990954 -0.000000
281 -75.376960567 39.246849893 3.323581
282 -75.338469524 39.017458875 1.159130
283 -75.300524664 38.968043589 2.340710
284 -75.452384054 39.373115953 6.877911
285 -75.309104998 38.932337481 1.554163
286 -75.287557747 38.905207754 2.701548
287 -75.018534651 39.189078579 2.416621
288 -75.502984388 39.386287523 4.421528
289 -74.995178087 39.175604864 3.390393
290 -75.126001673 39.199832311 1.409264
291 -75.158779422 39.194638897 2.937170
292 -74.899192502 39.117065799 -0.000000
293 -75.251015896 38.885542088 3.104789
294 -74.961689171 39.019242461 5.893033
295 -74.949512875 38.851011028 10.278092
296 -75.286290683 38.902356801 1.985311
297 -74.968005176 39.186491010 2.504159
298 -75.335875132 39.334857162 3.260404
299 -75.343411690 39.341407543 2.993695
300 -74.972134779 38.911642642 11.803473
301 -74.930306182 38.819519692 12.625811
302 -75.154073213 38.922497690 28.045376
303 -75.025654244 39.179564865 2.884270
304 -75.269434580 39.193189448 8.369567
305 -75.265347747 39.266276543 5.075525
306 -75.316639886 39.298300351 3.224524
307 -75.011850111 38.994427395 6.499250
308 -74.921214519 39.157473018 2.947116
309 -74.949394308 39.182537585 2.521099
310 -75.178129077 39.240200675 2.190460
311 -75.470453340 39.352155189 4.727754
312 -75.332631141 39.153818100 5.156568
313 -75.357264203 39.147362139 3.791463
314 -75.350480140 39.298701520 6.585475
315 -75.302714782 38.948064021 1.534483
316 -74.905117528 39.138569606 -0.000000
317 -75.534910976 39.539206003 -0.000000
318 -74.847021383 38.916715902 -0.000000
319 -74.982664141 39.163685837 3.791660
320 -74.905924884 39.150244132 -0.000000
321 -75.249063944 39.261366389 4.015289
322 -74.970631053 39.041153315 5.975319
323 -75.560191825 39.496406605 -0.000000
324 -74.969276607 39.174485828 3.102386
325 -75.336079139 39.340674326 3.008611
326 -74.894614110 39.114147644 -0.000000
327 -74.830790672 38.914261306 -0.000000
328 -75.084622503 38.787740943 7.301322
329 -75.073058226 39.143615065 4.414723
330 -75.132347122 38.789510475 4.171704
331 -75.385360710 39.222765961 3.482623
332 -75.368058905 39.232191841 3.930154
333 -75.318113691 39.302090704 4.161080
334 -75.080084568 38.752814027 -0.000000
335 -75.008541710 38.893834027 6.242864
336 -75.132386474 39.182163104 2.729447
337 -75.285867587 38.899568540 1.890789
338 -74.840831865 38.952462107 -0.000000
339 -75.410134701 39.147522921 1.083990
340 -75.284794490 38.956221369 2.020515
341 -75.012672734 39.169551229 3.820499
342 -75.340913986 39.167330118 4.400389
343 -75.288660680 38.916432574 3.176254
344 -75.373157736 39.314353776 4.788488
345 -74.923066354 38.901194559 9.990305
346 -75.108011706 38.790242439 3.666374
347 -75.329384113 39.004632046 0.949638
348 -75.299152802 39.024201443 9.096465
349 -75.401973648 39.162179483 2.518792
350 -75.496191017 39.442573434 -0.000000
351 -75.570433397 39.467190938 -0.000000
352 -75.529103856 39.402603857 1.224357
353 -75.081095822 38.788895908 8.662814
354 -75.243304191 39.076623393 7.018216
355 -75.269980267 38.886007724 2.184631
356 -75.393196870 39.164003250 2.775543
357 -75.520852896 39.390450819 1.992940
358 -74.840429568 38.910827233 -0.000000
359 -75.395859734 39.066148938 1.465339
360 -75.429796698 39.375401693 5.336027
361 -75.028582396 39.213754774 7.649107
362 -75.226545417 38.843436997 1.671921
363 -75.035122386 39.017769681 8.993593
364 -75.357801281 39.337685066 3.757673
365 -75.451326887 39.327459938 3.352901
366 -75.362661676 39.087438312 3.536106
367 -75.409856161 39.156803883 0.740993
368 -75.538986081 39.420622023 -0.000000
369 -74.970706338 39.190456314 1.568875
370 -75.430336195 39.288943071 0.964904
371 -75.397396566 39.372736613 2.626548
372 -75.311831989 38.972242516 1.220699
373 -75.586345964 39.482661633 -0.000000
374 -75.065181999 39.212377643 1.185860
375 -75.588714503 39.470438692 -0.000000
376 -74.923730695 38.927032759 4.673715
377 -74.987476496 38.749657158 -0.000000
378 -75.091643882 38.804678504 4.592402
379 -74.914475461 39.172727580 -0.000000
380 -75.565883661 39.535258919 -0.000000
381 -75.300889070 38.991303783 3.764039
382 -75.125557929 39.192787338 1.561418
383 -75.017930740 39.185246347 2.732250
384 -75.393182817 39.242199624 3.650556
385 -75.469288644 39.363114948 7.786342
386 -75.179515738 39.204740661 5.547038
387 -74.902667074 38.918932666 -0.000000
388 -75.319512732 39.024492143 5.346198
389 -75.072558137 38.730000173 -0.000000
390 -75.492319121 39.447120414 -0.000000
391 -75.429516880 39.293665907 1.436576
392 -75.145212548 38.800781746 5.624213
393 -75.148297906 38.787463666 2.690817
394 -75.267543552 39.241128903 4.945560
395 -75.392213957 39.359062515 2.576212
396 -75.212540249 39.153365083 8.608912
397 -74.969805287 38.997344741 6.844540
398 -75.182517086 39.193707696 5.973099
399 -75.560580374 39.511117748 -0.000000
400 -74.988246131 38.974421048 8.193052
401 -75.535899140 39.522910827 -0.000000
402 -75.276879207 38.893989235 2.111115
403 -75.570807430 39.516293053 -0.000000
404 -74.972242993 38.942950089 3.756933
405 -75.400732974 39.071969455 0.700853
406 -75.172008924 38.849234409 5.103494
407 -75.586943013 39.480006796 -0.000000
408 -75.092755906 39.205180769 2.060276
409 -74.949650052 39.029118602 5.230799
410 -75.121494442 39.188759743 2.751563
411 -74.892198075 39.134957509 -0.000000
412 -74.823181152 38.967135729 -0.000000
413 -74.860620565 38.968416958 -0.000000
414 -74.892885431 39.165771359 -0.000000
415 -75.475795682 39.427101986 -0.000000
416 -75.158224523 38.801364458 5.165944
417 -75.505436391 39.382632422 2.318118
418 -75.440100469 39.396474057 3.873364
419 -75.047072845 38.745096474 -0.000000
420 -74.893111388 39.124755239 -0.000000
421 -75.152387199 38.819159620 5.383485
422 -75.069930246 38.788656866 18.006451
423 -75.168638517 39.191003133 4.428522
424 -75.241982066 38.893245890 4.718259
425 -74.898775721 39.102041937 -0.000000
426 -75.089718440 39.202547111 2.446924
427 -74.988962038 38.918747404 10.784631
428 -74.943327751 39.048237690 5.817857
429 -75.023658273 39.224677388 1.214723
430 -75.304422389 39.295053483 4.100298
431 -75.319144080 38.989654250 1.039839
432 -75.184152620 39.242477864 2.216267
433 -75.379562593 39.080605355 2.621756
434 -74.915711258 38.903969763 -0.000000
435 -75.558264114 39.513508437 -0.000000
436 -75.098019389 38.799776912 8.337216
437 -75.526609124 39.403989184 1.644863
438 -75.403858690 39.174184560 1.679177
439 -75.182529037 38.808943268 3.398095
440 -75.443968458 39.391173595 5.174126
441 -75.567045066 39.494128828 -0.000000
442 -75.376535339 39.277195394 8.388568
443 -75.217335391 38.838362096 1.777497
444 -74.900386122 39.144429511 -0.000000
445 -75.024597014 38.963548996 11.023138
446 -75.431128635 39.387042709 4.993317
447 -74.975115197 39.192177298 0.944097
448 -75.398423983 39.113973954 1.680869
449 -74.948722514 39.050830086 5.644346
450 -75.160661564 39.193030501 3.441868
451 -74.994295888 39.186111421 2.808340
452 -75.456437583 39.412119432 3.409364
453 -75.151669836 38.795622855 4.453479
454 -75.540283233 39.453915899 -0.000000
455 -75.203182593 38.830037055 3.285717
456 -75.140585780 38.785704368 3.331420
457 -75.534434458 39.548121175 -0.000000
458 -74.966799163 39.022525145 5.015285
459 -75.200181761 38.832720335 3.045091
460 -75.218614261 38.867557004 4.126795
461 -75.487047875 39.381091667 6.719744
462 -74.955377433 39.005905523 1.815111
463 -75.405292137 39.162205206 2.092023
464 -74.919344153 38.925695497 -0.000000
465 -75.389597437 39.174160079 2.813649
466 -75.126914082 39.188800065 2.116369
467 -75.382889728 39.228174983 3.975548
468 -75.404596093 39.164906461 1.944387
469 -75.404874744 39.370444154 4.091846
470 -75.067416201 38.729212939 -0.000000
471 -75.543214786 39.515184897 -0.000000
472 -74.976859049 38.949993315 7.494621
473 -75.546241952 39.476638706 -0.000000
474 -74.921896327 39.062863043 0.666107
475 -75.509371842 39.416005273 10.393470
476 -74.875068478 38.910856521 -0.000000
477 -74.890525402 39.137213167 -0.000000
478 -75.282990936 38.917670540 3.163369
479 -75.391952425 39.260732264 3.902628
480 -75.391090533 39.238164276 3.740973
481 -75.549890474 39.439875980 -0.000000
482 -75.066393532 38.988877834 7.773047
483 -74.950832915 39.021204406 3.644058
484 -75.580541019 39.467969754 -0.000000
485 -75.205512778 38.853035836 3.382779
486 -75.352754077 39.032463965 2.023908
487 -75.420719550 39.284126382 1.889292
488 -75.554891884 39.529758529 -0.000000
489 -75.462753434 39.412802752 4.509785
490 -75.303722327 39.299631661 2.933251
491 -74.912542702 39.090743577 -0.000000
492 -75.559476799 39.485859124 -0.000000
493 -75.479990334 39.347302391 3.657448
494 -74.957202623 39.028778787 6.118933
495 -74.824828280 38.947800506 -0.000000
496 -75.256387311 39.274214314 4.356680
497 -75.300166343 39.298571450 2.263181
498 -75.220030932 38.859902293 3.044454
499 -75.169940135 39.226358339 2.333386
500 -75.210440790 39.261849093 1.754564
501 -74.930861334 39.122921329 3.578953
502 -75.403419777 39.224671632 1.719522
503 -75.569176635 39.444855677 -0.000000
504 -74.921443062 38.927004362 5.237950
505 -75.281366232 38.895395131 2.019610
506 -74.951178724 38.924013440 7.980680
507 -75.399754171 39.184503075 2.641756
508 -74.935057360 39.178403604 2.577489
509 -75.564139964 39.518487282 -0.000000
510 -75.498693716 39.367334810 4.351262
511 -75.395291948 39.092648694 1.232735
512 -75.305079953 38.997015878 4.019450
513 -74.893343450 39.132227108 -0.000000
514 -75.089093367 38.818767004 15.719782
515 -75.506434464 39.449337717 -0.000000
516 -74.963133053 38.981355146 2.299308
517 -75.544350634 39.467896825 -0.000000
518 -74.924960451 39.176456124 2.011590
519 -75.110996424 38.785082144 2.377583
520 -75.132810130 38.786554003 4.025858
521 -75.073433120 38.781425189 5.298670
522 -75.385717331 39.177313927 2.955258
523 -74.831904511 38.961635754 -0.000000
524 -75.297231992 38.943041128 2.209523
525 -75.435135281 39.391203381 4.049840
526 -75.388345581 39.097064245 1.780546
527 -75.469424528 39.390361079 8.848575
528 -75.020784225 38.883123189 8.492023
529 -75.309952624 39.291340344 5.419879
530 -75.536443729 39.420688011 -0.000000
531 -75.296713669 39.057967462 4.759815
532 -75.051129429 39.202558899 2.355260
533 -75.540948517 39.422704685 -0.000000
534 -75.313995739 38.933713986 1.027517
535 -75.314737669 39.311210455 1.729356
536 -75.057559066 38.736670093 -0.000000
537 -74.826244995 38.965636959 -0.000000
538 -74.905088115 39.095760527 -0.000000
539 -75.059287423 38.731350479 -0.000000
540 -75.540611328 39.508648846 -0.000000
541 -74.845659324 38.846874527 -0.000000
542 -75.312524790 39.298580133 4.180465
543 -74.965996901 39.036069545 4.578152
544 -75.369635231 39.298485634 7.394228
545 -75.026060572 39.212849959 2.577357
546 -75.230032066 39.252238345 4.792123
547 -75.046979204 39.203972851 2.882619
548 -75.297770431 39.291904410 4.447294
549 -75.427442637 39.357291312 4.092138
550 -75.432879696 39.382136087 6.285041
551 -74.988679157 38.931236449 11.565073
552 -74.897806164 39.152921554 -0.000000
553 -75.090924559 38.899556136 21.382837
554 -75.541747750 39.459219977 -0.000000
555 -75.137498681 39.177340792 4.404646
556 -75.026391454 39.220688428 5.485489
557 -75.188840204 39.211814987 5.974839
558 -75.311023718 38.926925958 1.191464
559 -75.584126095 39.480901947 -0.000000
560 -75.558984391 39.515570395 -0.000000
561 -74.927162623 39.198057290 0.208838
562 -75.243198528 39.169588249 4.444244
563 -75.572291273 39.452452600 -0.000000
564 -74.862824589 38.925448890 -0.000000
565 -75.544087912 39.500555474 -0.000000
566 -75.030585007 39.191608619 2.278678
567 -75.573136430 39.499802089 -0.000000
568 -75.087074026 38.794180324 5.306172
569 -74.951983974 38.929773307 6.835243
570 -75.322244471 39.009539284 3.255648
571 -75.015052107 38.852443583 9.055367
572 -75.046168726 39.183089565 3.310870
573 -74.897717530 38.919061631 -0.000000
574 -75.135854290 39.173981767 3.894758
575 -74.982000602 39.012947680 7.564951
576 -75.566897773 39.501466280 -0.000000
577 -75.557683159 39.511303593 -0.000000
578 -75.452339341 39.330631282 4.023850
579 -74.936821946 39.044305359 1.257117
580 -75.496761721 39.438628018 -0.000000
581 -74.989036246 38.993009953 8.415812
582 -75.571812501 39.497510090 -0.000000
583 -75.156994160 38.794406359 3.990973
584 -74.897320075 39.170065361 -0.000000
585 -75.396863312 39.120091365 2.217495
586 -75.426460611 39.370840291 5.780383
587 -75.399956385 39.105432410 0.366813
588 -75.345833194 39.336669261 3.150293
589 -74.965483653 38.961749558 3.199553
590 -75.383996612 39.148995883 3.193000
591 -75.479670937 39.362521032 4.688740
592 -75.549463265 39.492562000 -0.000000
593 -75.291825800 39.022719485 10.458382
594 -74.959400620 39.182775025 2.409996
595 -75.051919935 38.809347707 29.930988
596 -75.389933631 39.054570915 0.975462
597 -75.230068139 38.846017828 1.313955
598 -75.275651349 38.889023426 1.607660
599 -75.200489144 38.821599290 2.431589
600 -74.973244154 39.190887266 0.901478
601 -75.122980701 39.196316331 2.150313
602 -74.931079208 39.053442876 1.027845
603 -75.509880807 39.402772813 6.597052
604 -75.133506790 39.169950385 3.710638
605 -75.191852349 39.181509500 5.442755
606 -75.285273169 38.935085794 3.485663
607 -75.474884682 39.359865257 5.503466
608 -75.088727695 38.800965074 3.803279
609 -75.115056793 39.179365194 3.146911
610 -75.232975138 38.852256198 2.227400
611 -75.533276057 39.507818793 -0.000000
612 -74.944046303 38.927548807 6.708399
613 -75.386612510 39.161481310 3.158311
614 -75.528621233 39.459031295 -0.000000
615 -74.842608004 38.977883023 -0.000000
616 -75.557459627 39.500737824 -0.000000
617 -75.411291450 39.155087374 0.503856
618 -75.518956651 39.398711790 2.685431
619 -74.903571690 39.128748319 -0.000000
620 -75.102054695 38.789158581 1.239849
621 -75.441511372 39.372778852 4.474822
622 -75.169965709 39.194544422 4.738901
623 -74.905966943 38.930405990 -0.000000
624 -75.269635019 38.888911971 2.429976
625 -75.542618251 39.506471758 -0.000000
626 -74.851714824 38.929934806 -0.000000
627 -74.893848434 38.869423385 -0.000000
628 -74.917463379 39.174890243 -0.000000
629 -75.435361552 39.304696524 1.549328
630 -74.964800397 39.009250388 6.786733
631 -75.046216904 39.207217081 2.837574
632 -75.259763360 39.295193002 2.988053
633 -75.403051803 39.244173095 3.355478
634 -74.924099148 38.866749888 9.361941
635 -75.360556166 39.289772144 11.159433
636 -74.886278816 38.938249152 -0.000000
637 -75.374889834 39.055422668 2.585723
638 -75.504444159 39.434929268 -0.000000
639 -75.350788323 39.339700536 2.857500
640 -75.519234195 39.449728336 -0.000000
641 -75.218466230 39.235264337 5.203098
642 -75.111534150 39.074660465 6.106823
643 -75.275096218 38.904582158 4.409513
644 -75.575991654 39.500590189 -0.000000
645 -75.327212158 39.011833141 2.139207
646 -75.382555000 39.352945780 3.527458
647 -75.584619706 39.492400478 -0.000000
648 -75.195183462 38.938880919 9.755132
649 -75.248642805 39.273275166 4.084953
650 -75.390302007 39.353373771 3.601579
651 -75.085452162 38.801254190 16.819866
652 -75.306560690 38.975356715 2.010863
653 -75.554730873 39.475764267 -0.000000
654 -75.409912326 39.282139256 3.351744
655 -75.358559376 39.066403234 3.570659
656 -75.529041016 39.534980679 -0.000000
657 -75.350514563 39.033804722 2.578111
658 -75.141842316 38.788364726 3.784096
659 -75.366117087 39.309251913 5.269484
660 -75.351876737 39.049603993 4.569581
661 -75.386588125 39.117794830 3.143333
662 -74.933973515 39.153988993 3.173951
663 -75.176446380 39.220929203 4.177220
664 -75.338954105 39.025360401 1.701221
665 -75.060759168 38.824574272 32.532982
666 -75.423294793 39.380531054 4.548204
667 -75.371890516 39.080957869 3.224978
668 -75.530835642 39.403886751 0.991124
669 -75.309615649 38.938150620 0.972395
670 -75.230360903 39.220516062 4.782615
671 -75.319784441 39.283321484 5.980709
672 -74.925578474 39.060087240 0.895318
673 -75.395351683 39.202524845 0.598218
674 -75.207434593 38.880774916 6.895473
675 -74.973015182 38.727856868 -0.000000
676 -74.850616999 38.786392232 -0.000000
677 -75.526538434 39.406920477 1.941684
678 -74.959831954 39.011238348 5.817797
679 -75.076954855 38.765798890 -0.000000
680 -75.143186337 38.786087641 2.857083
681 -75.343658897 39.330550072 4.083503
682 -75.468318601 39.422328867 -0.000000
683 -75.221251334 38.839693437 1.814534
684 -74.942527727 39.044515788 4.896384
685 -75.180033988 39.228632863 3.775802
686 -75.166477528 39.193723043 4.391901
687 -75.336498215 39.048002169 3.712136
688 -75.440812777 39.389635132 6.259869
689 -75.575283638 39.477928597 -0.000000
690 -74.930053826 39.189117534 0.378154
691 -75.580067966 39.487296585 -0.000000
692 -75.158207693 39.184122341 3.867234
693 -74.939478895 39.040620819 1.468675
694 -75.203677903 39.240477740 4.544494
695 -74.991491349 38.935859500 10.612615
696 -75.505238100 39.394795563 6.004769
697 -75.391542331 39.061325282 1.400864
698 -75.447564512 39.389753380 4.422571
699 -75.001381623 38.901461189 6.366140
700 -74.923198097 38.921893871 5.259117
701 -74.831984871 38.895752289 -0.000000
702 -75.502907366 39.421119718 -0.000000
703 -74.900757619 39.130439312 -0.000000
704 -75.272196663 39.299099113 2.674846
705 -74.954004024 39.020702948 5.438097
706 -75.095532438 39.206272233 2.147465
707 -75.188492481 39.189476994 6.762140
708 -75.172182540 39.201657562 4.997080
709 -74.903287818 39.116429362 -0.000000
710 -75.329825765 39.010955038 1.440431
711 -75.225343818 38.846933611 2.789558
712 -75.314904902 38.993201049 1.870902
713 -75.306116763 39.297547252 3.485775
714 -74.959300347 39.037199526 5.142329
715 -75.492098776 39.361535741 3.688917
716 -75.588142223 39.467864505 -0.000000
717 -74.952607593 39.179946799 2.729037
718 -74.949656732 39.023716240 3.252999
719 -75.451554827 39.320590482 1.728641
720 -75.211260510 38.830938503 2.472374
721 -75.397227856 39.160563906 2.715151
722 -74.979053164 38.974193519 7.019859
723 -74.956504475 38.928936063 8.521995
724 -75.533785615 39.502195710 -0.000000
725 -74.896919433 39.107326437 -0.000000
726 -74.890981144 38.935934443 -0.000000
727 -75.113465958 38.809783262 7.342750
728 -74.847339483 38.951054107 -0.000000
729 -75.265518198 39.280751109 4.084472
730 -75.347926604 39.206507945 4.482160
731 -75.325307230 39.041812613 3.548619
732 -75.557438062 39.508753521 -0.000000
733 -74.920627274 39.069312258 1.377352
734 -75.306798081 39.169778871 5.199570
735 -75.497609136 39.404192174 12.424278
736 -75.506196587 39.452471667 -0.000000
737 -74.838381409 38.955185426 -0.000000
738 -75.499346524 39.446652435 -0.000000
739 -75.237585366 38.859875508 1.677083
740 -75.406370526 39.379189810 2.795750
741 -75.100591273 39.190615245 2.633834
742 -74.974529131 38.944326579 9.094438
743 -75.247893049 39.289577434 2.667103
744 -75.114228600 38.788499251 4.078721
745 -75.382261655 39.061082353 2.026380
746 -75.560793139 39.523906101 -0.000000
747 -75.543487198 39.428030136 -0.000000
748 -75.097267623 38.835846184 11.530837
749 -75.256765946 39.242073588 4.924554
750 -75.145789574 38.813526798 5.713780
751 -75.464428157 39.416830212 4.235293
752 -74.977728126 39.157912885 3.640833
753 -75.041147164 39.173238045 3.950661
754 -75.171215072 39.208338224 4.329906
755 -75.393006479 39.059194334 2.526035
756 -75.254145928 39.296448621 2.583178
757 -75.282793924 39.235344924 5.536597
758 -75.119114226 39.203054537 1.190733
759 -75.524582934 39.435213404 -0.000000
760 -75.328326489 39.340194914 2.156805
761 -74.846758890 38.974195578 -0.000000
762 -75.455715273 39.364773232 14.487465
763 -74.999748063 39.038517293 4.946286
764 -75.392288985 39.301150836 12.573090
765 -75.569029045 39.439909890 -0.000000
766 -75.544361191 39.452968634 -0.000000
767 -75.546047327 39.499570842 -0.000000
768 -75.232416163 39.267873299 2.881139
769 -74.940903428 38.926287775 7.780326
770 -75.532048476 39.535428323 -0.000000
771 -75.279138237 38.930246308 3.681991
772 -75.255124260 38.879349495 2.688797
773 -74.968052686 38.759429612 -0.000000
774 -75.398389612 39.375335499 1.964548
775 -74.981434613 38.927929331 11.707813
776 -74.895364231 39.167808907 -0.000000
777 -75.136039793 39.165010574 3.655607
778 -75.428460372 39.364599218 6.352702
779 -75.392664521 39.090816272 1.609151
780 -75.486153221 39.424057111 -0.000000
781 -75.302593448 38.915238783 1.810243
782 -74.992763304 38.796116579 23.743822
783 -75.314891408 38.935553923 1.038086
784 -74.854576955 38.914746664 -0.000000
785 -75.538736933 39.524487648 -0.000000
786 -75.225808275 38.863897638 2.565477
787 -74.896649727 38.908119602 -0.000000
788 -75.203864340 38.832896658 3.089075
789 -75.100053865 38.790222315 1.079082
790 -75.394864902 39.083849968 1.574400
791 -74.965801982 39.169585868 3.134007
792 -75.084060027 39.213126135 0.699599
793 -75.231814168 39.246229163 4.666838
794 -74.928779632 39.078151622 4.840660
795 -75.399792108 39.308378588 13.939965
796 -75.188069285 38.817746169 3.724328
797 -74.890091545 38.930170938 -0.000000
798 -74.847042841 38.977021116 -0.000000
799 -75.575511537 39.454811332 -0.000000
800 -75.487104532 39.354829320 3.565323
801 -75.116868917 38.789549093 5.487259
802 -74.997294154 38.734786718 -0.000000
803 -75.448473376 39.400917596 4.390702
804 -75.328640848 39.014089854 1.920008
805 -74.894741817 39.155592711 -0.000000
806 -75.367776301 39.343387181 4.177207
807 -74.914857549 39.087433040 -0.000000
808 -75.023870709 38.731466285 -0.000000
809 -75.550534660 39.435119752 -0.000000
810 -74.955003047 39.174686104 3.202729
811 -75.244924901 39.279697437 2.336561
812 -75.535586871 39.448960161 -0.000000
813 -75.395012313 39.239022149 3.491060
814 -75.377960281 39.058481542 2.422393
815 -75.043987827 39.201857234 2.997735
816 -75.178939690 38.920858501 10.508806
817 -74.907461169 39.086341370 -0.000000
818 -75.048056948 39.213963706 0.615291
819 -75.261633000 38.893329171 2.216756
820 -75.378686364 39.349849961 3.046890
821 -75.358366643 39.229753087 4.695938
822 -75.332673941 39.018937992 1.807469
823 -74.913490363 39.109684873 -0.000000
824 -75.099443074 38.801289499 5.484931
825 -75.340353596 39.334846280 3.064499
826 -75.135806462 38.803704189 6.337240
827 -75.378997431 39.093145020 2.947539
828 -75.076535834 38.757290329 -0.000000
829 -75.228696264 38.847818014 2.329574
830 -74.867309878 38.924970197 -0.000000
831 -75.217212461 38.835420521 1.537506
832 -75.004718464 39.052002908 4.944002
833 -74.924152526 39.103167349 3.881308
834 -74.967725083 38.993500542 6.695076
835 -75.063103018 39.151982961 4.300022
836 -75.389558305 39.208243785 4.347271
837 -75.529030386 39.519307287 -0.000000
838 -75.087098242 38.803900534 25.257231
839 -75.227271942 38.894577986 7.138841
840 -75.028561501 39.183455129 2.281399
841 -74.854161113 38.939770254 -0.000000
842 -75.326854537 39.136940858 4.101945
843 -74.899861820 38.880335032 -0.000000
844 -75.029109061 39.200655786 0.954217
845 -74.972621427 38.937171740 5.706763
846 -74.929185508 38.927414752 3.440433
847 -75.288723027 38.902684744 2.037177
848 -74.924027487 39.143005187 3.245940
849 -75.064930654 38.816660108 20.746729
850 -75.418129631 39.290477507 3.222522
851 -74.954266751 38.926232042 8.063644
852 -75.233741893 39.149772431 10.140636
853 -75.546906568 39.520150094 -0.000000
854 -75.341398509 39.294370384 6.200651
855 -75.091663312 39.197051174 2.150348
856 -75.265824520 38.881327147 1.681950
857 -75.325837581 39.317884493 3.626092
858 -75.220200043 39.250879086 4.814080
859 -75.013073087 38.773696643 -0.000000
860 -75.177265819 39.178402072 5.428919
861 -75.128297590 38.790315117 4.227525
862 -75.436153381 39.321743784 3.709434
863 -75.346702162 39.054137337 3.596815
864 -74.981748025 38.924078986 13.493881
865 -75.335560931 39.024614798 1.544003
866 -75.252905491 39.276433907 3.925526
867 -75.012709785 38.737329779 -0.000000
868 -75.389740217 39.065550875 1.529497
869 -75.031673755 39.215515895 3.889244
870 -75.467723995 39.426893026 -0.000000
871 -75.407811231 39.376498347 3.576390
872 -75.393208724 39.362081182 2.349556
873 -75.161581898 39.195534690 2.959939
874 -75.367342493 39.318998453 5.443889
875 -75.077525373 38.783580201 9.697010
876 -75.306008940 39.300083176 2.987045
877 -75.202809770 39.243781655 4.119816
878 -75.178906641 39.224807670 3.953522
879 -75.326890075 39.331691217 3.173944
880 -75.450954078 39.411832924 3.694778
881 -75.040267772 38.810003882 26.810953
882 -75.329473547 39.020931626 2.192621
883 -75.161202118 38.793808307 2.147650
884 -75.307472665 39.304554897 1.547094
885 -75.212726555 38.832696811 2.453635
886 -75.076109170 38.853924509 44.120911
887 -75.019878422 38.957186404 9.962090
888 -75.365383116 39.220767042 4.836259
889 -75.447498942 39.344500345 8.675492
890 -75.376139341 39.204164456 3.708783
891 -75.281092828 39.294967796 2.558152
892 -74.895690734 39.128411887 -0.000000
893 -75.138857333 39.153774947 4.662827
894 -75.390294515 39.205178374 4.301753
895 -75.063652886 38.772733998 -0.000000
896 -74.943108409 38.919453789 9.469424
897 -75.356251210 39.342848872 3.536599
898 -75.451288274 39.408416503 3.622955
899 -75.557857862 39.505967197 -0.000000
900 -74.970745774 38.950098410 5.807082
901 -75.449930004 39.319049066 1.803307
902 -75.131080852 38.799713778 6.060257
903 -75.378441663 39.054382936 2.051746
904 -75.381465077 39.296631621 14.448743
905 -75.067392379 39.210119890 1.973477
906 -74.867967263 38.938334024 -0.000000
907 -75.363598018 39.057210343 3.688190
908 -75.068084678 39.212790236 0.276173
909 -75.313779407 38.931664454 1.031657
910 -75.057781271 38.774654827 -0.000000
911 -75.275501669 39.275465720 5.647685
912 -75.169247517 39.206005260 2.797398
913 -74.922159810 39.091773798 4.122236
914 -75.333114593 39.030266761 4.163549
915 -74.982857003 38.979263728 7.919754
916 -75.519080692 39.386218151 2.083345
917 -75.051815634 39.154590282 4.574463
918 -74.995105448 39.161721033 3.779762
919 -75.381368238 39.065739317 2.608574
920 -74.878231393 38.933035126 -0.000000
921 -75.342211911 39.027899891 1.749960
922 -75.533547476 39.543509759 -0.000000
923 -75.071347692 39.125635515 5.221962
924 -75.314466330 39.287866708 5.663577
925 -75.262565724 38.898969862 4.425747
926 -75.303581259 38.964702883 1.937953
927 -75.456452000 39.327943061 2.788994
928 -75.228414213 39.099421419 5.974394
929 -75.302884805 38.976182617 1.923500
930 -74.947611738 39.037580169 5.659640
931 -75.400378676 39.079983923 0.900663
932 -75.403442350 39.276569788 3.201563
933 -75.023943061 39.188532677 2.206716
934 -75.515102755 39.441675378 -0.000000
935 -74.866191739 38.934083313 -0.000000
936 -74.843785527 38.956276089 -0.000000
937 -75.399185501 39.143476764 2.361272
938 -74.977008290 39.007676020 7.172064
939 -75.522727189 39.447134006 -0.000000
940 -75.222090985 39.192165693 7.406636
941 -74.993701622 38.986195092 8.589257
942 -75.109169790 38.828399364 9.193520
943 -74.845954942 38.924909382 -0.000000
944 -75.038680958 39.206732770 3.090523
945 -74.926765637 38.922455685 4.551797
946 -75.028367609 39.000306756 4.930844
947 -75.145927335 39.159009165 4.263660
948 -74.891409232 39.143154956 -0.000000
949 -75.260338368 38.880344983 2.193699
950 -75.072187349 39.205969651 2.421715
951 -74.998912008 39.189484299 2.309615
952 -75.217650679 38.846518961 3.450298
953 -74.963913054 39.175034815 3.207792
954 -74.988441287 39.123597853 4.438766
955 -75.439901616 39.385304122 5.131858
956 -75.460489130 39.428399266 -0.000000
957 -74.949774521 39.176053101 3.014452
958 -75.250541709 39.290433780 2.613292
959 -74.951409388 38.927502852 6.529438
960 -74.960964383 39.025409373 5.735550
961 -74.937558513 39.071253394 4.761703
962 -74.942105285 39.179555082 2.631537
963 -75.455864180 39.337547303 4.522428
964 -75.086432851 38.791567086 5.357916
965 -75.041560005 38.960273124 11.866388
966 -75.247402704 39.280967332 3.446198
967 -75.548401797 39.487760762 -0.000000
968 -75.569105277 39.505804104 -0.000000
969 -75.360400316 39.301129582 6.828217
970 -75.083871342 39.208008484 2.131534
971 -74.925784817 39.069904371 4.521736
972 -74.977527297 38.926409184 11.979343
973 -74.949531247 39.019384757 1.587652
974 -74.951161021 39.100535135 3.814010
975 -74.956114523 39.047961673 4.251225
976 -75.323036468 39.029812019 5.618474
977 -75.038337758 38.836168332 15.109504
978 -75.076067756 39.212670946 0.729338
979 -75.007071912 39.185040247 2.229167
980 -75.397474700 39.188326916 3.861722
981 -74.824771040 38.957832491 -0.000000
982 -74.892066819 39.160703144 -0.000000
983 -75.544702458 39.460353212 -0.000000
984 -75.044471942 38.767058828 -0.000000
985 -75.013572191 39.006352743 6.959065
986 -75.337112360 39.285605308 5.864880
987 -75.525595818 39.396132310 1.192633
988 -74.910328101 39.130619913 -0.000000
989 -75.223337441 39.229211640 5.405371
990 -75.401863001 39.299641769 6.342114
991 -74.827532073 38.942008253 -0.000000
992 -75.503611638 39.450906749 -0.000000
993 -74.973015494 38.957972878 7.482071
994 -75.304610027 38.927987467 1.962200
995 -75.388159900 39.055814140 1.205305
996 -75.294073174 39.289384097 5.215625
997 -75.494091630 39.367246677 4.968740
998 -75.065239720 38.731987248 -0.000000
999 -75.056232970 38.871742874 13.899969
1000 -75.566717272 39.506850150 -0.000000
1001 -75.491430660 39.364537611 4.909988
1002 -75.533732624 39.414421491 1.651450
1003 -75.371170000 39.045374202 1.958198
1004 -74.995951668 39.153206777 3.884835
1005 -75.401173627 39.254837841 2.873011
1006 -75.249102055 39.291576440 2.497591
1007 -74.949770154 38.905079517 8.330909
1008 -75.268876244 39.292765749 3.079428
1009 -75.242419842 39.214732374 7.760755
1010 -75.156254191 39.164759591 4.985572
1011 -75.320312670 39.294632045 6.134541
1012 -74.875160071 38.966321093 -0.000000
1013 -74.913058876 39.098711587 -0.000000
1014 -75.311397674 38.951984805 0.927159
1015 -74.919214673 39.087247237 -0.000000
1016 -75.536385222 39.415199621 1.571175
1017 -75.236639507 38.876277768 2.554776
1018 -75.045946065 38.798296837 28.612486
1019 -75.027243020 39.211270447 5.301479
1020 -75.075460449 38.729948519 -0.000000
1021 -75.522260907 39.399348574 1.610631
1022 -75.150726331 39.189074834 1.394159
1023 -74.916401013 38.924597081 -0.000000
1024 -75.531150929 39.425611934 -0.000000
1025 -74.833532695 38.924085287 -0.000000
1026 -75.508636220 39.450647680 -0.000000
1027 -75.423678128 39.286592404 1.807275
1028 -75.528721202 39.515835700 -0.000000
1029 -75.431304703 39.295981565 1.553117
1030 -75.295501225 38.971210652 2.749769
1031 -75.273916482 39.025490981 3.976098
1032 -75.049837323 38.776018445 -0.000000
1033 -75.268772021 38.937272302 3.992636
1034 -75.571656647 39.483499829 -0.000000
1035 -75.161716577 39.116196241 7.031654
1036 -75.070031629 38.906718043 15.503296
1037 -75.526415426 39.444779820 -0.000000
1038 -75.400566702 39.074568291 0.789194
1039 -75.565917880 39.526661233 -0.000000
1040 -75.543368567 39.518660765 -0.000000
1041 -75.364367186 39.038729478 1.612331
1042 -75.301497152 38.917090245 1.685272
1043 -75.435336000 39.299961862 1.181774
1044 -74.900477560 39.104462143 -0.000000
1045 -75.124400749 38.918734754 16.538820
1046 -75.088503820 39.212304224 0.631889
1047 -75.253213799 39.293964516 2.488365
1048 -74.933053388 38.899924043 8.681988
1049 -75.244859776 38.863366195 1.843413
1050 -75.036489608 38.915217874 11.266410
1051 -75.522886238 39.391294199 1.337638
1052 -75.369884086 39.144809862 4.018810
1053 -75.171184146 38.804115764 4.251117
1054 -74.904314245 39.125482268 -0.000000
1055 -75.403316302 39.246931048 1.996297
1056 -75.406647316 39.337756391 5.504161
1057 -74.895001175 39.159356645 -0.000000
1058 -74.964966094 39.188672512 1.990869
1059 -75.284307035 39.030356542 5.107055
1060 -75.052968423 38.740036014 -0.000000
1061 -74.957855437 39.185880606 2.397119
1062 -75.191460558 38.831706008 3.768060
1063 -75.127208530 38.786290735 4.209761
1064 -75.095286931 38.815151026 21.618103
1065 -75.356789945 39.042439004 3.140842
1066 -75.259961986 39.291131763 3.174404
1067 -75.310903166 38.989381271 1.910649
1068 -75.469842051 39.383754818 9.822074
1069 -75.573700162 39.502608269 -0.000000
1070 -75.468199636 39.418102399 4.651590
1071 -75.000385726 39.116253407 4.176836
1072 -74.832601181 38.939346004 -0.000000
1073 -75.412386340 39.334323463 12.204575
1074 -75.545929330 39.487790000 -0.000000
1075 -75.362832041 39.268160625 9.189406
1076 -75.323519371 39.035716919 5.031513
1077 -75.358644827 39.059472575 3.832061
1078 -75.129883670 38.806318279 7.214345
1079 -75.560770792 39.521309308 -0.000000
1080 -75.383637786 39.137149649 3.258838
1081 -75.398838734 39.359284111 4.772219
1082 -75.426807237 39.307904447 2.382592
1083 -75.379285989 39.048322502 1.217186
1084 -75.447914071 39.359637071 15.286688
1085 -75.387081263 39.198191336 3.958558
1086 -74.998141649 38.936649630 6.655455
1087 -74.985769788 39.187906168 2.779581
1088 -75.310968893 39.305885444 2.752265
1089 -75.523832612 39.395024308 1.411338
1090 -75.351622556 39.345532135 2.982976
1091 -75.063968397 38.779517461 -0.000000
1092 -74.981088434 38.944422130 8.171754
1093 -74.893799787 39.151910965 -0.000000
1094 -75.325417579 39.311103792 4.684321
1095 -75.294477039 39.286258482 6.495451
1096 -74.973438539 39.024990671 6.549781
1097 -75.400879863 39.178810524 2.113030
1098 -75.409061550 39.162489029 1.009521
1099 -75.398299728 39.176733309 2.626909
1100 -75.298045428 39.294809353 3.576718
1101 -75.534206046 39.439906098 -0.000000
1102 -75.471566594 39.338839464 3.308286
1103 -75.117229296 38.803340774 9.398129
1104 -75.505105640 39.361055427 1.289672
1105 -74.981192095 39.176863758 3.264123
1106 -75.515742500 39.448819000 -0.000000
1107 -75.351133532 39.045422475 4.506281
1108 -75.432921545 39.306393845 2.330223
1109 -74.918099920 39.161596491 -0.000000
1110 -75.399287396 39.182650982 2.138299
1111 -74.980943362 39.148195556 3.933518
1112 -75.453796556 39.413227288 3.376423
1113 -75.437295476 39.396446446 2.247185
1114 -75.325271697 39.294021116 5.280249
1115 -74.989651092 39.147795361 3.959963
1116 -75.370752861 39.055588119 3.050242
1117 -74.944178770 39.028309707 0.499565
1118 -75.298628006 38.911508909 1.801525
1119 -75.059553294 39.213287303 1.273675
1120 -75.429486900 39.383406139 5.298298
1121 -74.917853376 39.075050070 -0.000000
1122 -74.920889506 39.172646961 2.365493
1123 -75.175440270 39.202929900 5.582260
1124 -75.154238858 38.828683404 6.289484
1125 -75.021160665 39.221589645 0.939725
1126 -75.078991967 38.808010961 21.301828
1127 -75.222804551 38.849916618 3.196795
1128 -75.400111892 39.373005610 3.025500
1129 -75.199244180 39.251106731 3.395376
1130 -74.965499837 38.924971226 5.755667
1131 -75.326118566 39.025440505 4.253112
1132 -75.187405351 38.821140402 4.232815
1133 -75.258237856 39.268717604 5.193977
1134 -75.395182836 39.208220456 1.759330
1135 -75.415911620 39.380459750 4.240498
1136 -74.957587624 38.925547611 5.199555
1137 -75.236243902 39.270807433 2.727697
1138 -75.338269019 39.043006431 4.733215
1139 -74.890914656 39.139713772 -0.000000
1140 -75.168133019 38.809580678 4.839108
1141 -75.192982511 39.230695584 3.835202
1142 -74.922496826 39.071328303 3.114053
1143 -75.009321358 39.187824321 2.121857
1144 -75.214828232 38.839620251 1.797884
1145 -74.985544129 38.927148803 11.257057
1146 -75.586217839 39.490394326 -0.000000
1147 -75.427050610 39.385264341 4.911794
1148 -75.017304893 39.229097220 0.721166
1149 -75.401953985 39.346725973 5.618626
1150 -75.063925072 39.181302345 3.325639
1151 -75.340848787 39.037182864 4.548845
1152 -74.971299079 39.099445055 4.129851
1153 -75.395175520 39.112242200 1.893400
1154 -75.243635601 39.246262895 4.823011
1155 -74.941907161 39.185207144 1.171726
1156 -75.349595612 39.343254710 3.473277
1157 -74.983003454 39.171058721 3.505721
1158 -74.915393285 39.077844813 -0.000000
1159 -75.567188593 39.523135790 -0.000000
1160 -75.018878655 39.191839930 2.056224
1161 -75.193454138 38.826327961 4.254349
1162 -75.401823910 39.166092032 2.399610
1163 -75.390313011 39.341240329 5.987197
1164 -75.307891653 38.987216506 1.903981
1165 -75.462505062 39.386243033 8.011467
1166 -75.125086565 39.168194017 3.401964
1167 -75.147075393 38.789648510 3.031596
1168 -75.490995143 39.442765317 -0.000000
1169 -75.489995602 39.419515764 6.123201
1170 -75.377271290 39.049406618 1.607006
1171 -75.020685369 39.177057862 3.409194
1172 -75.431400809 39.291126925 1.151109
1173 -75.390664129 39.215435426 4.058089
1174 -75.455827635 39.330685021 3.502326
1175 -75.395840911 39.200636757 0.619221
1176 -75.182106942 39.085382970 13.210836
1177 -75.398516042 39.237382407 2.756839
1178 -75.396738760 39.196810606 0.651491
1179 -75.382095136 39.260688833 4.609777
1180 -75.184306557 39.177380569 5.807058
1181 -75.321446487 39.245200705 15.938944
1182 -75.532656156 39.496109832 -0.000000
1183 -75.317548520 39.256186045 7.574090
1184 -74.893704347 39.129793455 -0.000000
1185 -75.279143278 39.292702712 2.591677
1186 -74.977604637 39.191604348 1.089118
1187 -75.347911155 39.315263469 4.676390
1188 -75.020336486 39.152731446 3.856915
1189 -75.544097849 39.472283131 -0.000000
1190 -75.365760217 39.345007993 5.491706
1191 -75.077390850 38.740046994 -0.000000
1192 -75.309845413 38.995759260 3.585470
1193 -75.406607905 39.131582266 0.838447
1194 -74.915245506 39.072461201 -0.000000
1195 -75.123606586 38.805769144 7.871960
1196 -75.310631172 39.000599665 3.792472
1197 -75.067793065 38.726112199 -0.000000
1198 -74.978498876 39.002307969 7.412372
1199 -74.932598630 39.196052721 0.233575
1200 -75.068399654 38.810862476 20.997740
1201 -75.342135530 39.320315811 5.786258
1202 -75.491769234 39.344030767 1.633758
1203 -75.456580168 39.379941944 6.242514
1204 -75.268627165 39.299396135 2.731433
1205 -74.888252802 38.927260676 -0.000000
1206 -75.488060522 39.432331587 -0.000000
1207 -75.583018250 39.496391896 -0.000000
1208 -74.961440517 38.988161245 2.332936
1209 -75.477164369 39.415806650 6.240747
1210 -75.215919417 39.256810627 3.443348
1211 -74.936701034 39.047431539 2.964788
1212 -75.585115821 39.468783867 -0.000000
1213 -75.401934611 39.117254276 1.365571
1214 -75.412631611 39.372979568 4.111566
1215 -75.566959159 39.529473955 -0.000000
1216 -75.516047800 39.451799405 -0.000000
1217 -75.113749352 38.785408929 3.671151
1218 -75.511698981 39.387838185 2.924810
1219 -75.348121616 39.286928831 8.397469
1220 -75.538731415 39.507219264 -0.000000
1221 -75.041072195 39.158863683 4.232172
1222 -75.396493749 39.198814724 0.590863
1223 -74.958790355 39.146646073 3.773948
1224 -75.403365281 39.136625298 2.191442
1225 -75.405240853 39.159111300 2.151165
1226 -75.150239917 38.800527646 5.372781
1227 -75.245243693 39.262552334 4.365106
1228 -75.427990472 39.336283518 13.119359
1229 -74.969984956 38.990265438 7.327002
1230 -75.356735993 39.340249379 2.304914
1231 -74.962284276 38.985567774 2.160936
1232 -75.474986714 39.365754183 6.926530
1233 -75.002361331 39.158421745 3.501331
1234 -74.834267342 38.963246179 -0.000000
1235 -75.311521528 38.958961050 0.476955
1236 -75.463237162 39.359666430 8.288270
1237 -75.383615962 39.051353147 1.309233
1238 -75.385072572 39.187773163 3.090682
1239 -75.381359424 39.315510180 6.076976
1240 -75.053373930 39.191790029 2.931121
1241 -75.392843990 39.256349811 3.918593
1242 -75.310554379 38.965254912 0.881800
1243 -75.491122181 39.430543206 -0.000000
1244 -74.963355058 39.004467007 5.576629
1245 -75.372875527 39.334280869 4.805783
1246 -75.199974621 39.245790768 3.517248
1247 -74.939106124 39.170616958 2.929604
1248 -75.460768795 39.330930863 2.893638
1249 -75.232752567 38.939382050 3.904038
1250 -75.038850523 38.944009160 11.092834
1251 -75.395308327 39.267794226 2.540658
1252 -74.906436641 38.868030251 -0.000000
1253 -75.568417039 39.458121910 -0.000000
1254 -75.192717541 39.240377089 2.768275
1255 -75.304741568 38.939183544 1.789146
1256 -74.982273849 39.026450030 7.257293
1257 -75.373859130 39.169568527 4.148664
1258 -75.406771347 39.129301812 0.844814
1259 -75.299598116 39.002591223 4.461783
1260 -74.978135378 38.957871036 7.374725
1261 -75.099159511 38.798129880 6.898005
1262 -75.511252431 39.384041513 2.654013
1263 -75.472355459 39.419732355 4.972610
1264 -75.304093267 38.941600262 1.136933
1265 -75.067461809 38.775136013 -0.000000
1266 -75.469664614 39.356861218 6.530753
1267 -75.386313514 39.111966115 2.979289
1268 -75.073743477 38.765695799 -0.000000
1269 -75.292973847 38.946437488 2.784193
1270 -75.400066097 39.319191789 18.720264
1271 -74.925192853 39.074118754 4.811559
1272 -75.269638480 39.296445615 2.810566
1273 -75.374781454 39.321244877 5.083959
1274 -75.335939044 39.018837271 1.654751
1275 -75.263832333 38.912219969 3.659577
1276 -75.122250117 38.794228920 4.185954
1277 -74.977942887 38.937306899 9.361800
1278 -75.081081675 39.207656599 2.240586
1279 -75.114111422 39.191440072 2.566346
1280 -75.289723067 38.907607469 2.549259
1281 -75.431302034 39.389189348 3.121657
1282 -75.250038569 39.283746104 2.932032
1283 -75.488151808 39.388565642 9.835563
1284 -75.516541932 39.424501318 -0.000000
1285 -75.176581411 39.194686872 5.710730
1286 -75.386305335 39.214419645 3.070607
1287 -74.933925972 39.045228023 0.489916
1288 -75.169755082 39.210839793 3.358271
1289 -75.070948511 38.742577953 -0.000000
1290 -74.967741386 38.986916988 6.348030
1291 -75.463603301 39.366031582 10.842060
1292 -75.560753642 39.437966218 -0.000000
1293 -74.906938284 39.172375486 -0.000000
1294 -74.927405164 38.881246595 7.659317
1295 -75.086118729 39.198115427 2.516337
1296 -75.167551321 38.798872395 2.563847
1297 -75.105816677 38.805480862 9.273146
1298 -75.197674084 38.820379408 2.297776
1299 -75.016686263 38.952720629 9.005522
1300 -74.887216326 39.150318957 -0.000000
1301 -75.526921230 39.453728512 -0.000000
1302 -75.352857841 39.042142478 3.669949
1303 -75.562559928 39.526248352 -0.000000
1304 -75.074728088 39.207551513 2.572998
1305 -75.088463298 39.160713826 3.550091
1306 -75.526431250 39.457056253 -0.000000
1307 -75.291134981 38.960614329 2.144831
1308 -75.508336886 39.372799340 2.043521
1309 -74.977983198 38.918076399 13.506515
1310 -75.010252363 39.155041185 3.735296
1311 -75.388069547 39.226329253 3.158506
1312 -75.176065660 38.801186655 1.845813
1313 -75.298230343 39.240187247 6.235364
1314 -74.955031004 39.133570539 3.778077
1315 -75.074049153 38.751643320 -0.000000
1316 -75.283645359 38.991545028 5.145291
1317 -75.059937600 38.768154237 -0.000000
1318 -75.103424787 38.808546945 11.265795
1319 -75.202490917 38.840622275 3.502662
1320 -75.408921151 39.379284361 2.983723
1321 -75.327082836 39.307043295 5.441233
1322 -75.394450894 39.061703453 1.140352
1323 -75.282161031 39.296516450 2.432919
1324 -75.404956052 39.176721751 1.445817
1325 -74.879494804 38.812857770 -0.000000
1326 -75.538864997 39.504470992 -0.000000
1327 -74.952391716 39.184149388 2.583927
1328 -75.572513546 39.495065007 -0.000000
1329 -75.303348183 39.280645859 5.451023
1330 -75.404103769 39.249732066 1.722481
1331 -75.384875788 39.351278511 1.883991
1332 -75.436041968 39.316126095 2.958499
1333 -75.199650827 39.237595047 4.235175
1334 -74.967446657 38.928208336 10.737027
1335 -74.955544239 38.884657936 9.284318
1336 -75.332072522 39.335622675 3.016227
1337 -75.060917225 38.809980104 21.125216
1338 -75.495253084 39.433692445 -0.000000
1339 -75.418095496 39.385248928 2.951544
1340 -75.178967428 38.809094574 3.877659
1341 -75.080541015 39.211999253 0.740113
1342 -75.002613229 39.179003080 2.929693
1343 -75.482856163 39.395419337 9.400594
1344 -75.251289901 39.202239476 7.295584
1345 -75.531064262 39.501294557 -0.000000
1346 -75.448718476 39.410007847 2.716200
1347 -75.565622844 39.516748488 -0.000000
1348 -75.173755843 38.799297687 1.692890
1349 -74.996302059 39.184429039 2.861826
1350 -74.874788348 38.930172053 -0.000000
1351 -75.589673878 39.481878673 -0.000000
1352 -75.333194240 39.340494177 2.967468
1353 -75.322066557 39.003054632 1.661690
1354 -75.409306194 39.370250531 3.971660
1355 -74.938637753 39.144960309 3.568075
1356 -75.366307903 39.044981151 2.856001
1357 -75.125583029 39.190728293 2.155426
1358 -75.317326859 39.041901783 5.625520
1359 -74.963179188 38.922612788 9.074593
1360 -75.384661783 39.284296253 7.737137
1361 -75.019326286 39.221679229 0.635539
1362 -74.901233059 38.932490887 -0.000000
1363 -75.163222330 39.193081398 3.622346
1364 -75.434396428 39.318583994 3.308423
1365 -74.858383282 38.944513145 -0.000000
1366 -75.255036575 39.293644417 2.685708
1367 -75.206106285 39.260901950 1.751973
1368 -75.297009171 38.981862744 2.205305
1369 -74.936257176 39.050640424 4.142256
1370 -74.956068008 38.911440011 9.450151
1371 -75.271385701 39.011572429 9.264767
1372 -75.084731522 38.785494458 6.494332
1373 -75.095295759 38.998307862 7.302956
1374 -75.486664188 39.404746901 7.105939
1375 -74.986064996 38.922848974 10.947036
1376 -75.350669629 39.037928476 2.686971
1377 -75.213591245 39.253944150 3.889838
1378 -74.883147249 38.939474052 -0.000000
1379 -75.309902837 39.304100347 3.285641
1380 -75.124898475 38.791695145 4.398870
1381 -75.081548657 38.793379960 5.726670
1382 -74.958191299 39.000607524 2.194676
1383 -74.902020802 39.097983222 -0.000000
1384 -75.574803014 39.488353722 -0.000000
1385 -75.130258042 38.786832208 4.097929
1386 -75.292525915 38.992428456 5.101864
1387 -75.347769766 39.348604404 2.186974
1388 -74.942588009 38.915049717 9.672407
1389 -75.286312917 39.279541481 6.931605
1390 -75.333605108 39.200344061 4.603561
1391 -75.586564194 39.465322350 -0.000000
1392 -75.082880344 38.787810497 8.158156
1393 -75.205977598 39.220925519 5.778178
1394 -75.434275606 39.359535097 7.431206
1395 -74.922334990 39.176199898 1.634055
1396 -75.169312212 39.140423951 6.407331
1397 -74.961161261 39.164951007 3.285410
1398 -75.174772370 39.232208961 3.191346
1399 -75.380605180 39.347643233 3.603206
1400 -75.377932340 39.335415452 4.620871
1401 -75.247139649 39.238991155 5.345891
1402 -75.040145772 38.741223694 -0.000000
1403 -75.539379682 39.461823765 -0.000000
1404 -75.204455190 38.868923226 5.809085
1405 -75.564997162 39.437765566 -0.000000
1406 -74.898271931 39.172725030 -0.000000
1407 -75.389673944 39.153951515 2.935911
1408 -75.296114033 39.295131204 2.114525
1409 -75.366270551 39.329880798 4.837657
1410 -74.861862280 38.965628972 -0.000000
1411 -74.889051146 39.159301820 -0.000000
1412 -75.583625082 39.486946670 -0.000000
1413 -75.573019999 39.448848891 -0.000000
1414 -75.189919742 38.843150397 3.405188
1415 -75.435395426 39.339026753 10.800027
1416 -75.397882892 39.210947138 0.631730
1417 -75.450069935 39.333803490 4.436630
1418 -75.126775717 38.801389553 7.202583
1419 -75.386993914 39.354165929 2.650868
1420 -75.404340030 39.376638865 2.947122
1421 -75.244154982 39.281522066 2.115925
1422 -75.516092654 39.397034580 3.693089
1423 -75.041630196 38.882484265 15.807892
1424 -75.314293170 39.004531373 3.809700
1425 -75.418134429 39.276377839 1.784458
1426 -75.252513305 38.874299255 1.784623
1427 -75.275936530 39.293607396 2.978751
1428 -75.091141379 38.815551079 14.673381
1429 -75.564211081 39.505314022 -0.000000
1430 -75.544955288 39.489792485 -0.000000
1431 -75.504309439 39.400622832 7.069726
1432 -74.967889794 39.182842023 2.981727
1433 -75.153986856 39.171271164 5.133368
1434 -75.111259762 38.821723189 8.535533
1435 -75.569692469 39.449933784 -0.000000
1436 -74.834537398 38.954909896 -0.000000
1437 -75.385218081 39.057414292 1.548392
1438 -75.490264744 39.444672768 -0.000000
1439 -75.373637230 39.065577075 3.098050
1440 -75.562244295 39.541210356 -0.000000
1441 -75.489225699 39.349241620 2.020352
1442 -74.910035090 39.164560874 -0.000000
1443 -75.309680861 38.974351925 1.943421
1444 -75.361752808 39.039339785 1.946700
1445 -74.865462538 38.919583619 -0.000000
1446 -75.104039182 39.197457491 2.303633
1447 -75.289695000 39.073749697 5.690464
1448 -75.309515243 39.035688212 8.298674
1449 -75.155805947 39.190107625 3.308241
1450 -74.897911957 39.167752320 -0.000000
1451 -75.469044902 39.434618698 -0.000000
1452 -74.869099848 38.971122885 -0.000000
1453 -75.123314731 39.182777042 2.722313
1454 -74.907526926 38.924845051 -0.000000
1455 -75.193329035 38.967964972 19.806789
1456 -75.063138991 39.201449154 2.470307
1457 -75.448078809 39.351592702 10.236693
1458 -75.407046201 39.166568224 1.562629
1459 -75.530911341 39.434887498 -0.000000
1460 -75.411946064 39.149979355 0.505351
1461 -75.301236872 38.931483205 2.187213
1462 -75.433694134 39.351482418 11.414125
1463 -75.513751640 39.456450759 -0.000000
1464 -74.913304812 38.913529632 -0.000000
1465 -75.164963258 39.189468681 4.426788
1466 -74.992256479 39.012048601 8.265153
1467 -75.203609767 39.255900454 3.298061
1468 -74.920737087 39.082395830 4.465732
1469 -75.352808377 39.342921182 4.231105
1470 -75.389103100 39.185343813 2.946829
1471 -75.300050427 38.914110596 1.805275
1472 -75.000281831 38.962974476 7.644733
1473 -75.152963565 39.189393526 2.368476
1474 -75.371934070 39.205327815 3.826142
1475 -74.895118180 39.122923052 -0.000000
1476 -75.578268945 39.464295025 -0.000000
1477 -75.484793330 39.413617513 6.637518
1478 -75.391730439 39.182057574 2.461969
1479 -75.275640114 39.297592878 3.508553
1480 -75.430148612 39.344230571 18.190058
1481 -75.154627562 39.186419621 3.847434
1482 -75.093333946 39.211164002 0.824094
1483 -75.485456243 39.344824463 1.602519
1484 -75.479470019 39.409365540 5.626751
1485 -75.221415849 38.846932951 2.971518
1486 -74.955725252 39.183092381 2.542993
1487 -75.397679212 39.131874739 2.536093
1488 -75.236061959 39.026883711 12.545184
1489 -75.310648696 38.940473594 0.803273
1490 -75.541932735 39.532112389 -0.000000
1491 -75.028639723 39.219464255 2.345518
1492 -75.258905618 38.919981938 3.723727
1493 -74.949227455 39.071857534 3.882985
1494 -74.929636208 39.182474396 1.215285
1495 -75.182377576 38.848991248 4.476760
1496 -75.590364779 39.476703156 -0.000000
1497 -75.565009836 39.499976330 -0.000000
1498 -75.310523643 39.286658219 5.342531
1499 -75.140176386 38.799639660 5.413924
1500 -75.404747858 39.133639499 1.580772
1501 -75.031085294 39.207497623 4.831999
1502 -75.302499366 38.920227235 1.858932
1503 -75.401435895 39.126194729 2.001397
1504 -74.952292403 38.915516486 10.257399
1505 -75.364275336 39.041934338 2.370130
1506 -75.373228287 39.287442171 12.970536
1507 -75.201445937 39.256649222 2.575845
1508 -75.104168597 38.800262426 3.446738
1509 -75.490197444 39.346651372 1.883979
1510 -74.982080157 38.938366120 10.095135
1511 -75.396862512 39.190744678 2.767009
1512 -75.566471205 39.490257804 -0.000000
1513 -74.927231035 39.052816354 0.185982
1514 -75.334579276 39.343077307 2.598823
1515 -75.282341861 38.974018229 3.359617
1516 -75.539824990 39.516742486 -0.000000
1517 -74.953466043 38.831921921 12.484309
1518 -74.944421020 39.032838439 1.352301
1519 -75.059114147 39.202990541 2.287693
1520 -75.434787912 39.365230356 4.014051
1521 -74.967225526 38.969964862 4.258633
1522 -75.569263600 39.518475629 -0.000000
1523 -75.399152389 39.094987606 0.900749
1524 -75.020006250 39.230027040 0.948236
1525 -75.168800148 39.152160413 6.287878
1526 -74.917985437 39.065671748 -0.000000
1527 -75.570929905 39.499471838 -0.000000
1528 -75.124364180 38.784498753 4.016070
1529 -75.314225362 38.937505883 1.056470
1530 -75.203240411 39.258171737 2.602756
1531 -74.962649128 38.925661437 8.533661
1532 -75.080619740 38.777588227 -0.000000
1533 -75.544986946 39.440061645 -0.000000
1534 -75.575596680 39.506555970 -0.000000
1535 -74.998054316 39.081826376 5.452589
1536 -75.466224680 39.438606180 -0.000000
1537 -74.951640167 39.015732872 1.975472
1538 -75.070808266 38.830444510 22.680786
1539 -74.889582470 38.760224129 -0.000000
1540 -75.354300745 39.054846121 3.664030
1541 -75.193297848 39.121566450 6.847600
1542 -74.832713587 38.958308687 -0.000000
1543 -75.400251885 39.084330167 0.916680
1544 -74.911287798 39.081509965 -0.000000
1545 -75.521545258 39.422058305 -0.000000
1546 -75.434755854 39.332521565 8.988962
1547 -74.908501899 38.929757603 -0.000000
1548 -75.567079793 39.498954556 -0.000000
1549 -74.870641734 38.964586879 -0.000000
1550 -74.964487734 38.909272278 6.112030
1551 -75.471582245 39.415481635 5.564445
1552 -74.852758671 38.945763602 -0.000000
1553 -75.300301576 38.972776434 2.224090
1554 -75.077218585 38.742473272 -0.000000
1555 -75.460396326 39.339367220 3.868094
1556 -74.964267053 38.987458167 4.838904
1557 -75.308767961 38.959055210 1.099020
1558 -75.511186156 39.367932227 1.184573
1559 -75.414389127 39.382762525 2.130843
1560 -75.065442731 38.756837130 -0.000000
1561 -74.970874690 39.187914771 2.230214
1562 -75.175324788 39.207983711 5.314810
1563 -75.082599325 38.785383908 8.104971
1564 -75.104120567 38.787876497 1.433659
1565 -74.960698043 39.108044498 3.774267
1566 -75.468093831 39.340455512 3.342272
1567 -75.385269832 39.143222816 3.153491
1568 -74.905571897 39.170135506 -0.000000
1569 -75.451752336 39.402805829 3.619035
1570 -75.212128184 38.989223606 19.600523
1571 -75.093802629 38.820191556 14.673900
1572 -75.555168696 39.479670827 -0.000000
1573 -75.021190727 39.186785384 2.651698
1574 -75.303797182 39.285929011 5.714523
1575 -74.914231955 39.081132761 -0.000000
1576 -75.071813024 38.773914069 -0.000000
1577 -74.956664709 39.188554539 1.577936
1578 -75.172839426 39.190998055 4.379192
1579 -75.397408906 39.078547082 1.436015
1580 -74.972351890 38.893576368 9.675900
1581 -74.933061852 39.161222308 3.083286
1582 -74.895439310 39.135041855 -0.000000
1583 -75.497682267 39.356564526 1.277140
1584 -75.286226152 39.000624331 4.566166
1585 -75.529710534 39.496473277 -0.000000
1586 -74.925456456 38.918556388 9.949236
1587 -75.304413808 38.988025638 2.110568
1588 -75.073479689 38.786080229 10.976677
1589 -75.249751520 38.917703454 3.649266
1590 -75.302068741 38.938847298 2.851000
1591 -74.998174521 38.923554325 10.044326
1592 -75.012417681 39.187718288 2.369832
1593 -75.001462937 39.189914701 1.907652
1594 -74.985853895 39.019216723 7.742929
1595 -75.423496261 39.311861905 2.366379
1596 -75.106482162 38.787279411 2.972156
1597 -75.449964429 39.384698401 5.002171
1598 -74.850117820 38.821431210 -0.000000
1599 -75.559193667 39.433826337 -0.000000
1600 -75.498294814 39.385553091 5.591901
1601 -74.972862982 39.189182494 1.763896
1602 -74.857935884 38.936908128 -0.000000
1603 -75.121892729 39.202301041 0.919665
1604 -74.940069645 39.183807631 1.508056
1605 -75.393547427 39.350781678 5.114139
1606 -75.398989911 39.107981985 0.683173
1607 -75.545184535 39.474618997 -0.000000
1608 -75.209735301 38.836432930 2.457366
1609 -75.041351231 39.180048566 3.394785
1610 -74.892537729 38.891854562 -0.000000
1611 -74.897513199 39.142485427 -0.000000
1612 -75.151265020 39.180808678 3.861430
1613 -75.340735864 39.313633832 5.088159
1614 -74.940363941 39.035161772 0.301822
1615 -75.403785637 39.256963053 2.044460
1616 -75.266449687 38.966542971 4.302960
1617 -75.188792424 39.239193300 3.002444
1618 -75.266519232 38.920080658 3.507896
1619 -75.563726265 39.547361190 -0.000000
1620 -75.072748060 39.036892492 7.426455
1621 -75.381214848 39.052973260 1.655323
1622 -75.545799507 39.502663374 -0.000000
1623 -74.934872354 39.185111117 0.755928
1624 -74.861204269 38.888820409 -0.000000
1625 -75.407402419 39.156911039 1.780103
1626 -75.194478933 38.816475614 1.792394
1627 -75.210262145 39.014542214 3.576995
1628 -74.940049966 39.037265257 0.513374
1629 -75.172564735 39.226408440 3.461965
1630 -75.331687506 39.013778851 1.404602
1631 -75.202209493 38.823814167 2.329737
1632 -75.307712558 38.969186365 1.846001
1633 -75.545556958 39.422680288 -0.000000
1634 -75.328464365 39.336890142 2.654595
1635 -75.395300821 39.366530250 2.576130
1636 -74.979532515 38.940723177 8.567021
1637 -75.400591946 39.228257101 2.276587
1638 -75.087485144 39.192472882 2.789694
1639 -75.306200932 38.979690192 1.857618
1640 -74.959596150 39.188921406 1.658042
1641 -75.422285959 39.290519478 2.639481
1642 -75.290525591 39.043087945 5.195203
1643 -75.578522305 39.495102140 -0.000000
1644 -75.201577524 39.101370687 14.484985
1645 -75.317395493 39.311454669 3.585084
1646 -75.194015345 39.216933003 6.307872
1647 -75.001685679 38.879345806 9.207917
1648 -75.021429859 38.989121610 9.072508
1649 -75.230724840 39.257889363 4.777057
1650 -75.003935401 39.183212015 2.374536
1651 -75.359667376 39.209947195 4.181899
1652 -75.230890525 39.262386985 4.203511
1653 -75.214962192 39.249297353 4.081235
1654 -75.564472802 39.446696090 -0.000000
1655 -75.483268025 39.346627955 2.199002
1656 -75.185830326 39.137586892 8.829227
1657 -75.152693407 38.811341949 5.539015
1658 -75.410610389 39.145118499 0.400341
1659 -75.306302907 38.966020404 1.754432
1660 -75.043270243 39.209673179 2.859453
1661 -74.984878819 38.952477300 8.589649
1662 -75.016524398 39.125183185 4.306410
1663 -75.397238191 39.229797355 2.835247
1664 -75.023439316 39.191452993 1.967867
1665 -75.160682991 38.798553984 3.814406
1666 -75.396609035 39.063599064 0.955418
1667 -75.324346129 39.020387803 2.560763
1668 -75.501292211 39.360823530 2.028747
1669 -75.504451618 39.373065873 4.319932
1670 -75.223370843 38.844128181 2.315450
1671 -75.300980432 39.037142751 8.280720
1672 -75.308636114 39.057326525 5.850623
1673 -75.147721930 39.148551797 4.141068
1674 -75.015611365 39.188107170 2.553742
1675 -75.252161661 39.040765554 12.860405
1676 -75.409871115 39.159904066 0.916258
1677 -75.053177265 38.768166029 -0.000000
1678 -75.580830944 39.475832231 -0.000000
1679 -75.111160485 38.845812278 12.909548
1680 -75.237445088 39.241368459 5.431309
1681 -75.509455224 39.447767321 -0.000000
1682 -74.839444456 38.928201567 -0.000000
1683 -75.340974405 39.346670814 1.884847
1684 -75.201584538 39.251722118 3.628020
1685 -75.406030195 39.122069005 0.932167
1686 -75.239289831 38.868046531 1.778709
1687 -75.071779146 39.014943235 5.832467
1688 -74.950106922 38.911842646 9.868591
1689 -75.065434450 38.804268731 19.039099
1690 -75.300234733 38.950643324 1.642529
1691 -74.869590951 38.935798251 -0.000000
1692 -75.057644280 38.816036824 30.589596
1693 -75.104424322 39.184416880 2.785357
1694 -75.246961064 38.936628981 5.443383
1695 -75.226105874 39.256727643 4.744468
1696 -75.301544889 39.299580551 2.316470
1697 -75.406910900 39.360383465 4.797348
1698 -75.069184862 38.765451300 -0.000000
1699 -75.462824075 39.431864098 -0.000000
1700 -74.903500796 39.104851072 -0.000000
1701 -75.296837564 39.221414199 14.414482
1702 -74.926229542 38.927531308 3.861823
1703 -75.536877754 39.454831709 -0.000000
1704 -75.386539607 39.194163919 3.631505
1705 -75.276247092 39.281480100 4.423066
1706 -74.909508579 38.851099791 -0.000000
1707 -75.075855206 38.735292252 -0.000000
1708 -75.241737170 38.925720699 3.945961
1709 -75.400904725 39.220879178 1.755510
1710 -74.998672043 38.993983705 7.471688
1711 -74.963291426 38.979078120 2.222000
1712 -74.954736422 39.167918436 3.142606
1713 -75.395329133 39.342781463 6.045204
1714 -74.974695958 38.935296289 8.636046
1715 -75.266359412 38.988448468 4.587616
1716 -75.366202060 39.170712841 4.225409
1717 -74.983557646 38.931249080 10.868213
1718 -75.122583699 38.786245357 4.495624
1719 -75.133245552 39.179999524 2.405428
1720 -75.397796428 39.097358126 1.120863
1721 -75.306938484 39.288298552 5.459000
1722 -75.014275679 39.184372895 2.867645
1723 -75.409861240 39.169919532 0.647916
1724 -75.239909179 39.266514956 3.762631
1725 -75.145370354 38.787152249 3.029624
1726 -75.154241245 39.192022908 1.641100
1727 -75.124278035 39.172879021 3.183048
1728 -75.408777013 39.172605294 0.860598
1729 -75.187018105 39.241915743 2.480979
1730 -75.010843209 39.191149442 1.510932
1731 -75.198958792 38.842527708 3.912322
1732 -75.404663838 39.292360717 4.753276
1733 -74.978015036 38.985180449 6.851013
1734 -75.265490247 38.904578816 4.036052
1735 -75.307191918 38.952568901 1.092147
1736 -75.083220623 38.808927093 26.315689
1737 -75.492941378 39.440721521 -0.000000
1738 -75.555138206 39.431052262 -0.000000
1739 -75.307517733 38.972477662 2.077471
1740 -75.185403649 38.808492671 2.929587
1741 -74.988101220 38.967520927 8.355667
1742 -75.329624698 39.290371028 5.532308
1743 -75.303134044 39.293012562 4.993649
1744 -75.469638637 39.404956299 6.256313
1745 -75.258076272 38.878212419 1.892199
1746 -74.954559174 39.037332732 6.232058
1747 -74.934575884 39.042903041 0.692873
1748 -75.330525840 39.016849772 1.926163
1749 -75.516286714 39.457327327 -0.000000
1750 -75.089090083 38.969961789 11.894826
1751 -74.858806108 38.862299516 -0.000000
1752 -75.256333998 39.255673088 6.658989
1753 -75.584843798 39.474796717 -0.000000
1754 -75.340667062 39.076464467 3.469521
1755 -75.510655687 39.423129305 -0.000000
1756 -75.069180153 38.793599965 26.177160
1757 -75.385583336 39.235516684 4.194263
1758 -74.943050434 39.052524055 5.968914
1759 -75.416331294 39.327333538 15.844401
1760 -75.095139671 38.806524514 5.197754
1761 -75.267472681 39.172479058 14.319335
1762 -75.559597626 39.535724020 -0.000000
1763 -74.969845227 38.974535487 6.619267
1764 -74.897942198 39.162005727 -0.000000
1765 -75.195263616 38.822298536 3.336234
1766 -75.481154010 39.426070998 -0.000000
1767 -74.844846263 38.977742493 -0.000000
1768 -75.034994018 39.195148152 2.948852
1769 -75.493389940 39.444480706 -0.000000
1770 -74.908210365 39.118521991 -0.000000
1771 -75.437315637 39.313794250 2.592882
1772 -75.544748654 39.465569623 -0.000000
1773 -75.476961082 39.371412622 7.345774
1774 -74.982552136 38.896268487 8.233411
1775 -75.131363850 38.824192565 7.175647
1776 -74.998703857 38.929213483 7.151167
1777 -75.305593873 39.046360203 6.188048
1778 -75.247465762 38.868571709 1.992378
1779 -75.403046531 39.146410974 2.017292
1780 -75.405891688 39.152236724 1.873470
1781 -75.379423038 39.175520615 3.177813
1782 -75.293629158 38.917513006 2.738273
1783 -75.430903681 39.317700486 3.403820
1784 -74.981560133 39.076751423 6.944401
1785 -74.927729328 39.180975166 1.203986
1786 -75.406474544 39.373522003 3.902272
1787 -75.371772027 39.048489053 2.545540
1788 -74.983373669 38.998512077 7.934735
1789 -75.172814913 39.222759087 3.875797
1790 -75.176639567 39.213385730 4.720705
1791 -74.995923710 38.978204851 8.534355
1792 -75.412278640 39.279291006 2.201340
1793 -75.038579985 39.195084559 3.079277
1794 -74.986334613 39.185315229 2.880823
1795 -75.063489647 38.796832960 19.454308
1796 -74.962120261 38.995926930 5.143532
1797 -75.586475057 39.458785480 -0.000000
1798 -75.089355224 38.822794930 16.521049
1799 -75.113034396 39.172901373 3.335647
1800 -75.301728555 38.980714404 1.998650
1801 -75.331059851 39.322802993 3.892576
1802 -75.049509241 38.976706395 8.115841
1803 -74.960346470 38.923793147 7.552125
1804 -75.530078634 39.456450916 -0.000000
1805 -75.409377814 39.165097647 0.907569
1806 -75.336019272 39.322076135 4.890693
1807 -74.927970113 39.176029302 2.495819
1808 -75.509378420 39.443415103 -0.000000
1809 -75.451861362 39.398843964 2.425866
1810 -75.492812341 39.395863062 14.971169
1811 -75.496739903 39.417680691 6.645178
1812 -75.277442132 38.938964080 3.859586
1813 -75.392638979 39.207176562 3.510420
1814 -74.855806944 38.945657886 -0.000000
1815 -75.408124865 39.140233271 1.157341
1816 -75.543227376 39.523542982 -0.000000
1817 -75.394757593 39.223025306 3.388550
1818 -75.296537596 38.987019460 2.900768
1819 -75.395593537 39.194526879 0.683830
1820 -75.401115093 39.139649937 2.296328
1821 -75.397687403 39.075262679 1.177567
1822 -75.537275439 39.434234820 -0.000000
1823 -75.179879092 39.241715301 2.406405
1824 -75.575827623 39.450884853 -0.000000
1825 -75.327824703 39.282216067 4.808729
1826 -75.078111960 38.825279473 20.179323
1827 -75.336157184 39.015839298 1.399434
1828 -75.380254220 39.222361887 3.879214
1829 -75.441575099 39.341558939 9.703456
1830 -75.562950151 39.529561581 -0.000000
1831 -75.514116577 39.379303534 2.459765
1832 -74.849509264 38.945982867 -0.000000
1833 -74.989668330 38.943959883 10.242258
1834 -75.433417247 39.313512364 3.059349
1835 -75.305390623 38.922112091 1.652459
1836 -74.954330499 39.015130680 4.692006
1837 -75.399189498 39.377762876 2.265370
1838 -75.501246058 39.447657317 -0.000000
1839 -75.554497329 39.545758443 -0.000000
1840 -75.203922106 39.260417647 1.712547
1841 -75.503167911 39.360243358 1.454708
1842 -75.252606001 38.890203110 3.597155
1843 -75.348578608 39.332315370 4.100939
1844 -75.195940330 39.251652319 0.679524
1845 -75.044555675 39.095205595 4.695658
1846 -74.944550499 39.184290888 1.903893
1847 -75.360900886 39.315589872 5.583560
1848 -75.229204105 39.265388597 3.403385
1849 -75.292272512 38.909519148 2.497133
1850 -74.957428869 39.005114954 3.362379
1851 -75.219368239 38.838111223 1.815487
1852 -74.926988055 39.195763799 0.024671
1853 -75.054354659 39.211482227 1.710735
1854 -74.844412847 38.949890112 -0.000000
1855 -75.377517933 39.346156183 3.886935
1856 -75.305016621 38.984143982 2.073111
1857 -75.438039018 39.315911917 2.978159
1858 -74.948122581 39.021513387 1.222030
1859 -75.328828840 39.326234747 3.519053
1860 -75.128684099 39.012002645 6.706902
1861 -75.124484140 39.186337242 2.850478
1862 -75.151447040 39.184057956 3.770525
1863 -75.027890552 38.910553619 10.485789
1864 -75.235301756 39.268699735 3.022269
1865 -75.228987283 39.240684680 5.394489
1866 -74.861976606 38.897377332 -0.000000
1867 -75.005408606 39.015607682 4.922372
1868 -75.235392101 38.881929352 3.481649
1869 -75.083004875 38.779210708 -0.000000
1870 -75.075013716 38.744595184 -0.000000
1871 -75.312406026 38.941435750 0.838034
1872 -75.230589995 38.876334889 2.881510
1873 -75.123066604 39.192478692 2.433693
1874 -75.287709128 38.987698620 5.184533
1875 -75.206955331 39.244074967 4.320474
1876 -75.356870692 39.050007715 4.187057
1877 -74.900155288 38.922300601 -0.000000
1878 -75.530573099 39.521289883 -0.000000
1879 -75.135572236 38.791936345 4.183840
1880 -75.256527808 39.232430798 6.329549
1881 -75.253776597 39.270313991 4.190960
1882 -75.423763888 39.283861701 1.414402
1883 -75.546454945 39.463538446 -0.000000
1884 -75.294538573 38.907691295 1.777882
1885 -74.849914378 38.939364276 -0.000000
1886 -74.929561878 38.920082402 8.283566
1887 -75.272302076 38.915137723 3.689110
1888 -75.522618146 39.416857665 7.854054
1889 -75.182412966 39.185064574 5.615559
1890 -75.095734838 39.183396627 2.893193
1891 -75.384104647 39.077119712 2.279778
1892 -75.279220310 38.896557498 2.301890
1893 -75.291990862 39.288261056 5.439333
1894 -74.977844507 39.180134897 3.115850
1895 -75.324945138 39.320647392 3.446207
1896 -75.206486932 38.834645658 3.128319
1897 -74.951489565 39.018553846 3.160168
1898 -75.189945902 39.171448218 5.775877
1899 -74.937504119 38.877013492 6.989633
1900 -75.459971583 39.349020863 7.162149
1901 -75.428547030 39.311648728 2.248029
1902 -75.414808519 39.293824258 3.859821
1903 -75.426141182 39.382366970 4.473626
1904 -75.518523561 39.388510344 2.261937
1905 -75.303234516 38.956810757 1.656234
1906 -74.983878757 39.109292544 3.867377
1907 -75.362498162 39.036939392 1.704629
1908 -75.221712704 38.853933405 2.934710
1909 -74.992271227 39.186455695 2.839120
1910 -74.920853464 38.908289402 9.451756
1911 -75.445774120 39.375120674 4.142368
1912 -75.154502478 39.181979865 3.866178
1913 -75.135594414 38.797188085 5.260264
1914 -75.409491022 39.373933087 4.257652
1915 -75.484528740 39.356725498 3.700423
1916 -75.348073753 39.251283561 6.470721
1917 -74.999114193 39.186351669 2.648377
1918 -75.391244409 39.356903765 2.131537
1919 -75.008127702 38.915547752 8.976089
1920 -75.265985630 39.296013738 2.829628
1921 -75.099748337 39.200668369 2.036889
1922 -75.195312285 39.237637887 3.586165
1923 -75.500214005 39.444135036 -0.000000
1924 -75.141989475 39.180253007 3.647382
1925 -74.944162721 39.039264940 5.054662
1926 -75.023158610 39.217284027 3.879844
1927 -75.405179726 39.225492646 0.583200
1928 -75.209245275 38.830074188 2.667048
1929 -75.282070863 39.292171146 2.832650
1930 -75.380499974 39.121103180 3.558965
1931 -75.309400677 38.980228728 1.920313
1932 -75.024242603 39.219398911 5.891171
1933 -74.923753533 38.913627023 10.600856
1934 -75.538211869 39.416440105 1.662695
1935 -75.255134527 38.876352798 1.867987
1936 -75.130385072 39.151554840 4.360579
1937 -75.286003525 38.943043445 3.224809
1938 -75.312313833 38.984279355 1.747037
1939 -75.082927905 38.781512513 6.993311
1940 -75.360708652 39.256301937 6.230269
1941 -74.911570067 39.114893757 -0.000000
1942 -74.835218269 38.906554705 -0.000000
1943 -75.143403076 38.824859775 7.552382
1944 -75.059348142 39.210501394 1.717419
1945 -74.898472607 39.157709047 -0.000000
1946 -75.469192779 39.370639116 9.430102
1947 -74.949250653 38.929936911 6.035503
1948 -75.408617857 39.154297423 1.416873
1949 -75.389239181 39.140104690 2.941245
1950 -75.315121387 39.051479460 6.702834
1951 -75.237426791 38.851335445 1.206408
1952 -75.448915989 39.406906756 3.389446
1953 -75.579496686 39.503612540 -0.000000
1954 -75.095536719 38.798643591 0.536955
1955 -75.545455734 39.532722692 -0.000000
1956 -75.253277274 39.286789249 2.792315
1957 -75.073897596 39.211475753 1.287646
1958 -75.035101771 39.186595224 2.986219
1959 -75.279963962 38.893499114 1.863415
1960 -74.916244559 38.920631691 -0.000000
1961 -75.275284971 38.909678616 3.789773
1962 -75.002242238 39.004000829 4.978773
1963 -75.041728602 39.147063119 4.505546
1964 -75.565983324 39.450127010 -0.000000
1965 -75.458363579 39.329022091 2.591255
1966 -75.131289874 38.855332719 6.871409
1967 -74.957346300 39.008088454 4.774110
1968 -75.440096440 39.316853191 2.484815
1969 -74.929045109 38.915254311 11.302061
1970 -75.263570412 39.257473324 6.330994
1971 -75.246855198 39.283037772 2.996886
1972 -75.475769481 39.336015778 1.817436
1973 -75.378736182 39.268419940 6.167618
1974 -75.564055747 39.523776857 -0.000000
1975 -75.411973890 39.271296809 2.363535
1976 -74.956107101 39.161678377 3.533772
1977 -75.148595809 39.178520003 3.918898
1978 -75.393008125 39.204914866 2.071695
1979 -75.404150076 39.130877409 1.796495
1980 -74.909614411 39.154772015 -0.000000
1981 -74.945346384 39.162103816 3.213054
1982 -75.452129055 39.394517140 4.359993
1983 -75.033164211 39.218525854 0.780500
1984 -75.176797800 38.859381754 4.306655
1985 -74.956865448 39.017629245 5.695600
1986 -75.283692965 38.905341011 3.335864
1987 -75.003495285 39.150616328 3.946504
1988 -75.399130626 39.270067834 2.750794
1989 -74.969142203 38.983104664 6.723981
1990 -75.372851541 39.350642986 2.190196
1991 -75.387832230 39.262302729 3.284760
1992 -75.545853702 39.478696534 -0.000000
1993 -75.064831647 38.767918375 -0.000000
1994 -74.992516276 39.183409392 2.974598
1995 -74.899227897 39.099450642 -0.000000
1996 -74.961587146 39.058805677 4.398394
1997 -75.404340149 39.125385645 1.559916
1998 -75.161104849 38.810683025 5.336420
1999 -75.531311665 39.503667952 -0.000000
2000 -75.377329433 39.233968979 3.859762
2001 -74.964692864 39.181927260 2.802278
2002 -75.305813364 39.021546785 5.371618
2003 -75.063405787 38.762350461 -0.000000
2004 -75.571657977 39.456281570 -0.000000
2005 -75.435132841 39.307090808 1.983934
2006 -75.371938047 39.261103799 6.254924
2007 -74.851575847 38.948973093 -0.000000
2008 -75.118128417 38.796579162 5.243602
2009 -75.198726620 39.163725084 6.616247
2010 -75.565406084 39.542893581 -0.000000
2011 -75.158320660 39.188183754 3.779537
2012 -75.149805911 38.852025252 6.384472
2013 -75.292552127 38.951669800 2.548967
2014 -75.135816422 38.838361505 5.989145
2015 -75.442131107 39.322065759 3.254881
2016 -75.352928692 39.134646927 3.998362
2017 -75.354213275 39.340743067 2.675591
2018 -75.415395561 39.385159545 2.520060
2019 -75.393641094 39.231886475 3.196480
2020 -74.892866874 38.931090631 -0.000000
2021 -74.913178165 38.922904527 -0.000000
2022 -75.075012480 38.740983692 -0.000000
2023 -75.159645881 38.795511369 2.567837
2024 -75.055654365 38.792484915 19.967951
2025 -74.930018354 38.924192460 6.390174
2026 -75.351753177 39.061633267 3.753666
2027 -74.977226113 39.187006064 2.372984
2028 -74.976157786 38.962720357 7.522007
2029 -75.536017019 39.497521977 -0.000000
2030 -75.400047436 39.066936862 1.189758
2031 -75.268139933 38.899767496 4.385001
2032 -75.556111413 39.523436923 -0.000000
2033 -74.975730327 38.929426864 6.217070
2034 -75.537540444 39.451915684 -0.000000
2035 -75.403481461 39.142629459 2.070805
2036 -75.446027184 39.368176334 7.770475
2037 -74.916909668 39.103746225 -0.000000
2038 -75.389785221 39.333481788 5.776485
2039 -75.395713262 39.337292965 7.548786
2040 -75.295172389 39.031164170 7.834125
2041 -75.221758436 39.241137507 4.515467
2042 -74.936333008 39.060982275 5.844003
2043 -75.396718380 39.100033946 1.158391
2044 -75.431846348 39.293422774 1.280003
2045 -75.402651920 39.237264885 1.207705
2046 -75.116571394 38.826177654 8.169703
2047 -75.462320852 39.429798057 -0.000000
2048 -75.138294317 38.785709637 3.707011
2049 -74.930790452 39.193896940 0.553811
2050 -74.938170003 38.917200130 10.644029
2051 -75.191781935 39.224852958 3.998614
2052 -75.308104787 38.926706672 1.629919
2053 -75.494488128 39.389048804 6.535509
2054 -75.422818763 39.317738754 3.102241
2055 -74.963957499 38.976911573 2.570302
2056 -74.907153416 38.920461125 -0.000000
2057 -75.542926447 39.501998114 -0.000000
2058 -75.395322588 39.272106213 3.485020
2059 -75.500102244 39.431328167 -0.000000
2060 -75.176111967 39.228382831 3.586221
2061 -75.301947133 39.265746691 6.153035
2062 -75.559652363 39.539235839 -0.000000
2063 -75.024546231 39.215467248 4.770303
2064 -75.117423041 39.187590177 2.711140
2065 -75.504604325 39.405890083 15.022873
2066 -75.174686601 38.804485019 3.828688
2067 -75.358070978 39.124284659 4.297601
2068 -75.416668031 39.350695721 5.912649
2069 -75.485186726 39.439161191 -0.000000
2070 -74.929127601 39.067522475 5.076578
2071 -75.214975020 39.262588447 1.904242
2072 -75.030890383 39.186582751 1.784542
2073 -75.575148443 39.497124618 -0.000000
2074 -75.372696874 39.186438106 4.556172
2075 -74.918862628 39.097131274 -0.000000
2076 -75.250351879 38.990478266 8.157737
2077 -75.187613936 38.814578057 3.555179
2078 -75.068263539 39.102956619 5.910526
2079 -75.461935027 39.335775385 3.614010
2080 -75.147455686 38.796292965 4.957867
2081 -75.188353940 38.826190237 4.332488
2082 -75.006639566 39.188204266 1.739662
2083 -75.333801363 39.021873157 1.730283
2084 -75.142721812 39.183263352 2.986459
2085 -75.433601008 39.388095871 5.229344
2086 -75.330876718 39.304060718 6.042107
2087 -74.932429508 39.180248069 1.893284
2088 -75.550157676 39.537553294 -0.000000
2089 -75.465361684 39.378387794 11.032182
2090 -75.054953045 38.747005883 -0.000000
2091 -75.473578812 39.349184593 3.698677
2092 -74.998241198 38.946120759 9.294946
2093 -75.191508997 39.235471104 3.364500
2094 -75.206489567 38.830960067 2.947250
2095 -75.169431180 39.201114722 4.362185
2096 -74.909449512 39.176024723 -0.000000
2097 -75.535481308 39.494756601 -0.000000
2098 -75.305039834 39.002567779 4.421407
2099 -75.495277833 39.360807956 3.187886
2100 -75.461827019 39.419337345 3.434399
2101 -75.345597466 39.307644152 5.578777
2102 -75.238655079 39.271890392 2.657239
2103 -75.082568639 39.187616513 3.035475
2104 -75.464895132 39.420544001 -0.000000
2105 -75.185938954 39.244334833 1.513764
2106 -75.314673165 38.984633439 1.590147
2107 -74.915147298 39.074796222 -0.000000
2108 -75.584129416 39.478102905 -0.000000
2109 -74.933805727 39.048357005 1.186138
2110 -75.291194878 38.931477403 3.046863
2111 -75.533207022 39.524517023 -0.000000
2112 -75.401308438 39.115041391 1.264183
2113 -75.262430041 39.273670748 5.045110
2114 -75.483796248 39.353234273 3.459285
2115 -75.178164071 38.828926352 4.087003
2116 -74.980969758 38.934587782 10.575386
2117 -74.956346266 38.918248175 9.547069
2118 -75.027052642 39.033598534 5.965769
2119 -74.946500767 38.929626792 5.383107
2120 -75.515318245 39.400964025 4.914737
2121 -75.586881346 39.461590327 -0.000000
2122 -75.139131072 39.180555673 3.656904
2123 -75.148629716 39.185657990 3.118267
2124 -75.551127912 39.495476447 -0.000000
2125 -75.294048610 39.265061804 5.289789
2126 -75.317503243 39.014144209 3.463957
2127 -75.389107878 39.062690464 1.564660
2128 -75.007106026 38.753788795 -0.000000
2129 -75.081139820 39.170910877 3.754187
2130 -75.548663657 39.479968410 -0.000000
2131 -75.281142208 38.899383244 2.429643
2132 -75.386326348 39.061101733 1.982282
2133 -75.404181320 39.139730504 2.007355
2134 -75.412419272 39.310715269 4.640943
2135 -75.559913299 39.546675593 -0.000000
2136 -75.536384515 39.500308874 -0.000000
2137 -75.140595952 39.185437329 1.448361
2138 -74.926030125 39.151735055 3.116920
2139 -75.216040882 39.229373712 5.416543
2140 -75.295761027 38.965005004 2.446088
2141 -75.230485557 38.868810923 2.236095
2142 -74.957744702 39.021604709 5.664054
2143 -75.282696124 38.896799384 1.849755
2144 -75.371405131 39.106027321 3.630251
2145 -75.026188171 39.190264425 1.698477
2146 -74.909085500 39.079201356 -0.000000
2147 -75.414065022 39.282353785 2.702893
2148 -75.383116815 39.102947002 2.628602
2149 -75.259267394 38.977075316 5.983140
2150 -74.857833203 38.940206203 -0.000000
2151 -75.449011033 39.392791200 4.456172
2152 -75.252890867 39.265457203 4.725204
2153 -75.118049544 38.854707914 13.225949
2154 -75.424744517 39.298823290 3.125725
2155 -75.375758981 39.328852447 6.625841
2156 -75.428465728 39.296995120 1.605725
2157 -75.089161845 38.812542309 22.403179
2158 -74.963472126 39.014424006 5.970103
2159 -74.944021257 38.930195735 4.122273
2160 -75.331065346 39.058343891 4.871595
2161 -75.583108114 39.490039187 -0.000000
2162 -74.993657575 38.913787287 6.808277
2163 -75.215916355 38.911742893 8.851324
2164 -74.889064944 39.141022941 -0.000000
2165 -75.577547912 39.457405693 -0.000000
2166 -75.385714214 39.209823304 3.326038
2167 -74.932848679 38.922088540 5.455388
2168 -75.178893096 39.107974463 6.787901
2169 -75.365224151 39.324843527 5.785606
2170 -75.408707686 39.267423408 2.546470
2171 -75.382454032 39.185405723 2.946648
2172 -75.033429015 38.799525741 24.739817
2173 -75.513891020 39.375283845 1.057346
2174 -75.148067495 39.126230418 4.406380
2175 -75.060577096 39.189171466 3.124463
2176 -75.092992891 39.208262470 1.934502
2177 -75.433200739 39.378596752 5.563945
2178 -74.954151146 38.928732972 7.738708
2179 -75.073072064 38.738381448 -0.000000
2180 -75.411441485 39.365153135 4.810069
2181 -74.942064199 39.057961318 5.737693
2182 -75.124050406 38.831738252 6.033430
2183 -74.916004624 39.127498890 -0.000000
2184 -75.041890632 38.928321943 11.388309
2185 -74.976717671 38.815733593 14.278347
2186 -75.417663491 39.281867335 1.879387
2187 -75.538395488 39.428385556 -0.000000
2188 -75.299189152 38.997219911 4.610353
2189 -75.210123750 39.255611516 3.496260
2190 -75.554238586 39.451022339 -0.000000
2191 -75.358408747 39.342237818 0.225776
2192 -75.545022673 39.496710301 -0.000000
2193 -75.145813615 39.184515279 3.110586
2194 -74.959643487 38.995839321 2.396840
2195 -74.939657299 39.049767921 5.233014
2196 -74.959534858 39.083780027 4.156559
2197 -74.884578658 38.935490941 -0.000000
2198 -75.069865103 38.778592895 -0.000000
2199 -75.148900103 38.792508159 3.662349
2200 -75.500045388 39.426582926 -0.000000
2201 -75.075430438 38.771196460 -0.000000
2202 -75.393458752 39.202691925 1.723166
2203 -75.551278277 39.527266949 -0.000000
2204 -75.561025091 39.514458407 -0.000000
2205 -75.530853009 39.532483690 -0.000000
2206 -75.397452091 39.347425634 4.418008
2207 -75.389134905 39.345890484 5.181868
2208 -74.877095831 38.900638144 -0.000000
2209 -75.533212964 39.409612371 1.410585
2210 -75.456576496 39.341777663 6.537788
2211 -75.049845645 38.752198685 -0.000000
2212 -75.411302329 39.378799234 3.753540
2213 -75.400437741 39.218600254 1.278345
2214 -74.910747758 39.103650376 -0.000000
2215 -75.252969092 39.291756750 2.529849
2216 -75.071521175 39.199469370 2.538724
2217 -75.466283062 39.435913482 -0.000000
2218 -74.845330648 38.932130989 -0.000000
2219 -74.988812484 39.165997557 3.757239
2220 -75.225591661 38.857042780 2.856230
2221 -75.115891228 39.204696099 1.568014
2222 -75.124568938 39.178707912 2.907592
2223 -75.232310481 39.002049497 21.373251
2224 -75.115730361 38.784208981 2.952396
2225 -74.886697382 39.144985951 -0.000000
2226 -75.133533585 39.183992166 2.257389
2227 -75.396159115 39.259199128 3.559591
2228 -75.496828187 39.371720037 4.185977
2229 -75.420867975 39.279604667 1.330480
2230 -75.388955135 39.230584168 3.685511
2231 -75.558169204 39.449280603 -0.000000
2232 -75.540520568 39.449373508 -0.000000
2233 -75.009308138 38.799824693 14.291723
2234 -75.210061471 39.226457530 5.708803
2235 -74.978652414 38.969840052 7.212629
2236 -75.534054708 39.418343560 4.067917
2237 -75.405860567 39.266433905 3.377296
2238 -75.343730424 39.275752339 10.186260
2239 -75.057195764 38.801989382 19.135590
2240 -74.911979470 39.076369778 -0.000000
2241 -75.214833006 38.836955933 1.455582
2242 -75.493214347 39.383737089 6.230776
2243 -74.910022759 39.084126774 -0.000000
2244 -75.279178768 39.299878361 3.061673
2245 -75.433383908 39.297614318 2.122269
2246 -74.944456257 39.042478583 5.032925
2247 -75.271742546 39.284323238 3.754568
2248 -75.403366265 39.241585467 1.136796
2249 -74.941483103 39.175149870 2.902456
2250 -75.258363831 39.262296011 7.012129
2251 -75.128823330 39.170994082 3.849397
2252 -75.525465781 39.399064013 1.168213
2253 -75.530115208 39.416297181 5.670554
2254 -75.326481964 39.328592385 3.351309
2255 -75.346944787 39.192455650 4.593672
2256 -74.968381457 39.189715970 1.539221
2257 -75.154476883 38.799314796 5.205031
2258 -75.036689392 39.191153351 3.219885
2259 -75.378971072 39.051173628 1.389165
2260 -75.480295697 39.357055183 5.520656
2261 -75.167390152 39.220066418 1.246013
2262 -75.554174088 39.463650064 -0.000000
2263 -75.389228892 39.168777026 2.825052
2264 -75.577788588 39.505331619 -0.000000
2265 -74.911231149 38.929296398 -0.000000
2266 -75.211044800 39.171385198 8.447917
2267 -75.075306998 38.768109978 -0.000000
2268 -75.394430681 39.235739380 3.441437
2269 -75.229938488 38.858971192 2.965946
2270 -75.565213914 39.532659638 -0.000000
2271 -75.252237793 39.009443435 7.666436
2272 -74.942246432 39.034059980 0.585723
2273 -75.558309958 39.522308092 -0.000000
2274 -74.977127594 38.942831413 8.241201
2275 -75.508385786 39.432697624 -0.000000
2276 -75.329585232 39.333412923 3.437555
2277 -75.497215508 39.447950472 -0.000000
2278 -74.891401621 39.154164732 -0.000000
2279 -75.175475207 39.239952200 1.439524
2280 -75.542674045 39.444440427 -0.000000
2281 -75.369006523 39.064496840 3.421814
2282 -75.171027740 38.798512890 1.430853
2283 -75.219122006 39.264002946 1.846671
2284 -75.336813301 39.032570307 4.183682
2285 -75.413986335 39.303902397 3.724029
2286 -74.945648153 39.181510019 2.698051
2287 -75.374900194 39.049057442 2.165147
2288 -74.901316224 38.928440048 -0.000000
2289 -74.852675453 38.879338907 -0.000000
2290 -75.063333057 38.736795860 -0.000000
2291 -75.207517419 39.252905716 3.552056
2292 -75.009889820 39.175353508 3.592106
2293 -75.136954217 39.144579563 3.844723
2294 -75.395680028 39.146110127 2.564631
2295 -75.562043712 39.481580483 -0.000000
2296 -75.390038100 39.349320554 4.095469
2297 -75.323330900 39.307295340 4.791871
2298 -75.463390411 39.392910787 7.739451
2299 -75.537381595 39.546607148 -0.000000
2300 -75.559067078 39.527364279 -0.000000
2301 -75.156185563 39.193073414 1.940220
2302 -75.484031246 39.360325080 5.062155
2303 -75.377919214 39.074852941 2.779011
2304 -75.551669963 39.519416228 -0.000000
2305 -75.170336706 39.180027913 5.727680
2306 -75.169026250 38.796373582 2.032210
2307 -75.535714751 39.535831443 -0.000000
2308 -75.381205889 39.206254683 4.033982
2309 -74.991311053 38.720000002 -0.000000
2310 -75.393735238 39.190855981 2.454947
2311 -75.315760335 39.188858315 5.451549
2312 -75.321719485 39.006478617 2.604087
2313 -74.930981386 39.145699591 3.289978
2314 -75.531642747 39.445429340 -0.000000
2315 -74.961405142 38.915905056 8.151472
2316 -74.895674308 38.932072839 -0.000000
2317 -74.992279603 38.962690710 8.640059
2318 -75.521060116 39.428862572 -0.000000
2319 -75.547604707 39.494992351 -0.000000
2320 -74.976608565 39.166391358 3.555081
2321 -75.036048931 38.788062975 28.011763
2322 -75.433293857 39.300146161 1.469724
2323 -75.143301246 38.795825948 4.759587
2324 -75.124315965 39.189416591 2.806895
2325 -74.960388483 39.006947393 6.006443
2326 -75.255769808 38.872911209 1.779325
2327 -74.849707652 38.935374193 -0.000000
2328 -75.203409474 38.825638161 2.908461
2329 -75.389010796 39.323520284 5.680959
2330 -75.071165318 38.816009696 20.822025
2331 -75.019912124 39.017105048 5.013668
2332 -75.398744459 39.274759073 3.332729
2333 -75.197220532 38.887504378 8.435185
2334 -75.089273216 38.806015769 29.942635
2335 -75.003215671 38.815409557 14.735363
2336 -75.432954702 39.304021797 2.020889
2337 -74.935618494 38.924432127 8.363668
2338 -75.201792838 39.214874208 4.287327
2339 -74.971609359 38.993726301 6.713565
2340 -74.908185422 39.099080320 -0.000000
2341 -74.971304189 39.018639961 4.770207
2342 -75.377503407 39.068554109 2.696473
2343 -74.870772695 38.916790254 -0.000000
2344 -75.435457074 39.309588377 2.281452
2345 -75.211997441 38.871153222 5.361063
2346 -75.316380617 39.006510991 3.678173
2347 -75.154460796 38.804907055 5.543110
2348 -74.946087036 39.026205793 1.149983
2349 -74.987117694 39.190088470 2.271311
2350 -75.167775984 38.805437010 4.701560
2351 -75.479974735 39.437606220 -0.000000
2352 -75.364754711 39.068036595 3.457166
2353 -75.425635882 39.293663849 2.228856
2354 -75.388537868 39.092640995 1.830906
2355 -75.017490160 38.971810649 8.354487
2356 -74.900149265 39.135333963 -0.000000
2357 -74.952226745 39.023336718 5.217480
2358 -75.103154521 39.212661609 2.117916
2359 -75.386543495 39.190820033 3.332467
2360 -75.417468219 39.377923358 4.519059
2361 -75.386584841 39.205531695 4.135155
2362 -75.234955564 38.961616967 6.361015
2363 -75.415522052 39.275712070 1.997030
2364 -75.456300889 39.354836178 8.656169
2365 -75.021612538 39.226089412 0.994329
2366 -75.191258225 38.822446501 3.930561
2367 -75.340445270 39.343929991 2.713886
2368 -75.398745841 39.222468079 3.139947
2369 -75.141903793 38.806191542 6.097795
2370 -75.355465710 39.348401886 0.222038
2371 -75.379175096 39.200567243 4.160183
2372 -75.393073491 39.212725610 4.308439
2373 -74.919605459 38.922621992 -0.000000
2374 -74.968692425 38.959626214 5.048172
2375 -75.309164469 39.277188237 5.048576
2376 -75.261393956 38.883139808 2.912173
2377 -75.172568704 39.211735729 4.266209
2378 -75.159331612 38.882835037 11.332635
2379 -75.190142685 38.812907255 2.508960
2380 -75.139881572 39.183178408 2.011528
2381 -75.484975043 39.436530028 -0.000000
2382 -74.894453724 39.164962371 -0.000000
2383 -75.351402152 39.335420836 3.617923
2384 -74.858989238 38.906388884 -0.000000
2385 -74.867863328 38.964944291 -0.000000
2386 -75.512600860 39.391508328 3.171176
2387 -75.576054648 39.448007027 -0.000000
2388 -75.195839269 38.855100959 3.833043
2389 -75.330291581 39.069836672 3.591489
2390 -74.911976951 39.174589521 -0.000000
2391 -75.175288658 38.823559095 4.954848
2392 -75.148880141 39.166636625 4.315808
2393 -75.332558449 39.033843313 5.072905
2394 -74.948443137 39.026199382 3.308690
2395 -75.476851173 39.422219918 -0.000000
2396 -75.565574995 39.485213211 -0.000000
2397 -75.288336087 38.899999276 1.602709
2398 -75.422100969 39.343221044 11.764995
2399 -75.168810682 38.839179951 4.971759
2400 -74.922105082 39.164036890 2.996125
2401 -75.047965440 39.176769549 3.701555
2402 -75.414100099 39.378125514 4.678016
2403 -75.333686971 39.327109041 3.854595
2404 -75.392661437 39.071398357 1.765290
2405 -75.555724646 39.520930991 -0.000000
2406 -75.107081719 38.902509054 18.733982
2407 -74.872890270 38.937890150 -0.000000
2408 -75.314486245 39.007818617 3.701316
2409 -75.111312246 38.789834287 3.683314
2410 -75.210517906 39.247194930 4.091336
2411 -74.927544840 39.159920354 3.088418
2412 -75.051103605 39.210960973 1.810143
2413 -75.253000453 38.882034402 3.086727
2414 -75.258622839 39.149105865 9.923820
2415 -75.134501935 39.133323361 3.942657
2416 -75.376948814 39.352762728 2.205871
2417 -74.928208821 39.193874724 0.121198
2418 -75.533603046 39.516470999 -0.000000
2419 -75.320112939 39.017888013 3.338120
2420 -75.001098648 39.188116317 2.297123
2421 -75.530577286 39.508979383 -0.000000
2422 -74.857168654 38.932291378 -0.000000
2423 -75.104562738 38.859396478 23.268845
2424 -75.515409859 39.392031392 2.532843
2425 -75.488681945 39.367926397 3.241653
2426 -75.084017892 38.820141498 19.624298
2427 -75.406466454 39.270118206 2.560202
2428 -74.861219748 38.937003444 -0.000000
2429 -75.016532701 39.191635350 2.003924
2430 -75.178615947 38.818035764 4.800979
2431 -75.323173897 39.116972722 3.976386
2432 -75.569100417 39.500415137 -0.000000
2433 -75.404669451 39.349077944 4.945067
2434 -74.875357655 38.925177474 -0.000000
2435 -75.022110848 39.052087359 5.441458
2436 -75.562822963 39.521788068 -0.000000
2437 -75.530433364 39.409962464 1.674470
2438 -75.517920480 39.391170956 1.767277
2439 -75.206467819 38.897533205 7.231866
2440 -74.923740672 39.168858806 2.810127
2441 -75.070415746 38.728302619 -0.000000
2442 -75.434885295 39.302364758 1.538291
2443 -75.106388132 38.802250257 7.466031
2444 -75.402557133 39.358032853 4.611897
2445 -75.065345041 38.742340825 -0.000000
2446 -75.139044174 38.789274967 3.997821
2447 -75.198368546 39.248499638 3.041464
2448 -74.920381983 38.918182741 10.468714
2449 -75.025823069 39.208601671 0.858468
2450 -75.202961546 38.836198548 2.835133
2451 -75.511085955 39.455659246 -0.000000
2452 -75.283227542 38.982954477 4.796134
2453 -75.389252021 39.087918877 2.118387
2454 -75.278523495 39.295932996 3.382785
2455 -75.516529198 39.380580361 2.339884
2456 -75.553404160 39.472669601 -0.000000
2457 -75.398684250 39.180209102 2.240609
2458 -75.093435199 38.921161616 15.534137
2459 -75.548758171 39.504425522 -0.000000
2460 -75.391511228 39.109230065 2.039173
2461 -75.348263443 39.028493054 1.659313
2462 -74.932605874 39.191658949 0.693185
2463 -75.464348693 39.342158952 3.883615
2464 -75.519453394 39.408122219 5.995549
2465 -75.322807593 39.318614745 3.174939
2466 -75.504967761 39.444318763 -0.000000
2467 -75.277269592 38.900073668 2.551102
2468 -74.950941124 39.044538528 6.221024
2469 -74.989881163 39.173020669 3.619968
2470 -75.107977614 39.203080676 2.276071
2471 -75.276261650 38.968274769 3.879056
2472 -74.886762717 38.931623404 -0.000000
2473 -74.988342061 38.884647960 9.865437
2474 -75.080415472 38.780706042 8.323712
2475 -75.209608926 38.840548951 3.596858
2476 -75.390472363 39.146396232 2.933968
2477 -75.225174082 39.164409019 6.603584
2478 -75.461454390 39.402467605 5.531650
2479 -75.514018015 39.382111392 2.230611
2480 -75.395687747 39.072891573 1.434848
2481 -75.309751851 39.007063401 3.974787
2482 -74.936676416 39.175143642 2.876726
2483 -74.962500805 39.187683058 2.134419
2484 -75.455697530 39.419726840 2.490904
2485 -75.428422616 39.325199001 8.349795
2486 -75.359621543 39.334991471 5.493060
2487 -74.947057559 39.092620577 3.929662
2488 -75.225035349 39.235768754 5.825730
2489 -75.240239224 38.858333410 1.890270
2490 -75.334796315 39.013219933 1.310504
2491 -75.296397376 38.914273119 2.702077
2492 -75.171846862 38.830081352 4.634855
2493 -74.831892948 38.964248215 -0.000000
2494 -75.001764979 38.954775074 6.924979
2495 -75.370023080 39.250121993 4.511725
2496 -75.519758784 39.402989846 4.533319
2497 -75.263235812 38.886445589 2.796867
2498 -75.253897817 39.185119373 4.961725
2499 -75.238728479 38.853654878 1.171290
2500 -75.337366802 39.022027934 1.672068
2501 -75.493058691 39.346622090 3.480242
2502 -75.294771968 39.276422391 5.405236
2503 -75.061629518 39.208868101 1.975022
2504 -75.491947267 39.348962281 1.639015
2505 -75.317453733 38.994368373 1.603877
2506 -75.030359162 39.179834926 2.603533
2507 -75.404215110 39.118116690 1.042261
2508 -75.487370688 39.358176771 3.561397
2509 -74.906061851 39.091800323 -0.000000
2510 -74.973327595 38.950320281 7.941602
2511 -74.980705006 39.191366332 1.411352
2512 -74.911052307 39.147889902 -0.000000
2513 -75.537547769 39.459489673 -0.000000
2514 -75.101537870 38.811668716 15.814309
2515 -75.401060893 39.350898127 4.887733
2516 -75.490511765 39.358885777 3.488206
2517 -75.290585393 38.904685364 1.940734
2518 -75.159913108 39.197442053 1.663668
2519 -75.273331045 38.924068153 3.436950
2520 -74.982286039 38.918689942 11.344828
2521 -75.381420285 39.056446521 1.864847
2522 -75.528246399 39.440315455 -0.000000
2523 -75.430955675 39.314305134 2.632324
2524 -75.182487055 39.236824406 3.220986
2525 -75.272715678 38.887740858 2.350964
2526 -75.385226293 39.184296479 2.865172
2527 -74.967392166 38.916673189 6.948645
2528 -75.118955698 38.791872778 4.354088
2529 -75.056361610 39.209384288 1.959002
2530 -74.890530280 39.164467854 -0.000000
2531 -75.224399208 39.252693168 5.218967
2532 -75.337178117 39.317652149 5.822372
2533 -74.933219375 38.918060245 9.817473
2534 -75.240513020 38.856017936 1.402576
2535 -74.964561586 38.929506585 10.388587
2536 -74.962339785 39.183020747 2.647793
2537 -75.278266476 39.250884808 5.140501
2538 -75.104195245 39.126332773 5.143032
2539 -75.059328427 39.196948379 2.387971
2540 -75.302571700 39.107900898 4.417767
2541 -75.556522025 39.514133324 -0.000000
2542 -75.386733492 39.106598764 2.226017
2543 -75.459299424 39.411219715 3.843270
2544 -75.395204716 39.359000987 4.452460
2545 -75.031023446 39.218276399 0.859506
2546 -74.973781293 38.918077932 12.349366
2547 -74.925288847 39.081965489 4.511189
2548 -74.890916034 39.132485970 -0.000000
2549 -75.028043697 39.140376581 4.258104
2550 -75.474542213 39.341753968 3.104175
2551 -75.581066315 39.457977199 -0.000000
2552 -75.095157847 39.201802924 2.017563
2553 -75.072988582 38.840680139 43.442326
2554 -75.396001639 39.108597830 1.454548
2555 -75.464725329 39.352506168 6.682189
2556 -74.901180685 39.119692191 -0.000000
2557 -74.931556280 39.060150478 4.542565
2558 -74.893110382 39.117179128 -0.000000
2559 -75.365167999 39.340408633 3.961487
2560 -74.898020151 39.124516830 -0.000000
2561 -75.119552153 38.788308637 4.500124
2562 -75.372051407 39.090617543 3.347454
2563 -75.418211873 39.369422868 5.274659
2564 -74.994573022 39.025232722 7.624721
2565 -75.094967451 38.796143849 1.002047
2566 -75.071729978 38.746439833 -0.000000
2567 -75.100835794 38.795828370 4.774217
2568 -75.395895754 39.244994917 3.093200
2569 -75.523267607 39.455138712 -0.000000
2570 -74.906861919 39.175617111 -0.000000
2571 -75.259257675 39.298930811 2.484415
2572 -75.510489271 39.437000226 -0.000000
2573 -75.586049385 39.485384184 -0.000000
2574 -75.100668120 38.806668119 11.478622
2575 -75.527901889 39.399610628 0.881573
2576 -75.295276592 39.281506724 6.766013
2577 -75.323595423 39.298274844 5.378161
2578 -75.073243964 38.721897416 -0.000000
2579 -75.175105512 38.808626235 4.231089
2580 -75.385161131 39.172794182 3.101974
2581 -75.405254822 39.155541968 2.124151
2582 -74.899153464 39.106633843 -0.000000
2583 -75.474997047 39.338292579 2.754153
2584 -75.122943965 38.822683222 5.893106
2585 -75.394817184 39.182562728 2.575940
2586 -75.500235467 39.363806436 2.081128
2587 -75.090238134 39.207073633 2.314920
2588 -75.233860048 38.859583525 2.260007
2589 -75.084748898 38.789836318 7.442769
2590 -75.557348075 39.472073942 -0.000000
2591 -75.243183153 39.270753730 3.018785
2592 -75.418343437 39.375139356 4.726429
2593 -75.129140171 38.784295403 3.901678
2594 -75.272590034 38.931922220 3.841567
2595 -75.183131027 38.839741687 3.494393
2596 -74.932590009 39.064567893 5.465172
2597 -75.058282909 38.724982261 -0.000000
2598 -75.444268377 39.319791045 2.782282
2599 -75.251391319 39.248684167 5.418529
2600 -75.079051717 38.772372717 -0.000000
2601 -75.047220776 39.188641469 2.975374
2602 -75.344633101 39.034111508 3.164492
2603 -75.189711643 39.196517851 6.225517
2604 -75.396658509 39.102974733 1.227298
2605 -75.125574169 39.197174623 2.448145
2606 -75.311700013 38.935426105 1.238136
2607 -75.182330910 38.823837087 4.927981
2608 -75.481699478 39.349889665 3.672174
2609 -74.906915259 39.160296182 -0.000000
2610 -75.402062563 39.176518058 1.920878
2611 -75.394341716 39.064483601 1.254204
2612 -75.444465891 39.329798904 4.279714
2613 -75.513301936 39.446324377 -0.000000
2614 -75.532735388 39.529781928 -0.000000
2615 -75.586808367 39.493199439 -0.000000
2616 -75.377920418 39.102896469 3.558132
2617 -75.039063657 39.047821063 7.598280
2618 -75.394290367 39.200098007 1.368105
2619 -74.897881690 39.145698608 -0.000000
2620 -75.501915717 39.412354258 7.840798
2621 -74.960564085 38.998329015 4.345932
2622 -74.969928810 38.920881269 6.312172
2623 -75.246832053 39.287806058 2.747401
2624 -74.917370874 39.170566288 -0.000000
2625 -75.414464341 39.289504407 3.537378
2626 -75.575347068 39.467827503 -0.000000
2627 -75.473446727 39.335860257 2.090953
2628 -75.387811370 39.351289314 2.426199
2629 -74.896821683 39.165184191 -0.000000
2630 -75.366771420 39.347089056 1.812172
2631 -75.549849019 39.532200666 -0.000000
2632 -74.858968936 38.920676026 -0.000000
2633 -74.989191471 38.939276331 10.786699
2634 -74.961182761 39.156845993 3.536451
2635 -74.961038432 39.185580930 2.107726
2636 -74.935614749 39.053336891 4.714000
2637 -75.116439367 39.143529397 4.187279
2638 -75.305714572 38.932116110 1.777121
2639 -75.165969356 39.209929414 1.711661
2640 -75.075072941 38.754884301 -0.000000
2641 -75.340463178 39.022037789 1.395050
2642 -75.292247073 39.291671381 2.690953
2643 -75.486968226 39.346856749 2.157945
2644 -74.828846574 38.963757341 -0.000000
2645 -75.415792146 39.298663139 3.895353
2646 -75.267724461 38.883336091 2.046526
2647 -75.027213411 39.187187632 2.047063
2648 -75.368702217 39.051376478 3.091831
2649 -74.994565931 38.919964705 9.295304
2650 -75.341349852 39.338338985 3.056145
2651 -75.205272453 39.258372800 2.822227
2652 -75.060719732 38.858405152 16.695583
2653 -75.398975070 39.069517167 0.947662
2654 -75.114045977 39.211629154 1.076012
2655 -75.395636795 39.186896921 2.444680
2656 -75.580717353 39.479992865 -0.000000
2657 -75.190121021 38.819408884 3.821345
2658 -75.445751101 39.317601406 2.140491
2659 -74.946243516 39.045388631 5.998017
2660 -75.465561836 39.332138055 2.482810
2661 -75.318364870 39.004474114 3.479019
2662 -74.974773422 38.990712984 6.420563
2663 -75.361176970 39.177308543 4.022385
2664 -75.405147594 39.223206549 3.093590
2665 -75.496786428 39.363986728 3.031829
2666 -75.315406586 39.304534973 4.406007
2667 -75.070684770 39.211162390 1.560367
2668 -75.382523747 39.191835116 3.435547
2669 -75.430633913 39.308579618 2.182060
2670 -75.233914604 39.263672850 4.458808
2671 -75.085819690 38.827356438 21.267473
2672 -75.053368940 39.208887425 2.087937
2673 -75.429559196 39.380075428 5.903897
2674 -74.900657279 38.925665391 -0.000000
2675 -75.157289759 38.809517911 5.462586
2676 -75.171509381 38.811794878 4.832337
2677 -75.197410356 39.243785941 3.420766
2678 -75.059361116 38.741771938 -0.000000
2679 -74.915567309 39.141118290 -0.000000
2680 -75.291641766 39.272342571 5.295913
2681 -75.523556931 39.458599852 -0.000000
2682 -75.499178889 39.441831539 -0.000000
2683 -74.952042187 39.155595479 3.330176
2684 -75.397533128 39.105676789 1.052399
2685 -75.409834534 39.297831468 4.304134
2686 -75.033044355 39.126109939 4.445265
2687 -75.111456106 39.213549950 0.944878
2688 -75.191943511 38.811532651 0.984064
2689 -75.398821779 39.369844924 3.104614
2690 -75.392876323 39.219148632 3.914107
2691 -75.487290957 39.441409701 -0.000000
2692 -74.963757308 38.919408416 7.824623
2693 -75.144196396 38.789216726 3.694690
2694 -75.461493173 39.425452852 -0.000000
2695 -75.376826910 39.160840606 3.739025
2696 -75.030470124 39.198998728 0.990762
2697 -74.828696795 38.959804619 -0.000000
2698 -75.387895340 39.132061058 3.029877
2699 -75.392534858 39.277362207 5.596848
2700 -75.507685636 39.386313507 2.869401
2701 -75.368594813 39.334012730 5.037477
2702 -75.076547020 38.749725342 -0.000000
2703 -75.293195490 38.977268129 2.856598
2704 -75.391697610 39.200795944 2.798995
2705 -75.395759631 39.213094077 2.325156
2706 -75.316300158 39.307221107 4.215737
2707 -74.906954698 39.108080690 -0.000000
2708 -74.921090209 39.134497695 3.264434
2709 -75.280630771 39.271159376 6.874049
2710 -75.120665112 39.184954287 2.750067
2711 -75.392061647 39.119571517 2.544168
2712 -74.973893303 38.900255627 9.917069
2713 -74.936483787 39.040937324 0.589547
2714 -75.440955980 39.355578008 12.266850
2715 -75.571240297 39.501597936 -0.000000
2716 -75.398893658 39.252003340 3.074568
2717 -75.398039748 39.082200712 1.240100
2718 -75.108529186 39.178505546 3.131911
2719 -75.484463332 39.433042531 -0.000000
2720 -74.974296965 38.947299486 8.522087
2721 -75.314686334 39.308982392 3.278567
2722 -74.966137699 38.959092823 3.268272
2723 -75.492457584 39.356309563 3.574265
2724 -75.507438218 39.379570504 3.078899
2725 -75.026507659 38.951395688 10.800380
2726 -75.058127165 38.923605520 12.992229
2727 -75.141292678 39.173956553 4.193273
2728 -75.559055963 39.453889779 -0.000000
2729 -75.401134695 39.375764818 2.819607
2730 -74.905145998 38.891902264 -0.000000
2731 -74.941530895 38.863185051 10.031011
2732 -75.242236191 38.865188543 2.200351
2733 -75.403223157 39.229602854 1.250566
2734 -75.264587558 38.928861196 3.942269
2735 -74.897245160 39.114835943 -0.000000
2736 -75.392427545 39.197964764 2.581901
2737 -75.212909862 38.841916527 3.469892
2738 -74.854339777 38.947778704 -0.000000
2739 -75.574525092 39.458615257 -0.000000
2740 -75.175075909 39.125504886 8.573276
2741 -75.346876500 39.026385758 1.432186
2742 -75.172865663 39.215646891 4.240431
2743 -75.570954523 39.514193736 -0.000000
2744 -74.892771550 39.146240919 -0.000000
2745 -75.286089602 39.289848822 3.518686
2746 -75.034572237 39.216504828 1.166177
2747 -75.201151960 39.232314053 4.642951
2748 -75.395946514 39.155657707 2.784681
2749 -74.824243457 38.962101621 -0.000000
2750 -75.402811316 39.272220026 2.423652
2751 -75.562573800 39.538174332 -0.000000
2752 -74.850130362 38.951074678 -0.000000
2753 -75.221298236 39.137080879 8.171536
2754 -75.239638976 39.256370449 4.654749
2755 -75.214734439 38.951391983 8.151362
2756 -74.903201237 38.930581227 -0.000000
2757 -75.316154676 38.989006825 1.591220
2758 -75.157848537 38.839094975 6.555529
2759 -75.503887360 39.447710442 -0.000000
2760 -74.945681150 39.054797745 5.403964
2761 -75.369996815 39.337819766 5.451556
2762 -75.248834321 38.895060193 4.663187
2763 -74.886237284 38.723067352 -0.000000
2764 -74.972043788 39.179851281 3.068127
2765 -75.221397257 39.213088905 5.795816
2766 -74.997781121 39.143755684 4.023366
2767 -74.978230524 39.019303723 7.340946
2768 -75.300936846 38.985544181 2.102255
2769 -74.909429112 39.081707456 -0.000000
2770 -74.895551579 39.109080289 -0.000000
2771 -75.104122503 39.209300308 1.942546
2772 -75.459992718 39.333556970 3.455368
2773 -75.444442761 39.400348400 4.389502
2774 -75.094177821 38.808756644 27.351767
2775 -74.943277532 39.136464375 3.631619
2776 -75.467341947 39.334921183 3.146730
2777 -75.176135133 39.234943462 3.064712
2778 -74.984117912 39.005819330 7.999703
2779 -75.406924959 39.124512732 0.687137
2780 -75.395600598 39.263308245 3.248775
2781 -74.890826727 38.923481739 -0.000000
2782 -75.101549386 38.801964983 4.953316
2783 -75.330399459 39.081625178 4.509683
2784 -75.458604546 39.414756176 3.432609
2785 -75.328511853 39.031175002 5.286625
2786 -74.837708395 38.885177443 -0.000000
2787 -75.303900448 39.086185730 4.061903
2788 -75.376994882 39.046639529 1.420024
2789 -75.550644145 39.489432227 -0.000000
2790 -74.869739181 38.893291420 -0.000000
2791 -75.104565441 38.821622785 8.592816
2792 -75.040779525 39.186389347 3.047659
2793 -75.041669986 39.134554525 4.614130
2794 -75.075985373 39.196620138 2.708752
2795 -75.388725632 39.201921708 4.292851
2796 -75.000126257 39.131380058 4.041287
2797 -75.541371124 39.503724913 -0.000000
2798 -75.282721045 39.019222991 10.115591
2799 -75.318272623 39.009239167 3.556604
2800 -75.347364450 39.047050759 4.632390
2801 -75.110265217 38.803775805 11.103947
2802 -75.561165392 39.435097611 -0.000000
2803 -75.561293948 39.503565646 -0.000000
2804 -75.530391512 39.511849799 -0.000000
2805 -75.086995956 38.796720027 6.777816
2806 -75.035099417 38.767288243 -0.000000
2807 -75.394441040 39.124089714 2.550449
2808 -75.569823949 39.487865698 -0.000000
2809 -75.171404968 38.807350364 4.498455
2810 -75.122199501 38.790071374 4.578557
2811 -75.565095182 39.540094073 -0.000000
2812 -74.960044392 39.171396552 3.253473
2813 -75.292538517 38.906303605 1.823683
2814 -75.116842425 39.195813875 2.352887
2815 -74.985681741 38.986092418 8.112426
2816 -74.949283460 39.016723263 0.885176
2817 -75.447288215 39.337943980 7.503006
2818 -75.459202363 39.426296329 -0.000000
2819 -75.545691115 39.483416739 -0.000000
2820 -75.422874240 39.323433711 10.330269
2821 -75.007368666 39.180414188 3.086842
2822 -75.566963477 39.519289727 -0.000000
2823 -75.563189805 39.493103126 -0.000000
2824 -75.366624788 39.278406921 10.062184
2825 -74.900948005 39.126695098 -0.000000
2826 -75.270262616 38.884063068 1.606050
2827 -75.198938288 39.222155377 6.243104
2828 -75.392568894 39.159154593 2.939578
2829 -75.119584979 38.976015153 14.535703
2830 -75.162539987 38.796167880 2.157650
2831 -75.214966199 39.120250413 13.857218
2832 -75.159150327 39.170866522 6.458722
2833 -75.220100712 38.843725262 2.652309
2834 -75.397846481 39.241600785 3.768901
2835 -74.891544393 38.902612464 -0.000000
2836 -75.079149729 38.790435524 5.534734
2837 -75.092395011 38.811514798 25.673527
2838 -75.527891640 39.429808943 -0.000000
2839 -75.465017570 39.337867759 3.665309
2840 -74.846404292 38.946605347 -0.000000
2841 -75.025617090 39.203524529 0.883656
2842 -75.534863208 39.511587173 -0.000000
2843 -75.560992154 39.463550811 -0.000000
2844 -74.899568951 39.096817980 -0.000000
2845 -75.049225601 39.119347236 4.728697
2846 -75.508118492 39.456597912 -0.000000
2847 -74.996569034 38.952109411 9.082540
2848 -75.535092810 39.544865239 -0.000000
2849 -75.537185553 39.540741625 -0.000000
2850 -75.284285180 38.965094591 3.381034
2851 -74.932167017 39.198273165 -0.036966
2852 -74.900036374 38.930476290 -0.000000
2853 -75.546434346 39.471984497 -0.000000
2854 -75.406352415 39.148738146 1.724215
2855 -74.894792989 39.162610620 -0.000000
2856 -75.437537298 39.380539052 5.496103
2857 -75.456102135 39.417368033 3.020364
2858 -75.392259836 39.188193551 3.056965
2859 -75.297464559 39.271828922 5.036038
2860 -75.531034750 39.516421004 -0.000000
2861 -75.005333199 39.175834877 3.584313
2862 -75.345661105 39.234120494 5.460628
2863 -75.522485989 39.393413826 1.637607
2864 -75.508546294 39.367008834 1.987659
2865 -75.087781007 38.867044888 34.967316
2866 -75.071481338 38.735195867 -0.000000
2867 -75.397613477 39.233571484 2.956076
2868 -75.499842799 39.391321777 6.161099
2869 -74.942080248 39.036768464 1.126601
2870 -75.438179944 39.392836576 4.670735
2871 -75.543746703 39.498297953 -0.000000
2872 -75.308962517 38.948072616 1.139281
2873 -75.300142636 39.288422045 6.069822
2874 -74.911737578 38.927260032 -0.000000
2875 -75.446649612 39.402757682 1.834450
2876 -75.311620251 38.981511794 1.924820
2877 -75.309744660 38.924836005 1.260993
2878 -75.542373617 39.466444926 -0.000000
2879 -75.309856614 39.295960957 4.302088
2880 -75.176288826 38.813021366 4.492084
2881 -74.899015949 39.109664395 -0.000000
2882 -75.318554959 39.289772134 5.097433
2883 -74.866558138 38.911990395 -0.000000
2884 -75.544476719 39.512631478 -0.000000
2885 -75.544318754 39.469989446 -0.000000
2886 -75.321756064 39.013176387 3.273348
2887 -75.320844773 38.994847972 1.462659
2888 -75.095960643 39.211345254 0.897943
2889 -75.223638704 39.260381012 3.650657
2890 -74.877855951 38.936408669 -0.000000
2891 -75.003484074 38.984697133 5.008542
2892 -75.300537538 38.944980063 1.914871
2893 -75.266473571 38.895180271 2.555654
2894 -75.391618286 39.247279284 3.971342
2895 -75.119389125 39.175464897 3.170439
2896 -75.431986868 39.385174797 5.626083
2897 -74.974614683 39.013508324 6.167109
2898 -75.405099273 39.243054982 1.193592
2899 -75.069596107 39.207827367 2.229472
2900 -75.547910086 39.474455920 -0.000000
2901 -75.056811105 38.942077339 11.269877
2902 -75.028573288 39.208948619 4.655156
2903 -75.181208787 39.220333445 4.037781
2904 -75.165836573 38.801930772 4.163777
2905 -75.119274117 39.168241852 3.331497
2906 -75.315832316 38.986566558 1.520236
2907 -74.932837334 38.924963219 8.702363
2908 -74.868224995 38.903430879 -0.000000
2909 -75.207639309 39.194092437 5.972566
2910 -75.148199989 38.836640135 6.931633
2911 -75.284040445 38.898510359 1.900686
2912 -75.501297446 39.438951834 -0.000000
2913 -75.422874458 39.306831873 3.164453
2914 -75.337157200 39.343602291 2.853212
2915 -75.240544377 39.269782086 3.009484
2916 -75.410513895 39.291034935 4.267476
2917 -75.431918208 39.321637354 4.218082
2918 -75.355149418 39.325733718 4.781034
2919 -74.896905257 39.138708521 -0.000000
2920 -74.991229716 39.178653979 3.337513
2921 -75.084297664 39.149801713 4.145230
2922 -75.521469536 39.396084412 1.530840
2923 -74.890875001 38.909207446 -0.000000
2924 -75.122476848 38.799492513 7.214220
2925 -75.433469215 39.315751447 2.760599
2926 -75.429445946 39.387377546 3.682126
2927 -75.420132456 39.281242119 1.516495
2928 -75.106239410 38.793634858 3.072001
2929 -75.549863779 39.431513781 -0.000000
2930 -75.513981514 39.394578405 3.547145
2931 -75.224406017 38.872022535 4.548930
2932 -75.454198996 39.406036032 2.555423
2933 -75.235365637 39.260212009 4.638870
2934 -74.895732486 39.148414105 -0.000000
2935 -75.543213790 39.535375014 -0.000000
2936 -75.159980148 39.097903196 9.098598
2937 -74.948482318 39.145144584 3.702436
2938 -75.288231003 39.282175839 6.521132
2939 -75.019573537 39.227362037 0.987644
2940 -75.548554037 39.477151418 -0.000000
2941 -75.284871192 39.291987376 2.736153
2942 -75.539362321 39.457446985 -0.000000
2943 -74.913543327 39.120495556 -0.000000
2944 -74.948661734 39.167689158 3.155643
2945 -75.307843796 38.935371932 1.350541
2946 -75.581452674 39.464672111 -0.000000
2947 -75.122592885 38.843571576 6.957404
2948 -75.097875862 38.792184147 0.758837
2949 -75.452736117 39.322819553 1.936064
2950 -75.319216754 39.311394374 3.870150
2951 -75.563800698 39.439612145 -0.000000
2952 -75.512166539 39.450344821 -0.000000
2953 -75.034666498 39.213499240 2.873468
2954 -75.334391660 39.246767029 9.527570
2955 -75.216602302 38.842361483 2.429353
2956 -75.483933909 39.365101131 3.908808
2957 -74.986093056 39.177248759 3.296524
2958 -74.892677175 39.122028196 -0.000000
2959 -75.196083117 39.208968818 4.615869
2960 -74.870711669 38.931878424 -0.000000
2961 -75.406589829 39.138259094 1.407411
2962 -75.381591399 39.344257209 3.627946
2963 -75.374179642 39.343282086 4.740248
2964 -75.399229931 39.261394170 3.884271
2965 -75.120038471 39.180789023 2.880798
2966 -75.506826158 39.446515591 -0.000000
2967 -75.511640900 39.374224219 1.384010
2968 -75.096448906 39.150181552 3.793726
2969 -75.170869728 39.228714670 2.199893
2970 -74.958996808 38.928628521 10.104868
2971 -75.032173848 39.195229977 2.516296
2972 -74.907918066 39.083904031 -0.000000
2973 -75.359248795 39.339958341 1.226466
2974 -74.976027090 38.967229117 7.865365
2975 -74.941483699 38.928885159 3.933716
2976 -74.863252931 38.938725922 -0.000000
2977 -75.584969154 39.494624094 -0.000000
2978 -75.390306253 39.195591567 3.237878
2979 -75.360950563 39.338158400 5.209875
2980 -74.974573621 38.838368100 10.872628
2981 -75.377705924 39.189952733 4.135583
2982 -75.200249876 38.828581572 3.414871
2983 -75.188255173 39.230799349 3.801274
2984 -74.954656560 39.012701068 3.700225
2985 -75.505644645 39.428594825 -0.000000
2986 -75.577820534 39.448367177 -0.000000
2987 -74.846891732 38.942767173 -0.000000
2988 -75.401109984 39.129582785 2.137822
2989 -75.357115313 39.035767546 2.005989
2990 -75.439330484 39.321106257 3.345885
2991 -75.048453618 39.166750257 4.139064
2992 -75.162028787 39.182234827 4.364986
2993 -75.198870570 39.174103853 6.005614
2994 -74.996539028 39.190308219 2.043013
2995 -74.932932596 39.051475748 1.359606
2996 -75.407769575 39.264878659 1.807398
2997 -74.968555850 38.971750790 5.463908
2998 -75.343860929 39.042636406 5.027866
2999 -75.241012638 38.878977020 2.868595
3000 -75.556713200 39.433435937 -0.000000
3001 -75.271018908 38.896329011 2.508017
3002 -75.011845955 38.960773554 6.621630
3003 -75.124928817 38.788172392 4.401723
3004 -75.239546863 38.911351472 4.276270
3005 -75.299348870 38.923259904 1.860638
3006 -75.404227774 39.168587993 1.968466
3007 -75.404557301 39.254566411 1.197910
3008 -75.394463379 39.252049976 3.874671
3009 -75.131618482 38.794051326 4.466186
3010 -75.125774629 38.814188170 8.083504
3011 -75.263212115 38.880291646 1.779590
3012 -75.329741128 39.329826856 3.355710
3013 -75.227597074 38.906240995 5.138844
3014 -75.198324675 39.253281604 2.141055
3015 -75.283521907 38.901359709 2.426256
3016 -75.517254124 39.386029003 2.085461
3017 -75.167707447 39.217076232 1.997994
3018 -75.240243486 39.235095107 5.452197
3019 -75.255891378 38.912594721 3.516687
3020 -74.947212132 39.034033924 5.163004
3021 -75.393720879 39.075962503 1.732442
3022 -74.972192867 39.002695355 5.735526
3023 -75.400948054 39.249112797 2.171521
3024 -74.962381635 39.190062204 1.401133
3025 -75.269855605 38.892483444 2.287797
3026 -75.152786325 38.789648497 2.519390
3027 -75.537338210 39.418232182 1.970790
3028 -75.508274609 39.364525887 0.686635
3029 -74.880445298 38.923345863 -0.000000
3030 -75.134576932 39.066293177 6.048440
3031 -74.826478880 38.936227750 -0.000000
3032 -75.490678153 39.438721970 -0.000000
3033 -75.381693959 39.114910180 3.695527
3034 -75.175463228 39.217311583 4.144578
3035 -75.576430028 39.503697667 -0.000000
3036 -75.072776960 39.208972241 2.257699
3037 -75.486252022 39.428826254 -0.000000
3038 -75.324328406 39.315266291 4.018408
3039 -75.478367470 39.342265265 2.463567
3040 -74.973069630 38.933130875 5.951175
3041 -74.830452287 38.965908013 -0.000000
3042 -75.415091754 39.359134418 5.550111
3043 -75.078211254 38.768694376 -0.000000
3044 -75.529004885 39.405121419 1.342270
3045 -75.568478308 39.513286752 -0.000000
3046 -75.398863328 39.363399016 4.090368
3047 -75.041092330 39.219440749 0.712991
3048 -75.570770529 39.492045189 -0.000000
3049 -75.527199700 39.409923180 2.967931
3050 -75.368487038 39.348805376 1.931816
3051 -75.302298902 38.999851682 4.483691
3052 -75.397781511 39.127415381 2.331751
3053 -75.148844706 39.173490255 3.991076
3054 -74.885129691 38.898554928 -0.000000
3055 -74.938874225 39.053440672 5.500053
3056 -75.026082489 39.217679300 5.724705
3057 -74.914175715 39.094460779 -0.000000
3058 -75.353580380 39.035216578 2.568791
3059 -75.311292891 38.978831799 1.914440
3060 -75.327144781 39.006162261 1.410808
3061 -74.865492502 38.966812894 -0.000000
3062 -75.365387921 39.048543948 3.244754
3063 -75.534006014 39.459454781 -0.000000
3064 -75.581675195 39.454769653 -0.000000
3065 -75.234922804 38.889893101 4.529608
3066 -74.908898681 39.169520729 -0.000000
3067 -75.418678120 39.278840092 1.656585
3068 -75.392921032 39.227219981 2.990895
3069 -74.844212391 38.975419890 -0.000000
3070 -75.364344532 39.052651566 3.316006
3071 -75.406127386 39.273723668 2.178213
3072 -74.982608604 38.941456659 9.570770
3073 -75.235873810 38.853876117 1.623399
3074 -75.032907396 39.201203586 2.112272
3075 -75.146356970 39.187587200 1.431622
3076 -75.402890142 39.268135970 2.883644
3077 -75.284559193 39.205200537 15.408253
3078 -75.201061500 38.825851900 3.063133
3079 -75.528353445 39.527055510 -0.000000
3080 -75.310430618 38.961261419 0.693739
3081 -75.080198212 38.833549599 20.733181
3082 -75.307405667 39.013905780 5.037366
3083 -75.405544801 39.245565203 4.834297
3084 -75.324781218 39.010931050 2.696977
3085 -75.100185116 39.213337149 1.145443
3086 -75.550289473 39.467349097 -0.000000
3087 -75.184045585 39.201023416 5.381082
3088 -74.844812188 38.972293258 -0.000000
3089 -75.271637796 39.279219350 4.384395
3090 -74.939296764 39.181737232 2.200189
3091 -75.082424093 38.776861238 -0.000000
3092 -74.905238894 39.165914181 -0.000000
3093 -75.374958680 39.115033981 3.843471
3094 -75.319285235 39.061873256 5.357243
3095 -75.025381431 39.192475198 1.767583
3096 -75.533387392 39.499376888 -0.000000
3097 -75.045173173 38.862207775 12.801970
3098 -75.394139679 39.215622574 4.541053
3099 -75.431770204 39.301852214 1.974163
3100 -74.971080507 38.927362957 8.659628
3101 -75.250006957 39.256124992 6.249660
3102 -74.975366123 38.882738891 9.160972
3103 -75.198469699 38.837829433 2.885600
3104 -75.307866829 39.283499054 4.913854
3105 -75.298263785 38.938734888 2.114183
3106 -74.971350690 39.184653163 2.760126
3107 -75.036538469 39.202896210 3.159155
3108 -75.383505976 39.070615652 2.439283
3109 -75.568207094 39.510907201 -0.000000
3110 -75.381243680 39.188065484 3.301159
3111 -75.023128276 38.746508077 -0.000000
3112 -74.999802800 39.099706484 5.200700
3113 -75.331635647 39.044143377 3.668962
3114 -75.384252257 39.095090222 2.033880
3115 -74.971230833 38.866913491 7.620195
3116 -75.467556343 39.398701904 7.503753
3117 -75.188326786 38.883803086 8.636104
3118 -74.927423607 38.925277433 5.120444
3119 -74.931916728 39.134755616 3.512145
3120 -75.370073705 39.325751654 5.645061
3121 -75.175374694 39.224667501 3.857424
3122 -75.016096687 39.162151182 3.627244
3123 -75.467750418 39.332548627 2.145122
3124 -75.098995599 38.813862746 18.480574
3125 -75.451005617 39.405643979 3.103788
3126 -75.164949581 39.199490738 2.420859
3127 -75.401097023 39.242491574 2.692788
3128 -75.228326024 38.884908507 4.002469
3129 -75.184245992 38.817241612 4.158773
3130 -75.089194386 39.186974659 3.028762
3131 -74.981609469 39.189390933 2.093639
3132 -75.442100615 39.316351586 2.345873
3133 -75.177185898 39.237650092 2.489019
3134 -74.900266176 38.913858500 -0.000000
3135 -75.512920896 39.430113190 -0.000000
3136 -75.068169268 38.770745516 -0.000000
3137 -75.030378589 38.979380289 7.689857
3138 -75.244548789 39.252598153 5.546339
3139 -75.242544924 39.268237225 2.803922
3140 -75.164671027 38.857737052 5.120752
3141 -75.015452630 39.175464386 3.574582
3142 -75.203684466 39.136736960 6.785733
3143 -75.076633106 38.760410337 -0.000000
3144 -75.027868572 39.169390458 3.770792
3145 -75.024806705 39.174260042 3.484882
3146 -75.197485300 39.249461495 2.795947
3147 -74.895962258 39.117257684 -0.000000
3148 -75.257386358 38.875326962 1.461575
3149 -75.247115167 38.888427253 3.446088
3150 -75.556597694 39.517297804 -0.000000
3151 -75.520310583 39.412890297 6.948874
3152 -75.332705821 39.011300558 1.373418
3153 -75.551163174 39.511579940 -0.000000
3154 -75.070808568 38.870272936 20.721292
3155 -75.061952097 38.747519709 -0.000000
3156 -75.173261971 39.161893312 4.941788
3157 -75.489746534 39.440840610 -0.000000
3158 -75.028293304 38.776512983 -0.000000
3159 -74.947432107 38.916296139 8.890552
3160 -75.378041858 39.195208240 4.240086
3161 -75.533404214 39.429812881 -0.000000
3162 -75.261535927 38.877963876 1.546965
3163 -75.487646002 39.374172434 5.794046
3164 -74.976303178 38.979160089 6.967614
3165 -75.386878024 39.348297828 1.787312
3166 -74.831491182 38.946135147 -0.000000
3167 -75.272712852 38.885606390 1.719724
3168 -74.864098650 38.963917302 -0.000000
3169 -75.237933186 39.269093621 3.371921
3170 -75.281516565 39.278625858 5.951602
3171 -74.916031349 38.916851374 -0.000000
3172 -75.298357211 38.947357921 1.962591
3173 -75.096949327 38.808951632 18.795637
3174 -75.299773961 38.954240065 1.586118
3175 -75.531340836 39.506184261 -0.000000
3176 -75.276396626 38.987731253 5.428262
3177 -75.395003936 39.179645767 2.569965
3178 -75.490812126 39.434229783 -0.000000
3179 -74.888034666 38.935397479 -0.000000
3180 -75.397394181 39.139377142 2.538996
3181 -75.142719008 39.185313782 1.282148
3182 -75.509442571 39.376658986 2.964286
3183 -75.544293505 39.431667809 -0.000000
3184 -75.166922623 38.901479823 10.278193
3185 -75.366167136 39.202896795 4.384500
3186 -75.571705442 39.507870339 -0.000000
3187 -74.903871569 39.090091424 -0.000000
3188 -75.047297788 38.785882676 19.647837
3189 -75.545815326 39.448504510 -0.000000
3190 -75.424951355 39.374911634 5.203312
3191 -74.967434788 38.963571825 4.341485
3192 -74.923423022 39.078263244 4.791626
3193 -75.504926834 39.389953731 4.505850
3194 -75.438543147 39.368986869 4.106117
3195 -75.297779344 39.285260773 7.232207
3196 -75.203161782 39.182524269 5.781162
3197 -75.415621050 39.278674980 1.735809
3198 -75.334391679 39.275978715 7.277592
3199 -75.169662581 38.946561607 30.057892
3200 -75.395475527 39.116252562 2.273309
3201 -75.165557934 39.216670108 1.564087
3202 -75.079229783 38.763152449 -0.000000
3203 -75.425207999 39.350476279 7.508981
3204 -75.219167114 39.246090755 5.003218
3205 -75.584326885 39.457884996 -0.000000
3206 -75.394147202 39.080564886 1.746234
3207 -75.528655775 39.529767063 -0.000000
3208 -74.842531240 38.958787863 -0.000000
3209 -74.928073920 39.058602926 1.234941
3210 -75.567380237 39.541683778 -0.000000
3211 -75.402356438 39.222350533 2.317101
3212 -75.280031810 38.903028216 3.226726
3213 -75.553659008 39.437655867 -0.000000
3214 -75.029426434 39.222236736 6.444585
3215 -75.543061872 39.435347914 -0.000000
3216 -75.396952612 39.248476982 3.012546
3217 -74.946958104 39.028111835 2.281719
3218 -75.310722501 38.986355516 1.873639
3219 -74.992026815 39.190954365 1.939553
3220 -75.305880221 39.292072815 5.350602
3221 -75.393655240 39.086962335 1.624905
3222 -75.502126621 39.449715392 -0.000000
3223 -75.441354378 39.334711010 7.961501
3224 -75.212692292 39.261777982 1.814205
3225 -74.871870297 38.970233703 -0.000000
3226 -75.402390362 39.368090081 3.877906
3227 -75.365284862 39.333945161 4.937111
3228 -75.433537940 39.295242694 1.394250
3229 -74.978872115 38.930816912 10.749957
3230 -74.956587435 38.864206493 8.513090
3231 -75.374875484 39.225748076 3.877247
3232 -75.252417339 39.289373144 2.701138
3233 -75.381413579 39.050132193 1.234777
3234 -75.333079118 39.331940435 3.411054
3235 -75.590796427 39.474320455 -0.000000
3236 -75.081261624 38.783544114 8.379094
3237 -75.240936614 38.873067119 2.213140
3238 -74.890320512 38.842021668 -0.000000
3239 -75.494482641 39.447908315 -0.000000
3240 -74.967062086 38.976430723 4.677933
3241 -75.562594995 39.489202351 -0.000000
3242 -75.205593147 38.827596870 2.950536
3243 -75.210020721 38.853691659 3.579957
3244 -74.973264127 38.923726644 7.516489
3245 -74.930626739 39.185309847 1.010433
3246 -75.357879307 39.331087544 4.914187
3247 -75.255891488 39.298938655 2.782080
3248 -74.905248748 39.132658034 -0.000000
3249 -75.185070007 39.239411109 3.004797
3250 -75.543601578 39.509548325 -0.000000
3251 -75.491295686 39.354167304 2.997031
3252 -75.088977809 38.834837831 20.059229
3253 -75.087036402 39.057795363 6.453983
3254 -75.015050390 38.982120039 7.268355
3255 -75.030496292 39.203893686 1.481497
3256 -75.069127473 38.759987828 -0.000000
3257 -74.869142463 38.967810055 -0.000000
3258 -74.929063981 39.053762480 0.705523
3259 -75.268295942 39.210868916 5.368624
3260 -75.469639757 39.333707548 1.916694
3261 -75.107603295 39.208002900 2.376009
3262 -75.480360410 39.432914224 -0.000000
3263 -74.910926845 38.925124040 -0.000000
3264 -75.237412387 39.249995989 4.309321
3265 -74.906010410 39.102749148 -0.000000
3266 -75.499591830 39.435520295 -0.000000
3267 -75.459055871 39.336045054 3.701530
3268 -75.321554755 39.301367716 5.777586
3269 -75.536778622 39.503497246 -0.000000
3270 -74.932363098 39.188555029 0.748287
3271 -75.189659498 38.809921196 1.984594
3272 -74.946472762 39.030711525 2.913449
3273 -75.009883099 39.028572893 4.807996
3274 -74.872479076 38.967255530 -0.000000
3275 -75.064085173 38.963991972 8.273105
3276 -75.327098083 39.272988598 7.182609
3277 -75.099844412 38.808966302 15.906398
3278 -74.918092921 39.068503900 -0.000000
3279 -75.327259925 39.009180171 1.563238
3280 -75.547549169 39.444085913 -0.000000
3281 -74.983955232 39.091895561 5.163835
3282 -74.880977041 38.936036134 -0.000000
3283 -75.478424025 39.430097920 -0.000000
3284 -75.300636178 39.292294536 4.342515
3285 -74.982672110 39.191775965 1.445588
3286 -75.220557459 39.256608097 3.745691
3287 -75.404231238 39.259183271 2.189461
3288 -75.519358014 39.383926678 2.062438
3289 -75.362815811 39.045566126 3.172778
3290 -75.259849570 39.277997912 4.304774
3291 -75.181490755 39.243671573 1.962371
3292 -75.077210595 38.778771460 -0.000000
3293 -74.976243815 39.065189132 7.034993
3294 -75.118353356 39.046832430 5.168575
3295 -75.420211924 39.295471636 3.206705
3296 -75.243121593 39.276112896 1.808834
3297 -75.311889220 38.931970727 1.233268
3298 -74.909664920 39.094315157 -0.000000
3299 -75.266814823 38.886403865 2.618788
3300 -74.911082308 39.087094613 -0.000000
3301 -75.174915843 39.185106137 6.150408
3302 -75.284050062 39.009871223 8.158052
3303 -75.268518460 39.076669012 6.994049
3304 -75.532989573 39.457700335 -0.000000
3305 -75.102296480 38.881998873 25.568678
3306 -74.986209830 39.136928626 3.969440
3307 -75.531222905 39.459312621 -0.000000
3308 -75.370739661 39.341499968 5.288370
3309 -75.446807622 39.405204453 2.059937
3310 -75.384675763 39.354284813 3.413817
3311 -75.243471302 39.273737516 2.609695
3312 -75.197322541 39.228466389 4.573601
3313 -75.311115146 38.976515169 1.832609
3314 -75.396917800 39.184296655 2.405509
3315 -75.283155044 39.094459029 6.571020
3316 -75.164675691 39.185295930 4.267283
3317 -75.532149933 39.519047196 -0.000000
3318 -75.257705271 38.890176122 3.080637
3319 -75.148512970 39.182399302 3.606887
3320 -75.196947878 38.817514944 1.877975
3321 -75.449737963 39.378769731 4.687387
3322 -75.198244337 38.822766748 2.399551
3323 -74.951725449 39.031649570 5.810945
3324 -74.943917487 39.099904023 3.892370
3325 -75.148344170 38.806223300 5.928424
3326 -75.367060053 39.055225870 3.316808
3327 -75.400665518 39.173545304 2.244381
3328 -74.910107428 39.136456619 -0.000000
3329 -74.839831482 38.948566822 -0.000000
3330 -75.099089655 38.818268681 12.230850
3331 -75.225142489 39.263486046 3.342388
3332 -75.391245524 39.265273779 3.833506
3333 -75.382878699 39.196929795 3.493143
3334 -75.413219123 39.342165940 5.135213
3335 -75.294341287 39.000084115 4.852884
3336 -75.080928410 38.769849406 -0.000000
3337 -75.076404423 38.737792465 -0.000000
3338 -74.924902272 38.924828378 5.732978
3339 -75.194338801 39.150600134 5.041226
3340 -75.468929255 39.348322195 5.260295
3341 -75.379027817 39.143557411 3.396029
3342 -75.541209476 39.548561393 -0.000000
3343 -75.206478631 39.255755990 3.299840
3344 -75.003907718 39.188897979 2.189386
3345 -75.457153730 39.333906961 3.707104
3346 -75.401008797 39.225150989 2.168666
3347 -75.194694684 39.243562126 2.802193
3348 -74.836666363 38.961688976 -0.000000
3349 -75.562633533 39.544334767 -0.000000
3350 -75.310052103 38.929474870 1.389858
3351 -74.973772071 38.941245409 8.791238
3352 -75.279307155 38.912958202 3.926657
3353 -75.307259731 39.294432129 4.502249
3354 -75.286241280 39.274638331 7.017826
3355 -75.259225272 39.282355745 3.338069
3356 -74.961836939 39.001046766 5.967557
3357 -75.151148791 39.187142122 3.371448
3358 -75.310599595 38.956803308 0.688644
3359 -75.530317919 39.421098249 -0.000000
3360 -75.378178649 39.341112106 4.225246
3361 -75.164082159 38.804762708 4.931522
3362 -74.951430966 39.026052133 5.320451
3363 -74.908707361 39.089726545 -0.000000
3364 -75.402512548 39.252112975 2.431083
3365 -75.271215413 39.040245797 6.454037
3366 -74.981121337 38.991743108 7.830239
3367 -75.382778508 39.155362209 3.255245
3368 -75.314190514 39.152670090 6.381357
3369 -75.142121490 39.165397503 4.262956
3370 -75.171500014 39.172380716 4.865342
3371 -75.032867173 39.197730864 2.190212
3372 -75.244925956 39.258457284 3.848144
3373 -75.334924181 39.037996672 5.469981
3374 -75.170233036 39.203791564 4.393702
3375 -75.296637409 38.934004908 1.670469
3376 -75.505801209 39.369310502 1.672707
3377 -75.570943243 39.447028708 -0.000000
3378 -75.523727176 39.397129883 1.309881
3379 -75.145514306 38.792504624 3.872673
3380 -74.933316161 39.069480657 5.116417
3381 -75.319581833 39.313960155 3.656185
3382 -74.949995435 38.875489813 8.234271
3383 -75.388027587 39.218794854 3.190515
3384 -75.078982352 39.204494648 2.418323
3385 -75.190421036 38.850543812 4.146386
3386 -75.049594788 38.819076158 28.472269
3387 -75.418145784 39.320481650 12.356278
3388 -74.925312378 39.173145518 2.619954
3389 -74.915787864 38.909469022 -0.000000
3390 -75.359524280 39.034636554 1.779394
3391 -75.257472513 39.286720851 3.146519
3392 -75.569094045 39.502959913 -0.000000
3393 -75.546887111 39.430075731 -0.000000
3394 -75.044888586 38.990563493 9.078854
3395 -75.439088487 39.324295257 4.140088
3396 -75.496493101 39.445620984 -0.000000
3397 -75.565411394 39.537438406 -0.000000
3398 -75.532021694 39.449819337 -0.000000
3399 -74.894911954 39.144487619 -0.000000
3400 -75.366308782 39.040189376 1.454224
3401 -74.893860355 39.119712522 -0.000000
3402 -74.964331697 38.888855964 8.874043
3403 -75.171133832 39.198225521 4.909111
3404 -75.249665031 39.276029431 4.233464
3405 -75.177719715 38.805940605 3.568213
3406 -75.578506873 39.501600560 -0.000000
3407 -75.394151364 39.285511498 5.201078
3408 -75.531718092 39.412407193 1.665398
3409 -75.404967631 39.281487731 4.054393
3410 -74.851785076 38.894942086 -0.000000
3411 -75.227378376 39.260699800 4.113472
3412 -75.280303392 39.219782080 7.135122
3413 -75.457240087 39.408728412 3.481805
3414 -74.890978453 39.151452330 -0.000000
3415 -75.467675561 39.413706941 5.148380
3416 -75.455644664 39.386551194 5.739524
3417 -75.553082470 39.456840753 -0.000000
3418 -75.468716066 39.438017296 -0.000000
3419 -75.514777596 39.406003388 6.092702
3420 -75.102995783 38.805711889 10.018457
3421 -75.354455005 39.338070209 3.073345
3422 -75.420203880 39.302261013 3.425126
3423 -75.249673323 38.908161823 4.756044
3424 -74.842317354 38.973359481 -0.000000
3425 -75.038500073 38.753604546 -0.000000
3426 -75.219056365 38.899545780 6.547491
3427 -75.050162871 39.207034393 2.239049
3428 -75.005599742 38.972953801 4.092016
3429 -75.116024845 39.200376176 1.929739
3430 -75.080661620 38.945414386 15.665768
3431 -75.477623673 39.337402196 1.807048
3432 -75.227829538 39.267342957 3.012591
3433 -75.444970543 39.406130935 2.747607
3434 -75.428310791 39.287834383 1.209302
3435 -75.315365184 39.264661128 6.686992
3436 -75.020325569 39.169972491 3.823383
3437 -75.483042963 39.370417628 6.091896
3438 -75.559825692 39.477003876 -0.000000
3439 -74.924093864 39.118076852 3.738678
3440 -74.929320605 39.199372162 0.015527
3441 -74.837061088 38.951753707 -0.000000
3442 -75.187554397 38.810972544 2.902953
3443 -75.176704696 38.842507424 4.927022
3444 -75.173019406 39.195444580 5.256389
3445 -75.553026798 39.514992340 -0.000000
3446 -74.910691576 38.908416540 -0.000000
3447 -74.975418494 38.953786433 7.591917
3448 -75.404038120 39.128066264 1.737103
3449 -75.070491573 38.754782206 -0.000000
3450 -75.205986336 39.231159821 5.524932
3451 -75.459776861 39.421115247 -0.000000
3452 -74.995944546 38.838458341 9.208369
3453 -75.321277517 38.998236786 1.624981
3454 -74.897357147 39.104248835 -0.000000
3455 -75.577492320 39.483464506 -0.000000
3456 -75.298763225 39.016181719 5.265522
3457 -74.880407228 38.861610144 -0.000000
3458 -75.311088990 39.301817067 4.356356
3459 -75.319515160 39.307945894 4.384550
3460 -75.320942713 39.304496835 4.976424
3461 -75.165908001 39.181972757 5.904823
3462 -74.897611780 38.930483951 -0.000000
3463 -75.558897587 39.531591848 -0.000000
3464 -75.338323588 39.053862081 3.500929
3465 -75.204998862 39.206023117 5.752942
3466 -75.249475887 39.269786371 3.573414
3467 -75.571144445 39.459752326 -0.000000
3468 -75.358575852 39.039255081 2.228008
3469 -75.554590197 39.488076247 -0.000000
3470 -75.156676011 38.792007054 2.276143
3471 -75.414361049 39.273291798 2.097433
3472 -74.968920786 38.924439591 4.635770
3473 -75.234637246 39.255294165 4.458804
3474 -74.924895114 38.891433300 8.906184
3475 -74.962235466 38.877194711 9.168209
3476 -75.148498468 39.188268997 1.851650
3477 -75.359871590 39.053977838 3.675040
3478 -75.316971888 39.309705585 3.792972
3479 -75.409078355 39.150894749 1.404072
3480 -75.251083704 39.292789053 2.535397
3481 -74.889737990 39.146254215 -0.000000
3482 -75.546816456 39.492888265 -0.000000
3483 -74.868035422 38.940693990 -0.000000
3484 -75.163513940 38.830337570 5.275299
3485 -75.253411499 38.871638391 1.986576
3486 -75.349003641 39.327870878 5.036711
3487 -75.324608062 39.050040100 6.348625
3488 -75.014026399 39.190570453 2.063747
3489 -75.050567243 38.845717410 16.525990
3490 -74.971331641 39.169353155 3.455868
3491 -75.471504712 39.435273910 -0.000000
3492 -75.101655381 39.207050404 1.968782
3493 -75.571059316 39.519550019 -0.000000
3494 -75.272984600 38.977865439 4.975078
3495 -75.164396612 39.196381980 3.225471
3496 -75.081722135 38.800532170 25.089252
3497 -75.010993512 39.142715778 4.164551
3498 -75.251806442 39.273348748 3.999746
3499 -75.321877584 39.310155676 4.492753
3500 -75.485439229 39.349601211 2.894899
3501 -75.196599459 39.240860012 3.507225
3502 -75.040249268 39.202275185 2.909468
3503 -75.192919866 38.819363703 3.354021
3504 -74.899642695 39.169747915 -0.000000
3505 -75.376700119 39.151507528 3.471901
3506 -75.163660942 38.794454082 1.894976
3507 -75.313875621 38.940006009 1.011880
3508 -75.511556436 39.458194582 -0.000000
3509 -75.388017081 39.257916298 3.576901
3510 -75.068660088 39.171570303 3.529686
3511 -75.517982871 39.445884504 -0.000000
3512 -74.951235489 39.039652751 6.269191
3513 -75.358887306 39.045995452 3.638872
3514 -75.136254805 38.813281418 6.683970
3515 -75.196192692 38.876194490 7.170081
3516 -75.546777856 39.546161560 -0.000000
3517 -75.396188320 39.220387618 3.887650
3518 -75.567496338 39.462789314 -0.000000
3519 -75.267669784 39.287678178 2.941360
3520 -75.439515896 39.328876536 6.045403
3521 -74.920373964 39.064401958 0.355500
3522 -74.900825305 39.140673168 -0.000000
3523 -75.385917941 39.266891864 4.943994
3524 -74.983181319 38.957453649 7.749365
3525 -74.887601241 39.147554580 -0.000000
3526 -75.321933181 39.320956074 2.886233
3527 -75.552445676 39.432350710 -0.000000
3528 -75.557317887 39.439035483 -0.000000
3529 -75.551599658 39.481690358 -0.000000
3530 -75.555204139 39.445971803 -0.000000
3531 -75.084304172 38.795330863 7.295274
3532 -75.409091893 39.272739688 2.033777
3533 -75.388902529 39.068959246 1.901627
3534 -75.488607311 39.443134253 -0.000000
3535 -75.563449836 39.535366511 -0.000000
3536 -74.926230031 39.165473731 2.922739
3537 -75.104850763 39.171386310 3.322567
3538 -75.516562480 39.418200037 14.882752
3539 -75.405024880 39.353967681 5.023122
3540 -75.495250387 39.357476458 2.648458
3541 -75.085266911 39.202393518 2.486549
3542 -74.899696762 38.900588395 -0.000000
3543 -75.482658483 39.420200076 -0.000000
3544 -75.560575136 39.441355918 -0.000000
3545 -75.104917635 38.790145603 3.580256
3546 -75.520214243 39.393166726 1.477890
3547 -75.451014676 39.324793649 2.850987
3548 -75.475240664 39.353949769 6.075846
3549 -75.524160497 39.402099868 1.625413
3550 -75.554080447 39.434279643 -0.000000
3551 -75.326620451 39.255129046 15.910102
3552 -75.582608071 39.483795371 -0.000000
3553 -74.851220185 38.942837820 -0.000000
3554 -74.938133797 38.925940094 8.086645
3555 -75.473785052 39.434105558 -0.000000
3556 -75.375706988 39.349851647 2.951432
3557 -75.516736178 39.383275352 2.069169
3558 -75.213803812 39.183614081 8.054697
3559 -74.986701585 39.035986783 7.856859
3560 -75.296511820 38.951030611 2.099429
3561 -75.012678784 39.041017652 5.034356
3562 -75.158495484 39.191559931 3.425386
3563 -74.943663659 39.168437592 3.161159
3564 -75.490831673 39.425769868 -0.000000
3565 -75.121668066 39.205435361 -1.241488
3566 -75.298538012 39.254992821 5.192873
3567 -75.321205220 39.315818041 3.390685
3568 -74.911632576 39.171735738 -0.000000
3569 -74.958430310 38.998011682 1.592854
3570 -75.309529929 38.953797836 0.771506
3571 -75.330629829 39.309722132 6.074861
3572 -75.325223380 39.302902984 5.374194
3573 -75.005546923 38.924762747 6.595356
3574 -74.960476033 38.920348823 9.321628
3575 -75.333629667 39.016241732 1.592296
3576 -75.496003086 39.423214783 -0.000000
3577 -75.208107117 39.261961356 1.822653
3578 -75.420616036 39.384442862 3.092013
3579 -75.357175792 39.164515905 4.082265
3580 -75.329411965 39.037412349 5.292759
3581 -75.320282231 39.317996845 2.742009
3582 -75.384037470 39.248351418 3.737582
3583 -75.299612177 38.958528574 1.894814
3584 -75.058555551 38.755100741 -0.000000
3585 -74.865799804 38.937106660 -0.000000
3586 -75.001246704 39.166271029 3.594912
3587 -75.537404279 39.444678073 -0.000000
3588 -75.280548017 39.284465904 4.245402
3589 -75.310043085 38.963415831 0.982038
3590 -75.169536608 39.214176818 3.106277
3591 -75.401098800 39.120045659 1.775455
3592 -75.071450865 38.725179877 -0.000000
3593 -75.248102094 38.949360475 2.871208
3594 -75.120392040 39.195057545 2.388197
3595 -75.561732506 39.506961831 -0.000000
3596 -74.837832126 38.943611735 -0.000000
3597 -75.528427008 39.412850444 4.863695
3598 -75.028173793 38.866224047 13.727326
3599 -74.900831733 39.148771967 -0.000000
3600 -75.081318309 38.796841276 13.517862
3601 -75.308022691 38.923214414 1.456958
3602 -75.580995477 39.496626041 -0.000000
3603 -75.062339030 39.211621160 1.491059
3604 -74.987258645 39.156942458 3.876866
3605 -75.074152529 39.158835038 3.933548
3606 -75.472599493 39.410107425 6.375025
3607 -75.477851602 39.349799588 3.334952
3608 -74.977567646 38.934025390 9.651087
3609 -75.331182732 39.338658059 2.668728
3610 -75.126719938 39.183131474 2.732282
3611 -75.453842638 39.333910712 3.918153
3612 -75.505478080 39.440206709 -0.000000
3613 -75.206253854 38.838584649 3.759676
3614 -75.075225569 39.181478928 3.387961
3615 -74.903804965 38.907800838 -0.000000
3616 -75.286737350 39.267329823 5.038024
3617 -75.016948926 39.180767141 3.236490
3618 -74.971347511 39.124375496 4.063341
3619 -75.403119384 39.373388331 3.347330
3620 -75.165534490 38.814693906 5.374831
3621 -75.365692364 39.184472125 4.376427
3622 -75.547285905 39.485603586 -0.000000
3623 -75.312729872 38.929228109 1.034161
3624 -74.908419613 38.901311146 -0.000000
3625 -75.569375739 39.498104536 -0.000000
3626 -75.337680191 39.330874353 3.595716
3627 -75.388729162 39.355627211 3.022065
3628 -75.388515393 39.136258925 2.964633
3629 -75.581587872 39.501353383 -0.000000
3630 -75.183041589 39.057584359 7.577117
3631 -75.050574958 39.030293581 8.330503
3632 -74.968438984 38.950920491 2.280033
3633 -74.835833330 38.948244952 -0.000000
3634 -75.211162177 38.834380860 2.827470
3635 -74.939755040 39.046237496 4.661870
3636 -75.036069430 39.219029243 0.693159
3637 -75.023602302 39.221819475 3.940922
3638 -75.539950985 39.459909883 -0.000000
3639 -75.498296437 39.444164305 -0.000000
3640 -75.174528172 39.198718256 5.338413
3641 -75.398537402 39.216637724 0.128436
3642 -75.291190781 38.983886044 3.514493
3643 -75.187026106 39.218989839 4.105171
3644 -75.168164504 38.823001549 4.300379
3645 -75.193280605 38.837450397 3.271132
3646 -75.249781199 39.287564930 2.610535
3647 -75.027805503 39.205921586 0.957822
3648 -75.360841991 39.321868969 5.565126
3649 -75.279233218 39.058248944 6.098573
3650 -75.261994608 38.954063889 3.057161
3651 -75.313408215 38.979852061 1.488708
3652 -74.902090481 39.101552254 -0.000000
3653 -75.366136010 39.337461374 5.804398
3654 -75.118497045 39.159914259 3.472441
3655 -74.942240746 39.032012513 0.417932
3656 -75.081608639 38.813394714 20.624182
3657 -75.213853524 38.845692376 3.972079
3658 -75.068429328 39.188289848 3.041106
3659 -75.107773468 38.798340438 3.160966
3660 -75.213054754 39.257030663 3.220118
3661 -74.989740107 39.185619202 2.867544
3662 -74.907100448 38.914533811 -0.000000
3663 -75.046785827 39.215356697 0.660165
3664 -75.488214550 39.344194836 1.713742
3665 -75.523589820 39.409395104 5.502093
3666 -74.916529179 39.083852616 -0.000000
3667 -75.377644420 39.063294816 2.883710
3668 -74.932178174 39.111317238 3.748060
3669 -75.280320578 39.289127932 3.107485
3670 -75.366507582 39.193158608 4.322155
3671 -75.135128069 39.182392442 1.710935
3672 -75.089556895 39.135455115 4.602165
3673 -75.397026213 39.356380088 4.863854
3674 -74.966602730 38.930391644 9.157130
3675 -75.166899760 39.201216659 2.294858
3676 -75.070416190 39.213828860 0.662456
3677 -75.433612688 39.309157933 2.440771
3678 -75.348957249 39.322150324 4.481565
3679 -75.518843023 39.381678906 1.880765
3680 -75.318296534 39.316073783 2.415530
3681 -75.056362196 38.782908348 20.874752
3682 -75.291175408 38.966764414 3.072853
3683 -74.979879130 38.953402557 7.484096
3684 -75.583950888 39.460221273 -0.000000
3685 -74.915368929 38.895304884 -0.000000
3686 -74.974065983 38.927446307 6.519979
3687 -75.406161051 39.119393048 0.553814
3688 -75.511986631 39.370660020 1.188854
3689 -75.407236233 39.286587659 4.299832
3690 -75.275319139 38.997811464 5.902467
3691 -75.543353229 39.424341188 -0.000000
3692 -74.882677561 38.916496913 -0.000000
3693 -75.517077308 39.393966369 2.236908
3694 -75.557943210 39.524585824 -0.000000
3695 -75.470918105 39.342084664 3.287575
3696 -75.528045541 39.524369754 -0.000000
3697 -75.434262464 39.326319596 6.603075
3698 -75.296561394 39.288859342 5.928825
3699 -75.196531206 38.829784974 3.927644
3700 -75.399181426 39.280327207 4.598127
3701 -74.966425743 38.921497036 5.573114
3702 -75.397354861 39.292818083 5.996731
3703 -75.541672757 39.461543386 -0.000000
3704 -74.968771482 38.953627976 5.274900
3705 -74.969275233 39.057399981 4.820161
3706 -75.304257510 38.971728400 2.339850
3707 -75.442524613 39.398473627 4.407181
3708 -75.373481438 39.192786872 4.433854
3709 -74.882253772 38.932093202 -0.000000
3710 -74.892060476 39.148959039 -0.000000
3711 -75.160301590 38.821778564 4.799037
3712 -75.000853163 38.909862660 8.759769
3713 -75.518772975 39.395795849 1.859170
3714 -75.519665344 39.453281707 -0.000000
3715 -75.164118235 38.798872784 3.189690
3716 -75.311881721 38.992884473 2.220578
3717 -75.037191265 38.901512229 10.334099
3718 -75.108909701 38.815282738 10.640520
3719 -74.931488220 38.927124029 5.288715
3720 -75.551037469 39.474941763 -0.000000
3721 -75.303086297 38.924213470 1.650998
3722 -75.169344593 38.801736753 3.160809
3723 -75.566573504 39.441371173 -0.000000
3724 -75.558113359 39.467715340 -0.000000
3725 -75.028799496 39.216592780 4.572382
3726 -75.161570173 39.186596550 3.997007
3727 -75.478369009 39.386060635 15.354333
3728 -75.030411743 38.891787354 10.438370
3729 -75.212423626 38.838500937 2.420966
3730 -75.247645407 39.265549014 3.982054
3731 -75.447667093 39.326108518 3.304480
3732 -75.558229843 39.459168380 -0.000000
3733 -75.242674142 38.858775940 1.664972
3734 -75.551623031 39.478200542 -0.000000
3735 -74.969789556 38.786685566 34.212994
3736 -75.528334406 39.522190951 -0.000000
3737 -75.222584733 39.263084749 2.933159
3738 -74.916846934 39.072919253 -0.000000
3739 -75.395395474 39.192441243 1.201311
3740 -75.258348189 39.057631287 8.251490
3741 -75.343529938 39.347182915 2.385955
3742 -75.050233983 38.759885697 -0.000000
3743 -75.567145707 39.478225277 -0.000000
3744 -75.202700818 38.827535285 3.111370
3745 -75.008647197 38.949838451 5.784686
3746 -75.230148573 39.268119367 2.858200
3747 -75.577673318 39.460510709 -0.000000
3748 -74.988813086 38.957023420 8.208104
3749 -75.092430315 38.842044144 20.613531
3750 -75.578933102 39.455159096 -0.000000
3751 -75.290317255 39.015119620 8.339958
3752 -75.165960659 38.795820667 2.103516
3753 -74.960996985 39.031585485 5.279002
3754 -75.481871288 39.435551956 -0.000000
3755 -75.101586653 38.828887355 7.827052
3756 -75.527089091 39.397516975 0.840459
3757 -75.073396954 38.727520654 -0.000000
3758 -75.448925446 39.404042141 4.232430
3759 -75.162498456 39.198614537 1.578211
3760 -74.934210730 38.927000776 6.331851
3761 -75.407141245 39.163724955 1.588316
3762 -75.023648801 38.810141635 16.133743
3763 -75.567434391 39.534264220 -0.000000
3764 -75.037084073 39.069365738 4.053566
3765 -75.489979181 39.436688957 -0.000000
3766 -75.069863747 38.799687702 19.054657
3767 -75.105889165 39.139909488 4.446290
3768 -74.930152370 39.165212535 2.983804
3769 -75.161210115 39.190320941 3.881326
3770 -75.547150194 39.510551774 -0.000000
3771 -75.037302272 39.215928642 0.586322
3772 -75.026800281 39.214857474 7.848856
3773 -75.108869052 38.786793590 3.330268
3774 -74.964953882 38.983949313 4.284793
3775 -75.474628763 39.430996392 -0.000000
3776 -75.401164122 39.109755001 0.465911
3777 -75.577733059 39.452941100 -0.000000
3778 -75.473497143 39.377833663 14.399762
3779 -75.558111901 39.542540624 -0.000000
3780 -75.345543496 39.028476977 1.736794
3781 -75.172923177 39.229954856 2.977172
3782 -75.401922430 39.082275963 0.426291
3783 -75.262437650 39.297494526 2.813293
3784 -75.217563147 38.970381881 10.835299
3785 -75.325107703 39.325925842 3.270916
3786 -75.260774109 39.249420186 6.037690
3787 -75.140509161 39.177189177 4.107907
3788 -75.095701583 39.027819818 5.555328
3789 -74.924115501 39.058502571 0.799109
3790 -75.027977761 39.192312353 1.785712
3791 -75.186508117 38.998726763 12.623287
3792 -75.441348702 39.318911579 2.876608
3793 -75.309006275 38.983391707 1.865627
3794 -75.524746627 39.412924171 6.212934
3795 -75.526121427 39.459340240 -0.000000
3796 -75.073661002 38.732458105 -0.000000
3797 -75.179542615 39.209576528 4.510763
3798 -75.565040758 39.520936022 -0.000000
3799 -75.451822874 39.414533655 5.304566
3800 -75.182716874 39.232149641 3.570675
3801 -75.212583125 38.835541151 2.771926
3802 -75.295198680 38.910862772 2.479321
3803 -75.518251512 39.458704356 -0.000000
3804 -75.547071645 39.466320135 -0.000000
3805 -75.322275766 38.996761976 1.413459
3806 -75.407437871 39.161039428 1.702712
3807 -75.272803399 38.890596001 2.364037
3808 -75.533023653 39.492554838 -0.000000
3809 -74.983146969 39.181790972 3.135157
3810 -75.032833018 39.182870398 2.501685
3811 -75.257493574 38.882161739 3.072692
3812 -75.322534255 39.095018742 3.974887
3813 -75.499820357 39.358543774 1.734681
3814 -75.095859884 38.793900880 0.766975
3815 -75.214596002 38.834297975 2.032035
3816 -75.402885550 39.110952737 0.426328
3817 -74.935184147 39.166302173 2.990455
3818 -74.848968720 38.907320676 -0.000000
3819 -75.086319240 38.807341191 28.250814
3820 -75.226346614 38.851446194 3.075979
3821 -75.418436721 39.308405059 3.024660
3822 -75.290300288 38.954894671 2.281137
3823 -75.307295851 38.991695051 2.609169
3824 -74.939352449 38.922589369 5.524875
3825 -75.099151624 38.803410488 -0.779896
3826 -74.969755843 38.968651156 6.352971
3827 -75.562933703 39.509946061 -0.000000
3828 -74.853757827 38.935316777 -0.000000
3829 -74.966338479 39.017724507 5.295708
3830 -74.946933071 39.023977787 1.001315
3831 -75.492195952 39.371632254 3.382733
3832 -75.099863354 38.793240051 3.124396
3833 -75.564406694 39.507997379 -0.000000
3834 -75.367683421 39.155534504 3.680745
3835 -75.072254467 38.769188595 -0.000000
3836 -75.353216921 39.111941638 4.313367
3837 -75.342137728 39.024040675 1.556548
3838 -75.548549953 39.497885921 -0.000000
3839 -75.086086274 38.811124958 22.698603
3840 -75.590021355 39.479391331 -0.000000
3841 -75.388606060 39.188744463 3.232853
3842 -74.981980620 38.854520541 7.483464
3843 -75.183998249 39.207598516 4.199152
3844 -75.388390673 39.101627899 1.770756
3845 -75.270383987 38.908270574 3.726329
3846 -75.492939984 39.412048217 7.052874
3847 -75.045704841 39.217600968 0.609992
3848 -75.541147754 39.537798766 -0.000000
3849 -74.935109244 38.907596436 9.698050
3850 -74.825346015 38.953572098 -0.000000
3851 -75.006806893 38.940295643 7.294649
3852 -75.330720891 39.340739655 2.160680
3853 -75.501984469 39.445500992 -0.000000
3854 -75.277970959 38.891669102 2.074242
3855 -75.539934198 39.544595957 -0.000000
3856 -75.398506729 39.186660510 2.379296
3857 -75.545042982 39.492126817 -0.000000
3858 -74.959674283 39.176047244 3.257599
3859 -74.934747714 39.081179627 4.567065
3860 -74.913509126 38.928545841 -0.000000
3861 -75.546012082 39.481152947 -0.000000
3862 -75.398453876 39.110823478 1.012301
3863 -75.052772680 38.733208441 -0.000000
3864 -75.098808273 38.805422222 1.309503
3865 -74.863482663 38.935675433 -0.000000
3866 -75.574562769 39.508626282 -0.000000
3867 -75.199642354 38.818897756 2.024437
3868 -74.991710685 39.063790332 5.915792
3869 -75.382200217 39.181535729 3.006432
3870 -75.553273224 39.492185126 -0.000000
3871 -75.032875579 39.192752381 2.743214
3872 -75.398245942 39.165197153 2.604748
3873 -75.567958444 39.453982890 -0.000000
3874 -74.891109464 39.129798132 -0.000000
3875 -75.179539083 39.150689930 6.298054
3876 -75.253417772 38.928226930 3.523492
3877 -74.932155313 39.176190351 2.651216
3878 -75.134433323 39.177254734 3.368173
3879 -75.498452483 39.361141889 2.603194
3880 -75.403407648 39.227155249 1.030441
3881 -75.186454648 39.235660483 3.430824
3882 -75.455510004 39.396803388 4.396338
3883 -75.528486686 39.532255374 -0.000000
3884 -75.241579957 39.125402889 8.442167
3885 -75.350892584 39.071095781 3.298027
3886 -75.029353749 39.110870285 4.567126
3887 -75.391995228 39.063819343 1.299797
3888 -75.577671189 39.472286236 -0.000000
3889 -75.399979967 39.257956825 3.711044
3890 -75.123646180 39.163930430 3.813810
3891 -74.972136896 38.986478815 7.392072
3892 -75.517657859 39.435761281 -0.000000
3893 -75.170017786 39.217917798 3.328688
3894 -75.433474296 39.392722533 1.840266
3895 -75.406356513 39.247590721 1.735708
3896 -74.991972049 38.772312357 -0.000000
3897 -75.227850324 39.263475369 3.629628
3898 -75.277012239 39.300279333 2.510361
3899 -74.836429084 38.957861609 -0.000000
3900 -75.304464702 38.967948341 2.033469
3901 -75.303388766 39.273707933 5.077903
3902 -75.318037665 39.305269228 4.758542
3903 -75.523251657 39.451406504 -0.000000
3904 -75.195989311 38.833868220 3.555355
3905 -75.305885321 38.958986916 1.484820
3906 -74.861377936 38.930318216 -0.000000
3907 -74.947448141 39.041519865 5.350197
3908 -74.956616297 39.002733800 1.553232
3909 -75.376690991 39.181361395 3.982822
3910 -75.133288956 39.158977070 4.056843
3911 -75.510249024 39.394724567 4.658395
3912 -75.184154023 38.831771654 4.437787
3913 -75.395099100 39.168717624 2.590767
3914 -75.076753265 38.732538464 -0.000000
3915 -75.441318750 39.392976100 6.006551
3916 -74.974965892 39.033912073 6.233536
3917 -75.259126409 38.940147313 3.757085
3918 -74.925638604 39.056985658 0.737670
3919 -75.329931805 39.007311399 1.325220
3920 -75.387416421 39.181485457 2.763721
3921 -74.955523084 39.055220014 4.030149
3922 -75.031571375 39.154137929 4.250128
3923 -74.929020668 39.091579378 4.256447
3924 -74.870947090 38.922214331 -0.000000
3925 -75.241017661 39.272242622 3.019352
3926 -75.550009479 39.471391765 -0.000000
3927 -75.117396889 39.211900782 1.165914
3928 -74.973266806 38.982551479 7.328433
3929 -75.558531367 39.435906743 -0.000000
3930 -75.273723761 39.268181409 5.596569
3931 -75.363976822 39.135272041 4.050362
3932 -75.342109222 39.301552112 5.582194
3933 -75.255643342 39.278942555 3.429167
3934 -75.317460410 38.988298799 1.272911
3935 -75.389543463 39.079133000 2.085407
3936 -75.536262899 39.506784462 -0.000000
3937 -75.119212627 39.209435962 4.292793
3938 -75.120215284 38.869368271 22.438278
3939 -75.024183704 38.761963078 -0.000000
3940 -75.161823440 39.012276974 12.284286
3941 -75.307502829 38.929714121 1.798258
3942 -74.944061087 38.746661470 -0.000000
3943 -75.073451502 38.758257105 -0.000000
3944 -74.975897522 39.174034094 3.328702
3945 -75.147019143 39.110363781 5.456452
3946 -75.052952169 39.213210863 1.224603
3947 -75.509175736 39.369533917 1.521032
3948 -74.924257538 39.086567230 4.230384
3949 -74.909786622 39.111502652 -0.000000
3950 -75.460013094 39.344305322 6.325094
3951 -74.861594669 38.971353772 -0.000000
3952 -75.390855159 39.104979193 1.976742
3953 -75.444031140 39.381151689 6.130568
3954 -75.400923789 39.069297553 0.663992
3955 -75.407320932 39.305497362 5.876640
3956 -75.368847730 39.044355329 1.841781
3957 -75.113072056 38.798059450 2.942935
3958 -75.119063073 39.206658209 1.238087
3959 -75.300931135 38.941948391 1.710494
3960 -74.964450791 38.927411948 11.450508
3961 -74.893371024 38.934450264 -0.000000
3962 -75.195892111 39.246587790 2.725715
3963 -74.954871707 39.008502434 2.175382
3964 -74.955443126 39.032945560 6.259098
3965 -75.372190287 39.241043188 3.777580
3966 -74.909098731 39.124621387 -0.000000
3967 -75.505785811 39.376267878 3.376565
3968 -75.216425974 39.204044039 5.661498
3969 -75.553144539 39.523447533 -0.000000
3970 -75.533302684 39.537449440 -0.000000
3971 -75.362265778 39.332269853 5.244971
3972 -75.401722025 39.262540985 3.785013
3973 -75.573913538 39.505621908 -0.000000
3974 -75.537498055 39.543282815 -0.000000
3975 -75.097631918 38.806862600 15.000204
3976 -74.860644005 38.939465796 -0.000000
3977 -74.999011741 38.860734579 7.119918
3978 -75.429865947 39.304759270 2.765444
3979 -75.130138033 39.187321723 1.782954
3980 -74.958465489 39.093025090 4.104522
3981 -75.304110710 38.935871019 1.407780
3982 -75.299846660 38.962928028 2.074505
3983 -75.545732222 39.528551500 -0.000000
3984 -74.980057439 39.187409285 2.497991
3985 -75.401215501 39.157048845 2.520750
3986 -75.547321542 39.490340890 -0.000000
3987 -75.162625115 39.158696118 4.732022
3988 -74.995748918 38.893348818 7.748085
3989 -75.391410817 39.203120465 3.635703
3990 -75.339566764 39.089804883 3.709476
3991 -75.308662065 38.965714849 1.418693
3992 -75.422738658 39.281780098 1.258058
3993 -74.973838390 38.974873679 7.831826
3994 -75.321935984 39.312962020 3.928089
3995 -75.290945788 38.920636447 3.194041
3996 -75.259410184 38.886180194 3.246270
3997 -75.360538038 39.042426799 2.859868
3998 -75.184714269 38.812225846 3.496665
3999 -75.514952705 39.411768932 8.945230
4000 -74.898362540 38.932712851 -0.000000
4001 -75.067728819 38.734842180 -0.000000
4002 -75.554984203 39.483755615 -0.000000
4003 -75.550832794 39.485610787 -0.000000
4004 -74.935444703 38.888815434 6.351090
4005 -75.217132076 39.260146850 3.212217
4006 -75.446260802 39.393032882 4.083993
4007 -74.975446730 38.932165398 6.350835
4008 -75.259566357 39.025791685 8.966711
4009 -75.098165682 39.211951578 0.971426
4010 -75.022007696 39.228707205 0.811867
4011 -74.985397497 38.911535484 10.244911
4012 -75.144035888 39.171054484 4.086722
4013 -75.241483089 38.861447114 1.627666
4014 -75.540251312 39.541025601 -0.000000
4015 -75.157477396 38.797513516 4.221497
4016 -75.405368227 39.252412035 0.968617
4017 -75.400814440 39.107577074 0.476289
4018 -75.074312771 38.791115421 15.671130
4019 -75.384228038 39.201585840 3.830855
4020 -75.077731858 39.207950346 2.047138
4021 -75.251964281 38.878103359 2.626995
4022 -75.508755512 39.390881794 4.153309
4023 -75.063105321 39.205786397 2.227115
4024 -75.526410954 39.415655766 6.538468
4025 -75.375779246 39.209402644 3.476938
4026 -75.313694803 39.018663978 4.926880
4027 -74.897774904 39.120606102 -0.000000
4028 -75.172680985 38.801555950 2.787556
4029 -75.470415872 39.335826572 2.562709
4030 -75.220144190 39.261758683 3.330392
4031 -74.829694682 38.955194092 -0.000000
4032 -75.584703785 39.497828715 -0.000000
4033 -74.890348564 38.933127346 -0.000000
4034 -74.901251588 39.172413611 -0.000000
4035 -75.571464984 39.504402265 -0.000000
4036 -75.465329201 39.404538948 5.856102
4037 -75.324656282 39.004706984 1.520790
4038 -75.482111505 39.430163216 -0.000000
4039 -74.941028051 39.039009761 1.436614
4040 -75.580041135 39.453083347 -0.000000
4041 -75.562022258 39.532973814 -0.000000
4042 -75.178405426 39.217233083 4.105843
4043 -75.508589955 39.382528525 3.226853
4044 -75.184317769 38.871181552 7.633858
4045 -75.017292708 39.226140552 0.939384
4046 -75.255512784 39.290376253 2.942736
4047 -75.339473770 39.019531135 1.370535
4048 -75.069051183 38.783822766 13.874835
4049 -74.959918846 39.075083228 4.201667
4050 -75.373663017 39.347114711 3.215757
4051 -75.326999907 39.323147973 3.496591
4052 -75.042598709 39.213299705 1.171600
4053 -75.274941837 38.957890227 4.465874
4054 -75.314359072 39.301590026 4.460331
4055 -75.030927111 39.211426197 4.838710
4056 -75.361573265 39.075446876 3.165178
4057 -75.317987639 39.213696423 8.368812
4058 -75.078883221 38.757870968 -0.000000
4059 -74.884354212 38.907380036 -0.000000
4060 -75.352976690 39.331178897 4.505726
4061 -75.095188722 39.209144581 1.895248
4062 -75.073646286 38.777536966 -0.000000
4063 -75.247329679 38.881241911 3.090254
4064 -75.546917546 39.433408539 -0.000000
4065 -75.399661131 39.088073629 0.926919
4066 -75.403008617 39.153562282 2.260993
4067 -75.480374566 39.344492315 2.428970
4068 -74.874759499 38.969554139 -0.000000
4069 -74.902013889 39.107505760 -0.000000
4070 -74.852617945 38.922363137 -0.000000
4071 -74.970737778 39.008685930 5.770240
4072 -74.921244599 39.074783247 3.724096
4073 -74.976531277 38.940048106 9.382746
4074 -75.004732332 38.932672992 6.668028
4075 -75.308557804 38.940444861 0.873156
4076 -75.121216830 39.151451451 3.993066
4077 -75.383794370 39.338640869 5.288674
4078 -74.892263305 38.927605608 -0.000000
4079 -75.054909947 39.205587144 2.175821
4080 -75.543457555 39.463628898 -0.000000
4081 -74.907138559 39.113457526 -0.000000
4082 -74.898527364 38.928102178 -0.000000
4083 -75.088417149 39.209377982 1.177421
4084 -75.553895134 39.469150530 -0.000000
4085 -74.969846867 38.956170554 5.724687
4086 -75.211464037 39.259161883 2.742669
4087 -75.057180707 39.212719380 1.416374
4088 -75.116927563 38.817120427 9.198550
4089 -75.573358113 39.510755090 -0.000000
4090 -75.563727577 39.457815514 -0.000000
4091 -75.537508577 39.510057778 -0.000000
4092 -75.443091779 39.325630270 3.822295
4093 -75.583901442 39.463272327 -0.000000
4094 -75.529522964 39.407533280 1.402519
4095 -75.042332414 39.197859065 2.973548
4096 -75.098712267 38.811012911 17.848358
4097 -75.405924475 39.263476101 2.722998
4098 -74.874300662 38.934815188 -0.000000
4099 -74.936122306 38.927605130 4.288016
4100 -75.538130831 39.538328895 -0.000000
4101 -75.536079134 39.457880260 -0.000000
4102 -75.357848258 39.187492774 4.018816
4103 -75.244427961 38.901371654 5.480628
4104 -75.390020108 39.198902795 3.584732
4105 -75.235671598 38.857126167 2.415702
4106 -75.502530050 39.358229602 1.127067
4107 -74.972834372 38.930328659 8.421796
4108 -75.578332176 39.450790743 -0.000000
4109 -75.544517873 39.486118302 -0.000000
4110 -74.950835812 39.171835260 3.264286
4111 -75.391143562 39.083668055 1.978866
4112 -74.943750623 39.030390844 0.740350
4113 -75.313559007 39.011792495 3.605428
4114 -75.564379463 39.502407601 -0.000000
4115 -75.312485116 39.304135459 4.246178
4116 -75.246038093 38.974970886 5.494664
4117 -75.130375181 39.184214372 2.745129
4118 -75.053988341 38.727806216 -0.000000
4119 -75.123460072 38.890848835 22.940544
4120 -75.347405341 39.031604832 2.222981
4121 -75.084007169 38.783266401 6.685729
4122 -74.903584819 39.092852896 -0.000000
4123 -74.979793218 38.966309963 7.774534
4124 -75.089154586 38.809369795 27.761721
4125 -75.168897463 39.186261492 4.937934
4126 -75.455755331 39.414714782 3.048015
4127 -74.971924814 38.935127599 6.106869
4128 -75.138890143 38.948529462 9.706376
4129 -75.136172214 38.784597302 3.356399
4130 -74.931064001 38.844372110 12.021037
4131 -74.883783826 38.927653043 -0.000000
4132 -74.925514248 39.066081520 2.725214
4133 -74.972355796 38.945378796 7.352566
4134 -74.942261546 39.182695956 2.224742
4135 -75.070496686 38.821914341 20.110931
4136 -75.164459643 38.808538223 5.018152
4137 -75.354370855 39.345532949 3.269712
4138 -74.970781522 38.978680351 7.489351
4139 -75.474885082 39.394614687 8.272542
4140 -74.975346089 38.970997330 7.635597
4141 -75.197826417 38.825639393 3.574704
4142 -74.913482265 39.168357155 -0.000000
4143 -75.461252590 39.416467314 3.758792
4144 -75.142199282 38.791560634 4.132597
4145 -75.395142956 39.150507770 2.613431
4146 -75.390320279 39.222889601 3.023355
4147 -75.037028523 39.182778096 3.210551
4148 -75.150190019 38.789054819 3.007149
4149 -74.914795800 38.882137962 -0.000000
4150 -75.092015087 39.112403298 5.464189
4151 -75.079536467 38.760677998 -0.000000
4152 -75.391162936 39.312345893 15.826182
4153 -75.075671799 39.190371906 2.900763
4154 -75.204085884 39.252651319 3.511167
4155 -75.471525554 39.432458320 -0.000000
4156 -75.514401907 39.385359845 2.237652
4157 -75.167353106 39.211616200 1.942872
4158 -75.084560466 38.798299594 8.991058
4159 -74.825076057 38.926277369 -0.000000
4160 -75.016725103 38.944020940 9.237164
4161 -75.020934673 38.832106489 10.806094
4162 -74.959748077 39.015281925 5.394748
4163 -75.400002781 39.366469211 3.517534
4164 -75.295077851 39.291819078 3.454769
4165 -75.102558482 38.792691187 4.964645
4166 -75.389161902 39.059208048 1.266864
4167 -75.540776480 39.425430576 -0.000000
4168 -75.370743121 39.177913096 4.554410
4169 -75.460483382 39.372112302 13.929075
4170 -75.540737256 39.464294884 -0.000000
4171 -74.859768160 38.942233173 -0.000000
4172 -75.468153892 39.344163679 3.607686
4173 -75.077988742 38.794549232 16.134932
4174 -75.036900299 39.198897023 3.131577
4175 -75.043209885 39.205305938 2.824487
4176 -75.392621367 39.346250529 4.855865
4177 -75.177144423 38.835369016 4.663338
4178 -75.402693513 39.364333224 4.647593
4179 -75.401142636 39.231832459 2.626164
4180 -75.180903817 38.813103233 3.986320
4181 -75.400392521 39.077286780 0.844396
4182 -75.064550263 38.847006429 35.292625
4183 -75.153822117 39.156946093 4.339569
4184 -75.343053602 39.142006620 3.227724
4185 -75.035229772 39.177898520 3.569200
4186 -75.391180115 39.114517511 2.579718
4187 -75.392792878 39.067131062 1.467663
4188 -75.363314611 39.339271004 4.320910
4189 -75.101553592 39.177998473 3.041368
4190 -75.381661468 39.350297298 3.003611
4191 -75.421556266 39.377229844 4.601535
4192 -75.471987745 39.334031991 1.458695
4193 -75.581052401 39.461822258 -0.000000
4194 -75.416485779 39.273891670 1.568792
4195 -75.080441248 38.767831398 -0.000000
4196 -74.903711756 38.923268955 -0.000000
4197 -75.341299257 39.031911876 3.231513
4198 -75.163625690 39.176129474 6.677437
4199 -75.290650845 39.183754359 2.588450
4200 -75.179752147 39.238060261 3.146285
4201 -75.539902496 39.439790903 -0.000000
4202 -75.126248224 38.783685181 3.616445
4203 -75.220991628 39.264590827 1.822708
4204 -75.367881550 39.059242468 3.372824
4205 -75.110200447 38.793779007 3.290695
4206 -75.063742761 38.727857110 -0.000000
4207 -75.464668067 39.424191299 -0.000000
4208 -75.396026340 39.369252836 2.678741
4209 -75.502621748 39.366605957 1.980333
4210 -75.397349671 39.366628252 3.342915
4211 -75.399876255 39.245400854 2.765065
4212 -75.548656882 39.523726188 -0.000000
4213 -75.313302381 38.977225419 1.294602
4214 -75.184082881 39.027963918 12.495752
4215 -75.562144936 39.500023635 -0.000000
4216 -74.879150511 38.928601149 -0.000000
4217 -75.312076510 38.938831712 1.011281
4218 -74.929605172 39.196470114 0.259048
4219 -75.547711910 39.423879683 -0.000000
4220 -75.572769563 39.513137838 -0.000000
4221 -75.567717895 39.515841784 -0.000000
4222 -74.888703531 39.155838599 -0.000000
4223 -75.534417690 39.411348415 1.388424
4224 -75.370762295 39.330576878 5.356233
4225 -74.873300393 38.965027311 -0.000000
4226 -75.246125924 39.285902613 2.708202
4227 -75.502202684 39.442502074 -0.000000
4228 -74.984850713 38.943490404 10.274540
4229 -75.316893273 38.991564192 1.639410
4230 -75.132674666 39.117882289 4.097612
4231 -74.918988135 39.121679315 -0.000000
4232 -75.408741418 39.143053847 1.273629
4233 -75.558494998 39.519717127 -0.000000
4234 -75.303444846 39.290044197 5.724195
4235 -75.262407467 39.286681942 3.113553
4236 -74.839465250 38.936317719 -0.000000
4237 -75.363743335 39.062513151 3.746972
4238 -75.407970673 39.158759916 1.599534
4239 -74.960336592 38.926468769 8.156469
4240 -75.317253079 39.313524108 2.818507
4241 -75.465896596 39.432967509 -0.000000
4242 -74.940339354 39.165623355 3.074576
4243 -75.426302306 39.284181599 0.461615
4244 -75.261864967 39.300282261 2.398048
4245 -75.309207127 38.950879191 1.273295
4246 -74.977735306 38.921502427 12.933288
4247 -75.235475629 38.871406164 2.291692
4248 -74.909505075 38.927370157 -0.000000
4249 -74.990920141 39.188458494 2.530919
4250 -75.109992265 39.153067031 3.425541
4251 -75.393156804 39.129312924 2.672767
4252 -75.210148433 39.042288273 12.900837
4253 -75.294921546 38.922127011 2.860256
4254 -75.485907294 39.343009844 1.772259
4255 -75.132311636 39.186123738 1.868568
4256 -75.420309259 39.287544965 2.645865
4257 -75.328798851 39.315139933 4.798529
4258 -75.155054815 39.138610613 5.018535
4259 -75.545962434 39.506511478 -0.000000
4260 -75.306353238 38.949794783 1.345385
4261 -75.328358910 39.319700889 3.900715
4262 -75.098601784 38.823306437 7.836568
4263 -75.432945342 39.390427654 3.181636
4264 -75.388094052 39.052909053 0.736128
4265 -75.216304563 38.855000414 3.859892
4266 -75.325537824 39.013953738 3.035423
4267 -74.912073395 39.177556260 -0.000000
4268 -75.162178935 38.801909566 4.869769
4269 -75.070435297 39.194314564 2.680375
4270 -74.986216265 38.962053709 8.255321
4271 -75.554582600 39.512149935 -0.000000
4272 -75.411445973 39.274133590 2.028037
4273 -75.265206515 39.300282347 2.602729
4274 -75.382751205 39.218010582 3.414426
4275 -75.269064690 39.273953958 5.835062
4276 -75.078161582 38.744659393 -0.000000
4277 -75.195400110 38.841592095 3.886184
4278 -74.877051441 38.940917112 -0.000000
4279 -75.530021506 39.514186066 -0.000000
4280 -75.323097747 39.278122738 5.536867
4281 -75.579022501 39.498780270 -0.000000
4282 -75.251264244 38.901109208 4.703585
4283 -75.477011444 39.339881461 2.738861
4284 -75.086616976 39.206362662 2.404691
4285 -75.513067766 39.453740535 -0.000000
4286 -75.466568954 39.408955890 5.628493
4287 -74.909382291 39.141728703 -0.000000
4288 -75.331333393 39.009152855 1.285075
4289 -75.302466335 39.008297624 5.045806
4290 -74.870606928 38.939276120 -0.000000
4291 -74.946343917 39.064042594 4.472791
4292 -75.569828373 39.495589401 -0.000000
4293 -75.237923220 39.188611579 7.878212
4294 -75.435453710 39.311743413 1.361475
4295 -75.038859855 39.212116480 2.565017
4296 -75.050724789 39.213739733 0.913278
4297 -75.571653210 39.472256844 -0.000000
4298 -75.539646799 39.535315957 -0.000000
4299 -75.343406377 39.345063519 2.479950
4300 -75.081472556 39.194194877 2.750669
4301 -75.139207949 39.160379060 4.427800
4302 -75.435514852 39.384982671 6.219537
4303 -74.914918314 39.176080535 -0.000000
4304 -74.896122417 38.924439504 -0.000000
4305 -75.311331281 38.946694159 1.371174
4306 -75.406062487 39.344446858 5.390640
4307 -74.904542819 39.121300826 -0.000000
4308 -75.582014307 39.493768462 -0.000000
4309 -75.530411423 39.524043066 -0.000000
4310 -75.103872045 38.796626716 3.726373
4311 -74.841101196 38.975444280 -0.000000
4312 -74.843757881 38.953606219 -0.000000
4313 -75.214693832 38.849985209 3.901842
4314 -75.347875820 39.035117083 2.897671
4315 -74.979036938 39.189728430 1.568837
4316 -74.975889974 38.996740099 6.303427
4317 -75.588651195 39.486627695 -0.000000
4318 -75.393519041 39.195147070 2.305379
4319 -75.275029651 39.300902388 2.576212
4320 -75.299060831 39.296425493 3.102176
4321 -74.900350252 39.165923477 -0.000000
4322 -75.196339800 38.847110824 4.263879
4323 -74.901515253 39.094949456 -0.000000
4324 -75.536426326 39.514277773 -0.000000
4325 -75.463640243 39.427457657 -0.000000
4326 -75.468493115 39.337587032 3.538412
4327 -75.534102482 39.422564959 -0.000000
4328 -74.956201640 39.010798725 4.501157
4329 -74.993871937 39.188660126 2.565118
4330 -75.240819952 39.261948405 4.555961
4331 -75.132120230 39.174233773 3.519351
4332 -75.411468395 39.152565620 0.591614
4333 -75.183950160 38.805838093 1.994195
4334 -75.396235949 39.361615244 4.036798
4335 -75.068089345 39.203582984 2.465864
4336 -75.289199687 39.247893160 6.236135
4337 -74.917186712 39.115829997 -0.000000
4338 -75.289059661 38.911358259 3.457877
4339 -75.385219010 39.083545895 2.325674
4340 -74.841529337 38.955778170 -0.000000
4341 -75.167614887 39.197819391 4.217933
4342 -75.404765643 39.123244154 1.418659
4343 -75.350752321 39.030534924 1.761930
4344 -75.362953664 39.336023113 6.220445
4345 -74.896155628 38.858437534 -0.000000
4346 -74.970413187 39.073404409 5.820445
4347 -74.826464459 38.968223535 -0.000000
4348 -75.107910474 39.096175052 5.569052
4349 -74.917235287 39.080684922 -0.000000
4350 -75.002092082 39.185909119 2.381513
4351 -75.406864873 39.174838265 1.244584
4352 -75.437188923 39.388668351 6.061685
4353 -75.441383564 39.348275115 11.657750
4354 -75.588756805 39.484040069 -0.000000
4355 -75.100491822 38.845214892 18.255623
4356 -75.441012571 39.376861167 7.030109
4357 -75.397539550 39.225991105 3.025286
4358 -74.960341627 38.993400565 2.445276
4359 -75.532534338 39.545827112 -0.000000
4360 -75.588605322 39.463550473 -0.000000
4361 -75.038811380 39.218235458 0.862623
4362 -75.219118345 38.850380877 3.582183
4363 -74.942059864 38.773299320 -0.000000
4364 -75.315933940 39.000741705 3.502987
4365 -74.923041932 39.060655970 0.810910
4366 -74.903019883 39.111438246 -0.000000
4367 -75.091008262 38.851694761 27.547213
4368 -74.963202815 38.998533832 5.998657
4369 -75.036664274 38.730366536 -0.000000
4370 -75.556053676 39.436065117 -0.000000
4371 -74.993767489 38.931731679 7.824422
4372 -75.298329646 38.918362097 1.693741
4373 -75.246224920 39.275281107 3.918701
4374 -75.329300824 39.297594271 5.656667
4375 -75.453977697 39.410061168 3.278305
4376 -74.968523733 39.013718944 5.399779
4377 -75.019196904 39.090577585 3.821460
4378 -75.476585628 39.433448478 -0.000000
4379 -74.966041864 38.979939363 4.616548
4380 -74.967174713 39.029083706 4.169824
4381 -75.064348013 39.209332237 2.003007
4382 -75.406526407 39.133715517 0.902708
4383 -74.995142446 38.956728478 8.620373
4384 -75.070669260 38.749964894 -0.000000
4385 -75.028056030 39.202748469 0.896696
4386 -75.355191369 39.309428822 6.277133
4387 -75.091587277 38.807758013 30.066179
4388 -75.298426365 38.976676977 1.908645
4389 -75.472112042 39.424506847 -0.000000
4390 -74.911990686 39.078684158 -0.000000
4391 -75.399623989 39.265406638 3.135632
4392 -75.283697782 39.287363081 3.652591
4393 -75.512341984 39.377044173 2.408663
4394 -75.376044864 39.306766262 6.167572
4395 -74.985685497 38.940381152 11.109861
4396 -75.217408115 38.876398243 5.399721
4397 -75.337183256 39.307172091 4.980005
4398 -75.033097774 38.849092313 9.301550
4399 -75.324641291 39.007840180 1.710094
4400 -75.075894574 38.763446667 -0.000000
4401 -75.360416031 39.242070082 5.233331
4402 -75.079397103 38.749689785 -0.000000
4403 -75.014394011 38.921693449 10.283966
4404 -74.930941303 39.099968147 3.955966
4405 -75.276941800 39.290431387 2.920311
4406 -75.302866558 39.297647159 3.158725
4407 -75.100903029 39.210496786 1.839682
4408 -75.268451865 39.251673699 5.774101
4409 -75.453853124 39.416093887 2.774506
4410 -74.970485016 38.932746087 4.933108
4411 -75.285034252 39.283471605 5.678352
4412 -74.999768161 39.182546500 2.844664
4413 -75.587437521 39.477137411 -0.000000
4414 -75.080843797 38.885202839 24.207159
4415 -75.402896546 39.150312208 2.038929
4416 -74.889099306 38.918485199 -0.000000
4417 -75.086592689 39.212899662 0.618891
4418 -74.966154260 39.000834700 6.530339
4419 -75.423033566 39.383513930 4.008462
4420 -75.546035520 39.425374229 -0.000000
4421 -75.380777361 39.323956749 6.369630
4422 -75.217031291 39.263519136 1.744750
4423 -75.040148022 38.776897751 -0.000000
4424 -74.863437838 38.968862544 -0.000000
4425 -75.278282648 39.298403811 4.580407
4426 -75.077908411 38.798770288 27.352652
4427 -74.970838528 38.905428079 10.314487
4428 -75.172569372 38.817375017 5.298255
4429 -75.370929497 39.344888967 3.412832
4430 -74.841015370 38.900108430 -0.000000
4431 -75.026355293 39.223531223 4.646190
4432 -75.531439174 39.405812709 1.388593
4433 -75.235851457 38.899424631 6.897398
4434 -75.543735566 39.504274554 -0.000000
4435 -74.959628948 39.003488949 5.365437
4436 -75.292477261 38.938828247 2.941747
4437 -74.893731103 38.914603844 -0.000000
4438 -75.370316575 39.349600607 2.116340
4439 -75.279857274 39.262551096 5.393405
4440 -75.531446109 39.526995001 -0.000000
4441 -75.199767429 38.916357220 3.266051
4442 -75.288344129 39.289757195 3.583822
4443 -75.319746325 39.000764877 1.770209
4444 -75.196284351 39.190663023 6.263037
4445 -75.410581562 39.354700658 5.560555
4446 -74.923884378 39.126561289 3.350789
4447 -75.017983028 38.912794145 10.567711
4448 -74.955040840 39.119828164 3.924762
4449 -74.848226884 38.948930895 -0.000000
4450 -75.218466500 38.887582219 4.572980
4451 -75.208024952 39.239354309 4.641686
4452 -75.021429538 39.223327675 0.980062
4453 -75.462687181 39.333000195 3.114751
4454 -75.534947267 39.426007952 -0.000000
4455 -75.057024634 38.762786714 -0.000000
4456 -75.201687468 38.851322592 3.383270
4457 -75.300920123 38.926930302 2.309126
4458 -75.114939326 38.835386833 5.948806
4459 -75.417382649 39.383187495 2.318297
4460 -75.537857332 39.532375782 -0.000000
4461 -75.453942034 39.325314184 2.431739
4462 -75.564123697 39.470103736 -0.000000
4463 -75.530555871 39.493255211 -0.000000
4464 -75.476226474 39.402556134 7.784323
4465 -75.286795611 39.287140532 4.556404
4466 -75.188401129 38.836737508 3.898680
4467 -75.029688860 39.175340325 2.969151
4468 -74.962662879 39.051909573 4.927866
4469 -75.344661696 39.325375650 5.118697
4470 -74.927713291 39.169086279 2.863291
4471 -75.075953326 38.727097178 -0.000000
4472 -75.421893786 39.361638524 5.837704
4473 -75.568668264 39.525979667 -0.000000
4474 -75.235362214 39.053009265 6.813787
4475 -75.394836985 39.197227989 1.475705
4476 -74.998742727 39.178279214 3.260329
4477 -75.288651674 39.154638022 6.448168
4478 -75.416570566 39.372478859 4.643871
4479 -75.127878479 39.186554941 2.727945
4480 -74.964501135 39.185174476 2.487496
4481 -74.950088174 39.185603030 2.135047
4482 -75.406104994 39.250224311 0.203075
4483 -74.966003779 39.138812304 3.876307
4484 -75.280220498 38.948759263 3.406669
4485 -75.344222846 39.030779372 2.355057
4486 -74.839880533 38.958354801 -0.000000
4487 -75.398484154 39.219464438 2.304262
4488 -75.501554050 39.381843328 3.799540
4489 -74.941862329 39.041517381 4.231690
4490 -75.178764850 39.199305576 5.734780
4491 -75.306257490 39.302453472 2.102840
4492 -74.953662276 39.017556282 5.307288
4493 -75.458413843 39.331626576 3.359474
4494 -75.464240403 39.436812026 -0.000000
4495 -75.106412459 39.211502417 2.930812
4496 -74.930931623 39.048811811 0.544699
4497 -74.934164418 39.074815042 4.571922
4498 -75.169678865 39.221214315 2.556170
4499 -75.074511632 38.724571778 -0.000000
4500 -74.875872745 38.919170091 -0.000000
4501 -75.259550330 38.876057903 1.659526
4502 -75.301197975 39.295419351 3.639832
4503 -74.971361598 38.953262946 6.834051
4504 -75.145332073 39.180894448 3.768775
4505 -75.417131468 39.365357997 5.174980
4506 -75.247192828 38.863395436 1.707939
4507 -75.379681551 39.352406255 3.141836
4508 -74.839538760 38.919862142 -0.000000
4509 -74.922040884 38.924836224 5.775666
4510 -75.166433684 39.214377824 1.828675
4511 -75.481121807 39.376833798 7.092295
4512 -75.223041373 39.265236672 1.875647
4513 -75.414182411 39.369277948 4.817073
4514 -74.945011900 38.910841446 9.283178
4515 -74.899744009 39.113587320 -0.000000
4516 -74.889257061 38.937899129 -0.000000
4517 -75.013127424 39.108526417 4.274288
4518 -75.155108458 38.790361553 2.134584
4519 -75.241232665 38.885561198 3.275262
4520 -74.957403044 39.179383679 2.834564
4521 -75.312366254 38.974554577 1.380954
4522 -74.995112072 39.169396240 3.784067
4523 -75.324012042 38.998968473 1.376486
4524 -75.403480003 39.113591568 0.690340
4525 -75.325356102 39.001407893 1.444962
4526 -75.172233474 39.232900968 2.202600
4527 -74.860903319 38.914721568 -0.000000
4528 -75.456135127 39.401355964 4.752482
4529 -75.527681745 39.449336763 -0.000000
4530 -75.306231869 39.069030512 5.709409
4531 -74.960541417 38.991041330 2.152064
4532 -75.547279767 39.456725636 -0.000000
4533 -74.920439312 39.066864981 0.928572
4534 -75.390078230 39.191637153 3.185098
4535 -75.332626490 39.318517865 4.931622
4536 -75.427376274 39.320228869 4.280214
4537 -74.889288562 39.162022858 -0.000000
4538 -74.988174009 39.182011984 3.008430
4539 -75.275375512 38.891784391 2.267271
4540 -75.566736247 39.504127265 -0.000000
4541 -75.559701573 39.509002977 -0.000000
4542 -75.129635329 39.180208982 2.576868
4543 -75.092825068 38.806250765 11.044588
4544 -75.046059802 38.736192726 -0.000000
4545 -75.164370588 39.167425130 4.917788
4546 -74.896709842 39.131302353 -0.000000
4547 -74.953434419 39.028929437 5.735495
4548 -75.108320547 39.214249316 1.394105
4549 -74.958123459 38.904120678 3.971588
4550 -74.950988852 39.035065909 5.887838
4551 -74.901410901 39.091678769 -0.000000
4552 -75.549237905 39.452317469 -0.000000
4553 -74.985199950 39.191744849 1.506623
4554 -75.487937766 39.438344413 -0.000000
4555 -75.448713715 39.330183940 4.084718
4556 -75.472157465 39.345201943 3.524362
4557 -75.390860259 39.270584199 3.341765
4558 -74.911870309 38.918748376 -0.000000
4559 -75.116288067 39.208561352 2.498866
4560 -75.353266029 39.347560016 2.318951
4561 -75.459012067 39.423913420 -0.000000
4562 -74.933690065 39.057696018 4.785854
4563 -74.942559608 39.171751379 2.987754
4564 -75.306616031 38.941244815 3.303847
4565 -75.025803463 38.922697897 10.897156
4566 -74.828489169 38.966966590 -0.000000
4567 -75.312105220 39.233386590 10.653411
4568 -75.338383702 39.345925287 1.974952
4569 -75.046727611 38.727043725 -0.000000
4570 -75.445622188 39.322617015 3.112748
4571 -75.479747745 39.367039956 6.160763
4572 -75.493621265 39.377094814 4.181492
4573 -75.381179997 39.212526760 3.507524
4574 -75.412153709 39.286247365 3.620233
4575 -75.068670122 38.738379803 -0.000000
4576 -74.935837404 38.920864726 7.709334
4577 -75.492748431 39.437098594 -0.000000
4578 -75.296795567 38.908886102 1.585250
4579 -75.443565360 39.394800204 6.347574
4580 -75.378640216 39.086466490 2.764607
4581 -75.183849379 39.245177906 1.474170
4582 -74.842569459 38.941210847 -0.000000
4583 -75.107817045 39.191042326 2.499102
4584 -74.978208025 38.906281023 10.064620
4585 -75.415057227 39.375514683 3.869769
4586 -75.398309515 39.092607082 0.998686
4587 -75.463384924 39.330820786 2.334185
4588 -75.126355614 39.142498212 4.031525
4589 -75.341840629 39.048128704 3.694348
4590 -75.000620074 39.173608680 3.357024
4591 -74.995086966 38.969819750 8.461250
4592 -75.245740683 38.865790534 1.990220
4593 -75.069313737 38.722651335 -0.000000
4594 -74.945602541 39.177443627 2.875857
4595 -74.935709272 39.181678442 1.717756
4596 -75.400248172 39.355252390 5.244633
4597 -75.283604211 39.294157812 2.491509
4598 -75.311675078 39.027013370 5.199258
4599 -74.947434845 38.921632038 8.479009
4600 -75.346106613 39.038194498 3.715641
4601 -75.158176292 38.814563371 5.302226
4602 -74.949196300 39.032128819 5.634290
4603 -75.080947726 39.200256096 2.519546
4604 -75.101170331 38.804430751 10.499285
4605 -75.225491332 39.178218669 6.903898
4606 -75.287852950 38.978010888 3.251599
4607 -74.984221441 39.189567952 2.148612
4608 -75.398994821 39.123506028 2.137830
4609 -75.213828207 39.242075766 4.890452
4610 -75.480967111 39.341617403 2.256558
4611 -75.566850259 39.444274348 -0.000000
4612 -75.289486188 39.287471632 5.449725
4613 -75.403828925 39.379661262 2.478033
4614 -75.401333591 39.239686154 2.273099
4615 -75.173032322 39.235110613 2.148535
4616 -75.361321640 39.327626421 5.244951
4617 -75.078246533 39.211181315 0.670698
4618 -75.079393315 38.765723983 -0.000000
4619 -75.548346432 39.482909600 -0.000000
4620 -74.994529671 39.190751348 2.016743
4621 -75.080108817 39.209917740 1.534115
4622 -74.905513217 39.088085349 -0.000000
4623 -75.425874740 39.378440578 5.107863
4624 -75.025007513 39.206210185 0.856386
4625 -75.119162180 39.130888507 4.054225
4626 -75.350881064 39.347525437 2.557358
4627 -75.044168074 39.215607980 0.800282
4628 -75.232997137 38.855984169 2.480957
4629 -75.279363758 38.907487793 3.945846
4630 -75.406191383 39.135941688 1.355247
4631 -75.154953701 38.795939305 4.373642
4632 -75.118351189 38.784005573 6.878059
4633 -75.425390238 39.282625419 -0.188079
4634 -75.270398194 38.903460194 4.391514
4635 -75.378178422 39.253604531 4.277813
4636 -75.306903047 38.938373773 1.053289
4637 -75.019217139 39.224110795 0.956799
4638 -75.265597218 38.890276483 2.232207
4639 -75.570623883 39.511256414 -0.000000
4640 -75.236919934 39.264203756 4.424744
4641 -75.323565704 39.289080619 6.288166
4642 -75.251064142 39.279618016 3.489673
4643 -75.409407908 39.167529728 0.805488
4644 -75.082999099 38.804741271 25.524748
4645 -75.526348600 39.424468622 -0.000000
4646 -75.290506751 39.290544538 2.844638
4647 -74.924967760 39.096706827 4.279468
4648 -75.532723438 39.513629517 -0.000000
4649 -75.520873502 39.459004810 -0.000000
4650 -75.569769687 39.521403592 -0.000000
4651 -75.211083228 38.848558874 4.096512
4652 -75.314054130 38.990585480 1.826501
4653 -75.317456470 39.032405939 4.661105
4654 -75.451920168 39.390029000 4.549491
4655 -75.246071164 39.271911481 3.766125
4656 -75.549093694 39.425814910 -0.000000
4657 -75.204863924 39.235871526 4.991630
4658 -74.996507603 39.187563673 2.666865
4659 -75.270395788 38.946219911 4.561937
4660 -74.954697133 39.186310983 2.305547
4661 -75.403368766 39.264568601 3.615922
4662 -75.029829698 39.196877595 1.020299
4663 -75.454270640 39.327716912 3.129626
4664 -74.913532336 38.925976359 -0.000000
4665 -75.478770319 39.435280261 -0.000000
4666 -74.990123925 39.048074513 7.551769
4667 -74.914297284 39.163004222 -0.000000
4668 -75.012136347 39.068311212 4.198260
4669 -75.535164679 39.541838362 -0.000000
4670 -75.464506087 39.334747205 3.328689
4671 -75.272523207 39.294931293 3.490108
4672 -75.540436662 39.506109739 -0.000000
4673 -74.845648919 38.937876683 -0.000000
4674 -75.401268471 39.335032548 5.520795
4675 -75.133158091 39.093750080 5.580131
4676 -75.559874437 39.513042285 -0.000000
4677 -75.549454404 39.464369994 -0.000000
4678 -75.131593010 39.177491342 3.165245
4679 -75.008508455 39.190541936 1.516690
4680 -75.406966949 39.144998342 1.667645
4681 -75.262545701 39.294254632 2.956203
4682 -75.012377801 39.180109701 3.348029
4683 -75.275149262 38.896786644 2.364783
4684 -75.203589626 38.858439655 3.103311
4685 -75.072645005 39.213179374 1.005091
4686 -74.891841023 39.157493300 -0.000000
4687 -74.860232324 38.753356845 -0.000000
4688 -74.965396615 39.065606309 4.454712
4689 -75.461945734 39.422433422 -0.000000
4690 -75.052269554 39.197816972 2.544165
4691 -75.224878354 39.266090194 1.884832
4692 -75.235335927 38.862525414 1.769356
4693 -74.904024479 39.173191488 -0.000000
4694 -75.195457085 38.819205193 2.790627
4695 -75.005668057 38.786572686 21.192030
4696 -75.399986476 39.169501954 2.417650
4697 -75.413004409 39.276345591 1.895808
4698 -75.086892576 38.815239464 15.594688
4699 -74.955858071 39.041714797 5.243469
4700 -74.916825838 39.070512154 -0.000000
4701 -75.508429527 39.398259824 5.964741
4702 -75.552424027 39.499231703 -0.000000
4703 -75.080174144 38.786771831 8.964222
4704 -74.931318976 39.169006614 2.903961
4705 -75.112099615 39.185105741 2.811406
4706 -75.197359273 39.200054048 6.058462
4707 -75.566781434 39.438874587 -0.000000
4708 -74.955236320 39.064035042 4.013715
4709 -75.560256991 39.445586808 -0.000000
4710 -75.533790276 39.505026536 -0.000000
4711 -74.867484703 38.841184500 -0.000000
4712 -74.967148109 38.973857128 4.533590
4713 -75.264700493 38.883485343 2.361111
4714 -75.482717999 39.438008754 -0.000000
4715 -75.590637755 39.471594933 -0.000000
4716 -75.135495460 38.787486989 4.092252
4717 -75.159030289 38.792632054 2.639708
4718 -75.493118706 39.359003171 3.429107
4719 -74.915202394 39.157118143 -0.000000
4720 -75.304023580 38.917532167 1.740064
4721 -75.286275165 38.908599378 3.394928
4722 -75.287801161 38.950160041 2.790280
4723 -75.569899725 39.523907997 -0.000000
4724 -74.973405077 38.965263952 8.304214
4725 -75.401677247 39.133105337 2.261714
4726 -75.399042106 39.098753802 0.700706
4727 -74.926389542 39.178621955 1.459675
4728 -74.904819040 39.144608495 -0.000000
4729 -74.928131599 39.062844358 2.674798
4730 -75.327050127 39.017122583 2.854377
4731 -74.970054587 38.930038232 10.458245
4732 -75.487655483 39.351759222 3.276482
4733 -74.848013181 38.952923017 -0.000000
4734 -74.937084591 39.066479444 5.175380
4735 -74.914687953 39.134040813 -0.000000
4736 -75.334362052 39.338028800 3.084014
4737 -75.352423685 39.219784049 4.571931
4738 -75.049571202 39.007189920 7.335177
4739 -75.547082108 39.469158802 -0.000000
4740 -75.305301845 39.300871928 2.701015
4741 -75.386109983 39.051374067 0.996862
4742 -75.406238375 39.366450986 4.295088
4743 -75.400618069 39.341649473 6.428740
4744 -75.393891188 39.175619611 2.482502
4745 -75.199989113 39.242067713 3.943353
4746 -75.112698139 39.202504881 2.008507
4747 -74.873954713 38.941080823 -0.000000
4748 -75.457313773 39.392030260 4.714214
4749 -75.431119222 39.298914851 1.839834
4750 -75.355713596 39.334726936 4.397315
4751 -75.395666439 39.210530907 2.022989
4752 -74.929478080 39.050987479 0.474133
4753 -74.832773840 38.931752600 -0.000000
4754 -74.963176303 38.989955705 4.491024
4755 -75.514090740 39.458908093 -0.000000
4756 -75.210071080 38.844747193 4.174867
4757 -75.103052397 38.815470415 14.758842
4758 -75.355484002 39.277372257 16.124876
4759 -75.401252159 39.286472473 4.957010
4760 -75.064365546 38.723424259 -0.000000
4761 -75.211248657 39.214470597 5.058132
4762 -75.558287521 39.481580525 -0.000000
4763 -75.203169333 39.226913474 5.774169
4764 -74.930546943 39.056244974 1.429153
4765 -74.936653253 39.056363320 5.525272
4766 -75.097131558 38.797594840 6.659252
4767 -75.314615751 39.293810903 4.311395
4768 -75.303529531 38.944513071 1.429054
4769 -74.938518323 39.038523980 0.673927
4770 -75.295182574 38.955917572 2.242588
4771 -74.954722520 38.895103341 4.502215
4772 -74.921323622 39.110277825 3.675416
4773 -75.440404997 39.362873455 8.256652
4774 -74.940898849 39.085745663 4.170700
4775 -75.006301022 39.190626880 1.485606
4776 -75.513821355 39.372946396 0.973110
4777 -75.327341220 39.334530275 2.421176
4778 -75.384466692 39.306454353 14.042500
4779 -74.985928689 38.935840201 10.818042
4780 -75.100794519 39.162047878 3.478563
4781 -75.523347766 39.405588298 3.417914
4782 -75.372970707 39.199171055 3.967484
4783 -75.273529559 38.893655983 2.321075
4784 -75.390728777 39.234379464 3.712929
4785 -75.118907614 39.191842312 2.580635
4786 -75.310256017 38.967879334 1.291554
4787 -75.231667616 39.204951076 7.055424
4788 -75.169899282 39.223993059 2.414606
4789 -75.073916188 38.796486067 25.154043
4790 -75.289090054 38.972034682 3.161719
4791 -75.042130974 39.192315209 2.923353
4792 -75.257442380 39.293278702 2.978431
4793 -75.185971626 39.161479387 4.882011
4794 -75.582418530 39.499136066 -0.000000
4795 -75.037106704 38.823103484 26.148478
4796 -75.375561383 39.217110809 3.529844
4797 -75.516428814 39.454883625 -0.000000
4798 -75.211982898 39.073671335 7.726358
4799 -75.172891014 39.219304371 4.042933
4800 -75.299258401 39.281929447 5.634921
4801 -74.975572866 39.189654110 1.493634
4802 -74.952236813 39.013322122 1.761872
4803 -75.230500627 38.850307204 2.406124
4804 -75.549210483 39.460931026 -0.000000
4805 -75.314155590 38.996467488 2.854197
4806 -75.030352579 39.193627268 2.294288
4807 -74.937651996 39.094271540 4.142290
4808 -75.403650064 39.233753655 0.236909
4809 -75.021331988 38.790686525 24.500448
4810 -74.971689358 38.971519074 7.856593
4811 -75.170979183 39.231097282 1.984697
4812 -75.004728884 39.186262699 1.905476
4813 -75.238491958 38.863853037 2.076640
4814 -75.055316035 39.201161809 2.334201
4815 -75.411320894 39.376444145 4.418071
4816 -75.101522536 38.799015978 3.292013
4817 -75.043207558 39.218317051 0.733632
4818 -75.444361965 39.386930405 4.269541
4819 -75.014477812 38.932031775 8.663425
4820 -75.567796007 39.531742746 -0.000000
4821 -75.047314672 39.199800005 2.768726
4822 -75.187781048 38.807702511 1.863945
4823 -74.938464730 39.160516983 3.120367
4824 -75.290521915 39.278703497 7.050651
4825 -75.264575361 39.291426406 2.951256
4826 -75.392616262 39.209796957 3.945225
4827 -74.906537087 39.128431404 -0.000000
4828 -75.116897326 38.786514861 5.544577
4829 -75.157634643 39.174934729 5.296584
4830 -75.256010836 38.896216091 4.737381
4831 -75.231851741 39.265578697 3.390335
4832 -75.217595343 39.221931641 5.439063
4833 -75.575093355 39.493141583 -0.000000
4834 -75.397202933 39.085845940 1.108828
4835 -75.383445231 39.054405469 1.589115
4836 -75.021111405 39.190844417 2.102681
4837 -75.261509788 38.889263540 2.045427
4838 -74.919147158 39.071771930 -0.000000
4839 -75.355411605 39.032553407 1.811469
4840 -74.913553314 39.152513237 -0.000000
4841 -74.851880410 38.937475330 -0.000000
4842 -75.567910305 39.536578844 -0.000000
4843 -75.416778654 39.286007865 2.951076
4844 -75.533542499 39.455363198 -0.000000
4845 -75.034054788 39.205292055 3.866253
4846 -74.896739496 39.112135056 -0.000000
4847 -75.566402533 39.545329976 -0.000000
4848 -75.156937647 38.867451163 7.598616
4849 -75.408786990 39.277034474 2.252531
4850 -75.253396386 39.260170148 6.449632
4851 -75.308892405 38.945396753 1.098399
4852 -75.457428452 39.421278951 -0.000000
4853 -75.380935257 39.129272307 3.437570
4854 -75.354951955 39.038794261 2.618371
4855 -75.249105866 38.865519161 1.713873
4856 -74.932860974 39.186491043 0.920185
4857 -75.000164537 38.917975819 4.883471
4858 -75.238096663 38.856466554 1.512659
4859 -74.991220764 38.950810953 9.125055
4860 -74.880094387 38.890362499 -0.000000
4861 -74.951380946 39.163013840 3.190063
4862 -75.547044312 39.436763144 -0.000000
4863 -75.508940443 39.453318940 -0.000000
4864 -75.273249711 39.302182664 2.166969
4865 -75.107853466 38.809163720 9.606400
4866 -75.203589895 39.246430544 3.810454
4867 -75.535746894 39.518898461 -0.000000
4868 -75.034701807 39.209441915 3.817154
4869 -74.986298490 38.871484825 8.237504
4870 -75.506461706 39.362911833 1.057977
4871 -75.187539442 38.858344969 4.734840
4872 -75.313523000 38.987285046 1.663848
4873 -75.582470670 39.471933814 -0.000000
4874 -74.956934226 39.013806331 5.836750
4875 -75.308740898 39.259802413 6.199092
4876 -74.964608313 38.974594028 2.411852
4877 -75.557508102 39.442712462 -0.000000
4878 -74.889314945 39.149538293 -0.000000
4879 -75.535726497 39.412976721 1.445200
4880 -74.977443260 38.946291148 7.389701
4881 -75.351432380 39.082901983 3.311823
4882 -75.308670287 39.302564672 3.233466
4883 -75.395254459 39.206594493 1.485027
4884 -75.318817606 39.077220280 4.633147
4885 -75.544579636 39.538894197 -0.000000
4886 -75.449385550 39.322258748 2.413602
4887 -75.384854025 39.274108661 5.359364
4888 -75.341391050 39.063633242 4.224714
4889 -75.126780822 38.795810151 4.768870
4890 -74.982944648 39.186535480 2.794503
4891 -75.385772089 39.053875418 1.257946
4892 -75.305862783 38.919073279 1.664852
4893 -75.432363840 39.370000821 6.383034
4894 -75.393381364 39.135846512 2.748671
4895 -75.422186202 39.367421288 5.742378
4896 -75.307116972 38.962494184 1.544389
4897 -74.962117479 38.983259718 1.773879
4898 -75.390567206 39.178386773 2.605215
4899 -75.332427716 39.050871597 3.214280
4900 -75.426578980 39.286567111 1.417876
4901 -75.034437197 39.171066927 4.194723
4902 -75.369016824 39.210918642 3.932644
4903 -75.353490304 39.030221505 1.608790
4904 -74.962122631 38.928712492 9.241185
4905 -75.356809792 39.345961522 2.981591
4906 -75.541469006 39.420262093 -0.000000
4907 -74.954798618 38.922650321 8.513644
4908 -75.402892774 39.171553542 2.014653
4909 -75.300885572 39.284462938 5.672218
4910 -75.396292644 39.095111915 1.281088
4911 -74.932106866 39.046544104 0.526330
4912 -75.317596501 39.273976289 6.378907
4913 -75.112088188 39.207061347 2.145536
4914 -75.075576516 39.209955769 1.878075
4915 -75.567867667 39.447156895 -0.000000
4916 -74.940753800 39.063681832 5.226094
4917 -75.067737262 38.746806410 -0.000000
4918 -74.920330730 39.168484128 2.634976
4919 -74.970586445 39.048660659 5.161535
4920 -75.322497970 39.000487452 1.563644
4921 -75.547388758 39.541627063 -0.000000
4922 -75.069804304 38.731730275 -0.000000
4923 -74.879757358 38.939657534 -0.000000
4924 -75.546636449 39.535352509 -0.000000
4925 -75.058437904 39.053376899 7.632803
4926 -74.951847856 39.187323495 1.670092
4927 -74.973880226 39.187030870 2.310425
4928 -75.406385146 39.328900481 12.247076
4929 -75.361717938 39.105422543 3.676297
4930 -75.335243430 39.182818346 2.725414
4931 -75.493940641 39.363620219 3.955885
4932 -75.272876094 39.290061917 2.956034
4933 -74.886134943 38.878773855 -0.000000
4934 -75.354848860 39.318347516 5.034279
4935 -75.539814965 39.528268929 -0.000000
4936 -75.368702036 39.047184286 2.773726
4937 -75.406350569 39.141485826 1.735505
4938 -75.488302881 39.362358291 5.232224
4939 -75.131725663 38.784095813 3.600519
4940 -75.578916856 39.491267402 -0.000000
4941 -74.909298441 39.173328695 -0.000000
4942 -75.392950920 39.172010875 2.561500
4943 -74.966066095 38.990177021 5.991824
4944 -75.374002508 39.338910037 5.106593
4945 -75.527518354 39.401613382 1.146774
4946 -75.323766286 39.016508804 3.041255
4947 -75.008138121 39.163687161 3.574619
4948 -75.554523354 39.508766994 -0.000000
4949 -75.320019908 39.298957829 6.047802
4950 -74.968465962 38.931546514 6.850403
4951 -75.451855629 39.336830162 6.075871
4952 -75.393800895 39.355479353 4.416529
4953 -75.547055130 39.427524636 -0.000000
4954 -74.917444741 38.926959188 -0.000000
4955 -75.078160226 38.803123001 26.499628
4956 -75.066493126 39.207304370 2.131171
4957 -75.394225421 39.141879169 2.593424
4958 -75.337875517 39.337932165 3.143231
4959 -75.236927357 39.266913358 3.505190
4960 -74.885838452 38.922820539 -0.000000
4961 -75.228579417 38.920747216 5.050105
4962 -75.339372506 39.340964708 2.907680
4963 -75.084389150 38.792474517 8.438732
4964 -75.351146631 39.265340068 10.523607
4965 -75.419367062 39.335481575 19.393843
4966 -75.308643876 39.299872626 4.017071
4967 -75.235110052 38.866266578 2.131418
4968 -75.192180075 39.243556822 2.217120
4969 -75.071948971 38.927916112 16.114836
4970 -75.387912319 39.124721471 3.002206
4971 -75.117088129 39.183543131 2.831566
4972 -75.298928704 39.277682383 5.509991
4973 -75.368417954 39.346174925 2.674533
4974 -75.569176693 39.442377989 -0.000000
4975 -75.555468584 39.495941179 -0.000000
4976 -75.344269227 39.025761631 1.508483
4977 -74.928399234 38.908383100 8.522145
4978 -75.396394503 39.215463459 2.143487
4979 -75.337660090 39.217690982 3.717807
4980 -75.374738153 39.135805275 3.546205
4981 -75.348683801 39.042239073 4.332098
4982 -74.927001965 39.055329813 0.730391
4983 -75.075358042 39.205038515 2.580220
4984 -75.429302274 39.385378482 5.568837
4985 -75.385891477 39.065112302 2.056177
4986 -75.032542721 39.189724198 2.706975
4987 -75.521810024 39.441557337 -0.000000
4988 -75.178194596 39.231939480 3.439270
4989 -75.454387561 39.346709503 7.641757
4990 -75.395141572 39.364241140 3.277153
4991 -74.845917681 38.952451026 -0.000000
4992 -75.123473582 39.199358613 1.059384
4993 -75.120110458 39.198889101 1.892330
4994 -75.407503386 39.169521216 1.401036
4995 -74.866550457 38.969714201 -0.000000
4996 -74.992005725 38.904442348 9.907852
4997 -74.908647576 38.826870761 -0.000000
4998 -74.965543713 38.899556276 9.066520
4999 -75.082120488 38.772002828 -0.000000
5000 -75.342336077 39.124595942 4.127567
5001 -75.271616024 39.259518613 6.430175
5002 -75.532982244 39.521804630 -0.000000
5003 -75.395083445 39.204637860 0.922117
5004 -75.094122200 39.172402428 3.349514
5005 -75.406479175 39.127062680 1.054099
5006 -75.427342393 39.315600613 3.516847
5007 -74.911244251 39.159996690 -0.000000
5008 -75.401938639 39.361112093 4.687038
5009 -75.290936121 38.925291218 2.935244
5010 -75.313235939 39.306855803 3.448184
5011 -75.396833395 39.172703830 2.485009
5012 -75.520611094 39.388297669 3.866514
5013 -75.569033134 39.528467899 -0.000000
5014 -74.902693322 39.169568171 -0.000000
5015 -74.913554722 39.074123226 -0.000000
5016 -75.500712140 39.376353679 2.972551
5017 -75.076003574 38.774902694 -0.000000
5018 -74.971535059 38.962467557 7.387233
5019 -75.399089841 39.136070134 2.548222
5020 -75.021137276 39.182346213 2.743629
5021 -74.971790077 39.110208548 3.783581
5022 -75.323420177 39.264350652 7.241419
5023 -75.222031619 38.841730430 1.599942
5024 -74.962016799 39.179608941 3.004127
5025 -75.334668083 39.293564280 5.012039
5026 -74.828859109 38.950772404 -0.000000
5027 -75.397031157 39.329564345 4.481855
5028 -75.210511728 39.251355474 4.011891
5029 -75.210991111 39.234214666 4.985694
5030 -75.552665292 39.429798985 -0.000000
5031 -75.404130826 39.261402187 2.836386
5032 -75.074284757 38.748197998 -0.000000
5033 -75.319600812 38.992469515 1.382272
5034 -75.476707641 39.345712149 3.675254
5035 -75.409726416 39.270176562 2.734639
5036 -75.391450394 39.098717638 1.587628
5037 -75.540802472 39.512451381 -0.000000
5038 -75.255184245 38.886017882 3.299435
5039 -75.497296471 39.358905682 2.562858
5040 -75.382858233 39.330647207 6.424987
5041 -74.971335300 38.947539118 5.762943
5042 -75.396100336 39.217794091 3.834826
5043 -74.888285958 39.152714706 -0.000000
5044 -75.195764548 39.248717139 2.059346
5045 -75.114691736 38.792587559 4.061467
5046 -75.588379963 39.473848009 -0.000000
5047 -74.933866860 38.912976108 9.666118
5048 -75.024898299 39.162008800 4.063385
5049 -74.934265065 39.087423480 4.379713
5050 -74.892345484 39.163424273 -0.000000
5051 -75.535382379 39.526726379 -0.000000
5052 -74.966649976 39.178966307 2.976518
5053 -75.102904881 39.203147501 2.108158
5054 -75.534399993 39.452326442 -0.000000
5055 -75.193443622 39.246148250 1.866067
5056 -75.154240074 38.792844886 3.319067
5057 -75.159501902 39.149190528 5.116207
5058 -75.519761917 39.456707207 -0.000000
5059 -75.543373813 39.421868038 -0.000000
5060 -75.248752388 38.875526620 2.307248
5061 -75.399179327 39.117109611 1.837119
5062 -75.049417448 38.912307083 13.580173
5063 -74.835005085 38.960450687 -0.000000
5064 -74.868227331 38.932957136 -0.000000
5065 -74.946152213 38.886357600 10.132193
5066 -75.313259346 39.282104597 4.864542
5067 -75.256924402 39.296070352 2.883778
5068 -75.201884958 39.249334392 3.338382
5069 -74.836674329 38.865636462 -0.000000
5070 -75.125245793 39.194968356 1.183943
5071 -74.942073084 39.124006268 3.677991
5072 -74.947228896 38.803083109 13.261791
5073 -74.933409038 39.054757416 3.492497
5074 -74.982993176 38.970387795 8.023590
5075 -74.919753612 39.176203483 -0.000000
5076 -75.178601411 38.802591368 2.225291
5077 -74.895279896 39.125907915 -0.000000
5078 -75.436451689 39.344912979 13.194538
5079 -75.446386015 39.333288364 6.118817
5080 -75.397411476 39.213240130 0.753643
5081 -75.243615579 39.265555316 3.818547
5082 -74.922606959 39.065207611 1.080507
5083 -75.228159921 38.844896981 1.722829
5084 -75.160228168 38.805968139 5.258144
5085 -75.233519760 38.848756245 1.334289
5086 -74.946067004 39.172658776 3.065320
5087 -75.039644980 39.166749045 4.166687
5088 -74.903120083 39.155142018 -0.000000
5089 -75.444622379 39.403266873 1.963055
5090 -74.947048104 39.184379852 2.194798
5091 -74.970523635 38.965705053 6.691594
5092 -74.979400181 39.054441623 7.554876
5093 -75.206423548 39.249139622 3.694534
5094 -75.585897576 39.471957793 -0.000000
5095 -75.397165740 39.352733381 5.539010
5096 -75.217032533 39.253512001 4.151389
5097 -75.089790687 38.803082781 4.445642
5098 -75.479792437 39.352782444 3.528333
5099 -74.878186823 38.780815929 -0.000000
5100 -75.374289069 39.046022482 1.646070
5101 -74.942018689 39.068969799 4.691298
5102 -75.353325342 39.097229343 3.852242
5103 -75.394682724 39.098010258 1.450029
5104 -75.380581184 39.098587719 3.040777
5105 -75.055180301 39.213737033 0.937687
5106 -75.087611340 38.799032261 5.996471
5107 -75.202069362 38.845550478 3.735523
5108 -75.223247329 38.840153469 1.639819
5109 -74.916930848 39.091459664 -0.000000
5110 -74.889628274 39.135029834 -0.000000
5111 -75.062114640 38.885679867 13.814945
5112 -75.224734370 38.842012355 1.545487
5113 -75.497509525 39.380924577 4.341682
5114 -75.549824692 39.428354266 -0.000000
5115 -74.993322749 38.940380255 9.924191
5116 -75.389973782 39.292039430 8.342969
5117 -75.309013320 38.977527798 1.957288
5118 -74.869875493 38.879195985 -0.000000
5119 -75.061673332 38.836550191 39.808281
5120 -75.072897711 38.805618445 22.593159
5121 -75.424699714 39.385270589 3.281968
5122 -75.257757106 38.904829737 4.575642
5123 -75.098879355 39.204595156 1.980923
5124 -75.033233985 39.163711825 3.859729
5125 -75.065789886 38.751858805 -0.000000
5126 -74.904666595 39.099409712 -0.000000
5127 -75.049733522 38.830888940 32.978172
5128 -75.214457942 38.929805560 1.996361
5129 -74.866401899 38.930018123 -0.000000
5130 -75.144964953 38.898427405 21.445917
5131 -74.919314434 39.078173361 -0.000000
5132 -75.247411405 39.278211150 3.735510
5133 -75.250370573 38.867870295 1.720003
5134 -75.552879718 39.504010055 -0.000000
5135 -75.096107754 38.811545457 20.527960
5136 -74.983675093 38.965659894 7.901164
5137 -75.272863099 38.900155863 4.229681
5138 -75.402189301 39.259910097 3.268400
5139 -74.901127810 39.123055111 -0.000000
5140 -75.311731178 38.954738762 0.587366
5141 -74.912990107 39.084194937 -0.000000
5142 -75.211142342 39.220891172 5.338686
5143 -74.985400913 38.947333940 9.519755
5144 -74.888309570 39.143387206 -0.000000
5145 -75.489714621 39.355921198 3.664136
5146 -74.929350528 39.084466029 4.400296
5147 -75.138786745 39.174595996 4.027177
5148 -75.235254112 38.850421261 1.360169
5149 -75.471706427 39.428813093 -0.000000
5150 -74.870923107 38.927427188 -0.000000
5151 -74.922921388 39.068109848 1.913319
5152 -75.443586990 39.317704619 2.401565
5153 -75.286649689 38.921883266 3.255542
5154 -75.549076089 39.501300890 -0.000000
5155 -75.573559107 39.462990944 -0.000000
5156 -75.303784275 39.029442690 8.996808
5157 -74.974891978 39.139632961 3.949739
5158 -74.963009096 39.043516681 4.689415
5159 -75.193147435 38.814071087 1.701967
5160 -75.052197416 38.897781310 15.372787
5161 -75.534183327 39.532658529 -0.000000
5162 -75.346215657 39.154983129 3.800245
5163 -74.897898407 39.127882340 -0.000000
5164 -75.509255873 39.409185927 14.279778
5165 -75.336125427 39.263406888 16.260296
5166 -75.532786256 39.510545371 -0.000000
5167 -75.586371948 39.488265106 -0.000000
5168 -75.032455806 38.740664206 -0.000000
5169 -75.384928110 39.099102320 1.940938
5170 -75.447149858 39.319818708 2.484000
5171 -74.929714857 39.172555842 2.727696
5172 -75.388760571 39.073877599 2.101423
5173 -75.184259206 39.225813321 3.899038
5174 -75.085861599 39.210412489 1.270060
5175 -75.151182155 39.161784562 4.634124
5176 -75.270685780 39.302232657 2.161777
5177 -75.384154944 39.089820210 2.465104
5178 -75.140937733 38.873799704 16.084764
5179 -74.995613415 39.180508676 3.199572
5180 -74.888134867 38.913256851 -0.000000
5181 -75.047537910 39.210028441 1.162971
5182 -74.983306446 38.974605194 8.064095
5183 -75.076791608 38.818171327 19.696379
5184 -74.943375635 38.896785595 6.961933
5185 -75.323781438 39.323549416 3.290457
5186 -75.324312338 39.169192338 5.660501
5187 -75.501534125 39.370713776 4.886716
5188 -75.550583593 39.447653978 -0.000000
5189 -75.335881980 39.027949850 2.624725
5190 -75.229722094 38.854303117 2.992980
5191 -75.399618841 39.152577804 2.422610
5192 -74.939274637 38.911482397 8.995582
5193 -75.232312990 38.981495092 8.424702
5194 -75.437914569 39.318470305 2.977839
5195 -74.969091232 39.162166894 3.573958
5196 -74.972791039 38.968230139 8.402426
5197 -75.276448797 39.286656905 3.450448
5198 -75.310835912 38.969966399 1.268397
5199 -75.409351623 39.349198645 5.767941
5200 -74.832918488 38.951166244 -0.000000
5201 -75.134211116 38.784889639 3.858150
5202 -75.425824187 39.289328824 1.923997
5203 -75.056011328 39.139607769 4.890735
5204 -75.144377171 39.138194777 3.554132
5205 -75.243591788 38.868778811 2.069794
5206 -75.188109424 39.243813426 1.757438
5207 -75.029220367 39.189616559 1.927525
5208 -75.300431375 38.935779196 1.790812
5209 -75.189949819 39.204309379 6.396863
5210 -75.109996998 39.210997018 1.542091
5211 -75.040859542 39.216141899 0.934661
5212 -75.072981514 38.762204897 -0.000000
5213 -75.038741717 39.220620718 0.712540
5214 -75.515409349 39.388917694 2.124508
5215 -74.929395391 39.072320742 5.053176
5216 -75.139312371 38.794222795 4.490537
5217 -75.384273895 39.254655502 3.637398
5218 -74.988213523 39.188061159 2.727775
5219 -75.285637418 38.927901019 3.200617
5220 -75.542972788 39.456792267 -0.000000
5221 -75.400715708 39.234763301 2.592858
5222 -74.929377317 39.179100247 1.734036
5223 -75.187697187 38.898977799 8.766527
5224 -75.376219515 39.051885497 2.197753
5225 -75.111053455 39.164571808 2.884297
5226 -75.275488282 38.886313087 -1.400761
5227 -75.328252425 39.231773455 5.950936
5228 -75.075000977 38.812066988 20.018370
5229 -75.063979961 39.077688984 6.754990
5230 -75.119795499 38.785641696 6.261850
5231 -75.093738270 39.191123091 2.612063
5232 -75.199966655 38.823931531 2.866218
5233 -75.296321208 38.960580437 1.819033
5234 -75.287824444 39.258122186 3.974762
5235 -75.347191790 39.340990210 3.079934
5236 -74.918355317 38.913292349 -0.000000
5237 -75.179408498 39.235267790 3.207525
5238 -75.232711145 39.232807502 5.913574
5239 -75.090816568 39.210764304 0.901545
5240 -75.398284079 39.072289648 1.228771
5241 -75.078693446 38.755046036 -0.000000
5242 -75.157509005 39.073867807 6.631286
5243 -75.447271238 39.396709031 5.410954
5244 -74.969244294 39.084694993 5.004816
5245 -75.072603986 39.203052932 2.565028
5246 -75.082282613 38.790489068 8.509632
5247 -74.896366836 38.934646397 -0.000000
5248 -75.103717808 38.803359778 9.306242
5249 -75.247473939 39.285286587 2.744149
5250 -74.948598701 39.179529419 2.780753
5251 -74.989384903 39.191001341 1.923866
5252 -75.292540778 38.913318036 3.245836
5253 -74.932687393 39.183557048 1.097406
5254 -75.537784742 39.423755557 -0.000000
5255 -74.915457772 38.927458155 -0.000000
5256 -75.082811967 39.204835170 2.503412
5257 -75.288137273 39.284900273 5.784815
5258 -75.181563105 39.240340490 2.806261
5259 -75.226679725 39.265504909 3.201203
5260 -75.539452996 39.520891735 -0.000000
5261 -75.151549733 38.791935033 3.497205
5262 -74.944621924 39.035775665 3.057434
5263 -75.401680391 39.378458143 2.611372
5264 -75.098059126 39.208690369 2.075508
5265 -74.893353796 39.137770512 -0.000000
5266 -75.293683628 39.293915665 1.853365
5267 -75.244772516 38.876153821 2.681665
5268 -75.554852819 39.534222841 -0.000000
5269 -75.136278701 39.180472518 1.453707
5270 -74.981197781 38.962001715 7.343802
5271 -75.403886561 39.115958679 0.867355
5272 -74.842991658 38.945444151 -0.000000
5273 -75.554165403 39.441530660 -0.000000
5274 -75.392602421 39.193131888 2.666111
5275 -75.389638066 39.211769771 4.227721
5276 -75.182228960 39.214140567 4.631093
5277 -75.021978278 39.219522679 1.496282
5278 -75.371292596 39.270632730 7.154279
5279 -75.066212339 39.198132611 2.665077
5280 -75.530417444 39.498829941 -0.000000
5281 -75.128508622 39.175749223 3.191239
5282 -75.190069992 39.242237216 2.419829
5283 -75.077727751 38.746797179 -0.000000
5284 -75.447925511 39.317579618 1.810407
5285 -75.280871494 38.923409579 3.421448
5286 -75.425494010 39.303594352 2.560636
5287 -75.378758304 39.185444757 3.722078
5288 -75.301250722 39.202549544 3.360509
5289 -75.245431959 39.268627808 3.558292
5290 -74.918147907 39.150150031 -0.000000
5291 -75.311771009 38.949047698 0.861180
5292 -75.555743697 39.538547831 -0.000000
5293 -74.969821865 39.150020241 3.827518
5294 -74.947646215 38.926320507 5.988343
5295 -75.354764337 39.045958697 4.048522
5296 -75.057173405 39.173834404 3.821262
5297 -75.206204567 38.843110335 4.222582
5298 -75.374572032 39.352592837 1.937512
5299 -75.250068398 38.871364675 1.817709
5300 -75.088430202 39.087001416 7.333587
5301 -75.357502822 39.033168205 1.772883
5302 -75.396648692 39.089657372 1.288406
5303 -74.863647792 38.932877774 -0.000000
5304 -75.245924115 38.872207851 2.407976
5305 -75.383577251 39.347680030 4.175488
5306 -75.489542250 39.353151348 3.111475
5307 -75.164340237 39.212051121 1.801841
5308 -75.144366305 39.176464847 3.702324
1 3 3873 1 4090
2 3 1 103 2728
3 3 103 1 1964
4 3 1 2728 4090
5 3 1964 1 3873
6 3 3352 257 4629
7 3 257 1986 4629
8 3 1986 257 4721
9 3 513 1582 4546
10 3 513 1184 3874
11 3 1184 513 4546
12 3 2548 513 3874
13 3 3554 769 3824
14 3 1025 4159 4753
15 3 1682 1025 4753
16 3 1025 1682 4508
17 3 2085 1281 4263
18 3 1836 1537 4492
19 3 1537 1836 4802
20 3 1537 1897 4492
21 3 1897 1537 2816
22 3 2258 1793 4791
23 3 4095 1793 4174
24 3 1793 4095 4791
25 3 2049 2417 4218
26 3 2305 3370 4198
27 3 2305 3461 4125
28 3 3461 2305 4198
29 3 3301 2305 4125
30 3 4828 2561 5230
31 3 3223 2817 5079
32 3 4105 3073 4628
33 3 3073 4105 4858
34 3 3329 3596 3633
35 3 3596 3329 5272
36 3 3441 3329 3633
37 3 4661 4097 5031
38 3 1391 2 4360
39 3 716 2 1391
40 3 1049 258 4013
41 3 258 3733 4013
42 3 1798 514 2426
43 3 1571 514 1798
44 3 2426 514 4698
45 3 1428 514 1571
46 3 514 1428 4698
47 3 770 2307 5161
48 3 2307 770 3970
49 3 2205 770 5161
50 3 2952 1026 4863
51 3 1681 1026 2952
52 3 3646 1282 5249
53 3 1956 1282 3646
54 3 1282 1971 5249
55 3 1826 1538 3081
56 3 1538 1826 4135
57 3 1538 2553 3081
58 3 2553 1538 5119
59 3 3661 1794 5218
60 3 1794 3661 4538
61 3 1794 3809 4890
62 3 3809 1794 4538
63 3 5047 2050 5192
64 3 2533 2050 5047
65 3 2050 2533 4576
66 3 3824 2050 4576
67 3 3074 3107 4174
68 3 3107 3074 4845
69 3 3371 3074 4174
70 3 3074 3255 4845
71 3 3586 4522 4590
72 3 3977 3842 4869
73 3 4866 5068 5093
74 3 2829 3 4128
75 3 1860 3 2829
76 3 3 1860 3940
77 3 3 3199 4128
78 3 3 1455 3199
79 3 1455 3 3791
80 3 3791 3 3940
81 3 3492 259 5053
82 3 2470 259 3261
83 3 259 2470 5053
84 3 2771 259 3492
85 3 259 2771 3261
86 3 515 1026 1681
87 3 515 1681 2966
88 3 2759 515 2966
89 3 515 736 1026
90 3 736 515 992
91 3 992 515 2759
92 3 1812 771 2594
93 3 771 5219 5285
94 3 771 2519 2594
95 3 2519 771 5285
96 3 4900 1027 5202
97 3 1882 1027 4243
98 3 1027 1641 5202
99 3 1641 1027 4256
100 3 4243 1027 4900
101 3 1283 2053 2242
102 3 1283 1810 2053
103 3 1283 1343 1810
104 3 1343 1283 3727
105 3 1539 4687 5099
106 3 1539 2763 4687
107 3 1795 2024 2239
108 3 2827 2051 3312
109 3 2051 3643 5173
110 3 2983 2051 5173
111 3 2307 4100 4298
112 3 2307 4460 5161
113 3 2307 4298 4460
114 3 4478 2563 4513
115 3 4505 2563 4895
116 3 2563 4505 4513
117 3 3861 2819 4619
118 3 2819 3622 4619
119 3 3622 2819 4109
120 3 3897 3331 5259
121 3 3411 3331 3897
122 3 3331 4691 5259
123 3 3331 3737 4512
124 3 3331 4512 4691
125 3 4 185 2653
126 3 185 4 359
127 3 2030 4 2653
128 3 260 4132 4729
129 3 4132 260 5082
130 3 260 672 4365
131 3 672 260 4729
132 3 474 260 4365
133 3 260 474 5082
134 3 1711 516 4379
135 3 516 3774 4379
136 3 3774 516 4897
137 3 2413 772 4021
138 3 772 2413 3811
139 3 772 1935 4021
140 3 772 1745 1935
141 3 1745 772 3811
142 3 1028 2860 4279
143 3 1545 1284 2318
144 3 1284 1545 3538
145 3 2318 1284 3135
146 3 1284 1755 3135
147 3 1755 1284 3538
148 3 1876 1540 3477
149 3 1796 2621 4368
150 3 2194 1796 4358
151 3 1796 2194 2621
152 3 3350 2052 3941
153 3 2052 2877 3601
154 3 2308 2361 4019
155 3 2371 2308 4019
156 3 2308 4025 4573
157 3 4391 3076 4661
158 3 3332 3523 4557
159 3 3588 4392 4411
160 3 3588 3669 4392
161 3 3669 3588 5197
162 3 4150 5 4348
163 3 4230 5 4625
164 3 5 4230 4675
165 3 5 2538 4625
166 3 2538 5 4150
167 3 4348 5 4675
168 3 1539 261 2763
169 3 3942 261 4363
170 3 517 2885 4739
171 3 3804 517 4739
172 3 517 1772 2878
173 3 1772 517 3804
174 3 773 3942 4363
175 3 3735 773 4363
176 3 773 3735 3896
177 3 1029 2156 4749
178 3 2245 1029 4749
179 3 1029 2245 3228
180 3 2044 1029 3228
181 3 1285 1578 3444
182 3 1285 3640 4490
183 3 1285 3444 3640
184 3 2831 1541 3142
185 3 1644 1541 2831
186 3 1541 1644 2168
187 3 1541 1656 3142
188 3 1656 1541 2740
189 3 1541 2168 2740
190 3 2121 1797 3684
191 3 1797 3205 3684
192 3 4199 3077 5288
193 3 3077 3259 3412
194 3 3991 3589 4896
195 3 3859 6 4497
196 3 6 3859 4774
197 3 193 6 4774
198 3 6 193 1493
199 3 6 961 4497
200 3 961 6 5101
201 3 6 1493 5101
202 3 3921 262 4708
203 3 262 2181 4291
204 3 2181 262 2760
205 3 449 262 3921
206 3 262 449 2760
207 3 262 4291 4708
208 3 518 1807 3388
209 3 1807 518 4727
210 3 1395 518 3388
211 3 774 1837 2729
212 3 1128 774 2729
213 3 1553 1030 4388
214 3 1030 2140 3682
215 3 1030 3682 4790
216 3 1030 2703 4388
217 3 2703 1030 4790
218 3 3383 1286 4274
219 3 2166 1286 5275
220 3 1286 2166 4573
221 3 4274 1286 4573
222 3 3899 1542 5063
223 3 2697 1542 4031
224 3 1798 2426 2671
225 3 2820 2054 3387
226 3 2054 2820 4536
227 3 2054 4536 5006
228 3 2310 2858 4534
229 3 3739 2310 5274
230 3 2310 4534 5274
231 3 4384 2566 4917
232 3 2566 4384 5032
233 3 4141 3078 5232
234 3 3334 4306 5199
235 3 3590 4157 4510
236 3 7 1404 2345
237 3 1404 7 4684
238 3 7 3243 4684
239 3 3243 7 4265
240 3 460 7 2345
241 3 7 460 498
242 3 7 498 4265
243 3 263 3654 3890
244 3 3654 263 4076
245 3 1936 263 3910
246 3 263 1936 4076
247 3 864 775 1145
248 3 775 864 972
249 3 1145 775 1717
250 3 1717 775 3229
251 3 775 972 3229
252 3 1059 1031 3365
253 3 1031 1059 2798
254 3 3365 1031 4008
255 3 1031 1371 4008
256 3 1371 1031 2798
257 3 2109 1287 4911
258 3 2717 1543 3782
259 3 1543 2717 4834
260 3 4065 1543 4834
261 3 1799 2895 2905
262 3 1799 2905 5225
263 3 2718 1799 3537
264 3 3537 1799 5225
265 3 2055 3240 4876
266 3 3240 2055 4379
267 3 2311 4930 5186
268 3 2311 4199 5288
269 3 4057 2311 5288
270 3 4165 2567 4310
271 3 4310 2567 4816
272 3 3832 2567 4165
273 3 3696 3079 4309
274 3 3079 3207 4440
275 3 4309 3079 4440
276 3 3847 4627 4817
277 3 3342 8 3855
278 3 8 3342 3516
279 3 3855 8 4014
280 3 4885 8 4921
281 3 4014 8 4885
282 3 8 3516 4921
283 3 2585 264 3177
284 3 264 2585 3314
285 3 264 1110 2457
286 3 1110 264 3314
287 3 264 2457 3177
288 3 4939 520 5201
289 3 1385 520 4939
290 3 520 4716 5201
291 3 2382 776 2629
292 3 776 1450 2629
293 3 3188 1032 4423
294 3 1032 3188 3681
295 3 3590 1288 4157
296 3 2377 1288 3590
297 3 1575 1544 5141
298 3 1544 1575 4390
299 3 2146 1544 4390
300 3 1544 2146 2769
301 3 1544 2243 5141
302 3 2243 1544 2769
303 3 1856 1800 2768
304 3 3662 2056 4558
305 3 2312 2661 2799
306 3 4037 2312 4399
307 3 2834 2568 4211
308 3 2568 2894 3216
309 3 2568 3216 4211
310 3 3589 3080 4896
311 3 3592 3757 4499
312 3 4100 3848 4298
313 3 4014 3848 4100
314 3 3848 4014 4885
315 3 9 399 4676
316 3 399 9 3827
317 3 2204 9 4676
318 3 769 265 3824
319 3 612 265 769
320 3 265 612 5294
321 3 265 896 3824
322 3 896 265 4599
323 3 4599 265 5294
324 3 1588 521 4048
325 3 875 521 1588
326 3 521 875 3292
327 3 521 2198 4048
328 3 2198 521 4062
329 3 521 3292 4062
330 3 777 3369 4301
331 3 3910 777 4301
332 3 1033 1812 2594
333 3 1812 1033 4659
334 3 1033 2594 2734
335 3 1033 3917 4659
336 3 1033 2734 3917
337 3 2566 1289 4917
338 3 1870 1289 2566
339 3 1289 1870 2022
340 3 1289 2179 4575
341 3 1289 2445 4917
342 3 2445 1289 4575
343 3 1289 2022 2179
344 3 1545 2318 4645
345 3 1545 1888 3538
346 3 1806 1801 2403
347 3 1801 1806 4535
348 3 1801 1859 2403
349 3 1859 1801 4051
350 3 4261 1801 4535
351 3 4051 1801 4261
352 3 2057 2797 4434
353 3 2681 2569 5058
354 3 3714 2569 3903
355 3 2569 3714 5058
356 3 3593 3650 3917
357 3 3849 4977 5047
358 3 3849 5047 5192
359 3 10 2052 3601
360 3 1835 10 3601
361 3 10 1835 3721
362 3 10 994 2052
363 3 994 10 3721
364 3 3092 266 4321
365 3 2609 266 3092
366 3 266 2609 5088
367 3 1945 266 5088
368 3 1764 266 1945
369 3 266 1764 4321
370 3 522 3869 3920
371 3 522 3920 4898
372 3 1781 522 2580
373 3 522 1781 3869
374 3 1394 778 1520
375 3 778 4472 4895
376 3 1520 778 4893
377 3 2396 1034 3743
378 3 1034 2396 2808
379 3 1034 1384 3455
380 3 1384 1034 2808
381 3 1290 1556 4943
382 3 1556 1290 3774
383 3 1989 1290 3891
384 3 1290 1989 3774
385 3 1546 3223 3520
386 3 1546 3520 3697
387 3 1802 3137 3394
388 3 2332 2058 2699
389 3 2699 2058 4557
390 3 3398 2314 4529
391 3 3456 3082 4289
392 3 3082 4026 4113
393 3 3850 4031 5026
394 3 11 130 1880
395 3 130 11 3259
396 3 394 11 1880
397 3 11 394 757
398 3 3259 11 3412
399 3 11 757 3412
400 3 2358 267 4495
401 3 4495 267 4548
402 3 523 1542 2697
403 3 1542 523 5063
404 3 2644 523 2697
405 3 2493 523 2644
406 3 1234 523 2493
407 3 523 1234 5063
408 3 2354 779 2453
409 3 2453 779 3221
410 3 3221 779 5302
411 3 1035 2168 2936
412 3 2168 1035 2740
413 3 1035 2936 3945
414 3 2174 1035 3945
415 3 1946 1291 4169
416 3 1547 2265 4248
417 3 2200 2059 2985
418 3 2692 2315 3574
419 3 2527 2315 2692
420 3 3247 2571 5067
421 3 3783 2571 4244
422 3 2827 3312 4763
423 3 3339 3875 4793
424 3 3827 3595 4541
425 3 3595 3827 3833
426 3 3851 4160 4819
427 3 4074 3851 4819
428 3 4410 4107 4731
429 3 12 1324 2610
430 3 1097 12 2610
431 3 181 12 1097
432 3 268 3156 3370
433 3 3156 268 4793
434 3 860 268 3370
435 3 268 860 1180
436 3 268 1898 4793
437 3 268 1180 1898
438 3 524 3105 4436
439 3 3105 524 3959
440 3 2892 524 3172
441 3 524 2892 3959
442 3 1269 524 4436
443 3 524 1269 3172
444 3 780 1169 3543
445 3 1169 780 3564
446 3 780 3037 3564
447 3 1766 780 3543
448 3 780 1766 3037
449 3 1036 4414 5111
450 3 2458 1036 4969
451 3 1036 2726 4969
452 3 2726 1036 5062
453 3 5062 1036 5160
454 3 1036 5111 5160
455 3 2951 1292 3544
456 3 3528 1292 3929
457 3 1292 3528 3544
458 3 1292 2802 3929
459 3 1548 2432 3625
460 3 3304 1804 3307
461 3 1804 3304 4844
462 3 2316 3961 5247
463 3 3462 2316 4000
464 3 4000 2316 5247
465 3 3135 2572 3892
466 3 3084 3279 4399
467 3 4172 3340 4556
468 3 4236 3596 4582
469 3 4582 3596 5272
470 3 92 13 4477
471 3 13 92 2540
472 3 2414 13 3884
473 3 13 2414 4477
474 3 13 139 3884
475 3 139 13 3315
476 3 13 2540 3315
477 3 1204 269 5176
478 3 269 1204 4273
479 3 525 2085 4263
480 3 2085 525 4352
481 3 525 2870 4352
482 3 3894 525 4263
483 3 781 1042 4720
484 3 1042 781 1471
485 3 2314 1037 4529
486 3 1037 2314 2522
487 3 1037 2522 4987
488 3 1293 2570 4941
489 3 2570 1293 4693
490 3 1293 1568 4693
491 3 1568 1293 3066
492 3 3066 1293 4941
493 3 1549 2385 3257
494 3 1549 3257 3274
495 3 1549 3274 4225
496 3 2061 2859 3901
497 3 2061 2125 2859
498 3 2125 2061 3566
499 3 3566 2061 4875
500 3 3748 2317 4383
501 3 2317 3748 4270
502 3 2573 4317 4354
503 3 4317 2573 5167
504 3 4009 3085 4407
505 3 3597 3794 4024
506 3 3384 14 4983
507 3 14 3384 4603
508 3 4983 14 5245
509 3 14 2216 5245
510 3 2216 14 2794
511 3 2794 14 4603
512 3 270 1577 4660
513 3 270 4660 4926
514 3 3844 526 5169
515 3 526 3844 5036
516 3 526 3114 5169
517 3 526 2354 3114
518 3 3896 782 4695
519 3 782 2185 2335
520 3 2185 782 3735
521 3 3735 782 3896
522 3 2233 782 2335
523 3 782 2233 4695
524 3 1038 1821 4181
525 3 1821 1038 5240
526 3 1899 1294 4004
527 3 3474 1294 4149
528 3 1294 3474 4004
529 3 1550 2315 2527
530 3 1550 4427 4998
531 3 4549 1550 4998
532 3 1806 2532 4535
533 3 3779 2062 5292
534 3 2318 2838 4645
535 3 2318 3135 3892
536 3 2574 3864 3975
537 3 3864 2574 4604
538 3 2574 3420 4604
539 3 3277 2574 3975
540 3 2830 3715 3752
541 3 3506 2830 3752
542 3 3926 3086 4739
543 3 3086 3926 4084
544 3 3804 3086 4677
545 3 3086 3804 4739
546 3 15 2399 2758
547 3 406 15 3140
548 3 15 406 2399
549 3 15 2012 3140
550 3 2012 15 2758
551 3 795 271 3955
552 3 271 795 1270
553 3 271 2134 3955
554 3 527 1068 1165
555 3 1068 527 3727
556 3 527 3116 4139
557 3 527 1165 2298
558 3 3727 527 4139
559 3 527 2298 3116
560 3 1529 783 2606
561 3 1039 1303 1830
562 3 1303 1039 1974
563 3 4473 1039 5013
564 3 1159 1039 4473
565 3 1039 1159 1974
566 3 1215 1039 1830
567 3 1039 1215 5013
568 3 1295 1638 4300
569 3 1295 4300 4603
570 3 3541 1295 4603
571 3 3415 1551 3606
572 3 1807 3877 5171
573 3 3877 1807 5222
574 3 3388 1807 5171
575 3 1807 4727 5222
576 3 2063 3056 3772
577 3 3087 3843 5209
578 3 3974 3855 4014
579 3 16 1796 4368
580 3 16 4368 4418
581 3 16 124 1796
582 3 124 16 834
583 3 16 397 834
584 3 397 16 4418
585 3 2117 272 4907
586 3 272 3159 4599
587 3 1504 272 2117
588 3 272 1504 3159
589 3 272 506 4907
590 3 506 272 4599
591 3 528 1423 3598
592 3 1423 528 3728
593 3 784 2632 4527
594 3 2632 784 4070
595 3 2384 784 4527
596 3 784 2384 3818
597 3 1816 1040 5260
598 3 1040 1516 5260
599 3 1296 2306 3752
600 3 2904 1296 3715
601 3 1296 2904 3722
602 3 3715 1296 3752
603 3 1296 2282 2306
604 3 2282 1296 3722
605 3 1814 1552 2738
606 3 1552 1832 2007
607 3 1832 1552 3553
608 3 1552 2007 2738
609 3 1808 2572 3612
610 3 2466 1808 3612
611 3 1808 2466 2966
612 3 4705 2064 4971
613 3 2064 2710 4971
614 3 3490 2320 5195
615 3 2320 3490 3944
616 3 2576 3195 4800
617 3 2576 4800 4972
618 3 2832 4198 4545
619 3 4198 2832 4829
620 3 4350 3344 4812
621 3 3600 4173 4426
622 3 17 2059 2200
623 3 17 1338 2059
624 3 17 2200 3576
625 3 17 1243 1338
626 3 1243 17 3564
627 3 3564 17 3576
628 3 525 273 2870
629 3 273 525 3894
630 3 273 1113 2870
631 3 2879 529 3353
632 3 529 2879 4767
633 3 529 3220 3353
634 3 924 529 4767
635 3 529 924 1498
636 3 529 1721 3220
637 3 529 1498 1721
638 3 1816 785 4935
639 3 785 1816 5260
640 3 4935 785 5051
641 3 1444 1041 1907
642 3 1041 1444 1505
643 3 1041 1505 3400
644 3 1297 1318 4865
645 3 1318 1297 3420
646 3 3420 1297 5248
647 3 1297 2443 5248
648 3 2443 1297 2801
649 3 2801 1297 4865
650 3 3882 1809 4528
651 3 1982 1809 3882
652 3 1809 1982 5243
653 3 2065 2620 5164
654 3 3158 2321 4423
655 3 2321 3158 4809
656 3 2321 3188 4423
657 3 3268 2577 4949
658 3 2577 3268 3572
659 3 2577 3572 4374
660 3 4369 4544 4569
661 3 18 2890 4098
662 3 2890 18 4923
663 3 2407 18 4098
664 3 18 2407 4747
665 3 18 4278 4923
666 3 4278 18 4747
667 3 274 371 2689
668 3 274 2689 4208
669 3 2236 530 3027
670 3 530 2236 4327
671 3 530 4327 5254
672 3 2141 786 2931
673 3 2220 786 2269
674 3 1042 1471 4372
675 3 1502 1042 4372
676 3 1042 1502 4720
677 3 1765 1298 4694
678 3 1298 1765 3322
679 3 3320 1298 3867
680 3 1298 3320 4694
681 3 1554 1870 4276
682 3 1870 1554 2022
683 3 2053 1810 2868
684 3 2066 2579 3405
685 3 2579 2066 2809
686 3 2066 3405 5076
687 3 3099 2322 4749
688 3 2442 2322 3099
689 3 2578 3592 4499
690 3 3592 2578 4593
691 3 2834 3127 4614
692 3 3127 2834 4211
693 3 3602 4281 4794
694 3 3858 4520 5024
695 3 2884 19 3770
696 3 3153 19 3445
697 3 19 3153 3770
698 3 853 19 1040
699 3 19 853 2304
700 3 19 471 1040
701 3 471 19 2884
702 3 19 2304 3445
703 3 2585 275 3314
704 3 2655 275 2858
705 3 275 2655 3314
706 3 275 1470 2858
707 3 1470 275 1478
708 3 1478 275 2585
709 3 531 1642 3649
710 3 1642 531 1777
711 3 1672 531 4530
712 3 531 1672 1777
713 3 1447 531 3649
714 3 531 1447 4530
715 3 787 2835 2923
716 3 2835 787 3542
717 3 787 3134 3615
718 3 3134 787 4437
719 3 787 2923 4437
720 3 3542 787 3615
721 3 1043 2322 2442
722 3 1043 2245 2322
723 3 3745 1299 4160
724 3 1299 2725 4160
725 3 3002 1299 3745
726 3 2079 1555 2839
727 3 1555 2079 3267
728 3 1555 2463 2839
729 3 2463 1555 3950
730 3 1555 2210 3950
731 3 1811 2620 3846
732 3 2067 3836 5000
733 3 2323 4144 5216
734 3 2323 3379 4144
735 3 2579 2676 2880
736 3 2676 2579 2809
737 3 2923 2835 4059
738 3 2835 3054 4059
739 3 3347 4968 5055
740 3 3962 3347 5055
741 3 4774 3859 5049
742 3 5049 3859 5146
743 3 4817 4627 5211
744 3 2876 20 3651
745 3 20 1938 2106
746 3 1938 20 2876
747 3 2437 276 4094
748 3 2209 276 2437
749 3 4094 276 4432
750 3 532 547 3427
751 3 547 532 4821
752 3 4690 532 4814
753 3 532 4690 4821
754 3 532 3427 4079
755 3 532 4079 4814
756 3 788 1896 2094
757 3 1896 788 2450
758 3 2582 1044 3454
759 3 1044 2582 4069
760 3 1044 1700 3652
761 3 1700 1044 4069
762 3 4878 1300 5043
763 3 3525 1300 4878
764 3 1556 4754 4943
765 3 4484 1812 4659
766 3 1937 1812 4484
767 3 2068 3334 5199
768 3 4445 2068 5199
769 3 2068 2398 3334
770 3 2398 2068 3203
771 3 3042 2068 4445
772 3 2836 4018 4173
773 3 3092 4321 5014
774 3 4664 3860 5255
775 3 21 3153 4948
776 3 3153 21 3770
777 3 21 4948 5134
778 3 2459 21 5134
779 3 21 2459 4259
780 3 3770 21 4259
781 3 2353 277 5202
782 3 277 3434 5202
783 3 277 370 3434
784 3 370 277 1172
785 3 391 277 2353
786 3 277 391 1172
787 3 4906 533 5059
788 3 4167 533 5254
789 3 3691 533 4167
790 3 533 3691 5059
791 3 789 2948 3832
792 3 789 3832 4165
793 3 4119 1045 5130
794 3 2406 1045 4119
795 3 1045 2406 2458
796 3 2569 1301 3903
797 3 1306 1301 2569
798 3 1301 1306 1804
799 3 3903 1301 4529
800 3 3080 1557 4896
801 3 1557 3905 4896
802 3 1978 1813 4883
803 3 2069 2381 4714
804 3 2381 2069 4554
805 3 2069 2691 4554
806 3 3985 2581 4066
807 3 4124 2837 4387
808 3 22 1092 4880
809 3 1092 22 5143
810 3 22 1661 5143
811 3 1661 22 3683
812 3 472 22 4880
813 3 22 472 3683
814 3 3658 278 4269
815 3 2175 278 3658
816 3 278 2175 2539
817 3 4269 278 5279
818 3 278 2539 5279
819 3 783 534 2606
820 3 2606 534 3297
821 3 534 909 3297
822 3 790 3206 4111
823 3 3221 790 4111
824 3 790 3221 4834
825 3 790 2717 3206
826 3 2717 790 4834
827 3 4417 1046 5174
828 3 1046 4083 5174
829 3 4083 1046 5239
830 3 1302 1376 4981
831 3 1376 1302 4854
832 3 1558 2864 3947
833 3 3688 1558 3947
834 3 2596 2070 3380
835 3 2070 2596 4729
836 3 4132 2070 4729
837 3 3380 2070 5215
838 3 2582 2881 4069
839 3 3094 4530 4884
840 3 182 23 3109
841 3 23 182 1000
842 3 23 1000 3833
843 3 279 3201 4510
844 3 279 4510 5307
845 3 535 1645 3478
846 3 2721 535 3478
847 3 1397 791 5195
848 3 791 1397 2812
849 3 791 3490 5195
850 3 953 791 2812
851 3 1047 1366 2215
852 3 1047 2215 3480
853 3 1830 1303 2300
854 3 1559 2018 4459
855 3 4232 1815 4937
856 3 1815 2961 4937
857 3 4005 2071 4422
858 3 3828 2327 4841
859 3 3431 2583 4283
860 3 3863 4118 4569
861 3 4544 3863 4569
862 3 4119 5130 5178
863 3 4160 24 4819
864 3 24 2184 4565
865 3 2725 24 4160
866 3 24 4565 4819
867 3 24 1250 2184
868 3 1250 24 2725
869 3 280 870 4325
870 3 280 1699 4241
871 3 1699 280 2047
872 3 2047 280 4325
873 3 536 539 3863
874 3 539 536 2290
875 3 1060 536 3863
876 3 536 1060 2678
877 3 2290 536 2678
878 3 792 4417 5174
879 3 3849 1048 4977
880 3 3474 1048 4004
881 3 4004 1048 5184
882 3 4020 1304 4914
883 3 1304 4020 4983
884 3 1304 3036 4914
885 3 1560 3449 5125
886 3 1560 3256 3449
887 3 1560 2003 3256
888 3 2003 1560 3584
889 3 3584 1560 5125
890 3 3983 1816 4935
891 3 1816 3983 4212
892 3 2072 2647 5207
893 3 4986 2072 5207
894 3 2328 3078 3744
895 3 3242 2328 3744
896 3 2584 3010 4088
897 3 2840 2987 5272
898 3 4632 4828 5230
899 3 25 3849 5192
900 3 25 1048 3849
901 3 1048 25 5184
902 3 4514 25 5192
903 3 25 1007 5184
904 3 1007 25 4514
905 3 281 2495 4635
906 3 2495 281 3965
907 3 3582 281 4635
908 3 537 2644 2749
909 3 2644 537 4566
910 3 537 4347 4566
911 3 793 1680 1865
912 3 1680 793 3264
913 3 4506 1049 4592
914 3 2732 1049 4013
915 3 1049 2732 4592
916 3 2129 1305 3605
917 3 1305 2129 5004
918 3 1305 2921 3605
919 3 2921 1305 2968
920 3 2968 1305 4780
921 3 4780 1305 5004
922 3 3106 1561 4927
923 3 1561 1601 4927
924 3 2368 1817 4357
925 3 1817 2368 3517
926 3 1817 2690 4146
927 3 2690 1817 3517
928 3 1817 3068 4357
929 3 3068 1817 4146
930 3 2329 4421 5040
931 3 3647 2841 4624
932 3 2841 3647 4385
933 3 3598 3097 4398
934 3 3097 3489 4398
935 3 26 315 1690
936 3 315 26 4260
937 3 1905 26 3174
938 3 26 1690 3174
939 3 26 1735 4260
940 3 219 26 1905
941 3 26 219 1735
942 3 1274 282 1827
943 3 282 1274 4047
944 3 538 4122 4323
945 3 2340 538 5126
946 3 538 2340 3298
947 3 538 1383 5126
948 3 1383 538 4323
949 3 538 2509 4122
950 3 2509 538 3298
951 3 3859 794 5146
952 3 794 3859 4497
953 3 794 4497 5215
954 3 794 2547 5146
955 3 2547 794 3192
956 3 1271 794 5215
957 3 794 1271 3192
958 3 1863 1050 3717
959 3 1050 1863 4565
960 3 3717 1050 5062
961 3 1050 2184 5062
962 3 2184 1050 4565
963 3 1306 2569 2681
964 3 1306 2681 3795
965 3 1790 1562 2377
966 3 1562 1790 3797
967 3 3621 2074 4168
968 3 2074 3621 3670
969 3 2074 3909 4168
970 3 3909 2074 5287
971 3 2074 3670 3708
972 3 2981 2074 3708
973 3 2074 2981 5287
974 3 2330 4135 5183
975 3 2330 5183 5228
976 3 2665 2586 3879
977 3 4648 2842 5166
978 3 4324 2842 4648
979 3 4091 2842 4324
980 3 4978 3098 5042
981 3 4117 3610 4479
982 3 3610 4117 4542
983 3 4323 4122 4551
984 3 2817 27 4951
985 3 889 27 2817
986 3 27 889 4989
987 3 2210 27 4989
988 3 27 963 4951
989 3 963 27 2210
990 3 283 1030 1553
991 3 1030 283 2140
992 3 283 1553 3706
993 3 2140 283 3982
994 3 283 3706 3900
995 3 926 283 3900
996 3 283 926 3982
997 3 3863 539 4118
998 3 539 2597 4118
999 3 2597 539 4206
1000 3 539 998 4206
1001 3 998 539 2290
1002 3 990 795 3955
1003 3 1270 795 4152
1004 3 2863 1051 3546
1005 3 1307 2850 3682
1006 3 2140 1307 3682
1007 3 1307 2140 5233
1008 3 4770 1307 5233
1009 3 3822 1307 4770
1010 3 3236 1563 4121
1011 3 1563 3236 4703
1012 3 1819 3739 4318
1013 3 1819 4318 4475
1014 3 3057 2075 5109
1015 3 2587 4083 5239
1016 3 4083 2587 4284
1017 3 2843 3724 4462
1018 3 3732 2843 4090
1019 3 3518 2843 4462
1020 3 2843 3518 4090
1021 3 3355 3391 4235
1022 3 4123 5136 5270
1023 3 4123 5074 5136
1024 3 28 2100 4143
1025 3 2100 28 3451
1026 3 3451 28 4852
1027 3 2484 28 2857
1028 3 28 2484 4852
1029 3 28 2784 2857
1030 3 2784 28 4143
1031 3 1911 284 2036
1032 3 284 1911 3321
1033 3 284 1203 4169
1034 3 1203 284 3321
1035 3 762 284 4169
1036 3 284 762 2036
1037 3 540 625 4672
1038 3 625 540 3250
1039 3 3250 540 5037
1040 3 1220 540 4672
1041 3 540 1220 4091
1042 3 540 4091 5037
1043 3 796 2077 3129
1044 3 1132 796 3129
1045 3 796 1132 2657
1046 3 1052 3341 4980
1047 3 3341 1052 3505
1048 3 3931 1052 4980
1049 3 3505 1052 3834
1050 3 3376 1308 3947
1051 3 1308 3688 3947
1052 3 3182 1308 3967
1053 3 1669 1308 3376
1054 3 1308 1669 3967
1055 3 1308 2967 3688
1056 3 2967 1308 3182
1057 3 1596 1564 3545
1058 3 3180 1820 5019
1059 3 1820 2035 2133
1060 3 2076 4116 5193
1061 3 2076 2149 4116
1062 3 2223 2076 5193
1063 3 2076 2223 2271
1064 3 2332 2699 3700
1065 3 2588 4105 4628
1066 3 4107 3100 4731
1067 3 3686 3100 4107
1068 3 3244 3100 3686
1069 3 3100 3244 3472
1070 3 4368 3356 4418
1071 3 3868 4666 5092
1072 3 29 2932 3413
1073 3 2932 29 4528
1074 3 29 2478 4528
1075 3 221 29 3413
1076 3 29 221 2478
1077 3 285 3350 3941
1078 3 2606 285 2945
1079 3 285 2606 3297
1080 3 2638 285 3941
1081 3 285 2638 2945
1082 3 285 3297 3350
1083 3 1598 541 4711
1084 3 541 1751 4711
1085 3 1751 541 5069
1086 3 797 2472 4033
1087 3 797 1205 2472
1088 3 1205 797 4078
1089 3 2020 797 4033
1090 3 797 2020 4078
1091 3 1053 2066 4028
1092 3 2066 1053 2809
1093 3 2350 1053 3722
1094 3 1053 2350 2809
1095 3 3722 1053 4028
1096 3 2520 1309 4246
1097 3 1309 2546 4246
1098 3 3618 1565 4448
1099 3 1565 3618 5021
1100 3 2480 1821 5240
1101 3 1821 2480 3021
1102 3 3129 2077 3998
1103 3 2077 2379 3442
1104 3 2077 3442 3998
1105 3 2333 3117 5223
1106 3 3117 2333 3515
1107 3 2439 2333 5223
1108 3 4963 2589 5246
1109 3 3101 3138 3372
1110 3 3869 3909 5287
1111 3 835 30 3605
1112 3 30 835 917
1113 3 30 917 2991
1114 3 30 2991 5296
1115 3 30 3510 3605
1116 3 3510 30 5296
1117 3 296 286 847
1118 3 286 296 1986
1119 3 847 286 2517
1120 3 286 1986 4721
1121 3 1280 286 4721
1122 3 286 1280 2517
1123 3 542 2879 4966
1124 3 2879 542 4767
1125 3 3458 542 4966
1126 3 542 3458 4054
1127 3 1767 798 3069
1128 3 2825 1054 5139
1129 3 1054 3966 4307
1130 3 3966 1054 4827
1131 3 1054 4307 5139
1132 3 3122 1310 4947
1133 3 1987 1310 3497
1134 3 2839 1566 4326
1135 3 3695 1566 4172
1136 3 2463 1566 2839
1137 3 1566 2463 4172
1138 3 1822 2187 3161
1139 3 3215 1822 4201
1140 3 2078 4150 5300
1141 3 5229 2078 5300
1142 3 2334 4124 4387
1143 3 2334 3819 4124
1144 3 2590 3438 4462
1145 3 3724 2590 4462
1146 3 2590 3724 4084
1147 3 3115 3102 4869
1148 3 3102 3115 3475
1149 3 3402 3102 3475
1150 3 3570 3358 5140
1151 3 3614 3658 4153
1152 3 31 1944 2503
1153 3 1944 31 2529
1154 3 31 2503 4023
1155 3 2529 31 4079
1156 3 1519 31 4023
1157 3 31 1519 4079
1158 3 1573 287 4836
1159 3 383 287 1573
1160 3 287 383 1674
1161 3 1160 287 2429
1162 3 287 1160 4836
1163 3 287 1674 2429
1164 3 543 3916 4380
1165 3 3753 543 4380
1166 3 543 714 5158
1167 3 714 543 3753
1168 3 1824 799 3777
1169 3 799 2165 3750
1170 3 2165 799 2739
1171 3 799 3750 3777
1172 3 799 2004 2739
1173 3 3083 1055 3895
1174 3 1055 1330 3895
1175 3 1330 1055 3023
1176 3 3023 1055 4211
1177 3 1311 2230 3068
1178 3 1311 3068 4146
1179 3 1949 1567 2476
1180 3 1823 3291 5258
1181 3 2079 2839 4670
1182 3 4453 2079 4670
1183 3 2772 2079 4453
1184 3 2079 2772 3267
1185 3 2335 3452 4161
1186 3 3762 2335 4161
1187 3 2591 4655 5289
1188 3 3139 2591 5289
1189 3 2915 2591 3139
1190 3 2591 2915 3925
1191 3 2591 3311 4655
1192 3 3311 2591 3925
1193 3 4383 2847 4859
1194 3 3645 3103 3904
1195 3 3103 3645 4277
1196 3 1285 32 1578
1197 3 1578 32 3301
1198 3 32 1889 3301
1199 3 398 32 1285
1200 3 32 398 1889
1201 3 288 2868 3193
1202 3 288 1600 2868
1203 3 1600 288 4488
1204 3 2700 288 3193
1205 3 288 417 4488
1206 3 417 288 2700
1207 3 544 635 969
1208 3 635 544 1506
1209 3 904 544 4394
1210 3 544 904 1506
1211 3 544 659 4394
1212 3 659 544 969
1213 3 800 5145 5306
1214 3 2114 800 4732
1215 3 1915 800 2114
1216 3 800 1915 2508
1217 3 4732 800 5306
1218 3 800 2508 5145
1219 3 3334 1056 4306
1220 3 1073 1056 3334
1221 3 1056 1073 4928
1222 3 4674 1056 4928
1223 3 1056 4674 4743
1224 3 4306 1056 4743
1225 3 2066 1312 4028
1226 3 1312 2066 5076
1227 3 1312 1348 4028
1228 3 1568 3092 5014
1229 3 4693 1568 5014
1230 3 1568 3066 3092
1231 3 2387 1824 2986
1232 3 2986 1824 4108
1233 3 1824 3777 4108
1234 3 2323 2080 3379
1235 3 2080 2199 3379
1236 3 2336 3099 3978
1237 3 2336 2442 3099
1238 3 2592 4478 4585
1239 3 2848 3974 4669
1240 3 4439 3616 5234
1241 3 3872 3913 4696
1242 3 4384 4917 5125
1243 3 2604 33 2684
1244 3 2460 33 3952
1245 3 33 2460 2554
1246 3 233 33 2604
1247 3 33 233 3952
1248 3 33 2554 2684
1249 3 289 2920 5179
1250 3 4476 289 5179
1251 3 289 4476 4590
1252 3 289 2469 2920
1253 3 2469 289 4522
1254 3 4522 289 4590
1255 3 801 2561 4828
1256 3 801 2528 2561
1257 3 2528 801 5045
1258 3 1764 1057 2855
1259 3 1057 1764 1945
1260 3 1701 1313 4567
1261 3 3566 1313 4336
1262 3 1809 1569 4528
1263 3 3125 1569 3758
1264 3 2932 1569 3125
1265 3 1569 2932 4528
1266 3 1825 3198 3276
1267 3 1825 3276 4280
1268 3 2081 2607 3912
1269 3 2337 2907 3760
1270 3 2337 3760 4099
1271 3 3554 2337 4099
1272 3 2337 3554 3824
1273 3 2337 3824 4576
1274 3 3974 2849 4669
1275 3 2849 3974 4014
1276 3 2849 4014 4100
1277 3 3105 3375 4436
1278 3 3375 3105 5208
1279 3 4136 3361 5084
1280 3 3361 4268 5084
1281 3 4716 4129 5201
1282 3 5219 5153 5285
1283 3 3397 34 4842
1284 3 2811 34 3397
1285 3 34 2811 3210
1286 3 290 2605 4992
1287 3 793 546 3264
1288 3 546 1649 3473
1289 3 1649 546 1695
1290 3 1695 546 2531
1291 3 3264 546 3473
1292 3 867 802 2128
1293 3 2483 1058 4480
1294 3 1058 2483 3024
1295 3 1314 3618 4448
1296 3 3618 1314 4483
1297 3 1314 4448 5071
1298 3 1314 2775 2937
1299 3 2775 1314 5071
1300 3 1570 1627 2223
1301 3 1627 1570 3791
1302 3 1570 2223 5193
1303 3 3784 1570 5193
1304 3 4135 1826 5183
1305 3 2671 1826 3081
1306 3 1826 2426 5183
1307 3 2426 1826 2671
1308 3 2082 3344 4775
1309 3 3344 2082 4812
1310 3 4679 2082 4775
1311 3 3465 2338 4761
1312 3 2959 2338 3465
1313 3 3682 2850 4790
1314 3 3618 4483 5157
1315 3 2842 35 5166
1316 3 35 2842 4091
1317 3 3936 35 4091
1318 3 35 611 5166
1319 3 611 35 3936
1320 3 873 291 2518
1321 3 450 291 873
1322 3 291 450 3562
1323 3 2301 291 3562
1324 3 547 815 4175
1325 3 815 547 4821
1326 3 631 547 4175
1327 3 547 631 3427
1328 3 803 1809 5243
1329 3 803 1569 1809
1330 3 1569 803 3758
1331 3 803 2875 3758
1332 3 803 2773 2875
1333 3 2773 803 5243
1334 3 1642 1059 3365
1335 3 1059 1642 2040
1336 3 4384 1315 5032
1337 3 2640 1315 3449
1338 3 3449 1315 4384
1339 3 1315 2702 5032
1340 3 3330 1571 4262
1341 3 1827 2490 3575
1342 3 2662 2339 4316
1343 3 2595 3912 4177
1344 3 3912 2595 4466
1345 3 3443 2595 4177
1346 3 3440 2851 4218
1347 3 3107 3502 4174
1348 3 36 2352 4056
1349 3 667 36 4056
1350 3 36 667 2303
1351 3 1439 36 2342
1352 3 36 1439 2281
1353 3 36 2281 2352
1354 3 36 2303 2342
1355 3 292 3147 4027
1356 3 292 2735 3147
1357 3 2735 292 4515
1358 3 292 709 4515
1359 3 709 292 2556
1360 3 2556 292 4027
1361 3 548 2873 3698
1362 3 2873 548 3284
1363 3 1100 548 1408
1364 3 548 1100 3284
1365 3 548 3698 4164
1366 3 1408 548 4164
1367 3 1630 804 1748
1368 3 804 4266 4730
1369 3 1748 804 4730
1370 3 1060 3863 4544
1371 3 1060 2090 2678
1372 3 1584 1316 3690
1373 3 1316 1874 2452
1374 3 1316 3176 3690
1375 3 1386 1316 1584
1376 3 1316 1386 1874
1377 3 1316 2452 3176
1378 3 3438 1572 4762
1379 3 1572 4002 4762
1380 3 3529 1572 3734
1381 3 1572 3529 4002
1382 3 3231 1828 4796
1383 3 1828 4274 4796
1384 3 2137 2084 2380
1385 3 2084 2137 3181
1386 3 2193 2084 3181
1387 3 2084 2193 4504
1388 3 3265 2340 5126
1389 3 2596 3380 4734
1390 3 2852 3462 4000
1391 3 3462 2852 4082
1392 3 3533 3108 5172
1393 3 3108 3533 4985
1394 3 3620 3644 4428
1395 3 3644 3620 3711
1396 3 3711 3620 4601
1397 3 4132 5082 5151
1398 3 1699 37 4241
1399 3 2217 37 4494
1400 3 37 2217 4241
1401 3 1842 293 3149
1402 3 293 1842 5038
1403 3 3149 293 4063
1404 3 2413 293 5038
1405 3 293 2413 4063
1406 3 549 778 1394
1407 3 778 549 4472
1408 3 549 1394 1462
1409 3 549 1462 3203
1410 3 1057 805 4686
1411 3 805 1057 1945
1412 3 805 1093 2278
1413 3 805 2278 4686
1414 3 1577 1061 4660
1415 3 1061 1577 1640
1416 3 1061 1640 2635
1417 3 1061 1486 4660
1418 3 1677 1317 4455
1419 3 1317 1993 2003
1420 3 1317 2003 4455
1421 3 1829 2817 3223
1422 3 4353 1829 5078
1423 3 2896 2085 4302
1424 3 4302 2085 4352
1425 3 2341 2897 4376
1426 3 2341 2767 2897
1427 3 3829 2341 4376
1428 3 2597 4206 4760
1429 3 2885 2853 4739
1430 3 2853 2900 3926
1431 3 2853 3926 4739
1432 3 3649 3365 3740
1433 3 3670 3621 4102
1434 3 4901 5087 5124
1435 3 2381 38 2719
1436 3 38 2381 4554
1437 3 3178 38 3765
1438 3 3765 38 4554
1439 3 1206 38 3178
1440 3 38 1206 2719
1441 3 294 2158 4162
1442 3 2158 294 3829
1443 3 960 294 2142
1444 3 1985 294 4162
1445 3 294 1985 2142
1446 3 458 294 960
1447 3 294 458 3829
1448 3 2856 550 4302
1449 3 550 2896 4302
1450 3 550 1120 2896
1451 3 1120 550 2673
1452 3 2177 550 2856
1453 3 550 2177 2673
1454 3 4429 806 4973
1455 3 806 1190 4973
1456 3 3308 806 4429
1457 3 1062 2081 3912
1458 3 1062 3645 3904
1459 3 3645 1062 4466
1460 3 1062 3912 4466
1461 3 3699 1062 3904
1462 3 1062 1161 2081
1463 3 1161 1062 3699
1464 3 2574 1318 3420
1465 3 1318 2574 3277
1466 3 2514 1318 3277
1467 3 2873 1574 4909
1468 3 1574 2873 4234
1469 3 1574 1721 3104
1470 3 1721 1574 4234
1471 3 1830 3463 4041
1472 3 2270 1830 4041
1473 3 1830 2300 3463
1474 3 2086 3571 4397
1475 3 3572 2086 4374
1476 3 2598 2658 5152
1477 3 2658 2598 5170
1478 3 3792 2598 5152
1479 3 2598 4570 5170
1480 3 3622 4003 4619
1481 3 3878 4331 4678
1482 3 2054 39 3387
1483 3 1595 39 2054
1484 3 39 1595 3821
1485 3 39 80 3387
1486 3 80 39 2134
1487 3 2134 39 3821
1488 3 2731 295 4130
1489 3 295 2731 3230
1490 3 295 1517 4130
1491 3 551 1145 1717
1492 3 551 1717 4779
1493 3 551 695 4371
1494 3 695 551 4779
1495 3 807 3666 5141
1496 3 3300 807 5141
1497 3 807 1015 3666
1498 3 1015 807 5109
1499 3 1063 2593 4202
1500 3 1063 1385 2593
1501 3 1528 1063 4202
1502 3 1063 1528 3003
1503 3 3613 1319 5297
1504 3 2450 1319 3613
1505 3 1319 2450 3103
1506 3 1731 1319 3103
1507 3 1319 1731 5107
1508 3 1319 5107 5297
1509 3 3666 1575 5141
1510 3 1575 3666 4349
1511 3 2455 1831 2479
1512 3 2087 3877 5222
1513 3 4595 2087 5253
1514 3 2343 3924 4500
1515 3 3101 2599 3138
1516 3 3111 3425 5168
1517 3 3425 3111 3939
1518 3 2068 40 3203
1519 3 40 2068 3042
1520 3 549 40 4472
1521 3 40 549 3203
1522 3 40 3042 4472
1523 3 296 847 2397
1524 3 337 296 2397
1525 3 296 337 3015
1526 3 1986 296 3015
1527 3 3599 552 5088
1528 3 805 552 1093
1529 3 552 805 1945
1530 3 1093 552 2934
1531 3 2934 552 3599
1532 3 552 1945 5088
1533 3 4369 808 5168
1534 3 808 3111 5168
1535 3 808 867 3111
1536 3 2837 1064 5135
1537 3 1064 1571 3330
1538 3 3124 1064 3330
1539 3 1064 3124 5135
1540 3 1428 1064 2837
1541 3 1064 1428 1571
1542 3 1320 2212 4815
1543 3 3136 1576 3835
1544 3 1576 2198 4062
1545 3 2201 1576 5017
1546 3 1576 2201 3835
1547 3 1576 4062 5017
1548 3 1832 2840 4449
1549 3 2840 1832 2987
1550 3 2987 1832 3553
1551 3 2007 1832 4449
1552 3 2088 4885 4921
1553 3 4885 2088 4924
1554 3 2088 2631 4924
1555 3 2631 2088 5268
1556 3 5268 2088 5292
1557 3 2344 3677 4294
1558 3 3336 2600 4999
1559 3 3043 2600 3336
1560 3 2856 3953 4356
1561 3 4377 3112 4517
1562 3 4411 4392 4465
1563 3 1288 41 4157
1564 3 41 2639 4157
1565 3 754 41 1288
1566 3 41 754 912
1567 3 297 1561 3106
1568 3 1561 297 2256
1569 3 1058 297 4480
1570 3 297 1058 2256
1571 3 1432 297 3106
1572 3 297 1432 4480
1573 3 1036 553 4414
1574 3 553 1036 2458
1575 3 2406 553 2458
1576 3 553 2406 3305
1577 3 553 3305 4414
1578 3 2929 809 3527
1579 3 809 2929 4064
1580 3 809 3213 3550
1581 3 3527 809 3550
1582 3 809 4064 4862
1583 3 1065 1302 5295
1584 3 1302 1065 4854
1585 3 3468 1065 3997
1586 3 1065 3468 4854
1587 3 1065 3513 3997
1588 3 3513 1065 5295
1589 3 2086 1321 3571
1590 3 1321 2086 3572
1591 3 2297 1321 3572
1592 3 2092 1833 4859
1593 3 1833 2092 5115
1594 3 1833 2633 4395
1595 3 2633 1833 5115
1596 3 1833 4228 5143
1597 3 4228 1833 4395
1598 3 4859 1833 5143
1599 3 2601 2792 4791
1600 3 2857 4126 4409
1601 3 3113 3373 3580
1602 3 3113 3487 4899
1603 3 42 519 3773
1604 3 519 42 1217
1605 3 2409 42 3773
1606 3 744 42 2409
1607 3 42 744 1217
1608 3 298 1336 4736
1609 3 1336 298 3234
1610 3 298 825 3626
1611 3 825 298 4958
1612 3 298 4736 4958
1613 3 3234 298 3626
1614 3 554 3638 3703
1615 3 554 2942 3638
1616 3 2942 554 5220
1617 3 554 983 5220
1618 3 983 554 3703
1619 3 3858 810 4520
1620 3 810 1712 4110
1621 3 1712 810 2812
1622 3 957 810 4110
1623 3 2812 810 3858
1624 3 3391 1066 4235
1625 3 1066 3391 4046
1626 3 1066 4681 4825
1627 3 4235 1066 4825
1628 3 1066 4046 4792
1629 3 2611 1322 3887
1630 3 1666 1322 2611
1631 3 1578 3301 4125
1632 3 1834 2523 2925
1633 3 3155 2090 3584
1634 3 2678 2090 3155
1635 3 2090 2211 3584
1636 3 2661 2346 2799
1637 3 2346 2408 2799
1638 3 2602 4120 4485
1639 3 4120 2602 4314
1640 3 4197 2602 4485
1641 3 4314 2602 4600
1642 3 2858 3841 4534
1643 3 3114 5104 5169
1644 3 4198 3370 4545
1645 3 43 3090 4595
1646 3 43 1604 3090
1647 3 1623 43 4595
1648 3 2367 299 4962
1649 3 299 2367 4299
1650 3 299 588 2650
1651 3 588 299 5235
1652 3 299 2650 4962
1653 3 555 3878 5269
1654 3 574 555 5147
1655 3 555 574 3878
1656 3 2122 555 5269
1657 3 555 2122 3787
1658 3 555 3787 5147
1659 3 811 966 5132
1660 3 966 811 1421
1661 3 1067 4652 4872
1662 3 1067 3716 4652
1663 3 3716 1067 3823
1664 3 1164 1067 3218
1665 3 1067 1164 3823
1666 3 3218 1067 4872
1667 3 1821 1579 4181
1668 3 1579 1821 3021
1669 3 2717 1579 3206
1670 3 1579 3021 3206
1671 3 3340 2091 4556
1672 3 2091 3607 5034
1673 3 4556 2091 5034
1674 3 2091 3548 3607
1675 3 2347 2675 5084
1676 3 2603 3087 5209
1677 3 4444 2603 4706
1678 3 4706 2603 5209
1679 3 3901 2859 4972
1680 3 3842 3115 4869
1681 3 3115 3230 3475
1682 3 44 4429 4973
1683 3 1990 44 4438
1684 3 44 1990 4050
1685 3 44 4050 4429
1686 3 44 3050 4438
1687 3 3050 44 4973
1688 3 1550 300 4427
1689 3 300 1550 2527
1690 3 4427 300 4584
1691 3 300 2527 2546
1692 3 556 3637 4431
1693 3 556 1932 3637
1694 3 1932 556 3056
1695 3 3214 556 4431
1696 3 1491 556 3214
1697 3 556 1491 3056
1698 3 2314 812 3587
1699 3 812 2314 3398
1700 3 812 3398 5054
1701 3 812 2232 3587
1702 3 812 2034 2232
1703 3 2034 812 5054
1704 3 2089 1068 3778
1705 3 1165 1068 2089
1706 3 1068 3727 3778
1707 3 1580 3102 3402
1708 3 1580 3402 4998
1709 3 2712 1580 4998
1710 3 1580 1774 3102
1711 3 1774 1580 2712
1712 3 2984 1836 4874
1713 3 1836 2984 4802
1714 3 1836 1985 4874
1715 3 1985 1836 4492
1716 3 2847 2092 4859
1717 3 2092 3745 3851
1718 3 2494 2092 2847
1719 3 2092 2494 3745
1720 3 2394 2348 3217
1721 3 2348 2394 3830
1722 3 4279 2860 4648
1723 3 4139 3116 4464
1724 3 4810 4140 5196
1725 3 45 2316 3462
1726 3 45 3462 4082
1727 3 45 2020 2316
1728 3 2020 45 4078
1729 3 4078 45 4304
1730 3 45 4082 4304
1731 3 4130 301 4997
1732 3 1517 301 4130
1733 3 301 1517 5072
1734 3 3843 557 5209
1735 3 557 3843 5276
1736 3 3643 557 5276
1737 3 1646 557 3643
1738 3 557 1646 2959
1739 3 557 2959 5209
1740 3 1177 813 2834
1741 3 813 1177 2268
1742 3 3973 1069 4035
1743 3 1069 2715 4035
1744 3 3035 1069 3973
1745 3 1325 1598 4711
1746 3 3238 1325 4711
1747 3 1325 3238 4997
1748 3 1581 2411 3768
1749 3 1581 3768 3817
1750 3 1581 3817 4823
1751 3 2729 1837 5263
1752 3 2093 2983 3881
1753 3 5218 2349 5251
1754 3 4553 2349 4607
1755 3 3117 3515 4044
1756 3 4281 3629 4794
1757 3 4056 3885 4881
1758 3 2894 46 3008
1759 3 46 2894 3582
1760 3 3509 46 5217
1761 3 1241 46 3509
1762 3 46 1241 3008
1763 3 46 3582 5217
1764 3 1045 302 5130
1765 3 302 1045 4128
1766 3 302 816 3184
1767 3 816 302 3199
1768 3 302 3184 5130
1769 3 3199 302 4128
1770 3 558 2052 3350
1771 3 2052 558 2877
1772 3 558 3350 3623
1773 3 903 814 2521
1774 3 1070 1551 3415
1775 3 1070 1263 1551
1776 3 1326 3269 3936
1777 3 2797 1326 4672
1778 3 2356 1582 2919
1779 3 1582 2356 4546
1780 3 2919 1582 5265
1781 3 1838 2759 3853
1782 3 2759 1838 3222
1783 3 2350 3361 4136
1784 3 2350 2904 3361
1785 3 2904 2350 3722
1786 3 2862 4979 5227
1787 3 2862 4737 4979
1788 3 2954 2862 5227
1789 3 4214 3630 4252
1790 3 4252 3630 4798
1791 3 3886 4377 4517
1792 3 47 4011 4996
1793 3 4011 47 4584
1794 3 1774 47 4996
1795 3 47 1774 4584
1796 3 303 840 2506
1797 3 3145 303 4467
1798 3 1171 303 3145
1799 3 303 1171 5020
1800 3 303 2506 4467
1801 3 559 2108 2656
1802 3 559 2656 3552
1803 3 815 3502 4175
1804 3 3502 815 4095
1805 3 4095 815 4821
1806 3 3112 1071 4517
1807 3 1906 1071 3112
1808 3 1071 1662 4517
1809 3 1662 1071 2796
1810 3 4660 1327 4926
1811 3 1327 4481 4926
1812 3 1486 1327 4660
1813 3 1583 3540 5039
1814 3 3813 1583 5039
1815 3 1839 2135 3779
1816 3 2095 3403 4341
1817 3 3675 2095 4341
1818 3 2351 3754 4665
1819 3 3754 2351 4714
1820 3 2922 2863 3546
1821 3 4374 48 5025
1822 3 2086 48 4374
1823 3 48 2086 4397
1824 3 854 48 3932
1825 3 48 854 5025
1826 3 3932 48 4397
1827 3 304 3077 4199
1828 3 3077 304 3259
1829 3 304 1344 3259
1830 3 1344 304 2498
1831 3 1761 304 4199
1832 3 304 1761 2498
1833 3 560 2204 4676
1834 3 560 2541 3150
1835 3 816 4441 5223
1836 3 3184 816 5223
1837 3 1072 3596 4236
1838 3 1072 3166 3596
1839 3 1072 4236 4753
1840 3 3031 1072 4753
1841 3 1328 2073 4833
1842 3 1328 3048 4292
1843 3 3048 1328 4833
1844 3 2570 2096 4941
1845 3 2096 2390 4941
1846 3 2390 2096 4267
1847 3 2608 3607 5098
1848 3 2864 3376 3947
1849 3 3376 4209 5187
1850 3 3632 3704 4503
1851 3 4656 4953 5114
1852 3 49 3106 4927
1853 3 49 1894 2764
1854 3 49 201 1894
1855 3 201 49 2027
1856 3 49 2764 3106
1857 3 2027 49 4927
1858 3 305 2113 4275
1859 3 305 3930 5001
1860 3 3930 305 4275
1861 3 305 1133 2113
1862 3 1133 305 2250
1863 3 1970 305 5001
1864 3 305 1970 2250
1865 3 1852 561 4218
1866 3 561 3440 4218
1867 3 3363 817 4622
1868 3 817 2243 2972
1869 3 2243 817 3300
1870 3 3300 817 3363
1871 3 1073 3334 4965
1872 3 1073 1759 4928
1873 3 1759 1073 4965
1874 3 1329 1574 3104
1875 3 1574 1329 4909
1876 3 1329 3901 4972
1877 3 2375 1329 3104
1878 3 1329 2375 3901
1879 3 1329 4800 4909
1880 3 4800 1329 4972
1881 3 2865 3154 4414
1882 3 3305 2865 4414
1883 3 814 50 3667
1884 3 50 1116 4204
1885 3 637 50 814
1886 3 50 637 1116
1887 3 50 1439 3667
1888 3 1439 50 2281
1889 3 2281 50 4204
1890 3 542 306 4767
1891 3 306 542 4054
1892 3 306 333 4949
1893 3 333 306 4054
1894 3 1011 306 4949
1895 3 306 1011 4767
1896 3 852 562 2414
1897 3 562 852 2477
1898 3 562 2477 4605
1899 3 2498 562 4293
1900 3 4293 562 4605
1901 3 562 1761 2414
1902 3 1761 562 2498
1903 3 1074 3622 4109
1904 3 1074 1430 3986
1905 3 1330 3364 4016
1906 3 3895 1330 4482
1907 3 1330 4016 4482
1908 3 1330 3023 3364
1909 3 1586 1886 1969
1910 3 1586 1933 2448
1911 3 1933 1586 1969
1912 3 2762 1842 3149
1913 3 1842 2762 4830
1914 3 1842 3318 5038
1915 3 3318 1842 4830
1916 3 2481 2098 4289
1917 3 3114 2354 5177
1918 3 2354 2453 5177
1919 3 4001 2866 4922
1920 3 2866 4001 4575
1921 3 2866 3796 4922
1922 3 3122 3436 5048
1923 3 3099 51 3978
1924 3 51 3099 4749
1925 3 2154 51 2156
1926 3 51 2154 5286
1927 3 2156 51 4749
1928 3 3978 51 5286
1929 3 2891 307 3254
1930 3 307 1648 3254
1931 3 1710 307 2891
1932 3 307 1710 1962
1933 3 307 946 1648
1934 3 946 307 985
1935 3 985 307 1962
1936 3 563 799 1824
1937 3 799 563 2004
1938 3 1413 563 1824
1939 3 563 1413 1435
1940 3 563 1435 3873
1941 3 2004 563 3873
1942 3 819 4638 4837
1943 3 819 2893 4638
1944 3 819 925 2893
1945 3 925 819 4830
1946 3 819 3318 4830
1947 3 3318 819 4837
1948 3 2824 1075 4758
1949 3 1075 2824 5278
1950 3 1075 1940 4964
1951 3 1940 1075 2006
1952 3 4758 1075 4964
1953 3 2006 1075 5278
1954 3 1331 2628 3165
1955 3 1331 3165 5305
1956 3 4190 1331 5305
1957 3 1331 1419 2628
1958 3 1419 1331 3310
1959 3 1587 1856 2768
1960 3 1843 2383 4060
1961 3 3486 1843 4060
1962 3 2099 3879 5039
1963 3 2099 2665 3879
1964 3 2665 2099 4931
1965 3 2099 3540 4718
1966 3 3540 2099 5039
1967 3 3137 2355 3254
1968 3 3254 2355 3428
1969 3 2355 3002 3428
1970 3 2611 3887 4187
1971 3 4179 2867 5221
1972 3 4447 4403 4565
1973 3 4565 4403 4819
1974 3 52 528 3598
1975 3 528 52 1647
1976 3 571 52 3598
1977 3 52 571 3977
1978 3 1647 52 3977
1979 3 308 1109 2400
1980 3 1109 308 4719
1981 3 2138 308 2411
1982 3 308 2138 5290
1983 3 308 2400 2411
1984 3 4719 308 5290
1985 3 830 564 5129
1986 3 564 830 1445
1987 3 564 3906 5129
1988 3 564 1445 2632
1989 3 820 1855 3556
1990 3 4190 820 4507
1991 3 820 2416 4507
1992 3 2416 820 3556
1993 3 820 1399 1855
1994 3 1399 820 4190
1995 3 1358 1076 4653
1996 3 2785 1076 3580
1997 3 1857 1332 5194
1998 3 1332 1364 5194
1999 3 1364 1332 2925
2000 3 1771 1332 1857
2001 3 2104 2100 4689
2002 3 2100 3451 4689
2003 3 2356 2919 3522
2004 3 3731 2612 4555
2005 3 2612 3731 4092
2006 3 3223 2612 3520
2007 3 2612 3223 5079
2008 3 3520 2612 4092
2009 3 4555 2612 5079
2010 3 3124 3330 4757
2011 3 3124 4096 5135
2012 3 4497 3380 5215
2013 3 4361 3636 5213
2014 3 3771 3636 4361
2015 3 4612 53 5257
2016 3 53 2576 4824
2017 3 53 1095 2576
2018 3 1095 53 1893
2019 3 1893 53 4612
2020 3 53 2938 5257
2021 3 2938 53 4824
2022 3 1327 309 4481
2023 3 4481 309 5090
2024 3 717 309 1327
2025 3 309 717 5250
2026 3 2286 309 5250
2027 3 309 2286 5090
2028 3 1622 565 2057
2029 3 565 767 2871
2030 3 767 565 1622
2031 3 821 2862 4401
2032 3 2862 821 4737
2033 3 821 888 4737
2034 3 1540 1077 3477
2035 3 1077 1540 2026
2036 3 1333 1922 3501
2037 3 1333 3501 4745
2038 3 2747 1333 4657
2039 3 1589 1708 3876
2040 3 1708 1589 3004
2041 3 3004 1589 3423
2042 3 1589 3019 3423
2043 3 2845 1845 3886
2044 3 2078 1845 2845
2045 3 1845 2078 5229
2046 3 3886 1845 4377
2047 3 1845 3764 4377
2048 3 3764 1845 5229
2049 3 2101 3932 4397
2050 3 3680 3381 4240
2051 3 3567 3381 3680
2052 3 3381 3567 3994
2053 3 3893 4498 4799
2054 3 4932 4405 5197
2055 3 54 3340 4172
2056 3 1900 54 3950
2057 3 54 1900 2555
2058 3 2463 54 4172
2059 3 54 2463 3950
2060 3 54 2555 3340
2061 3 310 1823 5258
2062 3 3133 310 4200
2063 3 4200 310 5258
2064 3 2279 310 3133
2065 3 566 3871 4986
2066 3 3871 566 4806
2067 3 566 4986 5207
2068 3 3790 566 5207
2069 3 566 3790 4806
2070 3 822 882 2083
2071 3 882 822 1748
2072 3 1748 822 3575
2073 3 1274 822 2083
2074 3 822 1274 3575
2075 3 1195 1078 1418
2076 3 1078 1195 3010
2077 3 1078 3010 3514
2078 3 3100 1334 4731
2079 3 1334 3100 3472
2080 3 1334 3674 4950
2081 3 4731 1334 4950
2082 3 1334 2535 3674
2083 3 2535 1334 3960
2084 3 3105 1590 5208
2085 3 1590 3105 3959
2086 3 1590 3981 5208
2087 3 1846 2286 4134
2088 3 2286 1846 5090
2089 3 2915 2102 3925
2090 3 2102 2915 3169
2091 3 3085 2358 4407
2092 3 2358 2771 4407
2093 3 2771 2358 4495
2094 3 4440 2614 5051
2095 3 3207 2614 4440
2096 3 3126 3675 4341
2097 3 3126 3495 3759
2098 3 3495 3126 4341
2099 3 4150 4348 5300
2100 3 55 2616 5104
2101 3 55 827 2562
2102 3 827 55 5104
2103 3 83 55 2562
2104 3 55 83 2144
2105 3 55 2144 2616
2106 3 311 2091 3340
2107 3 2091 311 3548
2108 3 311 1266 3548
2109 3 1266 311 2555
2110 3 2555 311 3340
2111 3 1069 567 2715
2112 3 582 567 2073
2113 3 567 582 1527
2114 3 567 644 2073
2115 3 644 567 1069
2116 3 567 1527 2715
2117 3 823 2707 3949
2118 3 1941 823 3949
2119 3 823 1941 4337
2120 3 823 2214 2707
2121 3 823 4337 4772
2122 3 2037 823 4772
2123 3 823 2037 2214
2124 3 2273 1079 4233
2125 3 3382 1335 3475
2126 3 1335 3382 5065
2127 3 1335 3402 3475
2128 3 3402 1335 4771
2129 3 4771 1335 5065
2130 3 2649 1591 4857
2131 3 1591 1776 3573
2132 3 1591 3573 4857
2133 3 1847 4386 4934
2134 3 3648 1847 4934
2135 3 2103 3614 4153
2136 3 2103 4153 4300
2137 3 3841 2359 4534
2138 3 2563 56 4895
2139 3 56 2563 4478
2140 3 56 2592 4191
2141 3 2592 56 4478
2142 3 56 586 4895
2143 3 586 56 3190
2144 3 3190 56 4191
2145 3 312 3368 5186
2146 3 312 842 3368
2147 3 842 312 4184
2148 3 312 342 5162
2149 3 342 312 5186
2150 3 4184 312 5162
2151 3 568 964 4963
2152 3 3531 568 4963
2153 3 2805 568 3531
2154 3 824 2782 4816
2155 3 2782 824 3825
2156 3 1261 824 4816
2157 3 3341 1080 4980
2158 3 1567 1080 3341
2159 3 1080 1567 1949
2160 3 2698 1080 3628
2161 3 1080 2698 4853
2162 3 1080 1949 3628
2163 3 1080 4853 4980
2164 3 1336 3609 4736
2165 3 1336 1634 3609
2166 3 1634 1336 2276
2167 3 2276 1336 3234
2168 3 1674 1592 3488
2169 3 1592 1674 1722
2170 3 1592 1730 3488
2171 3 1848 3897 5259
2172 3 3432 1848 5259
2173 3 1848 3432 3746
2174 3 1848 3746 4831
2175 3 4207 2104 4689
2176 3 2592 2360 4191
2177 3 2360 2592 4585
2178 3 2402 2360 4585
2179 3 4245 2872 4260
2180 3 2872 4245 5291
2181 3 4305 2872 5291
2182 3 2872 4305 4851
2183 3 4020 3384 4983
2184 3 4603 3384 5256
2185 3 57 1834 4294
2186 3 1834 57 2523
2187 3 3677 57 4294
2188 3 1901 57 2669
2189 3 57 1901 2523
2190 3 2669 57 3677
2191 3 313 1052 3931
2192 3 1052 313 3834
2193 3 313 4184 5162
2194 3 313 2016 4184
2195 3 2016 313 3931
2196 3 3579 313 5162
2197 3 313 3579 3834
2198 3 959 569 2178
2199 3 569 959 1947
2200 3 2650 825 4958
2201 3 3673 1081 4596
2202 3 2444 1081 5008
2203 3 1081 2444 4596
2204 3 1081 3046 5008
2205 3 3046 1081 4334
2206 3 2544 1081 3673
2207 3 1081 2544 4334
2208 3 1337 1689 2239
2209 3 2420 1593 3344
2210 3 1884 1849 3802
2211 3 1849 1884 2813
2212 3 3802 1849 5252
2213 3 1849 4338 5252
2214 3 2361 2795 4019
2215 3 3631 2617 4925
2216 3 2617 3764 4925
2217 3 3195 2873 4909
2218 3 2873 3195 3698
2219 3 2873 3284 4234
2220 3 3129 3998 4180
2221 3 3641 4978 5042
2222 3 4487 3641 5042
2223 3 58 2695 3834
2224 3 1716 58 3579
2225 3 58 1257 2695
2226 3 1257 58 1716
2227 3 3579 58 3834
2228 3 314 2101 4386
2229 3 2101 314 3932
2230 3 314 854 3932
2231 3 854 314 1219
2232 3 314 635 1219
2233 3 635 314 969
2234 3 969 314 4386
2235 3 2312 570 4399
2236 3 570 2312 2799
2237 3 570 3084 4399
2238 3 570 2886 3084
2239 3 570 2799 2886
2240 3 826 1078 3514
2241 3 2369 826 3514
2242 3 826 902 1078
2243 3 902 826 1913
2244 3 1499 826 2369
2245 3 826 1499 1913
2246 3 1595 1082 2913
2247 3 1082 1595 1901
2248 3 2913 1082 5286
2249 3 1082 1901 2669
2250 3 1082 2669 3978
2251 3 1082 3978 5286
2252 3 2059 1338 3266
2253 3 1338 3178 4577
2254 3 1850 2325 4435
2255 3 3908 1850 4435
2256 3 1850 1967 2325
2257 3 2906 2106 4872
2258 3 4116 2362 5193
2259 3 2362 2755 3784
2260 3 2362 3784 5193
2261 3 2704 2618 2736
2262 3 2736 2618 4475
2263 3 2874 3860 4664
2264 3 3263 2874 4664
2265 3 2874 3263 4248
2266 3 3386 4795 5127
2267 3 5068 4154 5093
2268 3 4410 4731 4950
2269 3 1355 59 2937
2270 3 59 2683 2937
2271 3 662 59 1355
2272 3 59 662 4823
2273 3 59 1981 2683
2274 3 1981 59 4823
2275 3 315 2892 3172
2276 3 2892 315 4768
2277 3 1690 315 3172
2278 3 571 3598 4398
2279 3 4161 571 4398
2280 3 3452 571 4161
2281 3 571 3452 3977
2282 3 2562 827 4580
2283 3 827 3114 5177
2284 3 3114 827 5104
2285 3 4580 827 5177
2286 3 1083 1170 2259
2287 3 1170 1083 2788
2288 3 1083 2259 3233
2289 3 2018 1339 4459
2290 3 1339 3578 4459
2291 3 1595 2054 5006
2292 3 1595 2913 3821
2293 3 1901 1595 5006
2294 3 2240 2107 5015
2295 3 3197 2363 4697
2296 3 2363 3471 4697
2297 3 3471 2363 4194
2298 3 2619 2934 3599
2299 3 2934 2619 3399
2300 3 2875 3309 3758
2301 3 3309 2875 5089
2302 3 3984 3131 4890
2303 3 3131 3984 4315
2304 3 3131 3285 4607
2305 3 3131 4607 4890
2306 3 4411 4465 5257
2307 3 4667 4719 5007
2308 3 60 779 2354
2309 3 526 60 2354
2310 3 60 526 5036
2311 3 4910 60 5103
2312 3 60 5036 5103
2313 3 60 511 779
2314 3 511 60 4910
2315 3 2356 316 3248
2316 3 316 2356 3522
2317 3 3248 316 3328
2318 3 4287 316 4728
2319 3 316 3522 4728
2320 3 3328 316 4287
2321 3 2601 572 2792
2322 3 1609 572 2401
2323 3 572 1609 2792
2324 3 3143 828 3943
2325 3 828 3143 4058
2326 3 828 2640 3943
2327 3 2640 828 5241
2328 3 828 4058 5241
2329 3 1084 2714 4773
2330 3 1457 1084 2364
2331 3 1084 1457 2714
2332 3 2036 1084 4773
2333 3 1340 2579 2880
2334 3 2579 1340 3405
2335 3 1340 2880 4180
2336 3 2417 1852 4218
2337 3 3059 2876 3651
2338 3 3132 3792 5152
2339 3 4470 3388 5171
2340 3 4412 4476 5179
2341 3 99 61 623
2342 3 61 99 1454
2343 3 623 61 2756
2344 3 2674 61 4196
2345 3 61 1454 4196
2346 3 2288 61 2674
2347 3 61 2288 2756
2348 3 2307 317 4100
2349 3 317 2307 3970
2350 3 317 2849 4100
2351 3 2849 317 4669
2352 3 573 3134 4437
2353 3 1877 573 4304
2354 3 829 3820 4803
2355 3 1085 3333 4019
2356 3 2978 1085 4104
2357 3 1085 1704 3333
2358 3 1704 1085 2978
2359 3 1085 2795 4104
2360 3 2795 1085 4019
2361 3 4617 1341 4621
2362 3 3416 1597 4654
2363 3 1597 3953 4818
2364 3 1597 3321 3953
2365 3 1853 3946 5105
2366 3 1853 2412 3946
2367 3 2412 1853 2672
2368 3 1853 2529 2672
2369 3 2529 1853 4087
2370 3 4087 1853 5105
2371 3 4496 2109 4911
2372 3 2995 2109 4496
2373 3 2365 4452 4637
2374 3 2939 2365 4637
2375 3 2365 2939 4010
2376 3 2621 3356 4368
2377 3 3133 4200 5237
2378 3 4510 4157 5307
2379 3 62 4364 4443
2380 3 4364 62 4805
2381 3 2887 62 3453
2382 3 3453 62 4443
2383 3 2505 62 2887
2384 3 62 2505 4805
2385 3 784 318 4070
2386 3 318 784 3818
2387 3 318 358 4508
2388 3 358 318 3818
2389 3 943 318 4508
2390 3 318 943 4070
2391 3 3878 574 4331
2392 3 574 604 4331
2393 3 830 5129 5150
2394 3 3924 830 5150
2395 3 1445 830 3924
2396 3 1086 3851 4074
2397 3 1086 2092 3851
2398 3 2092 1086 5115
2399 3 1086 1776 4371
2400 3 1776 1086 4074
2401 3 1342 2821 2861
2402 3 1342 2861 4590
2403 3 4412 1342 4476
2404 3 1342 1650 2821
2405 3 1650 1342 4412
2406 3 4476 1342 4590
2407 3 3329 1854 5272
2408 3 2840 1854 4449
2409 3 1854 2840 5272
2410 3 1854 4312 4991
2411 3 3375 2110 4436
2412 3 2110 5009 5219
2413 3 2657 2366 3503
2414 3 3472 2622 3701
2415 3 3244 2622 3472
2416 3 2878 4080 4170
2417 3 3615 3134 3662
2418 3 63 1546 3697
2419 3 98 63 2485
2420 3 63 98 1228
2421 3 2485 63 3697
2422 3 63 1228 1546
2423 3 1157 319 2320
2424 3 319 1157 2219
2425 3 319 2219 3604
2426 3 319 752 2320
2427 3 752 319 3604
2428 3 1594 575 2767
2429 3 575 938 2897
2430 3 938 575 2778
2431 3 1466 575 1594
2432 3 575 1466 2778
2433 3 2767 575 2897
2434 3 2241 831 3815
2435 3 1087 1794 4890
2436 3 1794 1087 5218
2437 3 1087 2349 5218
2438 3 2349 1087 4607
2439 3 4607 1087 4890
2440 3 1343 4139 4464
2441 3 1343 1374 1810
2442 3 1374 1343 4464
2443 3 1343 3727 4139
2444 3 1599 3000 3929
2445 3 2802 1599 3929
2446 3 1855 2962 3360
2447 3 2963 1855 3360
2448 3 1855 2963 4050
2449 3 3556 1855 4050
2450 3 2111 4440 5051
2451 3 2111 4309 4440
2452 3 4309 2111 5002
2453 3 2914 2367 4962
2454 3 2367 2914 4568
2455 3 2623 3646 5249
2456 3 4226 2623 5249
2457 3 64 368 4906
2458 3 368 64 3027
2459 3 64 1934 3027
2460 3 3599 320 4728
2461 3 320 3599 5088
2462 3 320 1980 2512
2463 3 1980 320 5088
2464 3 320 2512 4728
2465 3 1548 576 2432
2466 3 576 4114 4540
2467 3 3392 576 4540
2468 3 2432 576 3392
2469 3 1497 576 1548
2470 3 576 1497 4114
2471 3 3868 832 4666
2472 3 832 3868 4668
2473 3 2435 832 4668
2474 3 832 2435 3561
2475 3 4115 1088 5010
2476 3 1379 1088 4115
2477 3 1344 2498 4293
2478 3 1344 4293 4787
2479 3 1600 2053 2868
2480 3 2053 1600 2242
2481 3 1600 4488 5113
2482 3 2242 1600 5113
2483 3 4524 2112 5271
2484 3 3346 2368 4357
2485 3 3211 2368 3346
2486 3 3517 2368 4487
2487 3 4416 4437 5180
2488 3 2864 65 3376
2489 3 65 2864 3028
2490 3 3376 65 4209
2491 3 111 65 4870
2492 3 65 111 4209
2493 3 65 3028 4870
2494 3 321 3101 3372
2495 3 3101 321 4850
2496 3 2152 321 3730
2497 3 321 2152 4850
2498 3 1227 321 3372
2499 3 321 1227 3730
2500 3 4271 577 4948
2501 3 577 732 4948
2502 3 732 577 4541
2503 3 2541 577 4271
2504 3 2075 833 4647
2505 3 833 4404 4647
2506 3 833 3668 4404
2507 3 3668 833 4772
2508 3 2037 833 2075
2509 3 833 2037 4772
2510 3 1089 2863 2922
2511 3 1089 2922 3378
2512 3 1345 3096 5280
2513 3 1601 4801 4927
2514 3 1968 1857 5194
2515 3 2916 2625 4574
2516 3 4574 2625 4843
2517 3 4366 2881 4515
2518 3 4515 2881 4846
2519 3 4069 2881 4366
2520 3 4953 3393 5114
2521 3 66 818 4296
2522 3 66 2412 5181
2523 3 2412 66 4296
2524 3 66 163 818
2525 3 163 66 5181
2526 3 322 543 5158
2527 3 543 322 3916
2528 3 4919 322 5158
2529 3 578 1417 3611
2530 3 1417 578 4555
2531 3 1174 578 3611
2532 3 578 1174 4663
2533 3 1229 834 2339
2534 3 834 1229 4943
2535 3 4137 1090 4560
2536 3 1156 1090 1469
2537 3 1469 1090 4137
2538 3 4560 1090 4626
2539 3 1602 2150 3976
2540 3 1602 2422 3828
2541 3 2428 1602 3976
2542 3 2608 2114 3500
2543 3 2114 2608 5098
2544 3 3500 2114 4732
2545 3 2260 2114 5098
2546 3 4137 2370 4905
2547 3 2370 4137 4560
2548 3 3888 2626 4297
2549 3 3917 3650 4659
2550 3 3650 4053 4659
2551 3 5129 3906 5303
2552 3 4674 4928 5027
2553 3 1340 67 3405
2554 3 3405 67 5076
2555 3 439 67 1340
2556 3 67 439 4333
2557 3 616 323 4975
2558 3 323 616 4215
2559 3 1287 579 1747
2560 3 1211 579 1287
2561 3 579 1211 3635
2562 3 1747 579 2713
2563 3 917 835 5203
2564 3 2198 1091 4048
2565 3 1265 1091 2198
2566 3 1347 2822 4221
2567 3 1603 4992 4993
2568 3 2403 1859 3012
2569 3 3785 1859 4051
2570 3 1859 2254 3012
2571 3 2254 1859 3785
2572 3 2607 2115 3912
2573 3 3912 2115 4177
2574 3 2391 2115 2607
2575 3 2115 2391 2492
2576 3 2115 2492 4177
2577 3 3333 2371 4019
2578 3 3160 2371 3333
2579 3 2371 3160 4782
2580 3 4029 2627 4192
2581 3 5081 3139 5289
2582 3 3520 3395 3697
2583 3 3395 3520 4092
2584 3 68 1804 4844
2585 3 68 1301 1804
2586 3 1301 68 4529
2587 3 68 3398 4529
2588 3 3398 68 5054
2589 3 68 4844 5054
2590 3 791 324 3490
2591 3 324 791 953
2592 3 3490 324 3944
2593 3 324 953 5052
2594 3 324 2764 3944
2595 3 2764 324 5052
2596 3 1338 580 3266
2597 3 580 1338 4577
2598 3 580 2912 3266
2599 3 580 2682 2912
2600 3 1737 580 4577
2601 3 1813 836 4826
2602 3 2166 836 2361
2603 3 836 2166 5275
2604 3 894 836 1813
2605 3 836 894 2361
2606 3 4826 836 5275
2607 3 1092 1636 2274
2608 3 1636 1092 3072
2609 3 4228 1092 5143
2610 3 1092 2274 4880
2611 3 3072 1092 4228
2612 3 1348 2282 4028
2613 3 3090 1604 4134
2614 3 3294 1860 3788
2615 3 2116 3229 3608
2616 3 2372 4751 4826
2617 3 2705 2372 3098
2618 3 2372 2705 4751
2619 3 2372 4826 5275
2620 3 2884 3250 5037
2621 3 3250 2884 3770
2622 3 4656 4420 4953
2623 3 1565 69 4448
2624 3 69 3668 5071
2625 3 4448 69 5071
2626 3 974 69 1565
2627 3 69 974 3324
2628 3 69 242 3668
2629 3 242 69 3324
2630 3 1352 325 4736
2631 3 325 1352 1514
2632 3 4958 325 4962
2633 3 325 2914 4962
2634 3 4736 325 4958
2635 3 325 1514 2914
2636 3 941 581 1710
2637 3 581 941 2815
2638 3 1788 581 3366
2639 3 581 2815 3366
2640 3 1028 837 2860
2641 3 2860 837 3317
2642 3 1878 837 3736
2643 3 837 1878 3317
2644 3 3414 1093 3710
2645 3 1093 2934 3710
2646 3 2278 1093 3414
2647 3 1349 4412 5179
2648 3 1917 1349 4658
2649 3 1349 1917 4412
2650 3 1994 1349 5179
2651 3 1605 4952 5095
2652 3 1605 2206 4176
2653 3 2206 1605 5095
2654 3 2296 1605 4176
2655 3 3610 1861 4479
2656 3 2315 2117 3574
2657 3 3617 3141 4682
2658 3 4188 3653 4344
2659 3 70 1346 1952
2660 3 70 1952 3309
2661 3 70 3309 3433
2662 3 2735 326 3147
2663 3 326 2735 4846
2664 3 326 2558 3147
2665 3 3625 582 4292
2666 3 1328 582 2073
2667 3 582 1328 4292
2668 3 1527 582 3625
2669 3 838 2334 5097
2670 3 2334 838 3819
2671 3 3819 838 4644
2672 3 1321 1094 3571
2673 3 1094 1321 2297
2674 3 1094 3499 3994
2675 3 3038 1094 3994
2676 3 1094 3038 4257
2677 3 3571 1094 4257
2678 3 1094 2297 3499
2679 3 1350 2434 5150
2680 3 2434 1350 4216
2681 3 1350 2960 4098
2682 3 2960 1350 5150
2683 3 3776 1606 3862
2684 3 1606 3776 4017
2685 3 1606 2554 3862
2686 3 2554 1606 2684
2687 3 1862 2123 3357
2688 3 2123 1862 3319
2689 3 2118 2331 3273
2690 3 2118 2617 3631
2691 3 2118 2435 2617
2692 3 2435 2118 3561
2693 3 2118 3273 3561
2694 3 2374 3191 5018
2695 3 2630 3050 4973
2696 3 3084 2886 4266
2697 3 4266 2886 4946
2698 3 3654 4250 5225
2699 3 3654 4076 4250
2700 3 71 3362 4547
2701 3 71 2357 3362
2702 3 71 960 2142
2703 3 71 705 2357
2704 3 705 71 2142
2705 3 71 494 960
2706 3 494 71 4547
2707 3 1025 327 4159
2708 3 327 1025 4508
2709 3 327 358 1942
2710 3 358 327 4508
2711 3 4631 583 5056
2712 3 3470 583 4717
2713 3 583 3470 5056
2714 3 4015 583 4631
2715 3 583 2023 4717
2716 3 2023 583 4015
2717 3 839 3128 4450
2718 3 3426 839 4450
2719 3 839 3013 4433
2720 3 3013 839 3426
2721 3 839 3065 3128
2722 3 3065 839 4433
2723 3 2576 1095 3195
2724 3 3195 1095 3698
2725 3 2853 1607 2900
2726 3 1863 4447 4565
2727 3 2375 3104 5066
2728 3 4912 2375 5066
2729 3 2887 3453 3805
2730 3 4400 3143 5212
2731 3 3143 3943 5212
2732 3 3202 3143 4400
2733 3 3143 3202 4151
2734 3 4058 3143 4151
2735 3 280 72 870
2736 3 72 280 4241
2737 3 72 4155 5149
2738 3 870 72 5149
2739 3 72 1451 4155
2740 3 1451 72 4241
2741 3 328 1372 1392
2742 3 328 1392 2589
2743 3 776 584 1450
2744 3 584 1406 3504
2745 3 1450 584 3504
2746 3 2072 840 2647
2747 3 840 2072 3810
2748 3 2506 840 3810
2749 3 2341 1096 2767
2750 3 3916 1096 4380
2751 3 1256 1096 3916
2752 3 1096 1256 2767
2753 3 1352 3609 3852
2754 3 3609 1352 4736
2755 3 3634 1608 3801
2756 3 1608 1896 3613
2757 3 1608 3729 3801
2758 3 2475 1608 3613
2759 3 1608 2475 3729
2760 3 1864 3169 4959
2761 3 2496 2120 3419
2762 3 2376 2497 4713
2763 3 2497 2376 3996
2764 3 3011 2376 4713
2765 3 2376 3811 3996
2766 3 2888 4009 5264
2767 3 4061 2888 5264
2768 3 3144 4901 5124
2769 3 3145 3144 3436
2770 3 3144 3145 4467
2771 3 3436 3144 5048
2772 3 3144 4467 4901
2773 3 5048 3144 5124
2774 3 5183 3656 5228
2775 3 3839 3656 4698
2776 3 73 2829 4128
2777 3 1045 73 4128
2778 3 73 1045 2458
2779 3 73 2458 3430
2780 3 73 1750 2829
2781 3 1750 73 3430
2782 3 329 835 3605
2783 3 835 329 5203
2784 3 2921 329 3605
2785 3 329 2921 3672
2786 3 329 923 5203
2787 3 923 329 3672
2788 3 585 3591 5061
2789 3 3591 585 4608
2790 3 3200 585 5061
2791 3 2711 585 3200
2792 3 585 2711 2807
2793 3 585 2807 4608
2794 3 1602 841 2150
2795 3 841 1602 3828
2796 3 841 1885 3553
2797 3 1885 841 4841
2798 3 841 3828 4841
2799 3 1099 1097 2610
2800 3 1097 1099 2457
2801 3 2312 1353 2661
2802 3 1353 2312 4037
2803 3 4443 1353 4920
2804 3 2661 1353 4443
2805 3 1353 4525 4920
2806 3 1353 4037 4525
2807 3 4147 1609 4185
2808 3 2792 1609 4147
2809 3 2488 1865 5238
2810 3 2041 1865 2488
2811 3 2121 3684 4093
2812 3 2742 2377 3590
2813 3 4395 2633 4779
2814 3 2889 3331 3411
2815 3 3331 2889 3737
2816 3 3737 2889 4030
2817 3 2889 3286 4030
2818 3 4651 3657 4756
2819 3 4313 3657 4651
2820 3 3913 4942 5011
2821 3 4696 3913 5011
2822 3 165 74 2604
2823 3 74 2043 2604
2824 3 2043 74 4726
2825 3 330 520 1385
2826 3 520 330 4716
2827 3 330 1879 4716
2828 3 1879 330 3009
2829 3 861 330 1385
2830 3 330 861 3009
2831 3 778 586 4893
2832 3 586 778 4895
2833 3 842 4184 5000
2834 3 2431 842 5000
2835 3 1805 1098 3761
2836 3 1098 1676 3806
2837 3 3761 1098 3806
2838 3 1354 2180 4742
2839 3 2180 1354 4513
2840 3 1354 1786 1914
2841 3 1610 2835 3542
2842 3 2835 1610 3054
2843 3 2730 1610 3542
2844 3 3054 1610 4860
2845 3 4860 1610 4933
2846 3 2384 1866 3410
2847 3 1866 2384 2908
2848 3 2790 1866 2908
2849 3 5130 2378 5178
2850 3 3184 2378 5130
2851 3 2378 4848 5178
2852 3 2634 5195 5293
2853 3 3282 2890 4923
2854 3 3402 4771 4998
2855 3 4153 3658 4269
2856 3 75 4733 4991
2857 3 936 75 4312
2858 3 4312 75 4991
2859 3 331 1311 4146
2860 3 1828 331 4274
2861 3 3383 331 4146
2862 3 331 3383 4274
2863 3 331 467 1311
2864 3 467 331 1828
2865 3 1606 587 2684
2866 3 587 1606 4017
2867 3 1610 843 4933
2868 3 843 1610 2730
2869 3 843 2730 4149
2870 3 1252 843 4149
2871 3 1099 2610 3327
2872 3 3177 1099 4744
2873 3 4744 1099 5011
2874 3 2457 1099 3177
2875 3 1099 3327 5011
2876 3 2313 1355 3119
2877 3 1355 2775 3119
2878 3 2775 1355 2937
2879 3 2619 1611 3399
2880 3 2919 1611 3522
2881 3 1867 2564 3273
2882 3 2331 1867 3273
2883 3 2123 3075 3476
2884 3 3357 2123 3476
2885 3 2123 2193 3075
2886 3 2193 2123 3319
2887 3 2688 2379 5159
2888 3 2379 2688 3271
2889 3 2379 3271 3442
2890 3 2891 3254 3428
2891 3 3147 3401 4027
2892 3 3444 3403 3640
2893 3 3659 3957 4205
2894 3 76 3967 5016
2895 3 4488 76 5016
2896 3 417 76 4488
2897 3 76 417 2724
2898 3 76 2724 3967
2899 3 332 821 4401
2900 3 821 332 888
2901 3 888 332 3231
2902 3 3965 332 4401
2903 3 2000 332 3965
2904 3 332 2000 3231
2905 3 1843 588 2383
2906 3 588 825 2650
2907 3 588 639 2383
2908 3 639 588 5235
2909 3 681 588 1843
2910 3 588 681 825
2911 3 3074 844 3255
2912 3 2696 844 3074
2913 3 3255 844 4385
2914 3 3284 1100 4502
2915 3 1100 4320 4502
2916 3 3956 1356 4936
2917 3 1356 1505 3289
2918 3 1356 3062 4936
2919 3 3062 1356 3289
2920 3 1612 1862 1912
2921 3 1862 1612 3319
2922 3 1612 1977 3319
2923 3 1868 1872 3128
2924 3 2999 1868 4519
2925 3 3065 1868 3128
2926 3 1868 3065 4519
2927 3 2124 2319 3838
2928 3 3870 2124 4975
2929 3 2124 4702 4975
2930 3 2124 3838 4702
2931 3 4765 2636 5073
2932 3 2636 2995 5073
2933 3 3055 2636 4765
2934 3 3959 2892 4768
2935 3 3404 4373 5132
2936 3 4642 3404 5132
2937 3 3348 77 5063
2938 3 3899 77 4486
2939 3 77 3899 5063
2940 3 333 2666 3902
2941 3 2666 333 4054
2942 3 3460 333 3902
2943 3 333 3268 4949
2944 3 3268 333 3460
2945 3 2374 589 3191
2946 3 589 2374 2722
2947 3 845 1714 4127
2948 3 1101 3587 4201
2949 3 1101 2314 3587
2950 3 2314 1101 2522
2951 3 1822 1101 4201
2952 3 1459 1101 1822
2953 3 1101 1459 2522
2954 3 1873 1357 2324
2955 3 1613 2101 4397
2956 3 1939 1869 2474
2957 3 3616 2125 5234
2958 3 2680 2125 3616
2959 3 2125 2680 2859
2960 3 2125 3566 5234
2961 3 2381 2719 3754
2962 3 2381 3754 4714
2963 3 3767 2637 4625
2964 3 2637 3767 4250
2965 3 4076 2637 4250
2966 3 2637 4076 4588
2967 3 2637 4588 4625
2968 3 2893 3001 3025
2969 3 2893 3025 4638
2970 3 3149 4063 4519
2971 3 4249 3661 5218
2972 3 4426 4173 4789
2973 3 78 1391 4093
2974 3 2946 78 4093
2975 3 78 1212 1391
2976 3 484 78 2946
2977 3 78 484 1212
2978 3 590 3341 3505
2979 3 590 1567 3341
2980 3 1567 590 2476
2981 3 3367 590 3505
2982 3 1407 590 3367
2983 3 590 1407 2476
2984 3 1702 846 3118
2985 3 846 2025 3118
2986 3 2025 846 3719
2987 3 1102 2583 2627
2988 3 1102 1566 3695
2989 3 1566 1102 4326
2990 3 1102 2627 4029
2991 3 1102 4029 4326
2992 3 1102 2550 2583
2993 3 2550 1102 3695
2994 3 1358 1950 3487
2995 3 1448 1358 4653
2996 3 1358 1448 1777
2997 3 1358 1777 1950
2998 3 1614 1628 2869
2999 3 2272 1614 2869
3000 3 1870 2566 5032
3001 3 1870 5032 5283
3002 3 4276 1870 5283
3003 3 2126 2419 2886
3004 3 2419 2126 4026
3005 3 4026 2126 4113
3006 3 2126 2799 4113
3007 3 2799 2126 2886
3008 3 2382 2855 5050
3009 3 2382 2629 2855
3010 3 2945 2638 3981
3011 3 2894 3008 3216
3012 3 3406 3629 4281
3013 3 4712 79 4876
3014 3 2997 79 4712
3015 3 1521 79 2997
3016 3 335 528 1647
3017 3 335 1647 3988
3018 3 699 335 3988
3019 3 591 607 1232
3020 3 607 591 2260
3021 3 2956 591 4571
3022 3 591 1232 4571
3023 3 2260 591 2302
3024 3 2302 591 2956
3025 3 1103 1195 2924
3026 3 2008 1103 2924
3027 3 1103 2008 3957
3028 3 2801 1103 3957
3029 3 1803 1359 3574
3030 3 2692 1359 3701
3031 3 1359 2692 3574
3032 3 1531 1359 1803
3033 3 1615 3889 5138
3034 3 3287 1615 5138
3035 3 1871 3507 4217
3036 3 2132 2127 4166
3037 3 2127 2132 4985
3038 3 2383 3421 4750
3039 3 4060 2383 4750
3040 3 4157 2639 5307
3041 3 3665 3151 3794
3042 3 3538 3151 3999
3043 3 3700 3407 4759
3044 3 3407 3702 4759
3045 3 3702 3407 5116
3046 3 3847 3663 4627
3047 3 271 80 2134
3048 3 80 271 1270
3049 3 80 1759 3387
3050 3 1759 80 4928
3051 3 80 1270 4928
3052 3 4117 336 4542
3053 3 2226 336 4117
3054 3 336 2226 3671
3055 3 1719 336 3671
3056 3 336 1719 4542
3057 3 2319 592 3482
3058 3 2124 592 2319
3059 3 592 2124 3870
3060 3 3482 592 3986
3061 3 2789 592 3870
3062 3 592 2789 3986
3063 3 848 2313 3119
3064 3 848 2138 2313
3065 3 2138 848 5290
3066 3 2679 848 2708
3067 3 848 2679 5290
3068 3 2708 848 3119
3069 3 3407 1360 5116
3070 3 1360 2699 4887
3071 3 2699 1360 3407
3072 3 3650 1616 4053
3073 3 1616 2149 3494
3074 3 2471 1616 3494
3075 3 1616 2471 4053
3076 3 1872 2141 2931
3077 3 2141 1872 4247
3078 3 3111 2128 3939
3079 3 2384 2883 2908
3080 3 2883 2384 4527
3081 3 2384 3410 3818
3082 3 2640 3449 3943
3083 3 2067 81 3836
3084 3 2144 81 3093
3085 3 81 2144 4929
3086 3 216 81 2067
3087 3 81 216 3093
3088 3 3836 81 4929
3089 3 337 2911 3015
3090 3 1059 593 2798
3091 3 593 1059 2040
3092 3 593 3456 3751
3093 3 2798 593 3751
3094 3 2330 849 4135
3095 3 849 1337 1692
3096 3 1200 849 2330
3097 3 849 1200 1337
3098 3 1894 1105 3944
3099 3 1105 1894 3809
3100 3 1105 1157 3944
3101 3 1157 1105 2957
3102 3 2957 1105 3809
3103 3 4452 1361 4637
3104 3 1617 2093 3881
3105 3 3249 1617 3881
3106 3 1617 1729 5282
3107 3 1729 1617 3249
3108 3 3594 1873 4785
3109 3 3510 2129 3605
3110 3 2129 3510 3614
3111 3 3061 2385 3168
3112 3 2385 3061 3257
3113 3 2897 4071 4376
3114 3 3153 3445 4271
3115 3 3153 4271 4948
3116 3 3689 3409 4759
3117 3 3409 3700 4759
3118 3 528 82 3728
3119 3 1863 82 4447
3120 3 82 1863 3717
3121 3 335 82 528
3122 3 89 82 335
3123 3 82 89 4447
3124 3 82 3717 3728
3125 3 338 3329 3441
3126 3 338 1854 3329
3127 3 1854 338 4312
3128 3 4312 338 4340
3129 3 737 338 3441
3130 3 338 737 4340
3131 3 594 1061 2635
3132 3 1061 594 1486
3133 3 4520 594 5024
3134 3 1486 594 4520
3135 3 2536 594 2635
3136 3 594 2536 5024
3137 3 2625 850 4843
3138 3 850 1641 4256
3139 3 1641 850 3295
3140 3 1902 850 2625
3141 3 850 1902 3295
3142 3 850 4256 4843
3143 3 1106 2613 2952
3144 3 2613 1106 3511
3145 3 1216 1106 2952
3146 3 1362 2852 4000
3147 3 1362 2756 2852
3148 3 1887 1618 2519
3149 3 2519 1618 2734
3150 3 2452 1874 3642
3151 3 2130 3861 4619
3152 3 2940 2130 3734
3153 3 3529 2130 4619
3154 3 2130 3529 3734
3155 3 3911 2386 4022
3156 3 2930 2386 3911
3157 3 2386 2424 5214
3158 3 2424 2386 2930
3159 3 4164 2642 5266
3160 3 4414 3154 5111
3161 3 3818 3410 4430
3162 3 3922 5048 5124
3163 3 4929 83 5102
3164 3 2144 83 4929
3165 3 366 83 2562
3166 3 83 366 5102
3167 3 2854 339 4680
3168 3 339 2854 3479
3169 3 339 1658 4680
3170 3 1460 339 3479
3171 3 1337 595 1692
3172 3 595 1337 2239
3173 3 595 881 3386
3174 3 881 595 1018
3175 3 1692 595 3386
3176 3 1018 595 2239
3177 3 851 1136 4907
3178 3 851 959 2178
3179 3 1107 1302 4981
3180 3 1302 1107 5295
3181 3 2800 1107 4981
3182 3 1363 1465 3769
3183 3 3349 1619 4847
3184 3 2135 1619 3349
3185 3 1875 4866 5093
3186 3 4451 1875 4609
3187 3 1875 2410 4609
3188 3 2410 1875 5093
3189 3 2143 2131 2911
3190 3 2911 2131 3015
3191 3 2131 2467 3212
3192 3 3015 2131 3212
3193 3 2899 4335 4956
3194 3 4917 3155 5125
3195 3 3155 3584 5125
3196 3 4404 3923 4647
3197 3 3923 4404 4807
3198 3 3948 3923 5146
3199 3 3923 5049 5146
3200 3 3923 4807 5049
3201 3 4808 4179 5221
3202 3 84 1608 3634
3203 3 1608 84 1896
3204 3 1896 84 2094
3205 3 885 84 3634
3206 3 84 1928 2094
3207 3 720 84 885
3208 3 84 720 1928
3209 3 1307 340 2850
3210 3 340 1307 3822
3211 3 2850 340 4053
3212 3 4484 340 4722
3213 3 4053 340 4484
3214 3 340 3822 4722
3215 3 995 596 4264
3216 3 852 2414 3884
3217 3 2753 852 3884
3218 3 1108 2336 3978
3219 3 1108 2669 3677
3220 3 2669 1108 3978
3221 3 2005 1108 3677
3222 3 1364 1783 2917
3223 3 1783 1364 2925
3224 3 1620 3631 4925
3225 3 1620 1687 3631
3226 3 1687 1620 3788
3227 3 3253 1620 4925
3228 3 1620 3253 3788
3229 3 1876 3513 5295
3230 3 2388 3385 4871
3231 3 3385 2388 4322
3232 3 4456 2388 4684
3233 3 4322 2388 4456
3234 3 2644 2697 2749
3235 3 3041 2644 4566
3236 3 2900 2940 3720
3237 3 2900 3720 3926
3238 3 3875 3156 4793
3239 3 3370 3156 4545
3240 3 3156 3987 4545
3241 3 4813 4692 4967
3242 3 85 2551 3205
3243 3 2551 85 3064
3244 3 341 3122 4947
3245 3 3122 341 3436
3246 3 341 3141 3436
3247 3 341 2292 3141
3248 3 829 597 5083
3249 3 853 1040 1816
3250 3 853 1816 4212
3251 3 2304 853 4212
3252 3 4667 1109 4719
3253 3 2259 1621 3233
3254 3 1621 2521 4835
3255 3 1877 2674 4196
3256 3 2674 1877 4304
3257 3 2961 2133 4937
3258 3 2389 3094 4884
3259 3 2783 2389 4884
3260 3 3295 2645 3422
3261 3 2901 3430 4969
3262 3 2901 3275 3430
3263 3 4405 3669 5197
3264 3 1116 86 2648
3265 3 637 86 1116
3266 3 86 637 5224
3267 3 2287 86 5224
3268 3 86 1787 2648
3269 3 1787 86 2287
3270 3 4930 342 5186
3271 3 342 3579 5162
3272 3 3854 598 4539
3273 3 2525 598 5226
3274 3 598 2525 3807
3275 3 598 3807 4539
3276 3 854 986 5025
3277 3 986 854 1219
3278 3 2215 1366 4046
3279 3 4792 1366 5067
3280 3 4046 1366 4792
3281 3 1622 2057 4434
3282 3 1622 2459 5154
3283 3 2459 1622 4259
3284 3 4259 1622 4434
3285 3 1878 3736 4309
3286 3 1878 4309 5002
3287 3 3317 1878 5002
3288 3 2134 2285 3955
3289 3 2285 2134 3821
3290 3 2390 4267 4303
3291 3 2390 3568 4941
3292 3 3299 2646 4713
3293 3 3414 4878 5043
3294 3 3414 3710 4878
3295 3 3708 3670 4782
3296 3 2071 87 3224
3297 3 87 2071 4005
3298 3 87 3660 4086
3299 3 3224 87 4086
3300 3 87 1210 3660
3301 3 1210 87 4005
3302 3 3995 343 5153
3303 3 343 478 5153
3304 3 4338 343 5252
3305 3 343 1782 5252
3306 3 1782 343 3995
3307 3 1298 599 3867
3308 3 599 1298 3322
3309 3 1631 599 5232
3310 3 599 3322 5232
3311 3 1295 855 1638
3312 3 1638 855 5231
3313 3 1111 5157 5293
3314 3 1115 1111 3604
3315 3 1111 1115 3306
3316 3 1111 3306 5157
3317 3 1840 1367 2651
3318 3 1623 4595 5253
3319 3 4856 1623 5253
3320 3 1879 1913 5216
3321 3 1913 1879 3009
3322 3 2446 1879 5216
3323 3 1879 2446 4716
3324 3 2135 3349 3779
3325 3 3644 2391 4428
3326 3 2430 2391 2607
3327 3 2391 2430 4428
3328 3 2492 2391 3644
3329 3 3643 2903 5173
3330 3 2903 3643 5276
3331 3 4042 2903 5276
3332 3 3415 3606 4286
3333 3 3927 3937 4559
3334 3 88 2319 3482
3335 3 88 2192 2319
3336 3 88 3482 3857
3337 3 344 874 1273
3338 3 659 344 4394
3339 3 344 659 874
3340 3 344 1239 4394
3341 3 1239 344 1273
3342 3 1601 600 4801
3343 3 2646 856 4713
3344 3 856 3011 4713
3345 3 4126 1112 4409
3346 3 1112 3799 4409
3347 3 1368 1800 4388
3348 3 1800 1368 2768
3349 3 1818 1368 3642
3350 3 1368 1818 2768
3351 3 2703 1368 4388
3352 3 1368 2703 3642
3353 3 1866 1624 3410
3354 3 1624 1866 2790
3355 3 1624 2790 5118
3356 3 1624 2289 3410
3357 3 2289 1624 5118
3358 3 2392 3369 4012
3359 3 3053 2392 4012
3360 3 3062 2648 4936
3361 3 2648 3062 3070
3362 3 2648 3070 3326
3363 3 3361 2904 4268
3364 3 2904 3715 4268
3365 3 3160 3708 4782
3366 3 3416 4654 4748
3367 3 89 335 699
3368 3 89 1919 4447
3369 3 1919 89 3712
3370 3 89 699 3712
3371 3 1048 345 4977
3372 3 345 1048 3474
3373 3 345 1910 4977
3374 3 345 3474 3685
3375 3 434 345 3685
3376 3 345 434 1910
3377 3 601 3594 4993
3378 3 2605 601 4992
3379 3 601 2605 5070
3380 3 601 1873 3594
3381 3 1873 601 5070
3382 3 4992 601 4993
3383 3 1895 857 2465
3384 3 857 1895 4261
3385 3 2465 857 3038
3386 3 4257 857 4261
3387 3 3038 857 4257
3388 3 1369 2109 2995
3389 3 2636 1369 2995
3390 3 1369 2636 3055
3391 3 2195 1369 3055
3392 3 1625 1948 2581
3393 3 1881 2152 3466
3394 3 1881 3466 3498
3395 3 3373 2393 3580
3396 3 2393 2785 3580
3397 3 3654 2905 3890
3398 3 2905 3654 5225
3399 3 3417 4532 4804
3400 3 4532 3417 4552
3401 3 4952 3673 5095
3402 3 3673 4596 5095
3403 3 4467 4185 4901
3404 3 581 90 1710
3405 3 90 581 1788
3406 3 1710 90 1962
3407 3 90 1466 1962
3408 3 1466 90 2778
3409 3 90 1788 2778
3410 3 1596 346 3773
3411 3 346 1596 3545
3412 3 2409 346 4205
3413 3 346 2409 3773
3414 3 346 2928 4205
3415 3 2928 346 3545
3416 3 602 4764 5073
3417 3 602 2995 4752
3418 3 2995 602 5073
3419 3 3258 602 4752
3420 3 602 3258 4764
3421 3 1653 858 3204
3422 3 858 1653 5096
3423 3 3286 858 5096
3424 3 2531 858 3286
3425 3 1114 2577 4374
3426 3 1742 1114 4374
3427 3 1114 1742 4641
3428 3 1550 1370 2315
3429 3 1370 1550 4549
3430 3 1370 2117 2315
3431 3 1370 1504 2117
3432 3 1504 1370 1688
3433 3 1626 3503 4694
3434 3 3320 1626 4694
3435 3 1882 4243 4633
3436 3 3992 1882 4633
3437 3 2650 4958 4962
3438 3 3930 4439 5001
3439 3 4612 4442 4646
3440 3 4465 4442 4612
3441 3 4640 91 4959
3442 3 91 1864 4959
3443 3 2670 91 4640
3444 3 91 2670 4831
3445 3 91 768 1864
3446 3 768 91 4831
3447 3 347 3060 3919
3448 3 603 2065 5164
3449 3 2120 603 3419
3450 3 3419 603 5164
3451 3 603 1431 2065
3452 3 1431 603 4701
3453 3 859 3896 4695
3454 3 859 2128 3896
3455 3 2128 859 3939
3456 3 859 3158 3939
3457 3 3158 859 4809
3458 3 859 4695 4809
3459 3 1115 2766 3306
3460 3 1371 2271 4008
3461 3 1371 2798 3302
3462 3 1627 4214 4252
3463 3 1627 3791 4214
3464 3 1883 4677 4804
3465 3 1883 3804 4677
3466 3 2139 2234 5029
3467 3 2234 2139 4832
3468 3 2907 3719 3760
3469 3 3163 3437 4511
3470 3 3831 3163 4572
3471 3 3999 3419 5164
3472 3 3368 92 4477
3473 3 842 92 3368
3474 3 92 842 2431
3475 3 92 2431 2540
3476 3 593 348 3456
3477 3 348 593 2040
3478 3 2002 348 5156
3479 3 348 2002 3456
3480 3 348 2040 5156
3481 3 604 2251 4331
3482 3 2305 860 3370
3483 3 860 2305 3301
3484 3 1889 860 3301
3485 3 1180 860 1889
3486 3 1116 2648 3326
3487 3 1116 3326 4204
3488 3 1563 1372 4121
3489 3 1392 1372 1563
3490 3 2869 1628 4039
3491 3 4039 1628 4769
3492 3 1884 3802 4578
3493 3 2140 3982 5233
3494 3 3097 2652 3489
3495 3 3489 2652 4182
3496 3 3928 3164 4138
3497 3 3164 3993 4138
3498 3 4604 3420 5248
3499 3 93 3140 4848
3500 3 2378 93 4848
3501 3 136 93 2378
3502 3 93 136 4044
3503 3 93 1984 3140
3504 3 1984 93 4044
3505 3 1162 349 3872
3506 3 349 1225 3985
3507 3 349 463 1225
3508 3 463 349 468
3509 3 349 721 3872
3510 3 721 349 3985
3511 3 468 349 1162
3512 3 1898 605 2993
3513 3 3196 605 4444
3514 3 605 1180 1889
3515 3 1180 605 1898
3516 3 2993 605 3196
3517 3 605 707 4444
3518 3 707 605 1889
3519 3 1063 861 1385
3520 3 861 1063 3003
3521 3 861 1380 4889
3522 3 1380 861 3003
3523 3 3009 861 4889
3524 3 2348 1117 3217
3525 3 3217 1117 3272
3526 3 3272 1117 4112
3527 3 1373 1860 2829
3528 3 1860 1373 3788
3529 3 1373 1687 3788
3530 3 1750 1373 2829
3531 3 1629 2060 3121
3532 3 2060 1629 3781
3533 3 1629 2969 3781
3534 3 1789 1629 3121
3535 3 1629 1789 4788
3536 3 1885 2327 4673
3537 3 2327 1885 4841
3538 3 2987 1885 4673
3539 3 1885 2987 3553
3540 3 2141 4247 4967
3541 3 2909 4444 4706
3542 3 2909 3196 4444
3543 3 3196 2909 3558
3544 3 3465 2909 4706
3545 3 2909 3465 3968
3546 3 204 94 4626
3547 3 94 204 1387
3548 3 580 350 2682
3549 3 350 580 1737
3550 3 350 3396 3639
3551 3 2682 350 3639
3552 3 350 1737 1769
3553 3 350 1769 3396
3554 3 606 771 1812
3555 3 771 606 5219
3556 3 606 1812 1937
3557 3 2110 606 4436
3558 3 606 2110 5219
3559 3 606 1937 4436
3560 3 3395 862 3697
3561 3 1364 862 5194
3562 3 862 1364 2917
3563 3 862 2917 3697
3564 3 2990 862 3395
3565 3 862 2990 5194
3566 3 2491 1118 3802
3567 3 1471 1118 2491
3568 3 3802 1118 4578
3569 3 1374 1477 3846
3570 3 1477 1374 1484
3571 3 1484 1374 4464
3572 3 1630 2490 3152
3573 3 2490 1630 3575
3574 3 1630 1748 3575
3575 3 1886 2167 2533
3576 3 1969 1886 2533
3577 3 1886 2025 2167
3578 3 3334 2398 4965
3579 3 2654 4913 5210
3580 3 2654 3927 4559
3581 3 2687 2654 5210
3582 3 2654 4559 4913
3583 3 3596 3166 3633
3584 3 3633 3166 5200
3585 3 3166 5026 5200
3586 3 5134 4702 5154
3587 3 95 5133 5299
3588 3 3485 95 5299
3589 3 351 2626 5155
3590 3 2626 351 4297
3591 3 3518 351 5155
3592 3 351 3518 4462
3593 3 4297 351 4462
3594 3 607 2260 3548
3595 3 1266 607 3548
3596 3 1540 863 2026
3597 3 863 3464 4888
3598 3 3464 863 4589
3599 3 2026 863 4888
3600 3 863 2800 4589
3601 3 1944 1119 3603
3602 3 1119 1944 4087
3603 3 3078 1631 5232
3604 3 2328 1631 3078
3605 3 1887 1961 3845
3606 3 1961 1887 3352
3607 3 2399 3443 4177
3608 3 2492 2399 4177
3609 3 2399 2492 3484
3610 3 2758 2399 3484
3611 3 3314 2655 3856
3612 3 4103 3423 4282
3613 3 4282 3423 5122
3614 3 4111 3935 4339
3615 3 1611 96 3399
3616 3 96 1611 2919
3617 3 96 2919 5265
3618 3 1139 96 5265
3619 3 96 948 3399
3620 3 948 96 1139
3621 3 668 352 3044
3622 3 437 352 4945
3623 3 352 437 3044
3624 3 608 838 5097
3625 3 608 651 838
3626 3 651 608 5106
3627 3 864 1375 2520
3628 3 864 1145 1375
3629 3 972 864 4246
3630 3 864 2520 4246
3631 3 2896 1120 4984
3632 3 1903 1120 2673
3633 3 1147 1120 1903
3634 3 1120 1147 4984
3635 3 1376 4314 4600
3636 3 3058 1376 4854
3637 3 1376 4600 4981
3638 3 3706 1632 3900
3639 3 1632 1659 3900
3640 3 1659 1632 3991
3641 3 3991 1632 4786
3642 3 4786 1632 5198
3643 3 1739 1632 3706
3644 3 1888 3151 3538
3645 3 3151 1888 3794
3646 3 3794 1888 4024
3647 3 2411 2400 3536
3648 3 2440 2400 4918
3649 3 2400 2440 3536
3650 3 2656 3455 3552
3651 3 3612 2912 4227
3652 3 97 129 4299
3653 3 129 97 204
3654 3 3741 97 4299
3655 3 204 97 1387
3656 3 2836 353 4703
3657 3 353 2836 5246
3658 3 353 1392 4703
3659 3 1392 353 5246
3660 3 1799 609 2895
3661 3 609 1799 2718
3662 3 2895 609 2965
3663 3 609 4705 4971
3664 3 2965 609 4971
3665 3 609 2718 4705
3666 3 2083 865 2500
3667 3 2107 1121 3738
3668 3 1121 1158 5131
3669 3 1158 1121 2107
3670 3 3738 1121 4838
3671 3 4072 1121 5131
3672 3 1121 4072 4838
3673 3 1377 1653 5028
3674 3 1653 1377 5096
3675 3 1377 2189 3660
3676 3 2189 1377 5028
3677 3 1633 3691 4420
3678 3 3691 1633 5059
3679 3 4219 1633 4420
3680 3 2145 3095 3790
3681 3 2647 2145 5207
3682 3 2145 3790 5207
3683 3 2991 2401 5296
3684 3 3422 2913 5286
3685 3 2913 3422 3821
3686 3 3937 3958 4559
3687 3 98 2485 2820
3688 3 1228 98 4965
3689 3 1759 98 2820
3690 3 98 1759 4965
3691 3 354 4474 4798
3692 3 354 3740 4474
3693 3 928 354 4798
3694 3 354 3303 3740
3695 3 3073 610 4628
3696 3 610 3073 5148
3697 3 4628 610 5190
3698 3 610 4803 5190
3699 3 4803 610 5085
3700 3 5085 610 5148
3701 3 866 3404 4642
3702 3 3404 866 3498
3703 3 3933 866 4642
3704 3 2624 1122 4918
3705 3 1122 1395 3388
3706 3 1395 1122 5075
3707 3 1122 2440 4918
3708 3 2440 1122 3388
3709 3 1378 2197 3282
3710 3 1378 3282 4923
3711 3 1634 2276 4777
3712 3 1890 3130 5231
3713 3 1890 4189 5004
3714 3 2402 4585 4815
3715 3 2658 5170 5284
3716 3 3170 3588 4411
3717 3 3938 4119 5178
3718 3 99 1547 4248
3719 3 99 623 1547
3720 3 1454 99 4248
3721 3 2826 355 3167
3722 3 2646 355 2826
3723 3 355 2646 3299
3724 3 355 624 2525
3725 3 624 355 3299
3726 3 355 2525 3167
3727 3 611 3936 4710
3728 3 3175 611 4710
3729 3 611 2421 5166
3730 3 2421 611 3175
3731 3 867 2128 3111
3732 3 3640 1123 4490
3733 3 1379 3458 4882
3734 3 3458 1379 4115
3735 3 1635 4208 4210
3736 3 1635 4210 4990
3737 3 3108 1891 5172
3738 3 1891 3935 5172
3739 3 3935 1891 4339
3740 3 2303 1891 3108
3741 3 2147 2186 3197
3742 3 2186 2147 4843
3743 3 2147 4574 4843
3744 3 2403 3234 3626
3745 3 2403 3012 3234
3746 3 4451 4609 5029
3747 3 4657 4451 5029
3748 3 2094 100 3242
3749 3 1928 100 2094
3750 3 3872 356 3913
3751 3 613 356 2828
3752 3 356 613 2263
3753 3 356 721 2828
3754 3 721 356 3872
3755 3 356 2263 3913
3756 3 612 769 2975
3757 3 2119 612 2159
3758 3 612 2119 5294
3759 3 2159 612 2975
3760 3 3887 868 4187
3761 3 2127 868 3887
3762 3 868 2127 4985
3763 3 868 3533 4187
3764 3 3533 868 4985
3765 3 1124 1943 2910
3766 3 1124 3484 3711
3767 3 2758 1124 2910
3768 3 1124 2758 3484
3769 3 2810 1380 3003
3770 3 2274 1636 4073
3771 3 1892 2131 2143
3772 3 2131 1892 2467
3773 3 2467 1892 4683
3774 3 2148 3844 5169
3775 3 2616 2148 5104
3776 3 2148 2542 3844
3777 3 5104 2148 5169
3778 3 2480 2404 3021
3779 3 3021 2404 5172
3780 3 2404 3533 5172
3781 3 3533 2404 4187
3782 3 2660 4453 4670
3783 3 4453 2660 4587
3784 3 2660 2776 3123
3785 3 2776 2660 4670
3786 3 3689 2916 4574
3787 3 4093 3684 4193
3788 3 101 3591 4608
3789 3 101 1997 4342
3790 3 101 1503 1997
3791 3 1503 101 4608
3792 3 101 225 3591
3793 3 225 101 4342
3794 3 1051 357 3546
3795 3 357 1904 2438
3796 3 1904 357 5012
3797 3 357 2438 3546
3798 3 1407 613 2828
3799 3 613 1407 3367
3800 3 2695 613 3367
3801 3 869 2953 4055
3802 3 869 2746 2953
3803 3 869 1983 2746
3804 3 1983 869 2545
3805 3 2545 869 3725
3806 3 3637 1125 4452
3807 3 1125 3637 5277
3808 3 1125 1361 4452
3809 3 3600 1381 4173
3810 3 1381 2836 4173
3811 3 2836 1381 5246
3812 3 1381 4963 5246
3813 3 3531 1381 3600
3814 3 1381 3531 4963
3815 3 1637 3346 4357
3816 3 3346 1637 3880
3817 3 1663 1637 4357
3818 3 1637 1663 4179
3819 3 1637 2733 3880
3820 3 2733 1637 4179
3821 3 1893 4612 4646
3822 3 2642 1893 4646
3823 3 3150 2405 4233
3824 3 4364 2661 4443
3825 3 3173 3277 3975
3826 3 3277 3173 4096
3827 3 4096 3173 5135
3828 3 102 1315 2640
3829 3 1315 102 2702
3830 3 102 334 4402
3831 3 334 102 5241
3832 3 102 2640 5241
3833 3 2702 102 4402
3834 3 1942 358 4430
3835 3 358 3818 4430
3836 3 1804 614 3307
3837 3 1306 614 1804
3838 3 614 1306 3795
3839 3 4389 870 5149
3840 3 870 4207 4325
3841 3 1126 4644 4955
3842 3 3656 1126 5228
3843 3 1126 4955 5120
3844 3 1126 1736 4644
3845 3 1736 1126 3656
3846 3 1126 5120 5228
3847 3 3356 1382 4435
3848 3 2621 1382 3356
3849 3 1382 2621 3569
3850 3 1382 3908 4435
3851 3 2103 1638 3130
3852 3 1638 2103 4300
3853 3 3130 1638 5231
3854 3 2764 1894 3944
3855 3 3976 2150 4171
3856 3 3305 2406 4119
3857 3 3366 2662 4316
3858 3 3648 2918 4616
3859 3 2918 3648 4934
3860 3 3678 2918 4934
3861 3 3486 2918 3678
3862 3 2918 3486 4060
3863 3 2918 3246 4616
3864 3 3246 2918 4060
3865 3 3174 3560 4770
3866 3 3583 3174 4770
3867 3 103 1654 4709
3868 3 1654 103 1964
3869 3 2231 103 4709
3870 3 103 2231 2728
3871 3 359 2611 4187
3872 3 359 1666 2611
3873 3 615 1767 3069
3874 3 615 3069 4311
3875 3 871 1320 4815
3876 3 1914 871 4815
3877 3 1420 871 1786
3878 3 1786 871 1914
3879 3 1908 1127 4362
3880 3 1127 1908 3820
3881 3 1127 1485 4362
3882 3 2844 1383 4323
3883 3 1383 3652 5126
3884 3 1995 1383 2844
3885 3 1383 1995 3652
3886 3 1639 1800 1856
3887 3 1639 1856 3793
3888 3 1931 1639 3793
3889 3 1639 1931 5117
3890 3 1895 2465 3526
3891 3 1895 3526 5185
3892 3 4051 1895 5185
3893 3 1895 4051 4261
3894 3 2151 4006 5243
3895 3 2407 4290 4747
3896 3 3621 2663 4102
3897 3 2663 3621 4168
3898 3 4426 104 4955
3899 3 104 4426 4789
3900 3 4955 104 5120
3901 3 3766 104 4789
3902 3 104 3766 5120
3903 3 586 360 4893
3904 3 360 586 3190
3905 3 2673 360 4623
3906 3 360 3190 4623
3907 3 2177 360 2673
3908 3 616 4702 5134
3909 3 4702 616 4975
3910 3 899 616 5134
3911 3 616 899 2803
3912 3 616 2803 4215
3913 3 4334 872 4990
3914 3 2544 872 4334
3915 3 1128 2729 3619
3916 3 1384 4833 4940
3917 3 1384 3048 4833
3918 3 1384 2808 3048
3919 3 1640 2483 2635
3920 3 2483 1640 3024
3921 3 1896 2450 3613
3922 3 3466 2152 3730
3923 3 2152 2250 4850
3924 3 2408 2481 4113
3925 3 2799 2408 4113
3926 3 2920 2957 4538
3927 3 105 829 4803
3928 3 105 597 829
3929 3 105 4803 5085
3930 3 361 545 3772
3931 3 545 361 1019
3932 3 869 361 3725
3933 3 361 869 4055
3934 3 3725 361 3772
3935 3 1019 361 4055
3936 3 1948 617 4332
3937 3 1363 873 3495
3938 3 3495 873 3759
3939 3 873 2518 3759
3940 3 1844 1129 3146
3941 3 1129 1844 3014
3942 3 1129 2447 3146
3943 3 2447 1129 5068
3944 3 1129 1684 5068
3945 3 2593 1385 4939
3946 3 1641 2353 5202
3947 3 2353 1641 3295
3948 3 2153 2423 3938
3949 3 2409 4205 5045
3950 3 2921 2968 3672
3951 3 3177 4744 4898
3952 3 4230 3945 4675
3953 3 1584 106 3335
3954 3 106 1584 3302
3955 3 3456 106 3751
3956 3 106 3456 4289
3957 3 106 3302 3751
3958 3 106 1259 3335
3959 3 1259 106 4289
3960 3 1670 362 5112
3961 3 711 362 1670
3962 3 362 711 5083
3963 3 618 2120 2496
3964 3 618 2922 3713
3965 3 618 1422 2120
3966 3 1422 618 3713
3967 3 618 1021 2922
3968 3 1021 618 2496
3969 3 874 1847 3648
3970 3 874 2169 3120
3971 3 2169 874 3648
3972 3 1273 874 3120
3973 3 1334 1130 3960
3974 3 1130 1334 3472
3975 3 1359 1130 3701
3976 3 1130 1359 1531
3977 3 1130 3472 3701
3978 3 1130 1531 3960
3979 3 1386 1818 3642
3980 3 1386 1584 3335
3981 3 1874 1386 3642
3982 3 2188 1386 3335
3983 3 1642 3365 3649
3984 3 1671 1642 1777
3985 3 1642 1671 2040
3986 3 2009 1898 2993
3987 3 1898 2009 4793
3988 3 2154 2353 3295
3989 3 2154 3422 5286
3990 3 2154 2156 2353
3991 3 2154 3295 3422
3992 3 5028 2410 5093
3993 3 2666 4115 5010
3994 3 2666 2706 3902
3995 3 2706 2666 5010
3996 3 2666 4054 4115
3997 3 2922 3546 3713
3998 3 3178 3765 4577
3999 3 3434 4900 5202
4000 3 3593 107 3650
4001 3 2362 107 3593
4002 3 107 2362 4116
4003 3 107 1616 3650
4004 3 1616 107 2149
4005 3 2149 107 4116
4006 3 363 3631 4738
4007 3 2118 363 2331
4008 3 363 2118 3631
4009 3 363 946 2331
4010 3 946 363 4738
4011 3 619 1054 2825
4012 3 1054 619 4827
4013 3 619 3248 4827
4014 3 703 619 2825
4015 3 619 703 3248
4016 3 3236 875 4703
4017 3 2474 875 3236
4018 3 875 2474 3292
4019 3 3602 1643 4281
4020 3 1643 3602 4308
4021 3 1643 2073 4281
4022 3 2073 1643 4833
4023 3 1643 4308 4940
4024 3 4833 1643 4940
4025 3 3382 1899 5065
4026 3 1899 4004 5065
4027 3 2731 1899 3382
4028 3 2155 3120 4224
4029 3 4421 2155 5040
4030 3 2411 3536 3768
4031 3 2899 2667 3036
4032 3 2667 3676 4685
4033 3 4437 2923 5180
4034 3 2923 4059 5180
4035 3 3435 4912 5022
4036 3 108 3865 5303
4037 3 1602 108 2422
4038 3 108 1602 2428
4039 3 3906 108 5303
4040 3 2422 108 3906
4041 3 108 2428 3865
4042 3 3421 364 4750
4043 3 364 2973 2979
4044 3 364 2486 4750
4045 3 2486 364 2979
4046 3 1230 364 3421
4047 3 364 1230 2973
4048 3 620 789 4165
4049 3 1564 620 3545
4050 3 3545 620 4165
4051 3 876 4491 4966
4052 3 4491 876 4740
4053 3 2081 1132 2607
4054 3 1132 2081 2366
4055 3 2607 1132 3129
4056 3 1132 2366 2657
4057 3 2050 1388 5192
4058 3 1388 3159 4514
4059 3 1388 4514 5192
4060 3 2364 1900 4989
4061 3 1900 2364 2555
4062 3 1900 3950 4989
4063 3 2412 3427 5181
4064 3 3946 2412 4296
4065 3 2412 2672 3427
4066 3 2668 3160 3333
4067 3 2981 2668 3110
4068 3 2668 2981 3160
4069 3 3180 4894 4957
4070 3 4894 3180 5019
4071 3 3692 4416 5180
4072 3 4416 3692 4960
4073 3 4059 3692 5180
4074 3 109 792 5174
4075 3 1341 109 4621
4076 3 970 109 5174
4077 3 109 970 1278
4078 3 109 1278 4621
4079 3 365 578 4663
4080 3 578 365 4555
4081 3 4461 365 4663
4082 3 365 3731 4555
4083 3 3547 365 4461
4084 3 365 3547 3731
4085 3 1911 621 4356
4086 3 621 1911 2036
4087 3 621 2036 3194
4088 3 1875 877 4866
4089 3 877 1246 4866
4090 3 1246 877 4745
4091 3 1881 1133 2152
4092 3 2152 1133 2250
4093 3 3354 1389 4824
4094 3 3170 1389 3354
4095 3 1389 3170 4411
4096 3 2938 1389 4411
4097 3 1389 2938 4824
4098 3 2950 1645 4240
4099 3 1645 2950 3478
4100 3 2523 1901 5006
4101 3 2157 2837 4124
4102 3 3839 2157 4124
4103 3 2157 3839 4698
4104 3 2413 4021 4063
4105 3 3811 2413 5038
4106 3 323 110 2823
4107 3 110 323 4215
4108 3 110 441 2823
4109 3 192 110 1548
4110 3 110 192 441
4111 3 110 1497 1548
4112 3 1497 110 4215
4113 3 366 4881 5102
4114 3 667 366 2562
4115 3 366 667 4056
4116 3 366 4056 4881
4117 3 1578 622 3444
4118 3 622 3403 3444
4119 3 3403 622 4341
4120 3 622 686 4341
4121 3 2060 878 3121
4122 3 2903 878 5173
4123 3 1813 1134 4883
4124 3 1134 1813 4826
4125 3 4751 1134 4826
4126 3 2311 1390 4930
4127 3 1390 2311 4057
4128 3 1390 2255 4930
4129 3 1390 4057 4979
4130 3 1646 2051 2827
4131 3 2051 1646 3643
4132 3 2338 1646 2827
4133 3 1646 2338 2959
4134 3 1902 2625 2916
4135 3 2645 1902 2685
4136 3 1902 2645 3295
4137 3 2685 1902 2916
4138 3 2158 3829 4376
4139 3 2933 2670 4640
4140 3 3438 3743 4462
4141 3 111 2586 4209
4142 3 1104 111 4870
4143 3 111 1104 1841
4144 3 111 1668 2586
4145 3 1668 111 1841
4146 3 367 1625 4238
4147 3 1625 367 1948
4148 3 367 617 1948
4149 3 1676 367 4238
4150 3 2254 879 3012
4151 3 2276 879 4777
4152 3 879 2276 3012
4153 3 1135 1559 4459
4154 3 1135 2360 2402
4155 3 2121 1391 4360
4156 3 1391 2121 4093
4157 3 1647 3977 4869
4158 3 2473 1647 4869
4159 3 1647 2473 3988
4160 3 1903 4419 5121
4161 3 1903 2673 4623
4162 3 2415 4230 4625
4163 3 4588 2415 4625
4164 3 2671 3081 3252
4165 3 3393 3183 4064
4166 3 3183 3215 4064
4167 3 3439 3668 4772
4168 3 3439 4231 4446
4169 3 4231 3439 4337
4170 3 4337 3439 4772
4171 3 3695 4172 4556
4172 3 4840 4719 5290
4173 3 112 573 4437
4174 3 573 112 4304
4175 3 4416 112 4437
4176 3 2781 112 4416
4177 3 112 2781 4304
4178 3 368 530 5254
4179 3 530 368 3027
4180 3 368 533 4906
4181 3 533 368 5254
4182 3 3025 624 4638
4183 3 624 3025 3807
4184 3 2525 624 3807
4185 3 624 3299 4638
4186 3 880 1112 4375
4187 3 1112 880 3799
4188 3 898 880 4375
4189 3 880 898 1346
4190 3 1803 1136 4239
4191 3 1136 2970 4239
4192 3 1392 1563 4703
4193 3 2589 1392 5246
4194 3 1648 3137 3254
4195 3 2438 1904 5214
4196 3 1904 3016 5214
4197 3 3094 2160 3487
4198 3 2389 2160 3094
4199 3 2160 2389 4888
4200 3 3464 2160 4888
4201 3 2160 3464 4899
4202 3 3487 2160 4899
4203 3 2416 3556 5298
4204 3 3427 2672 4079
4205 3 2928 4165 4310
4206 3 2928 3659 4205
4207 3 3659 2928 4310
4208 3 2928 3545 4165
4209 3 3736 3696 4309
4210 3 1655 113 4067
4211 3 1483 113 1655
4212 3 113 1483 4254
4213 3 4067 113 4610
4214 3 1561 369 1601
4215 3 369 1561 2256
4216 3 369 600 1601
4217 3 625 4259 4434
4218 3 625 3250 4259
4219 3 625 2797 4672
4220 3 2797 625 4434
4221 3 3386 881 4795
4222 3 881 2172 3762
4223 3 881 3762 4795
4224 3 881 1018 2172
4225 3 1137 2102 3169
4226 3 1864 1137 3169
4227 3 1393 2827 4763
4228 3 1393 2338 2827
4229 3 2338 1393 4761
4230 3 4761 1393 5142
4231 3 1393 2234 5142
4232 3 2234 1393 4763
4233 3 1652 1649 3411
4234 3 1649 1652 2933
4235 3 1649 2933 3473
4236 3 1649 1695 3411
4237 3 1905 3174 3583
4238 3 4308 2161 4940
4239 3 2929 3393 4064
4240 3 3393 2929 5114
4241 3 2929 5030 5114
4242 3 2929 3527 5030
4243 3 3670 3185 4782
4244 3 3441 3633 5200
4245 3 4465 4612 5257
4246 3 114 806 3308
4247 3 114 2761 3653
4248 3 2761 114 3308
4249 3 2559 114 3653
4250 3 626 2327 3828
4251 3 2422 626 3828
4252 3 626 2218 2327
4253 3 626 943 2218
4254 3 943 626 4070
4255 3 1131 882 1667
4256 3 1667 882 4730
4257 3 882 1748 4730
4258 3 3113 1138 3373
4259 3 1138 1151 3373
4260 3 1151 1138 2998
4261 3 2998 1138 4589
4262 3 2714 1394 4773
4263 3 1462 1394 2714
4264 3 1394 1520 4773
4265 3 4350 1650 4412
4266 3 1650 4350 4812
4267 3 3618 1906 5021
4268 3 1906 3112 3281
4269 3 2162 2649 4857
4270 3 2162 3712 4996
4271 3 3712 2162 4857
4272 3 4011 2162 4996
4273 3 2860 2418 4648
4274 3 2418 2860 3317
4275 3 4324 2418 4867
4276 3 2418 4324 4648
4277 3 2418 3317 4867
4278 3 4082 2674 4304
4279 3 3186 3866 3973
4280 3 3866 3186 4089
4281 3 3186 3973 4035
4282 3 4089 3186 4639
4283 3 115 1444 1907
4284 3 1444 115 3468
4285 3 2989 115 3390
4286 3 115 2989 3468
4287 3 371 774 1128
4288 3 371 1128 2689
4289 3 843 627 4933
4290 3 627 843 1252
4291 3 627 3457 4933
4292 3 3457 627 4345
4293 3 627 1252 4345
4294 3 883 2830 3506
4295 3 883 2023 2830
4296 3 2023 883 4717
4297 3 3185 1651 4902
4298 3 2163 4441 5128
4299 3 4961 2163 5128
4300 3 2163 2439 4441
4301 3 2439 2163 3426
4302 3 3013 2163 4961
4303 3 2163 3013 3426
4304 3 2886 2419 4946
4305 3 4122 3187 4551
4306 3 1810 116 2868
4307 3 116 696 2868
4308 3 696 116 1431
4309 3 735 116 1810
4310 3 116 735 1431
4311 3 372 1443 4521
4312 3 628 1122 2624
4313 3 1122 628 5075
4314 3 884 1379 4882
4315 3 4491 884 4882
4316 3 3620 1140 4136
4317 3 1140 2350 4136
4318 3 2350 1140 2809
4319 3 2676 1140 3620
4320 3 1140 2676 2809
4321 3 1656 1396 3875
4322 3 1396 1656 2740
4323 3 1396 4258 5057
4324 3 1396 1525 3875
4325 3 1525 1396 5057
4326 3 1848 1652 3897
4327 3 1652 1848 4831
4328 3 1652 3411 3897
4329 3 1652 2670 2933
4330 3 2670 1652 4831
4331 3 4265 1908 4362
4332 3 1908 2220 3820
4333 3 2420 3344 4350
4334 3 2676 3620 4428
4335 3 2880 2676 4428
4336 3 3413 2932 4375
4337 3 4468 4919 5158
4338 3 4724 5018 5091
4339 3 4724 5091 5196
4340 3 1679 117 4355
4341 3 117 1679 4458
4342 3 942 117 4458
4343 3 117 942 3755
4344 3 117 748 4355
4345 3 748 117 3755
4346 3 373 2573 4354
4347 3 2573 373 3552
4348 3 373 559 3552
4349 3 1351 373 4354
4350 3 373 407 559
4351 3 407 373 1351
4352 3 2336 629 2442
4353 3 1108 629 2336
4354 3 629 1108 2005
4355 3 885 3634 3801
4356 3 885 3801 3815
4357 3 1141 2051 2983
4358 3 2051 1141 3312
4359 3 2093 1141 2983
4360 3 2634 1397 5195
4361 3 1712 1397 1976
4362 3 1397 1712 2812
4363 3 1976 1397 2634
4364 3 2410 1653 4609
4365 3 1653 2410 5028
4366 3 1653 3204 4609
4367 3 1909 3661 4249
4368 3 1909 4249 4329
4369 3 1909 1994 3661
4370 3 2165 2739 3747
4371 3 2551 2165 3747
4372 3 2165 2551 3750
4373 3 2421 2804 5166
4374 3 2677 3347 3962
4375 3 3347 2677 3501
4376 3 3501 2677 4745
4377 3 4330 2933 4640
4378 3 3189 4552 5188
4379 3 3280 3189 5188
4380 3 4205 3957 5045
4381 3 118 4919 5092
4382 3 4666 118 5092
4383 3 118 322 4919
4384 3 322 118 3916
4385 3 3559 118 4666
4386 3 118 3559 3916
4387 3 3603 374 4381
4388 3 374 905 4381
4389 3 905 374 908
4390 3 630 2158 4376
4391 3 678 630 2325
4392 3 630 678 2158
4393 3 630 1244 2325
4394 3 4071 630 4376
4395 3 886 2865 4367
4396 3 2865 886 3154
4397 3 886 2652 3154
4398 3 2652 886 4182
4399 3 886 2553 4182
4400 3 4072 1142 4838
4401 3 1271 1142 4072
4402 3 2060 1398 4988
4403 3 1398 2060 3781
4404 3 1398 4526 4615
4405 3 1398 3781 4526
4406 3 2777 1398 4615
4407 3 1398 2777 4988
4408 3 4611 1654 4915
4409 3 1654 1964 4915
4410 3 1910 3389 5236
4411 3 1910 1933 4977
4412 3 1933 1910 5236
4413 3 2308 2166 2361
4414 3 2166 2308 4573
4415 3 3190 4191 4623
4416 3 3615 3446 3624
4417 3 3446 3615 3662
4418 3 4704 4470 5171
4419 3 119 1798 2671
4420 3 119 1571 1798
4421 3 1571 119 4262
4422 3 119 2671 3252
4423 3 119 3755 4262
4424 3 119 748 3755
4425 3 748 119 3252
4426 3 4715 375 5046
4427 3 5046 375 5094
4428 3 375 1212 5094
4429 3 375 716 1212
4430 3 3427 631 5181
4431 3 631 1660 5181
4432 3 1660 631 4175
4433 3 1299 887 2725
4434 3 887 1299 3002
4435 3 1143 2082 4679
4436 3 1592 1143 1730
4437 3 1730 1143 4679
4438 3 1855 1399 2962
4439 3 1399 4190 5305
4440 3 2962 1399 5305
4441 3 1655 2608 3500
4442 3 2643 1655 3500
4443 3 3953 1911 4356
4444 3 3321 1911 3953
4445 3 2337 2167 2907
4446 3 2167 2337 4576
4447 3 2533 2167 4576
4448 3 2423 4355 4367
4449 3 2865 2423 4367
4450 3 2423 2865 3305
4451 3 2423 3305 3938
4452 3 2679 2708 4735
4453 3 3328 2679 4735
4454 3 2679 3328 4287
4455 3 2935 3848 4885
4456 3 3848 2935 4298
4457 3 2935 4885 4924
4458 3 5018 3191 5091
4459 3 4080 3703 4170
4460 3 120 1613 4397
4461 3 1613 120 2532
4462 3 120 4257 4535
4463 3 2532 120 4535
4464 3 3571 120 4397
4465 3 120 3571 4257
4466 3 376 3338 4509
4467 3 376 1702 3338
4468 3 504 376 4509
4469 3 632 2571 3783
4470 3 2571 632 5067
4471 3 1066 632 4681
4472 3 632 1066 4792
4473 3 632 4792 5067
4474 3 632 3783 4681
4475 3 1651 888 4902
4476 3 888 1651 4737
4477 3 888 3231 4796
4478 3 888 4796 4902
4479 3 1144 2737 2955
4480 3 2737 1144 3729
4481 3 1144 2241 3729
4482 3 3360 1400 4944
4483 3 1400 3360 4077
4484 3 2155 1400 5040
4485 3 1400 4077 5040
4486 3 3339 1656 3875
4487 3 3142 1656 3339
4488 3 2424 2930 3693
4489 3 2424 2438 5214
4490 3 2438 2424 3693
4491 3 3354 2680 3616
4492 3 2680 3354 4824
4493 3 4675 2936 5242
4494 3 3945 2936 4675
4495 3 3192 4072 5131
4496 3 3704 4085 4503
4497 3 4472 4505 4895
4498 3 3090 121 4595
4499 3 962 121 3090
4500 3 121 962 2249
4501 3 121 2249 2482
4502 3 508 121 2482
4503 3 121 508 4595
4504 3 377 773 3896
4505 3 802 377 2128
4506 3 2128 377 3896
4507 3 377 675 773
4508 3 675 377 802
4509 3 633 1055 3083
4510 3 1055 633 4211
4511 3 633 3127 4211
4512 3 2898 633 3083
4513 3 633 2248 3127
4514 3 2248 633 2898
4515 3 1829 889 2817
4516 3 889 1829 4353
4517 3 1457 889 4353
4518 3 889 1457 4989
4519 3 1680 1401 3018
4520 3 2347 1657 2675
4521 3 1657 2347 3325
4522 3 2675 1657 4601
4523 3 2169 3648 4616
4524 3 3163 2425 3437
4525 3 2425 3163 3831
4526 3 2956 2425 4938
4527 3 2425 2956 3437
4528 3 4649 2681 5058
4529 3 3449 4384 5125
4530 3 4919 3705 5092
4531 3 4468 3705 4919
4532 3 122 2088 4921
4533 3 2088 122 5292
4534 3 1839 122 3516
4535 3 122 1839 3779
4536 3 3516 122 4921
4537 3 122 3779 5292
4538 3 378 2334 4387
4539 3 2334 378 5097
4540 3 378 4387 4543
4541 3 1294 634 4149
4542 3 634 1294 1899
4543 3 634 1899 2731
4544 3 1706 634 4130
4545 3 634 2731 4130
4546 3 634 1252 4149
4547 3 1252 634 1706
4548 3 890 2308 2371
4549 3 2308 890 4025
4550 3 890 2371 4782
4551 3 1474 890 4782
4552 3 890 1474 4025
4553 3 2161 1146 5167
4554 3 1402 4369 5168
4555 3 4369 1402 4544
4556 3 3425 1402 5168
4557 3 1658 4232 4680
4558 3 2170 2427 5035
4559 3 2170 2237 2427
4560 3 2237 2170 2996
4561 3 2426 3656 5183
4562 3 3656 2426 4698
4563 3 2912 2682 4227
4564 3 2938 4411 5257
4565 3 3450 4657 5029
4566 3 123 2614 5161
4567 3 2614 123 5051
4568 3 123 4935 5051
4569 3 4460 123 5161
4570 3 123 4460 4935
4571 3 379 2624 4142
4572 3 379 2390 4303
4573 3 2390 379 3568
4574 3 379 628 2624
4575 3 628 379 4303
4576 3 3568 379 4142
4577 3 635 2824 4758
4578 3 1219 635 4758
4579 3 635 1506 2824
4580 3 891 1323 4597
4581 3 1929 891 4597
4582 3 1185 891 1929
4583 3 891 1185 2454
4584 3 1147 1903 5121
4585 3 3638 1403 3703
4586 3 3703 1403 4170
4587 3 2513 1403 3638
4588 3 1659 3991 4896
4589 3 1915 2114 2260
4590 3 1915 2260 2302
4591 3 1915 2302 2508
4592 3 2171 3869 5287
4593 3 3110 2171 5287
4594 3 2171 2526 3869
4595 3 2750 2427 3076
4596 3 2427 2750 3071
4597 3 2427 3532 5035
4598 3 2427 3071 3532
4599 3 4045 2939 4637
4600 3 4800 3195 4909
4601 3 3451 4561 4689
4602 3 4561 3451 4852
4603 3 4579 3707 5243
4604 3 4219 4420 4656
4605 3 1796 124 4358
4606 3 4358 124 4531
4607 3 124 834 4943
4608 3 4754 124 4943
4609 3 4531 124 4754
4610 3 3397 380 3535
4611 3 380 3397 4842
4612 3 3763 380 4842
4613 3 2270 380 3763
4614 3 380 2270 3535
4615 3 1378 636 2197
4616 3 3179 636 4516
4617 3 2197 636 3179
4618 3 892 1184 4546
4619 3 892 4546 5163
4620 3 5077 892 5163
4621 3 1148 2939 4045
4622 3 1148 1524 2939
4623 3 4052 1660 4295
4624 3 2862 1916 4401
4625 3 1916 2862 2954
4626 3 4964 1916 5165
4627 3 1916 2954 5165
4628 3 1916 1940 4401
4629 3 1940 1916 4964
4630 3 2172 2321 4809
4631 3 3762 2172 4809
4632 3 2428 2976 3865
4633 3 2976 2428 3976
4634 3 3720 2940 3734
4635 3 3452 3842 3977
4636 3 125 664 5189
4637 3 664 125 921
4638 3 921 125 4197
4639 3 2284 125 5189
4640 3 125 2284 4197
4641 3 1818 381 2768
4642 3 381 1587 2768
4643 3 1587 381 3823
4644 3 1386 381 1818
4645 3 381 1386 2188
4646 3 512 381 2188
4647 3 381 512 3823
4648 3 637 814 903
4649 3 637 903 5224
4650 3 893 3910 4301
4651 3 893 1673 2293
4652 3 893 1936 3910
4653 3 1936 893 2293
4654 3 893 947 1673
4655 3 947 893 4301
4656 3 1149 2433 4306
4657 3 2433 1149 2515
4658 3 2206 1149 4743
4659 3 1149 2206 2515
4660 3 1149 4306 4743
4661 3 1405 2951 4707
4662 3 1661 3748 4859
4663 3 3524 1661 3683
4664 3 1661 3524 3748
4665 3 1661 4859 5143
4666 3 1917 2420 4350
4667 3 1917 4350 4412
4668 3 2173 2967 4393
4669 3 2967 2173 4776
4670 3 3453 4443 4920
4671 3 4523 3453 4920
4672 3 3805 3453 4523
4673 3 3709 4131 4216
4674 3 126 1831 4393
4675 3 1831 126 2479
4676 3 3182 126 4393
4677 3 2724 126 3182
4678 3 126 2724 4043
4679 3 126 1262 2479
4680 3 1262 126 4043
4681 3 382 1357 1873
4682 3 382 1873 5070
4683 3 2059 638 2985
4684 3 638 2059 3266
4685 3 2572 638 3612
4686 3 638 2912 3612
4687 3 2912 638 3266
4688 3 2275 638 2572
4689 3 638 2275 2985
4690 3 894 1813 1978
4691 3 2361 894 2795
4692 3 894 1978 3989
4693 3 2795 894 3989
4694 3 3614 1150 3658
4695 3 1150 2175 3658
4696 3 3510 1150 3614
4697 3 1150 3510 5296
4698 3 3504 1406 4034
4699 3 1662 3886 4517
4700 3 1662 2686 3886
4701 3 1662 2796 3497
4702 3 1662 2549 2686
4703 3 2549 1662 3497
4704 3 2174 3945 4230
4705 3 2174 2415 5204
4706 3 2415 2174 4230
4707 3 4258 2174 5204
4708 3 2430 2607 3129
4709 3 2430 3129 4180
4710 3 2430 2880 4428
4711 3 2880 2430 4180
4712 3 2686 2845 3886
4713 3 2686 2793 2845
4714 3 3276 3198 5165
4715 3 4916 4734 5101
4716 3 796 127 2077
4717 3 127 796 2657
4718 3 2077 127 2379
4719 3 2379 127 5159
4720 3 127 1626 5159
4721 3 1626 127 3503
4722 3 127 2657 3503
4723 3 3617 383 5020
4724 3 383 1573 5020
4725 3 1674 383 1722
4726 3 1722 383 3617
4727 3 2383 639 3421
4728 3 1156 639 5235
4729 3 639 1156 1469
4730 3 639 1469 2017
4731 3 639 2017 3421
4732 3 1317 895 1993
4733 3 895 1091 1265
4734 3 910 895 1317
4735 3 895 910 1091
4736 3 1993 895 3136
4737 3 895 1265 3136
4738 3 1151 2602 4197
4739 3 2602 1151 4600
4740 3 1151 2998 4600
4741 3 1151 2284 3373
4742 3 2284 1151 4197
4743 3 2476 1407 4145
4744 3 2748 1407 2828
4745 3 1407 2748 4145
4746 3 1663 2867 4179
4747 3 1663 2019 2867
4748 3 2019 1663 3068
4749 3 3068 1663 4357
4750 3 1919 4403 4447
4751 3 1919 3712 4857
4752 3 1919 3573 4403
4753 3 3573 1919 4857
4754 3 2540 2431 3812
4755 3 4548 2687 5210
4756 3 2943 4231 4337
4757 3 128 3351 4073
4758 3 845 128 1714
4759 3 128 1277 1714
4760 3 1277 128 4073
4761 3 384 2568 2834
4762 3 2568 384 2894
4763 3 813 384 2834
4764 3 480 384 813
4765 3 1106 640 3511
4766 3 640 1106 1216
4767 3 640 3714 3903
4768 3 939 640 3903
4769 3 640 939 3511
4770 3 640 1216 3714
4771 3 896 2050 3824
4772 3 3159 896 4599
4773 3 896 1388 2050
4774 3 1388 896 3159
4775 3 1565 1152 3980
4776 3 1152 1565 5021
4777 3 1906 1152 5021
4778 3 1152 1906 3281
4779 3 3980 1152 5244
4780 3 1152 3281 5244
4781 3 1408 4164 5266
4782 3 2145 1664 3095
4783 3 4681 1920 4825
4784 3 3783 1920 4681
4785 3 1920 3783 4273
4786 3 2176 2587 5239
4787 3 2715 2432 3392
4788 3 4110 2944 5086
4789 3 2944 3563 5086
4790 3 299 129 5235
4791 3 129 299 4299
4792 3 129 1156 5235
4793 3 129 204 1156
4794 3 385 1291 1946
4795 3 607 385 1232
4796 3 385 607 1266
4797 3 1232 385 1946
4798 3 385 1236 1291
4799 3 1236 385 1266
4800 3 4609 641 5029
4801 3 641 2139 5029
4802 3 641 989 2139
4803 3 989 641 2488
4804 3 2041 641 4609
4805 3 641 2041 2488
4806 3 897 4137 4905
4807 3 897 1469 4137
4808 3 1469 897 2017
4809 3 1230 897 2191
4810 3 897 1230 2017
4811 3 3200 1153 4186
4812 3 1153 2460 4186
4813 3 2460 1153 2554
4814 3 2554 1153 3862
4815 3 3120 1409 4224
4816 3 1409 2169 4616
4817 3 2169 1409 3120
4818 3 3971 1409 4616
4819 3 1409 2701 4224
4820 3 2701 1409 3227
4821 3 3227 1409 3971
4822 3 2830 1665 3715
4823 3 3715 1665 4268
4824 3 2023 1665 2830
4825 3 1665 2023 4015
4826 3 5053 1921 5123
4827 3 1921 2552 5123
4828 3 4306 2433 5199
4829 3 2433 2515 3539
4830 3 2433 3539 5199
4831 3 2689 4163 4210
4832 3 4208 2689 4210
4833 3 2689 3226 4163
4834 3 2945 3981 4636
4835 3 4933 3457 5118
4836 3 1344 130 3259
4837 3 130 180 1880
4838 3 180 130 1009
4839 3 1009 130 1344
4840 3 3087 386 3843
4841 3 386 3087 4490
4842 3 386 1562 3797
4843 3 386 1123 1562
4844 3 1123 386 4490
4845 3 386 3797 3843
4846 3 642 3253 5300
4847 3 3253 642 3294
4848 3 3030 642 4675
4849 3 642 3030 3294
4850 3 642 4348 4675
4851 3 4348 642 5300
4852 3 1346 898 1952
4853 3 2932 898 4375
4854 3 898 2932 3125
4855 3 1952 898 3125
4856 3 2599 1154 3138
4857 3 3138 1154 3264
4858 3 1401 1154 2599
4859 3 1154 1401 1680
4860 3 1154 1680 3264
4861 3 3061 1410 4424
4862 3 1410 3061 3168
4863 3 2434 3924 5150
4864 3 3924 2434 4500
4865 3 3029 2434 4216
4866 3 2434 3029 4500
4867 3 3098 2690 5042
4868 3 2690 3383 4146
4869 3 2690 3517 5042
4870 3 2946 4093 4193
4871 3 4882 3458 4966
4872 3 4054 3458 4115
4873 3 3714 4797 5058
4874 3 3081 131 3252
4875 3 131 886 4367
4876 3 886 131 2553
4877 3 3749 131 4367
4878 3 3252 131 3749
4879 3 2553 131 3081
4880 3 387 2056 3662
4881 3 2056 387 4196
4882 3 573 387 3134
4883 3 387 573 1877
4884 3 3134 387 3662
4885 3 387 1877 4196
4886 3 3845 643 4634
4887 3 4634 643 5137
4888 3 3212 643 4629
4889 3 643 2467 5137
4890 3 2467 643 3212
4891 3 1961 643 3845
4892 3 643 1961 4629
4893 3 3595 899 4541
4894 3 4948 899 5134
4895 3 2803 899 3595
4896 3 1155 1846 4134
4897 3 1604 1155 4134
4898 3 4222 1411 4686
4899 3 2419 1667 4946
4900 3 1667 4730 4946
4901 3 1923 3853 4227
4902 3 1923 2682 3639
4903 3 2682 1923 4227
4904 3 2179 2866 4575
4905 3 2617 2435 3764
4906 3 3764 2435 4668
4907 3 2691 3157 4554
4908 3 3157 2691 3534
4909 3 3459 3460 3902
4910 3 5157 4483 5293
4911 3 132 263 3890
4912 3 263 132 3910
4913 3 132 777 3910
4914 3 132 604 777
4915 3 604 132 2251
4916 3 1166 132 3890
4917 3 132 1166 2251
4918 3 388 1131 1667
4919 3 388 2419 4026
4920 3 388 1667 2419
4921 3 388 4026 4598
4922 3 976 388 4653
4923 3 388 976 1131
4924 3 388 4598 4653
4925 3 2073 644 4281
4926 3 644 1069 3035
4927 3 644 3406 4281
4928 3 644 3035 3406
4929 3 900 3632 4503
4930 3 2510 900 4503
4931 3 900 2510 5041
4932 3 2573 1412 5167
4933 3 1412 2573 3552
4934 3 1412 2161 5167
4935 3 2586 1668 3879
4936 3 1668 1841 4106
4937 3 3813 1668 4106
4938 3 1668 3813 3879
4939 3 2084 1924 2380
4940 3 1924 2084 4504
4941 3 1924 2122 2380
4942 3 2122 1924 3787
4943 3 1924 4504 5308
4944 3 3787 1924 5308
4945 3 4505 2180 4513
4946 3 3042 2180 4505
4947 3 3972 4391 4661
4948 3 3972 4661 5031
4949 3 3972 5031 5138
4950 3 133 326 4846
4951 3 2770 133 4846
4952 3 389 2441 4922
4953 3 2441 389 3757
4954 3 3796 389 4922
4955 3 389 1020 3757
4956 3 1020 389 3796
4957 3 645 3084 4266
4958 3 3084 645 3279
4959 3 804 645 4266
4960 3 710 645 804
4961 3 645 710 3279
4962 3 4886 901 5170
4963 3 5170 901 5284
4964 3 1157 2320 3944
4965 3 2469 1157 2957
4966 3 2219 1157 2469
4967 3 1413 1824 2387
4968 3 1435 1413 3377
4969 3 1669 3376 5187
4970 3 3967 1669 5016
4971 3 5016 1669 5187
4972 3 2869 1925 5262
4973 3 1925 2869 4039
4974 3 1925 2246 3907
4975 3 2246 1925 4489
4976 3 1925 4039 4489
4977 3 4291 2181 4916
4978 3 2181 3055 4765
4979 3 3408 2437 3597
4980 3 2437 3049 3597
4981 3 3049 2437 4094
4982 3 3379 2693 4144
4983 3 3547 2949 4886
4984 3 2949 3547 4461
4985 3 3717 5062 5160
4986 3 134 3670 4102
4987 3 134 3185 3670
4988 3 134 1651 3185
4989 3 2255 134 4102
4990 3 134 730 1651
4991 3 730 134 2255
4992 3 1438 390 1769
4993 3 1769 390 3239
4994 3 646 1331 4190
4995 3 1331 646 3310
4996 3 646 4190 4507
4997 3 1078 902 1418
4998 3 902 1913 3009
4999 3 1418 902 4889
5000 3 902 3009 4889
5001 3 1575 1158 4390
5002 3 1158 1575 4349
5003 3 1158 2107 2240
5004 3 1158 2240 4390
5005 3 1158 4349 5131
5006 3 2595 1414 4466
5007 3 1414 3385 4322
5008 3 1414 3645 4466
5009 3 3645 1414 4277
5010 3 4277 1414 4322
5011 3 1495 1414 2595
5012 3 1414 1495 3385
5013 3 2833 1670 5023
5014 3 5023 1670 5112
5015 3 2063 1926 3056
5016 3 1932 1926 5277
5017 3 1926 1932 3056
5018 3 2947 2182 4458
5019 3 3546 2438 3693
5020 3 2818 2694 4561
5021 3 2694 4207 4689
5022 3 4207 2694 4325
5023 3 4561 2694 4689
5024 3 3381 2950 4240
5025 3 2950 3381 3994
5026 3 2950 3459 3478
5027 3 3459 2950 3499
5028 3 3499 2950 3994
5029 3 3206 3935 4111
5030 3 135 551 4371
5031 3 551 135 1145
5032 3 135 1591 2649
5033 3 1591 135 1776
5034 3 1145 135 1375
5035 3 427 135 2649
5036 3 135 427 1375
5037 3 1776 135 4371
5038 3 1029 391 2156
5039 3 391 1029 2044
5040 3 2156 391 2353
5041 3 1172 391 2044
5042 3 2615 647 2977
5043 3 647 2161 4308
5044 3 1146 647 2615
5045 3 647 1146 2161
5046 3 2977 647 4308
5047 3 903 1621 2259
5048 3 1621 903 2521
5049 3 903 2259 5224
5050 3 2822 1159 4650
5051 3 1159 2822 3798
5052 3 4650 1159 4723
5053 3 1159 4473 4723
5054 3 1974 1159 3798
5055 3 1546 1415 3223
5056 3 1415 1829 3223
5057 3 1829 1415 5078
5058 3 1415 1480 5078
5059 3 2040 1671 5156
5060 3 2183 2943 3966
5061 3 2943 2183 4231
5062 3 4231 2183 4446
5063 3 2183 2708 4446
5064 3 2708 2183 4735
5065 3 4441 2439 5223
5066 3 2439 3426 4450
5067 3 2695 3367 3505
5068 3 2695 3505 3834
5069 3 2951 3723 4707
5070 3 3117 136 5223
5071 3 136 3117 4044
5072 3 136 2378 3184
5073 3 136 3184 5223
5074 3 392 2080 2323
5075 3 392 2369 3325
5076 3 392 1226 2080
5077 3 1226 392 3325
5078 3 1499 392 2323
5079 3 392 1499 2369
5080 3 816 648 4441
5081 3 648 816 3199
5082 3 4441 648 5128
5083 3 1455 648 3199
5084 3 648 1455 2755
5085 3 648 2755 5128
5086 3 904 4394 4778
5087 3 904 1360 1506
5088 3 1360 904 5116
5089 3 2705 1416 4751
5090 3 1416 2705 5080
5091 3 3094 1672 4530
5092 3 1950 1672 3094
5093 3 1777 1672 1950
5094 3 2726 2184 2901
5095 3 2184 2726 5062
5096 3 2440 3388 4470
5097 3 3536 2440 4470
5098 3 2696 3074 3371
5099 3 2696 3371 4662
5100 3 4285 2952 4863
5101 3 3208 4340 4486
5102 3 4680 4232 4937
5103 3 4488 5016 5113
5104 3 4942 4744 5011
5105 3 1573 137 5020
5106 3 303 137 840
5107 3 137 303 5020
5108 3 840 137 2647
5109 3 933 137 1573
5110 3 137 933 2647
5111 3 393 1167 4148
5112 3 1167 393 1725
5113 3 4373 649 4655
5114 3 3404 649 4373
5115 3 649 3404 3498
5116 3 649 3466 4655
5117 3 3466 649 3498
5118 3 4381 905 4956
5119 3 905 2899 4956
5120 3 905 2667 2899
5121 3 905 908 2667
5122 3 2081 1161 2366
5123 3 1161 3699 4141
5124 3 1765 1161 4141
5125 3 1161 1765 2366
5126 3 1417 2817 4951
5127 3 2817 1417 5079
5128 3 3611 1417 4951
5129 3 1417 4555 5079
5130 3 1673 4183 5057
5131 3 1673 4258 5204
5132 3 4258 1673 5057
5133 3 2293 1673 5204
5134 3 2941 1929 4597
5135 3 2335 2185 3452
5136 3 2185 3735 5072
5137 3 2185 2980 3452
5138 3 3592 2441 3757
5139 3 2953 3771 4295
5140 3 2953 4295 4868
5141 3 4055 2953 4868
5142 3 3918 3209 4982
5143 3 3209 4764 4982
5144 3 3968 3465 4761
5145 3 3530 138 5188
5146 3 138 3530 5273
5147 3 138 3280 5188
5148 3 481 138 5273
5149 3 138 481 3280
5150 3 394 3786 4408
5151 3 2537 394 4408
5152 3 749 394 1880
5153 3 394 749 3786
5154 3 757 394 2537
5155 3 1605 650 4952
5156 3 650 1605 2296
5157 3 1918 650 3627
5158 3 650 1918 4952
5159 3 650 1419 3627
5160 3 1419 650 2628
5161 3 650 2296 2628
5162 3 906 1691 3585
5163 3 1691 906 4290
5164 3 906 3483 4290
5165 3 1162 3872 4696
5166 3 3006 1162 4696
5167 3 2924 1418 4889
5168 3 2429 1674 3488
5169 3 1930 3033 3093
5170 3 1930 4853 4970
5171 3 2186 2927 3067
5172 3 2186 3067 3197
5173 3 2698 3628 4894
5174 3 4251 2698 4894
5175 3 2698 4251 4970
5176 3 4853 2698 4970
5177 3 2954 3551 5165
5178 3 4655 3466 5289
5179 3 3466 3730 5289
5180 3 139 354 928
5181 3 354 139 3303
5182 3 139 928 3884
5183 3 3303 139 3315
5184 3 395 872 2544
5185 3 1918 395 4952
5186 3 395 2544 4952
5187 3 4158 651 5106
5188 3 838 651 4644
5189 3 651 3496 4644
5190 3 3496 651 4158
5191 3 907 1077 4237
5192 3 1077 907 3477
5193 3 4204 907 4237
5194 3 907 3070 3477
5195 3 3070 907 3326
5196 3 3326 907 4204
5197 3 1163 2207 4176
5198 3 1713 1163 4176
5199 3 1163 1713 2039
5200 3 1163 2038 4077
5201 3 2038 1163 2039
5202 3 3365 1675 3740
5203 3 1675 3365 4008
5204 3 3740 1675 4474
5205 3 2876 1931 3793
5206 3 1931 2876 3059
5207 3 1931 3059 5117
5208 3 2187 4167 5254
5209 3 3161 2187 4454
5210 3 4454 2187 5254
5211 3 2443 2801 3659
5212 3 2699 3407 3700
5213 3 2699 4557 4887
5214 3 3467 3518 5155
5215 3 3723 4611 4974
5216 3 3979 4117 4479
5217 3 4117 3979 4255
5218 3 4491 4882 4966
5219 3 140 1803 3574
5220 3 140 2117 4907
5221 3 2117 140 3574
5222 3 140 1136 1803
5223 3 1136 140 4907
5224 3 396 3142 3339
5225 3 852 396 2477
5226 3 396 852 2753
5227 3 396 2753 3142
5228 3 2009 396 3339
5229 3 396 2009 2266
5230 3 396 2266 2477
5231 3 652 1639 5117
5232 3 652 929 1639
5233 3 929 652 3706
5234 3 652 1443 1739
5235 3 1443 652 5117
5236 3 652 1739 3706
5237 3 2667 908 3676
5238 3 1587 1164 1856
5239 3 1164 1587 3823
5240 3 1856 1164 3793
5241 3 1164 3218 3793
5242 3 4613 1420 5263
5243 3 2729 1420 3619
5244 3 1420 2729 5263
5245 3 1420 1786 3619
5246 3 3806 1676 4238
5247 3 3637 1932 5277
5248 3 2444 3539 4596
5249 3 2700 3193 4022
5250 3 3437 2956 4571
5251 3 4236 4582 4673
5252 3 141 257 3352
5253 3 257 141 4721
5254 3 343 141 478
5255 3 141 343 4338
5256 3 478 141 3352
5257 3 141 4338 4721
5258 3 2339 397 4316
5259 3 834 397 2339
5260 3 3022 397 4418
5261 3 397 3022 4316
5262 3 2590 653 3438
5263 3 653 1572 3438
5264 3 1572 653 3734
5265 3 653 3720 3734
5266 3 2456 653 2590
5267 3 653 2456 3720
5268 3 3297 909 3623
5269 3 1165 3416 4748
5270 3 1203 1165 2089
5271 3 1165 1203 3416
5272 3 2298 1165 4748
5273 3 3742 1677 4455
5274 3 2448 1933 5236
5275 3 1933 1969 4977
5276 3 3660 2189 4086
5277 3 2189 2291 3343
5278 3 2291 2189 5028
5279 3 2445 3155 4917
5280 3 2445 2678 3155
5281 3 2701 3227 3653
5282 3 2761 2701 3653
5283 3 2957 3809 4538
5284 3 3213 3528 4370
5285 3 3528 3213 5273
5286 3 3550 3213 4370
5287 3 3469 4002 4003
5288 3 142 2823 3241
5289 3 142 3870 4975
5290 3 142 323 2823
5291 3 323 142 4975
5292 3 142 3469 3870
5293 3 142 492 3469
5294 3 492 142 3241
5295 3 398 1285 4490
5296 3 3087 398 4490
5297 3 2603 398 3087
5298 3 707 398 2603
5299 3 398 707 1889
5300 3 654 3409 3689
5301 3 3409 654 4849
5302 3 2147 654 4574
5303 3 654 3689 4574
5304 3 1792 654 2147
5305 3 654 1792 4849
5306 3 910 1032 3681
5307 3 1032 910 1677
5308 3 910 1317 1677
5309 3 1091 910 3681
5310 3 2905 1166 3890
5311 3 1727 1166 2905
5312 3 1166 1727 2251
5313 3 3693 1422 3713
5314 3 2930 1422 3693
5315 3 3888 1678 4873
5316 3 2108 1678 2656
5317 3 1678 1753 4873
5318 3 1753 1678 2108
5319 3 3417 2190 4552
5320 3 2728 2190 3417
5321 3 2231 2190 2728
5322 3 2190 2231 3530
5323 3 4552 2190 5188
5324 3 2190 3530 5188
5325 3 4144 2446 5216
5326 3 2702 4402 5283
5327 3 5032 2702 5283
5328 3 3470 4518 5056
5329 3 2056 143 4558
5330 3 1454 143 2056
5331 3 143 1454 3263
5332 3 2021 143 3263
5333 3 143 2021 4558
5334 3 399 577 4676
5335 3 577 399 4541
5336 3 399 3827 4541
5337 3 655 3885 4056
5338 3 655 2352 4237
5339 3 2352 655 4056
5340 3 1077 655 4237
5341 3 655 1077 2026
5342 3 655 2026 3885
5343 3 3089 911 4275
5344 3 911 3930 4275
5345 3 911 2709 3930
5346 3 2709 911 3170
5347 3 1705 911 3089
5348 3 911 1705 3170
5349 3 1167 2693 3379
5350 3 2199 1167 3379
5351 3 1167 2199 4148
5352 3 1167 1725 2693
5353 3 1423 3097 3598
5354 3 1423 3717 5160
5355 3 3717 1423 3728
5356 3 5111 1423 5160
5357 3 2153 1679 2423
5358 3 1679 2153 2947
5359 3 2423 1679 4355
5360 3 1679 2947 4458
5361 3 2326 1935 3148
5362 3 3146 2447 5044
5363 3 2447 3962 5044
5364 3 3642 2703 4606
5365 3 4606 2703 4790
5366 3 2959 4706 5209
5367 3 2959 3465 4706
5368 3 4064 3215 4862
5369 3 3471 4272 4697
5370 3 3778 3727 4511
5371 3 4495 4548 5210
5372 3 564 144 3906
5373 3 144 564 2632
5374 3 144 2632 4070
5375 3 144 626 2422
5376 3 626 144 4070
5377 3 144 2422 3906
5378 3 915 400 5182
5379 3 400 1741 5074
5380 3 1741 400 4591
5381 3 400 5074 5182
5382 3 400 1791 4591
5383 3 656 770 2205
5384 3 656 2205 3883
5385 3 1168 3157 3534
5386 3 1438 1168 3534
5387 3 1168 1438 1769
5388 3 1168 1737 3157
5389 3 1737 1168 1769
5390 3 1424 2346 2661
5391 3 2346 1424 2408
5392 3 1424 2661 4364
5393 3 2408 1424 2481
5394 3 1865 1680 5238
5395 3 1680 3018 5238
5396 3 4076 1936 4588
5397 3 1936 2293 4588
5398 3 2319 2192 3838
5399 3 3171 2448 5236
5400 3 2704 2736 4104
5401 3 2795 2704 4104
5402 3 2704 2795 3989
5403 3 5129 2960 5150
5404 3 5064 2960 5129
5405 3 145 1612 1912
5406 3 1612 145 1977
5407 3 1433 145 4829
5408 3 145 1433 3053
5409 3 1977 145 3053
5410 3 239 145 1912
5411 3 145 239 4829
5412 3 401 4867 5002
5413 3 4867 401 5260
5414 3 401 785 5260
5415 3 785 401 5051
5416 3 2111 401 5002
5417 3 401 2111 5051
5418 3 657 4120 4314
5419 3 4120 657 4343
5420 3 1376 657 4314
5421 3 657 1376 3058
5422 3 913 2075 4647
5423 3 2075 913 5109
5424 3 3923 913 4647
5425 3 913 3923 3948
5426 3 1015 913 3948
5427 3 913 1015 5109
5428 3 1169 1811 3846
5429 3 1811 1169 3576
5430 3 1477 1169 3846
5431 3 1169 1477 3543
5432 3 1169 3564 3576
5433 3 2363 1425 4194
5434 3 1425 2363 3197
5435 3 3067 1425 3197
5436 3 1808 1681 2613
5437 3 1681 1808 2966
5438 3 2613 1681 2952
5439 3 1937 4484 4722
5440 3 2193 3319 4504
5441 3 2449 3647 4624
5442 3 2449 2902 3647
5443 3 2705 3098 4978
5444 3 2705 4978 5080
5445 3 3985 4066 5191
5446 3 5009 5153 5219
5447 3 146 2076 2271
5448 3 146 1371 3690
5449 3 1371 146 2271
5450 3 146 1715 2076
5451 3 1715 146 3690
5452 3 402 3854 4539
5453 3 4683 402 4783
5454 3 1892 402 4683
5455 3 402 1892 1959
5456 3 402 1959 3854
5457 3 402 4539 4783
5458 3 2693 658 4144
5459 3 658 2446 4144
5460 3 680 658 2693
5461 3 2393 914 2785
5462 3 914 2284 5189
5463 3 2284 914 2393
5464 3 2259 1170 5224
5465 3 1170 2287 5224
5466 3 2287 1170 2788
5467 3 1426 2326 3485
5468 3 1426 1935 2326
5469 3 1935 1426 4021
5470 3 1426 3485 5299
5471 3 4021 1426 5060
5472 3 5060 1426 5299
5473 3 4236 1682 4753
5474 3 2218 1682 4236
5475 3 2106 1938 4872
5476 3 1938 2876 3793
5477 3 1938 3218 4872
5478 3 3218 1938 3793
5479 3 2621 2194 3569
5480 3 2706 3459 3902
5481 3 3459 2706 3478
5482 3 2721 2706 5010
5483 3 2706 2721 3478
5484 3 3360 2962 4077
5485 3 3685 3474 4149
5486 3 3730 5081 5289
5487 3 2310 147 2858
5488 3 147 2655 2858
5489 3 147 980 2655
5490 3 980 147 1511
5491 3 1511 147 2310
5492 3 403 2743 4221
5493 3 1522 403 4221
5494 3 403 1522 3493
5495 3 1847 659 4386
5496 3 874 659 1847
5497 3 659 969 4386
5498 3 1733 915 3164
5499 3 915 1733 2815
5500 3 1171 3617 5020
5501 3 1171 3141 3617
5502 3 3141 1171 3436
5503 3 1171 3145 3436
5504 3 1427 4405 4932
5505 3 4671 1427 4932
5506 3 1479 1427 4671
5507 3 1427 1479 2454
5508 3 2367 1683 4299
5509 3 1683 2367 4568
5510 3 1683 3741 4299
5511 3 1939 3236 4121
5512 3 1939 2474 3236
5513 3 2451 2846 3508
5514 3 2846 2451 4863
5515 3 2451 4285 4863
5516 3 3949 2707 4081
5517 3 2707 4069 4366
5518 3 4081 2707 4366
5519 3 2963 3360 4944
5520 3 4050 2963 4429
5521 3 2963 3308 4429
5522 3 3308 2963 4944
5523 3 3219 4249 5251
5524 3 4249 3219 4329
5525 3 4329 3219 4620
5526 3 4570 3731 4886
5527 3 4092 3731 4570
5528 3 4183 3987 5057
5529 3 148 2856 4356
5530 3 360 148 4893
5531 3 148 360 2177
5532 3 621 148 4356
5533 3 148 621 3194
5534 3 148 3194 4893
5535 3 148 2177 2856
5536 3 404 742 3351
5537 3 742 404 4133
5538 3 660 1540 1876
5539 3 1107 660 5295
5540 3 660 1107 2800
5541 3 660 1876 5295
5542 3 660 863 1540
5543 3 863 660 2800
5544 3 916 1904 5012
5545 3 1904 916 3016
5546 3 3016 916 3288
5547 3 2157 1428 2837
5548 3 1428 2157 4698
5549 3 1684 4154 5068
5550 3 1940 2495 4401
5551 3 1940 2006 2495
5552 3 2196 3980 5244
5553 3 4049 2196 5244
5554 3 2452 3642 4606
5555 3 3176 2452 3494
5556 3 2708 3119 4446
5557 3 3889 2964 5138
5558 3 2964 3972 5138
5559 3 3972 2964 4391
5560 3 281 149 3965
5561 3 149 281 3582
5562 3 149 2000 3965
5563 3 149 1757 2000
5564 3 149 223 1757
5565 3 223 149 3582
5566 3 1038 405 5240
5567 3 2653 405 3954
5568 3 405 2653 5240
5569 3 661 1930 4970
5570 3 1930 661 3033
5571 3 661 2711 4186
5572 3 2711 661 4970
5573 3 1267 661 4186
5574 3 661 1267 3033
5575 3 1963 917 5203
5576 3 1221 917 1963
5577 3 917 1221 2991
5578 3 1173 1286 3383
5579 3 1286 1173 5275
5580 3 2372 1173 3098
5581 3 1173 2372 5275
5582 3 1173 2690 3098
5583 3 2690 1173 3383
5584 3 1429 3595 3833
5585 3 4114 1429 4540
5586 3 1429 2803 3595
5587 3 2803 1429 4114
5588 3 2779 1685 4342
5589 3 1941 3949 4081
5590 3 1941 2943 4337
5591 3 2472 2197 3179
5592 3 2197 2472 3709
5593 3 3282 2197 3709
5594 3 2453 4111 4339
5595 3 2453 3221 4111
5596 3 2453 4339 5177
5597 3 2709 3354 3616
5598 3 2709 3616 4439
5599 3 3930 2709 4439
5600 3 2709 3170 3354
5601 3 4834 3221 5302
5602 3 150 2388 4871
5603 3 2388 150 4684
5604 3 150 1404 4684
5605 3 1404 150 3515
5606 3 3515 150 4044
5607 3 4044 150 4871
5608 3 2399 406 3443
5609 3 1984 406 3140
5610 3 406 1495 3443
5611 3 1495 406 1984
5612 3 1581 662 2411
5613 3 662 1581 4823
5614 3 662 1355 2313
5615 3 2138 662 2313
5616 3 662 2138 2411
5617 3 3586 918 4522
5618 3 2219 918 3604
5619 3 918 2219 4522
5620 3 1233 918 3586
5621 3 918 1004 3604
5622 3 1004 918 1233
5623 3 3345 1174 3611
5624 3 1174 3345 4493
5625 3 1965 1174 4493
5626 3 1430 3857 3986
5627 3 4247 1686 4967
5628 3 1686 3237 5205
5629 3 3237 1686 4247
5630 3 2732 1686 5205
5631 3 1686 2732 4813
5632 3 1686 4813 4967
5633 3 2710 2965 4971
5634 3 4881 3990 5102
5635 3 2103 151 3614
5636 3 151 2103 3130
5637 3 151 2129 3614
5638 3 2129 151 5004
5639 3 1890 151 3130
5640 3 151 1890 5004
5641 3 559 407 2108
5642 3 2108 407 4413
5643 3 407 1351 3840
5644 3 407 3840 4413
5645 3 663 2903 4042
5646 3 878 663 3121
5647 3 663 878 2903
5648 3 663 3034 4799
5649 3 3034 663 4042
5650 3 663 1789 3121
5651 3 1789 663 4799
5652 3 919 3108 4985
5653 3 919 2342 3108
5654 3 2342 919 3667
5655 3 1175 1222 2618
5656 3 3631 1687 4738
5657 3 1943 2014 2910
5658 3 4148 2199 5261
5659 3 2455 2479 3557
5660 3 2455 3557 3679
5661 3 2711 3200 4186
5662 3 2807 2711 4970
5663 3 3688 2967 4776
5664 3 2967 3182 4393
5665 3 3735 4363 5072
5666 3 152 865 2083
5667 3 865 152 5189
5668 3 152 1131 2785
5669 3 882 152 2083
5670 3 152 882 1131
5671 3 152 914 5189
5672 3 914 152 2785
5673 3 2176 408 2587
5674 3 408 426 2587
5675 3 426 408 2552
5676 3 706 408 2176
5677 3 408 706 2552
5678 3 2641 664 3837
5679 3 664 865 5189
5680 3 865 664 2500
5681 3 664 921 3837
5682 3 2500 664 2641
5683 3 920 1350 4098
5684 3 1350 920 4216
5685 3 2890 920 4098
5686 3 920 2890 3282
5687 3 920 3709 4216
5688 3 920 3282 3709
5689 3 1176 3630 5242
5690 3 3630 1176 4798
5691 3 1644 1176 2168
5692 3 1176 1644 4798
5693 3 2168 1176 2936
5694 3 2936 1176 5242
5695 3 2764 1432 3106
5696 3 1432 2764 5052
5697 3 1432 2001 4480
5698 3 2001 1432 5052
5699 3 3159 1688 4514
5700 3 2503 1944 3603
5701 3 1944 2529 4087
5702 3 2456 2590 4084
5703 3 3926 2456 4084
5704 3 3720 2456 3926
5705 3 4427 2712 4998
5706 3 2712 4427 4584
5707 3 3672 2968 3767
5708 3 4250 2968 4780
5709 3 3767 2968 4250
5710 3 1632 153 5198
5711 3 153 1632 1739
5712 3 153 372 5198
5713 3 372 153 1443
5714 3 1443 153 1739
5715 3 3362 409 4547
5716 3 2394 409 3362
5717 3 409 2394 3217
5718 3 409 3217 3272
5719 3 409 3272 4602
5720 3 409 3323 4547
5721 3 3323 409 4602
5722 3 665 1538 4135
5723 3 1538 665 5119
5724 3 665 3386 5127
5725 3 849 665 4135
5726 3 665 849 1692
5727 3 665 1692 3386
5728 3 5119 665 5127
5729 3 921 4197 4485
5730 3 921 3780 4976
5731 3 3780 921 4485
5732 3 3837 921 4976
5733 3 1177 2834 4614
5734 3 2867 1177 5221
5735 3 2268 1177 2867
5736 3 2045 1177 4614
5737 3 1177 2045 5221
5738 3 2832 1433 4829
5739 3 1433 2392 3053
5740 3 1795 1689 3766
5741 3 1689 1795 2239
5742 3 3766 1689 5120
5743 3 2600 2201 5017
5744 3 2201 2600 3043
5745 3 2267 2201 3043
5746 3 2201 2267 3835
5747 3 3781 2969 4811
5748 3 3257 3225 3274
5749 3 3274 3225 4068
5750 3 3710 3481 4878
5751 3 3481 3525 4878
5752 3 3737 4203 4512
5753 3 3737 4030 4203
5754 3 3993 4140 4810
5755 3 4249 5218 5251
5756 3 4832 4761 5142
5757 3 2374 154 2722
5758 3 154 2374 4085
5759 3 3704 154 4085
5760 3 2064 410 2710
5761 3 410 2064 4785
5762 3 1861 410 2324
5763 3 410 1861 2710
5764 3 410 1873 2324
5765 3 1873 410 4785
5766 3 4191 666 4623
5767 3 666 1903 4623
5768 3 1903 666 4419
5769 3 2848 922 4359
5770 3 922 2848 4669
5771 3 1178 1819 4475
5772 3 1222 1178 4475
5773 3 3718 1434 4088
5774 3 2791 1434 3718
5775 3 1434 2046 4088
5776 3 1690 3172 3560
5777 3 3174 1690 3560
5778 3 2089 1946 4169
5779 3 1946 2089 3778
5780 3 2202 2618 2704
5781 3 2202 2704 3989
5782 3 3430 2458 4969
5783 3 4239 2970 4904
5784 3 4163 3226 4178
5785 3 4178 3226 4742
5786 3 3857 3482 3986
5787 3 4700 3738 4838
5788 3 4250 4780 5225
5789 3 4506 4592 4855
5790 3 1129 155 1684
5791 3 155 1129 3014
5792 3 1684 155 4154
5793 3 168 155 3014
5794 3 155 168 1507
5795 3 155 1467 4154
5796 3 1467 155 1507
5797 3 513 411 1582
5798 3 411 513 2548
5799 3 1582 411 5265
5800 3 411 477 5265
5801 3 477 411 5110
5802 3 411 2548 5110
5803 3 667 2562 4580
5804 3 923 2845 5203
5805 3 923 2078 2845
5806 3 2078 923 4150
5807 3 923 3672 4150
5808 3 4635 1179 5217
5809 3 1179 1973 3523
5810 3 1973 1179 2006
5811 3 1179 3509 5217
5812 3 1179 1991 3509
5813 3 1991 1179 3523
5814 3 2006 1179 4635
5815 3 1435 3377 4915
5816 3 1435 1964 3873
5817 3 1964 1435 4915
5818 3 1691 2407 4098
5819 3 2407 1691 4290
5820 3 2960 1691 4098
5821 3 1691 2960 5064
5822 3 2119 1947 5294
5823 3 2631 2203 3983
5824 3 2203 3969 4212
5825 3 3983 2203 4212
5826 3 2459 5134 5154
5827 3 2715 3392 4035
5828 3 2971 3871 4806
5829 3 3371 2971 4662
5830 3 4662 2971 4806
5831 3 3653 3227 4344
5832 3 3227 3971 4344
5833 3 4318 3739 5274
5834 3 5009 3995 5153
5835 3 4253 3995 5009
5836 3 156 596 995
5837 3 156 995 4166
5838 3 755 156 4166
5839 3 412 537 2749
5840 3 537 412 4347
5841 3 668 3044 4432
5842 3 2882 924 4767
5843 3 1498 924 5066
5844 3 1436 1542 3899
5845 3 1542 1436 4031
5846 3 1436 3441 5200
5847 3 4031 1436 5200
5848 3 3479 1948 4332
5849 3 2542 2460 3952
5850 3 3008 2716 3216
5851 3 3023 2716 3364
5852 3 2716 3023 3216
5853 3 3484 3644 3711
5854 3 4474 4252 4798
5855 3 630 157 1244
5856 3 157 630 4071
5857 3 157 3022 4418
5858 3 3022 157 4071
5859 3 1244 157 4418
5860 3 413 3951 4424
5861 3 1410 413 4424
5862 3 2606 669 4217
5863 3 669 2606 2945
5864 3 669 2945 4636
5865 3 669 1489 4217
5866 3 1489 669 4075
5867 3 4075 669 4636
5868 3 1734 925 5122
5869 3 925 1734 2031
5870 3 925 4830 5122
5871 3 925 2031 2893
5872 3 1181 2954 5227
5873 3 2954 1181 3551
5874 3 1181 1183 3551
5875 3 4567 1181 5227
5876 3 1437 2132 4166
5877 3 2521 1437 4835
5878 3 4835 1437 4891
5879 3 1890 1693 4189
5880 3 1693 2718 4189
5881 3 2718 1693 4705
5882 3 1693 4583 4705
5883 3 4894 1949 4957
5884 3 3628 1949 4894
5885 3 1949 2476 4957
5886 3 2614 2205 5161
5887 3 2205 2614 3207
5888 3 2205 3207 3883
5889 3 2461 4120 4343
5890 3 2461 2741 3780
5891 3 2461 3780 4120
5892 3 3608 3229 4007
5893 3 1795 158 2024
5894 3 158 1091 3681
5895 3 1091 158 4048
5896 3 158 422 4048
5897 3 422 158 1756
5898 3 1756 158 1795
5899 3 2024 158 3681
5900 3 414 776 2382
5901 3 414 2382 5050
5902 3 2530 414 5050
5903 3 2765 670 4787
5904 3 670 2765 4832
5905 3 670 989 5238
5906 3 989 670 4832
5907 3 670 1009 4787
5908 3 926 1659 4896
5909 3 1659 926 3900
5910 3 3096 1182 5280
5911 3 1585 1182 4463
5912 3 1182 1585 5280
5913 3 1182 2097 3808
5914 3 1182 3808 4463
5915 3 2029 1182 3096
5916 3 1182 2029 2097
5917 3 1694 3593 3917
5918 3 3876 1694 3917
5919 3 1708 1694 3876
5920 3 1950 3094 3487
5921 3 2515 2206 5095
5922 3 2718 3537 4189
5923 3 4140 2974 5196
5924 3 2974 4724 5196
5925 3 3230 3382 3475
5926 3 3486 3678 4469
5927 3 159 1654 4611
5928 3 1654 159 4709
5929 3 2951 159 3723
5930 3 159 2951 3544
5931 3 3723 159 4611
5932 3 159 3544 4709
5933 3 415 4389 5149
5934 3 415 2395 4389
5935 3 3775 415 5149
5936 3 3283 415 3775
5937 3 415 1766 2395
5938 3 1766 415 3283
5939 3 1825 671 4641
5940 3 671 1825 4280
5941 3 671 4912 5066
5942 3 671 2882 4641
5943 3 671 924 2882
5944 3 924 671 5066
5945 3 671 4280 4912
5946 3 1174 927 4663
5947 3 927 1174 1965
5948 3 3435 1183 4875
5949 3 1183 3435 5022
5950 3 3551 1183 5022
5951 3 1439 2342 3667
5952 3 1695 2889 3411
5953 3 2889 1695 3286
5954 3 1695 2531 3286
5955 3 3073 1951 5148
5956 3 2499 1951 3073
5957 3 2207 2296 4176
5958 3 2296 2207 3165
5959 3 2719 3262 3754
5960 3 3262 2719 4038
5961 3 2719 3037 4038
5962 3 3743 4297 4462
5963 3 5108 5023 5112
5964 3 160 2144 3093
5965 3 2144 160 2616
5966 3 160 2148 2616
5967 3 2148 160 2542
5968 3 3033 160 3093
5969 3 1267 160 3033
5970 3 160 1267 2542
5971 3 416 2347 5084
5972 3 1665 416 4268
5973 3 416 1665 4015
5974 3 4268 416 5084
5975 3 416 2257 2347
5976 3 2257 416 4015
5977 3 672 3209 3918
5978 3 3209 672 4729
5979 3 672 3789 4365
5980 3 3789 672 3918
5981 3 928 2831 3884
5982 3 928 1644 2831
5983 3 1644 928 4798
5984 3 2062 1440 2751
5985 3 1440 2062 3779
5986 3 3349 1440 3779
5987 3 2751 1440 2811
5988 3 2010 1440 3349
5989 3 1440 2010 2811
5990 3 1952 3125 3758
5991 3 3309 1952 3758
5992 3 2208 2790 2908
5993 3 2790 2208 4860
5994 3 3054 2208 4059
5995 3 2208 3054 4860
5996 3 2464 3151 3665
5997 3 3151 2464 3999
5998 3 2464 3665 4781
5999 3 2464 3419 3999
6000 3 2464 2496 3419
6001 3 2496 2464 4781
6002 3 2720 4133 5041
6003 3 2976 3585 3865
6004 3 211 161 4768
6005 3 161 211 4851
6006 3 161 1264 4768
6007 3 1264 161 4564
6008 3 417 2700 4043
6009 3 2724 417 4043
6010 3 673 1175 2618
6011 3 2202 673 2618
6012 3 673 2202 5003
6013 3 1800 929 4388
6014 3 929 1553 4388
6015 3 1553 929 3706
6016 3 1639 929 1800
6017 3 1185 3669 4405
6018 3 1185 1929 3669
6019 3 1427 1185 4405
6020 3 1185 1427 2454
6021 3 1441 2643 3500
6022 3 1441 3500 4732
6023 3 1441 1509 2643
6024 3 1509 1441 2504
6025 3 1697 4178 4742
6026 3 4178 1697 5008
6027 3 2180 1697 4742
6028 3 1697 2180 3042
6029 3 1697 2444 5008
6030 3 2444 1697 3539
6031 3 3539 1697 4445
6032 3 1697 3042 4445
6033 3 3406 1953 3629
6034 3 2264 1953 3035
6035 3 3035 1953 3406
6036 3 2209 3408 4223
6037 3 2209 2437 3408
6038 3 2465 3038 3567
6039 3 2465 3567 3581
6040 3 3489 4182 5119
6041 3 3489 5119 5127
6042 3 3851 3745 4160
6043 3 4257 4261 4535
6044 3 162 579 3635
6045 3 579 162 2713
6046 3 684 162 3635
6047 3 162 684 4489
6048 3 693 162 4489
6049 3 162 693 2713
6050 3 2870 418 3915
6051 3 3915 418 4579
6052 3 1113 418 2870
6053 3 418 3707 4579
6054 3 674 2333 2439
6055 3 2333 674 3515
6056 3 2345 674 4396
6057 3 4396 674 4450
6058 3 1404 674 2345
6059 3 674 1404 3515
6060 3 674 2439 4450
6061 3 930 1925 3907
6062 3 1925 930 5262
6063 3 3512 930 3907
6064 3 930 3512 4550
6065 3 930 3020 5262
6066 3 3020 930 4550
6067 3 1186 4315 4801
6068 3 1442 4142 4667
6069 3 1442 2609 3092
6070 3 2609 1442 5007
6071 3 1442 4667 5007
6072 3 3066 1442 3092
6073 3 1442 3066 4142
6074 3 1698 3136 3835
6075 3 3256 1698 5212
6076 3 1698 1993 3136
6077 3 1993 1698 2003
6078 3 2003 1698 3256
6079 3 2565 1954 4766
6080 3 3950 2210 4989
6081 3 3853 2466 4227
6082 3 2466 3612 4227
6083 3 2759 2466 3853
6084 3 2466 2759 2966
6085 3 4534 2978 5274
6086 3 2978 4318 5274
6087 3 818 163 3663
6088 3 3663 163 4627
6089 3 1660 163 5181
6090 3 163 1660 4052
6091 3 163 4052 4627
6092 3 1060 419 2090
6093 3 419 1060 4544
6094 3 2090 419 2211
6095 3 419 1402 3425
6096 3 1402 419 4544
6097 3 2211 419 3425
6098 3 773 675 3942
6099 3 675 802 2309
6100 3 1579 931 4181
6101 3 931 1579 2717
6102 3 931 2717 3782
6103 3 4386 1187 4934
6104 3 2101 1187 4386
6105 3 1613 1187 2101
6106 3 1187 3678 4934
6107 3 1201 1187 1613
6108 3 1187 1201 3678
6109 3 1443 3313 4521
6110 3 3313 1443 5117
6111 3 2631 1955 4924
6112 3 1955 2631 3983
6113 3 1955 2935 4924
6114 3 2211 3425 3742
6115 3 3584 2211 3742
6116 3 2467 4683 5137
6117 3 2723 3251 5145
6118 3 3540 2723 4718
6119 3 2979 4188 4344
6120 3 3235 4715 5046
6121 3 3491 3555 4155
6122 3 4771 5065 5184
6123 3 164 4226 5249
6124 3 1421 164 1971
6125 3 1971 164 5249
6126 3 420 1475 2958
6127 3 1475 420 5077
6128 3 1325 676 1598
6129 3 676 1325 5099
6130 3 4687 676 5099
6131 3 932 2332 3700
6132 3 2332 932 2750
6133 3 3409 932 3700
6134 3 932 3409 4849
6135 3 2750 932 3071
6136 3 3071 932 4849
6137 3 1188 1310 3122
6138 3 1310 1188 3497
6139 3 1188 3122 5048
6140 3 3922 1188 5048
6141 3 2549 1188 3922
6142 3 1188 2549 3497
6143 3 1444 3468 3997
6144 3 1505 1444 3997
6145 3 1700 2707 3265
6146 3 2707 1700 4069
6147 3 1700 3265 3652
6148 3 3391 1956 4046
6149 3 3232 1956 3646
6150 3 1956 3232 4046
6151 3 2212 2402 4815
6152 3 2659 2468 3907
6153 3 2468 3512 3907
6154 3 3512 2468 4699
6155 3 2724 3182 3967
6156 3 3452 2980 3842
6157 3 3492 5123 5264
6158 3 4407 3492 5264
6159 3 3492 5053 5123
6160 3 3748 4383 4859
6161 3 5065 4004 5184
6162 3 165 2604 2684
6163 3 587 165 2684
6164 3 421 1124 3711
6165 3 1124 421 1943
6166 3 1657 421 4601
6167 3 421 3711 4601
6168 3 750 421 1657
6169 3 421 750 1943
6170 3 3665 677 4781
6171 3 3044 677 4094
6172 3 3049 677 3665
6173 3 677 3049 4094
6174 3 933 1573 4836
6175 3 933 2145 2647
6176 3 933 1664 2145
6177 3 1664 933 4836
6178 3 1189 2853 2885
6179 3 1189 1607 2853
6180 3 1445 2343 2883
6181 3 2343 1445 3924
6182 3 1445 2883 4527
6183 3 2632 1445 4527
6184 3 1701 3077 3412
6185 3 3077 1701 5288
6186 3 1701 4057 5288
6187 3 4057 1701 4567
6188 3 1957 2667 4685
6189 3 2667 1957 3036
6190 3 3036 1957 4914
6191 3 2213 3641 4487
6192 3 2920 2469 2957
6193 3 2981 3110 5287
6194 3 3160 2981 3708
6195 3 5205 3237 5304
6196 3 3237 5267 5304
6197 3 4355 3749 4367
6198 3 4030 4005 4422
6199 3 347 166 3060
6200 3 4037 166 4525
6201 3 3060 166 4037
6202 3 1588 422 4018
6203 3 422 1588 4048
6204 3 422 1756 4018
6205 3 4162 678 4874
6206 3 2158 678 4162
6207 3 1967 678 2325
6208 3 678 1967 4328
6209 3 678 4328 4874
6210 3 2572 934 3892
6211 3 1808 934 2572
6212 3 934 1808 2613
6213 3 3892 934 4987
6214 3 934 2613 3511
6215 3 934 3511 4987
6216 3 1190 2630 4973
6217 3 1446 1921 5053
6218 3 2470 1446 5053
6219 3 1702 3118 3338
6220 3 1958 2072 4986
6221 3 2072 1958 3810
6222 3 2258 1958 4986
6223 3 1958 2258 2792
6224 3 3810 1958 4147
6225 3 1958 2792 4147
6226 3 2214 2340 3265
6227 3 2707 2214 3265
6228 3 4746 2470 4913
6229 3 2470 3261 4913
6230 3 2726 2901 4969
6231 3 2982 3078 4141
6232 3 3078 2982 3744
6233 3 3699 2982 4141
6234 3 3457 3238 4711
6235 3 3238 3457 4345
6236 3 3777 3750 4040
6237 3 4006 4579 5243
6238 3 4807 4774 5049
6239 3 167 4145 5191
6240 3 4415 167 5191
6241 3 937 167 1779
6242 3 167 937 2294
6243 3 1779 167 4415
6244 3 167 2294 4145
6245 3 423 1578 4125
6246 3 423 622 1578
6247 3 622 423 686
6248 3 686 423 1465
6249 3 1465 423 4125
6250 3 3202 679 4618
6251 3 679 3202 4400
6252 3 679 2267 3043
6253 3 679 3043 4618
6254 3 1268 679 4400
6255 3 679 1268 2267
6256 3 3585 935 3865
6257 3 935 5129 5303
6258 3 3865 935 5303
6259 3 1691 935 3585
6260 3 935 1691 5064
6261 3 935 5064 5129
6262 3 1554 1191 2022
6263 3 2022 1191 3337
6264 3 1447 2787 4530
6265 3 2787 1447 3315
6266 3 3303 1447 3649
6267 3 1447 3303 3315
6268 3 4101 1703 4844
6269 3 2942 1703 4101
6270 3 4844 1703 5054
6271 3 1703 2034 5054
6272 3 3232 2215 4046
6273 3 2471 2850 4053
6274 3 4012 2727 5308
6275 3 3787 2727 5147
6276 3 2727 3787 5308
6277 3 2983 3800 3881
6278 3 3800 2983 5173
6279 3 4103 424 4433
6280 3 424 3149 4519
6281 3 2762 424 4103
6282 3 424 2762 3149
6283 3 424 3065 4433
6284 3 3065 424 4519
6285 3 1725 680 2693
6286 3 3208 936 4340
6287 3 936 4312 4340
6288 3 3716 1192 4805
6289 3 1192 3716 3823
6290 3 1192 1196 4805
6291 3 1671 1448 5156
6292 3 1448 1671 1777
6293 3 1448 4598 5156
6294 3 4598 1448 4653
6295 3 1704 2359 2668
6296 3 2359 1704 4534
6297 3 1704 2668 3333
6298 3 1704 2978 4534
6299 3 1960 2373 2448
6300 3 1960 3171 4558
6301 3 1960 2448 3171
6302 3 2021 1960 4558
6303 3 2216 4269 5279
6304 3 2216 2794 4269
6305 3 2216 4335 5245
6306 3 4335 2216 5279
6307 3 2472 3179 4033
6308 3 3709 2472 4131
6309 3 2728 3417 3732
6310 3 2728 3732 4090
6311 3 4328 2984 4874
6312 3 4138 3240 4379
6313 3 3240 4712 4876
6314 3 3600 3496 4158
6315 3 3496 3600 4426
6316 3 4644 3496 4955
6317 3 3496 4426 4955
6318 3 4264 4741 4891
6319 3 169 2777 4615
6320 3 2777 169 3133
6321 3 169 2279 3133
6322 3 425 1044 3652
6323 3 1044 425 3454
6324 3 1995 425 3652
6325 3 681 1843 3486
6326 3 825 681 3626
6327 3 681 3486 4469
6328 3 937 1820 3180
6329 3 1820 937 2035
6330 3 937 3180 4957
6331 3 937 1779 2035
6332 3 2294 937 4957
6333 3 1193 1500 4382
6334 3 1500 1193 1979
6335 3 1193 1258 1979
6336 3 1449 1726 2301
6337 3 1449 1473 1726
6338 3 1473 1449 1481
6339 3 1481 1449 2011
6340 3 2011 1449 3562
6341 3 1449 2301 3562
6342 3 3588 1705 5197
6343 3 3170 1705 3588
6344 3 2247 1705 3089
6345 3 1705 2247 5197
6346 3 1961 3352 4629
6347 3 3102 2473 4869
6348 3 4009 4407 5264
6349 3 4313 4265 4362
6350 3 802 170 2309
6351 3 170 802 867
6352 3 808 170 867
6353 3 426 1295 3541
6354 3 2587 426 4284
6355 3 426 855 1295
6356 3 855 426 2552
6357 3 426 3541 4284
6358 3 682 1070 2104
6359 3 1070 682 1263
6360 3 682 2104 4207
6361 3 682 870 4389
6362 3 870 682 4207
6363 3 1263 682 4389
6364 3 2897 938 4071
6365 3 938 1198 3022
6366 3 1198 938 2778
6367 3 938 3022 4071
6368 3 2107 1194 5015
6369 3 1194 2107 3738
6370 3 1194 3738 4700
6371 3 2629 1450 4321
6372 3 1450 3504 4321
6373 3 1706 4130 4997
6374 3 3238 1706 4997
6375 3 1706 3238 4345
6376 3 2327 2218 4673
6377 3 2218 4236 4673
6378 3 2730 3624 3685
6379 3 2730 3685 4149
6380 3 2730 3542 3624
6381 3 4730 4266 4946
6382 3 171 1876 3477
6383 3 1876 171 3513
6384 3 171 3289 3513
6385 3 171 3062 3289
6386 3 3062 171 3070
6387 3 3070 171 3477
6388 3 1375 427 2520
6389 3 2162 427 2649
6390 3 427 2162 4011
6391 3 2520 427 4011
6392 3 683 5023 5108
6393 3 939 1037 4987
6394 3 1037 939 4529
6395 3 939 3903 4529
6396 3 3511 939 4987
6397 3 1195 1418 2924
6398 3 1451 3491 4155
6399 3 1451 2217 3418
6400 3 2217 1451 4241
6401 3 2866 1707 3796
6402 3 1707 2179 3337
6403 3 2179 1707 2866
6404 3 3796 1707 3914
6405 3 2793 1963 5203
6406 3 1963 2549 3922
6407 3 2549 1963 2793
6408 3 2219 2469 4522
6409 3 2475 3613 5297
6410 3 4756 2475 5297
6411 3 2475 2737 3729
6412 3 2737 2475 4756
6413 3 3230 2731 3382
6414 3 4582 2987 4673
6415 3 2987 4582 5272
6416 3 3243 4265 4313
6417 3 3243 4313 4651
6418 3 4525 4523 4920
6419 3 2600 172 4999
6420 3 207 172 2600
6421 3 172 207 1532
6422 3 172 1532 3091
6423 3 2195 428 3635
6424 3 428 684 3635
6425 3 684 428 2659
6426 3 428 449 2659
6427 3 449 428 1758
6428 3 1758 428 2195
6429 3 2246 684 2659
6430 3 684 2246 4489
6431 3 940 2909 3968
6432 3 2909 940 3558
6433 3 940 3968 4787
6434 3 4293 940 4787
6435 3 940 4293 4605
6436 3 3558 940 4605
6437 3 1196 4364 4805
6438 3 1196 2098 2481
6439 3 1196 1424 4364
6440 3 1424 1196 2481
6441 3 1452 3225 3257
6442 3 1452 3257 4995
6443 3 1708 3004 4961
6444 3 2220 2269 5190
6445 3 3820 2220 5190
6446 3 2732 4013 4813
6447 3 4592 2732 5205
6448 3 173 2716 3008
6449 3 173 2227 3889
6450 3 173 1241 2227
6451 3 1241 173 3008
6452 3 1005 173 3889
6453 3 173 1005 2716
6454 3 3637 429 4431
6455 3 429 3637 4452
6456 3 2365 429 4452
6457 3 685 2060 4988
6458 3 685 878 2060
6459 3 878 685 5173
6460 3 685 3800 5173
6461 3 3800 685 4988
6462 3 941 1710 2891
6463 3 1791 941 2891
6464 3 1197 3592 4593
6465 3 4206 1197 4760
6466 3 1197 2441 3592
6467 3 1197 4593 4760
6468 3 1453 1861 3610
6469 3 1861 1453 2710
6470 3 2710 1453 2965
6471 3 2222 1453 3610
6472 3 1453 2222 2965
6473 3 2368 1709 4487
6474 3 1709 2368 3211
6475 3 1709 2213 4487
6476 3 2221 3429 4746
6477 3 3958 2221 4559
6478 3 2221 4746 4913
6479 3 4559 2221 4913
6480 3 2989 3390 5301
6481 3 3468 2989 4854
6482 3 4839 2989 5301
6483 3 3058 2989 4839
6484 3 2989 3058 4854
6485 3 3245 4856 5253
6486 3 3757 4471 4499
6487 3 2833 174 2955
6488 3 174 2833 5023
6489 3 174 683 1851
6490 3 683 174 5023
6491 3 443 174 1851
6492 3 174 443 2955
6493 3 4406 430 4502
6494 3 3220 430 3353
6495 3 430 713 3353
6496 3 713 430 4406
6497 3 1743 430 3220
6498 3 430 1743 4502
6499 3 686 1363 3495
6500 3 1363 686 1465
6501 3 686 3495 4341
6502 3 942 1434 2791
6503 3 1434 942 2046
6504 3 942 2791 3755
6505 3 2046 942 4458
6506 3 3022 1198 4316
6507 3 1788 1198 2778
6508 3 1198 1788 4316
6509 3 1454 2056 4196
6510 3 3263 1454 4248
6511 3 1966 3938 5178
6512 3 1966 2153 3938
6513 3 2153 1966 2947
6514 3 2012 1966 5178
6515 3 1966 2012 2014
6516 3 1966 2014 2947
6517 3 2222 3610 4542
6518 3 2222 2895 2965
6519 3 2222 4542 5281
6520 3 3116 2478 4036
6521 3 2734 3876 3917
6522 3 2990 3792 5194
6523 3 3246 3971 4616
6524 3 3246 4060 4750
6525 3 3502 4095 4174
6526 3 5136 4270 5270
6527 3 175 464 4954
6528 3 464 175 504
6529 3 431 4229 5033
6530 3 2757 431 3934
6531 3 431 2757 4229
6532 3 687 3113 4899
6533 3 687 1138 3113
6534 3 1138 687 4589
6535 3 3464 687 4899
6536 3 687 3464 4589
6537 3 1682 943 4508
6538 3 943 1682 2218
6539 3 1199 2049 4218
6540 3 2851 1199 4218
6541 3 1455 1570 3784
6542 3 1570 1455 3791
6543 3 2755 1455 3784
6544 3 2055 1711 4379
6545 3 1967 3963 4328
6546 3 3557 2479 4156
6547 3 2735 4515 4846
6548 3 3586 176 4947
6549 3 176 3586 4590
6550 3 2861 176 4590
6551 3 176 341 4947
6552 3 341 176 2292
6553 3 2292 176 2861
6554 3 2105 432 4581
6555 3 432 3249 5258
6556 3 1729 432 2105
6557 3 432 1729 3249
6558 3 3291 432 5258
6559 3 432 3291 4581
6560 3 688 2870 3915
6561 3 2870 688 4352
6562 3 955 688 4818
6563 3 688 955 4352
6564 3 3107 944 3502
6565 3 944 3107 4845
6566 3 944 1660 4175
6567 3 1660 944 4295
6568 3 3502 944 4175
6569 3 4295 944 4868
6570 3 944 4845 4868
6571 3 1200 2330 5228
6572 3 1337 1200 1689
6573 3 1689 1200 5120
6574 3 5120 1200 5228
6575 3 1456 4023 4335
6576 3 2539 1456 5279
6577 3 1456 1519 4023
6578 3 1519 1456 2539
6579 3 1456 4335 5279
6580 3 1712 2944 4110
6581 3 2944 1712 4861
6582 3 1712 1976 4861
6583 3 3132 1968 3792
6584 3 3792 1968 5194
6585 3 4632 2224 4828
6586 3 2736 2978 4104
6587 3 2978 2736 4318
6588 3 4318 2736 4475
6589 3 2992 3461 4198
6590 3 2992 3316 3461
6591 3 3316 2992 3726
6592 3 3504 4034 5014
6593 3 4321 3504 5014
6594 3 4697 4272 4849
6595 3 177 1545 4645
6596 3 1545 177 1888
6597 3 3359 177 4645
6598 3 1888 177 4024
6599 3 2253 177 3359
6600 3 177 2253 4024
6601 3 1891 433 4339
6602 3 433 1891 2303
6603 3 433 667 4580
6604 3 667 433 2303
6605 3 4339 433 4580
6606 3 689 1034 3455
6607 3 1034 689 3743
6608 3 689 3888 4297
6609 3 2656 689 3455
6610 3 689 1678 3888
6611 3 1678 689 2656
6612 3 3743 689 4297
6613 3 3118 945 3338
6614 3 1586 945 1886
6615 3 1886 945 2025
6616 3 2025 945 3118
6617 3 1806 1201 2532
6618 3 1201 1613 2532
6619 3 3678 1201 4469
6620 3 1457 2364 4989
6621 3 2714 1457 4353
6622 3 2206 1713 4176
6623 3 1713 2206 4743
6624 3 2039 1713 4743
6625 3 4977 1969 5047
6626 3 1969 2533 5047
6627 3 2225 3481 5144
6628 3 3481 2225 3525
6629 3 2481 3082 4113
6630 3 3082 2481 4289
6631 3 3657 2737 4756
6632 3 2955 2737 3657
6633 3 2360 178 4191
6634 3 1135 178 2360
6635 3 178 1135 4459
6636 3 666 178 4419
6637 3 178 666 4191
6638 3 178 3578 4419
6639 3 3578 178 4459
6640 3 3624 434 3685
6641 3 3389 434 3446
6642 3 1910 434 3389
6643 3 3446 434 3624
6644 3 690 2462 3270
6645 3 3137 946 3394
6646 3 3394 946 4738
6647 3 1648 946 3137
6648 3 946 985 2331
6649 3 1509 1202 3664
6650 3 1202 1509 2501
6651 3 1805 1458 4643
6652 3 1458 1805 3761
6653 3 4643 1458 4994
6654 3 1458 3006 4994
6655 3 1714 3608 4007
6656 3 1714 3040 4127
6657 3 3040 1714 4007
6658 3 4408 1970 5001
6659 3 3786 1970 4408
6660 3 2226 4117 4255
6661 3 2994 4329 4620
6662 3 4329 2994 4658
6663 3 3250 3770 4259
6664 3 3762 4161 4795
6665 3 4173 4018 4789
6666 3 4274 4573 4796
6667 3 179 342 4930
6668 3 342 179 3579
6669 3 2663 179 4102
6670 3 179 2663 3579
6671 3 179 2255 4102
6672 3 2255 179 4930
6673 3 435 560 4676
6674 3 560 435 2541
6675 3 577 435 4676
6676 3 435 577 2541
6677 3 691 1384 4940
6678 3 1384 691 3455
6679 3 2161 691 4940
6680 3 3455 691 3552
6681 3 1412 691 2161
6682 3 691 1412 3552
6683 3 3369 947 4301
6684 3 4183 947 5175
6685 3 2392 947 3369
6686 3 947 2392 5175
6687 3 1673 947 4183
6688 3 1203 2089 4169
6689 3 1203 1597 3416
6690 3 1597 1203 3321
6691 3 2838 1459 3161
6692 3 1459 1822 3161
6693 3 2076 1715 2149
6694 3 2149 1715 3494
6695 3 3176 1715 3690
6696 3 1715 3176 3494
6697 3 2227 2964 3889
6698 3 2227 2780 2964
6699 3 2635 2483 4480
6700 3 2739 3467 5155
6701 3 3747 2739 5155
6702 3 2995 4496 4752
6703 3 5145 3251 5306
6704 3 180 1401 1880
6705 3 1401 180 3018
6706 3 180 670 5238
6707 3 670 180 1009
6708 3 3018 180 5238
6709 3 436 824 1261
6710 3 1954 436 4766
6711 3 436 1261 4766
6712 3 2992 692 3726
6713 3 1481 692 1912
6714 3 692 1481 2011
6715 3 692 2011 3726
6716 3 948 1139 2164
6717 3 948 2164 5144
6718 3 3481 948 5144
6719 3 948 2744 3399
6720 3 2744 948 3481
6721 3 1204 1920 4273
6722 3 1204 1272 1920
6723 3 1460 3479 4332
6724 3 1716 2663 4168
6725 3 2663 1716 3579
6726 3 2583 1972 2627
6727 3 1972 2583 3431
6728 3 2228 5016 5187
6729 3 2228 4572 5016
6730 3 2228 3831 4572
6731 3 4377 3764 4668
6732 3 4925 3764 5229
6733 3 4020 4617 4621
6734 3 4617 4020 4914
6735 3 181 1097 2457
6736 3 1110 181 2457
6737 3 677 437 4781
6738 3 437 677 3044
6739 3 3549 437 4945
6740 3 437 3549 4781
6741 3 2713 693 4769
6742 3 4039 693 4489
6743 3 693 4039 4769
6744 3 949 2376 3011
6745 3 2376 949 3811
6746 3 949 3011 3162
6747 3 1745 949 3162
6748 3 949 1745 3811
6749 3 4131 1205 4960
6750 3 2472 1205 4131
6751 3 1205 2781 4960
6752 3 2781 1205 4078
6753 3 1461 3375 5208
6754 3 2638 1461 3981
6755 3 3981 1461 5208
6756 3 2116 1717 3229
6757 3 1717 2116 4779
6758 3 3523 1973 4887
6759 3 1973 2006 5278
6760 3 2229 2927 3992
6761 3 2927 2229 3067
6762 3 2820 2485 4536
6763 3 2917 2485 3697
6764 3 2485 2917 4536
6765 3 3780 2741 4976
6766 3 3826 2997 4810
6767 3 3253 4925 5229
6768 3 3253 5229 5300
6769 3 3253 3294 3788
6770 3 4063 4021 5060
6771 3 5082 4533 5151
6772 3 182 3109 4639
6773 3 3186 182 4639
6774 3 968 182 3186
6775 3 182 968 1000
6776 3 1324 438 2610
6777 3 438 1324 4351
6778 3 2610 438 3327
6779 3 3327 438 4908
6780 3 1333 694 4657
6781 3 694 1333 4745
6782 3 694 1875 4451
6783 3 694 4451 4657
6784 3 694 877 1875
6785 3 877 694 4745
6786 3 950 1304 4983
6787 3 1304 950 3036
6788 3 950 2899 3036
6789 3 2899 950 4335
6790 3 950 4983 5245
6791 3 4335 950 5245
6792 3 2719 1206 3037
6793 3 1243 1206 3178
6794 3 1206 1243 3037
6795 3 1462 4353 5078
6796 3 1462 2714 4353
6797 3 1462 1480 3203
6798 3 1480 1462 5078
6799 3 2561 1718 5230
6800 3 1718 2561 2810
6801 3 1718 2810 3003
6802 3 2436 1974 3798
6803 3 3971 2486 4344
6804 3 2486 2979 4344
6805 3 3246 2486 3971
6806 3 2486 3246 4750
6807 3 2742 3590 3893
6808 3 2742 3893 4799
6809 3 3034 2742 4799
6810 3 4600 2998 4981
6811 3 855 183 5231
6812 3 183 855 2552
6813 3 1921 183 2552
6814 3 1446 183 1921
6815 3 183 741 5231
6816 3 741 183 1446
6817 3 439 1340 4180
6818 3 3998 439 4180
6819 3 1740 439 3998
6820 3 439 1740 4333
6821 3 695 1086 4371
6822 3 1086 695 5115
6823 3 2633 695 4779
6824 3 695 2633 5115
6825 3 951 1593 2420
6826 3 951 1917 4658
6827 3 1917 951 2420
6828 3 2994 951 4658
6829 3 1207 3602 4794
6830 3 3602 1207 4308
6831 3 2977 1207 4032
6832 3 1207 2977 4308
6833 3 4032 1207 4794
6834 3 1463 2451 3508
6835 3 2451 1463 4285
6836 3 1463 3508 4755
6837 3 4285 1463 4797
6838 3 1749 1463 4755
6839 3 1463 1749 4797
6840 3 1719 3878 4678
6841 3 3878 1719 5269
6842 3 1719 3671 5269
6843 3 4542 1719 4678
6844 3 3471 1975 4272
6845 3 3532 1975 5035
6846 3 1975 3532 4272
6847 3 3530 2231 4709
6848 3 2487 4774 4807
6849 3 3324 2487 4807
6850 3 2743 4220 4639
6851 3 3045 2743 4639
6852 3 2743 3045 4221
6853 3 3237 2999 5267
6854 3 2999 4063 5267
6855 3 4063 2999 4519
6856 3 3647 3255 4385
6857 3 4023 4381 4956
6858 3 4335 4023 4956
6859 3 184 572 2601
6860 3 572 184 2401
6861 3 2401 184 5296
6862 3 1150 184 2175
6863 3 184 1150 5296
6864 3 1240 184 2601
6865 3 184 1240 2175
6866 3 440 3915 4579
6867 3 4006 440 4579
6868 3 440 688 3915
6869 3 688 440 4818
6870 3 698 440 4006
6871 3 440 698 4818
6872 3 2868 696 3193
6873 3 3911 696 4701
6874 3 696 3911 4022
6875 3 3193 696 4022
6876 3 696 1431 4701
6877 3 952 2833 2955
6878 3 952 3657 4313
6879 3 952 2955 3657
6880 3 1485 952 4362
6881 3 952 1485 2833
6882 3 952 4313 4362
6883 3 1556 1208 4754
6884 3 1208 4531 4754
6885 3 1231 1208 1556
6886 3 3389 1464 5236
6887 3 1464 3389 3446
6888 3 1464 3662 4558
6889 3 1464 3171 5236
6890 3 3171 1464 4558
6891 3 1464 3446 3662
6892 3 1720 4910 5103
6893 3 1720 2043 4726
6894 3 2043 1720 5103
6895 3 1976 2634 2683
6896 3 1976 2683 4861
6897 3 2232 2280 3587
6898 3 2280 2232 3189
6899 3 2744 2934 3399
6900 3 2934 2744 3710
6901 3 2744 3481 3710
6902 3 3929 3000 4370
6903 3 3000 3550 4370
6904 3 3943 3256 5212
6905 3 3449 3256 3943
6906 3 3768 4470 4704
6907 3 3817 3768 4704
6908 3 2653 185 5240
6909 3 2404 185 4187
6910 3 185 2404 2480
6911 3 185 359 4187
6912 3 185 2480 5240
6913 3 441 1512 2823
6914 3 1512 441 3048
6915 3 3048 441 4292
6916 3 1322 697 3887
6917 3 697 2127 3887
6918 3 2127 697 4166
6919 3 755 697 1322
6920 3 697 755 4166
6921 3 953 3858 5024
6922 3 953 5024 5052
6923 3 953 2812 3858
6924 3 1551 1209 3606
6925 3 1209 2395 3543
6926 3 1209 1477 1484
6927 3 1477 1209 3543
6928 3 1209 1484 3606
6929 3 1263 1209 1551
6930 3 1209 1263 2395
6931 3 1465 3726 3769
6932 3 3316 1465 4125
6933 3 1465 3316 3726
6934 3 3220 1721 4234
6935 3 4504 1977 5308
6936 3 1977 3053 5308
6937 3 3319 1977 4504
6938 3 2233 2335 3762
6939 3 4695 2233 4809
6940 3 2233 3762 4809
6941 3 3733 2489 4013
6942 3 2489 2534 4858
6943 3 4392 2745 4465
6944 3 2745 4442 4465
6945 3 4683 3001 5137
6946 3 3001 4683 4783
6947 3 3025 3001 4783
6948 3 4796 4025 4902
6949 3 4573 4025 4796
6950 3 186 2431 5000
6951 3 2431 186 3812
6952 3 3990 186 5102
6953 3 3812 186 3990
6954 3 3836 186 5000
6955 3 186 3836 5102
6956 3 2824 442 5278
6957 3 442 1360 4887
6958 3 1360 442 1506
6959 3 1973 442 4887
6960 3 442 1973 5278
6961 3 1506 442 2824
6962 3 1597 698 4654
6963 3 698 1597 4818
6964 3 698 2151 4654
6965 3 2151 698 4006
6966 3 954 1071 1906
6967 3 1071 954 2796
6968 3 954 1906 3618
6969 3 3306 954 3618
6970 3 2796 954 3306
6971 3 1210 1377 3660
6972 3 1377 1210 5096
6973 3 3286 1210 4005
6974 3 1210 3286 5096
6975 3 1466 1594 2564
6976 3 1867 1466 2564
6977 3 1466 1867 1962
6978 3 1722 3617 4682
6979 3 1978 4883 5003
6980 3 2202 1978 5003
6981 3 1978 2202 3989
6982 3 3450 2234 4763
6983 3 2234 3450 5029
6984 3 2234 4832 5142
6985 3 2746 3636 3771
6986 3 2953 2746 3771
6987 3 4764 3258 4982
6988 3 4830 4282 5122
6989 3 187 295 3230
6990 3 295 187 1517
6991 3 187 3115 3842
6992 3 3115 187 3230
6993 3 2980 187 3842
6994 3 1517 187 2980
6995 3 443 831 2241
6996 3 443 1144 2955
6997 3 1144 443 2241
6998 3 3712 699 4996
6999 3 699 3988 4996
7000 3 2856 955 3953
7001 3 955 2856 4302
7002 3 3953 955 4818
7003 3 955 4302 4352
7004 3 1211 1287 2109
7005 3 1369 1211 2109
7006 3 1211 1369 2195
7007 3 1211 2195 3635
7008 3 1467 3343 4154
7009 3 1467 2651 3343
7010 3 1467 1507 1530
7011 3 1467 1530 2651
7012 3 1723 4643 4994
7013 3 1728 1723 4994
7014 3 1979 2988 4725
7015 3 2988 1979 3448
7016 3 4123 2235 5074
7017 3 2974 2235 4123
7018 3 2235 2974 4140
7019 3 2491 3802 5252
7020 3 3450 2747 4657
7021 3 2747 3450 4763
7022 3 3312 2747 4763
7023 3 3771 4361 5211
7024 3 4295 3771 5211
7025 3 188 2565 4766
7026 3 2565 188 3814
7027 3 188 2567 3832
7028 3 188 2948 3814
7029 3 2948 188 3832
7030 3 188 1261 2567
7031 3 1261 188 4766
7032 3 444 3599 4728
7033 3 444 2619 3599
7034 3 444 1611 2619
7035 3 1611 444 3522
7036 3 3522 444 4728
7037 3 3338 700 4509
7038 3 700 1586 2448
7039 3 2373 700 2448
7040 3 700 2373 4509
7041 3 945 700 3338
7042 3 700 945 1586
7043 3 956 2694 2818
7044 3 2694 956 4325
7045 3 956 2047 4325
7046 3 1212 4873 5094
7047 3 3666 1468 4349
7048 3 1468 3192 5131
7049 3 2547 1468 3948
7050 3 1468 2547 3192
7051 3 4349 1468 5131
7052 3 1724 4640 4959
7053 3 1724 3139 5081
7054 3 3169 1724 4959
7055 3 1724 2915 3139
7056 3 2915 1724 3169
7057 3 1724 4330 4640
7058 3 4330 1724 5081
7059 3 1980 2609 5007
7060 3 2609 1980 5088
7061 3 4719 1980 5007
7062 3 1980 4719 4840
7063 3 2512 1980 4840
7064 3 2236 3359 4327
7065 3 2236 2253 3359
7066 3 3484 2492 3644
7067 3 4145 2748 5191
7068 3 2748 3985 5191
7069 3 3004 4103 4433
7070 3 3004 3423 4103
7071 3 3013 3004 4433
7072 3 3004 3013 4961
7073 3 3260 4029 4192
7074 3 3669 189 4392
7075 3 1929 189 3669
7076 3 189 1929 2941
7077 3 189 2745 4392
7078 3 2745 189 2941
7079 3 445 2355 3137
7080 3 2355 445 3002
7081 3 887 445 2725
7082 3 445 887 3002
7083 3 965 445 3137
7084 3 445 965 2725
7085 3 701 1942 4430
7086 3 2786 701 4430
7087 3 957 4110 5086
7088 3 957 4594 5250
7089 3 4594 957 5086
7090 3 3591 1213 5061
7091 3 2112 1213 5271
7092 3 1213 2112 5061
7093 3 2507 1213 3591
7094 3 1213 2507 5271
7095 3 2683 1981 4861
7096 3 2944 1981 3563
7097 3 1981 2944 4861
7098 3 4242 1981 4823
7099 3 3563 1981 4242
7100 3 2237 4097 4661
7101 3 3076 2237 4661
7102 3 2427 2237 3076
7103 3 2237 2996 4097
7104 3 2493 2644 3041
7105 3 3721 3005 4457
7106 3 4253 3005 4372
7107 3 4913 3261 5210
7108 3 3261 4495 5210
7109 3 3517 4487 5042
7110 3 190 1292 2951
7111 3 1292 190 2802
7112 3 1405 190 2951
7113 3 446 1281 2085
7114 3 1281 446 2926
7115 3 446 2085 2896
7116 3 446 2896 4984
7117 3 2926 446 4984
7118 3 1811 702 2620
7119 3 702 1811 3576
7120 3 702 2200 2985
7121 3 2200 702 3576
7122 3 1755 702 2985
7123 3 958 3232 3646
7124 3 2215 958 3480
7125 3 958 2215 3232
7126 3 958 1006 3480
7127 3 1214 1354 1914
7128 3 1354 1214 4513
7129 3 1214 1914 4815
7130 3 1214 4478 4513
7131 3 4478 1214 4585
7132 3 4585 1214 4815
7133 3 2858 1470 3841
7134 3 1470 1478 3920
7135 3 2526 1470 3920
7136 3 1982 3882 4748
7137 3 4654 1982 4748
7138 3 2151 1982 4654
7139 3 1982 2151 5243
7140 3 2238 4964 5165
7141 3 3198 2238 5165
7142 3 2238 4758 4964
7143 3 2494 2847 4383
7144 3 2494 3002 3745
7145 3 3006 4696 4908
7146 3 3262 4378 4665
7147 3 3754 3262 4665
7148 3 3262 3283 4378
7149 3 3283 3262 4038
7150 3 4542 4678 5281
7151 3 3191 191 5091
7152 3 191 3826 5091
7153 3 600 447 4801
7154 3 447 1186 4801
7155 3 703 2825 5163
7156 3 703 2356 3248
7157 3 2356 703 4546
7158 3 4546 703 5163
7159 3 1947 959 5294
7160 3 1215 1830 2270
7161 3 1215 2270 4820
7162 3 1471 2491 4372
7163 3 2895 1727 2905
7164 3 2222 1727 2895
7165 3 1727 2222 5281
7166 3 2251 1727 5281
7167 3 2746 1983 3636
7168 3 2495 3965 4401
7169 3 2751 3397 3535
7170 3 2751 2811 3397
7171 3 3364 3007 4016
7172 3 3519 4235 4825
7173 3 4155 3775 5149
7174 3 5026 4031 5200
7175 3 192 1548 3625
7176 3 192 3625 4292
7177 3 441 192 4292
7178 3 2112 448 5061
7179 3 448 3200 5061
7180 3 1153 448 3862
7181 3 448 1153 3200
7182 3 704 1204 5176
7183 3 1204 704 1272
7184 3 704 1479 4671
7185 3 1479 704 4319
7186 3 4319 704 4864
7187 3 1272 704 4671
7188 3 4864 704 5176
7189 3 960 3753 4380
7190 3 3714 1216 4797
7191 3 1216 2952 4285
7192 3 1216 4285 4797
7193 3 2317 1472 4383
7194 3 1472 2317 4591
7195 3 3428 1472 4591
7196 3 3002 1472 3428
7197 3 1472 2494 4383
7198 3 2494 1472 3002
7199 3 1984 4044 4871
7200 3 3549 2496 4781
7201 3 2196 193 3980
7202 3 193 2196 4049
7203 3 193 2487 3980
7204 3 2487 193 4774
7205 3 1493 193 4049
7206 3 449 2468 2659
7207 3 975 449 3921
7208 3 449 975 2468
7209 3 449 1758 2760
7210 3 1897 705 4492
7211 3 1985 705 2142
7212 3 705 1985 4492
7213 3 3380 961 4734
7214 3 961 3380 4497
7215 3 4734 961 5101
7216 3 2224 1217 4828
7217 3 1473 1481 3357
7218 3 1729 2105 5206
7219 3 1729 5206 5282
7220 3 1985 4162 4874
7221 3 3729 2241 3801
7222 3 3801 2241 3815
7223 3 4638 2497 4837
7224 3 2497 3996 4837
7225 3 3299 2497 4638
7226 3 2497 3299 4713
7227 3 2831 2753 3884
7228 3 2753 2831 3142
7229 3 3652 3265 5126
7230 3 3521 4533 5082
7231 3 3777 4040 4108
7232 3 194 793 1865
7233 3 194 546 793
7234 3 546 194 2531
7235 3 194 1865 2041
7236 3 858 194 3204
7237 3 194 858 2531
7238 3 194 2041 3204
7239 3 450 1363 3769
7240 3 450 873 1363
7241 3 3562 450 3769
7242 3 5123 706 5264
7243 3 706 2176 4061
7244 3 706 4061 5264
7245 3 2552 706 5123
7246 3 962 3090 4134
7247 3 2249 962 4594
7248 3 2286 962 4134
7249 3 962 2286 4594
7250 3 4156 1218 5214
7251 3 1218 2386 5214
7252 3 2386 1218 4022
7253 3 1218 2700 4022
7254 3 1262 1218 4156
7255 3 1218 1262 2700
7256 3 1474 3185 4902
7257 3 3185 1474 4782
7258 3 4025 1474 4902
7259 3 1986 3212 4629
7260 3 1986 3015 3212
7261 3 4572 2242 5113
7262 3 3372 2754 4330
7263 3 3138 2754 3372
7264 3 2754 3138 3264
7265 3 2933 2754 3473
7266 3 2754 2933 4330
7267 3 2754 3264 3473
7268 3 4034 4693 5014
7269 3 195 2601 4791
7270 3 4690 195 4821
7271 3 195 1240 2601
7272 3 1240 195 4690
7273 3 4095 195 4791
7274 3 195 4095 4821
7275 3 1349 451 4658
7276 3 451 1349 1994
7277 3 1909 451 1994
7278 3 451 1909 4329
7279 3 451 4329 4658
7280 3 707 2603 4444
7281 3 963 3345 3611
7282 3 1555 963 2210
7283 3 963 1555 3267
7284 3 963 3611 4951
7285 3 963 3267 3345
7286 3 2238 1219 4758
7287 3 3401 1475 4027
7288 3 2958 1475 3401
7289 3 1475 2560 4027
7290 3 2560 1475 5077
7291 3 1731 3103 4277
7292 3 1731 4277 4322
7293 3 1731 4322 5107
7294 3 2766 1987 3497
7295 3 2243 2769 2972
7296 3 2243 3300 5141
7297 3 2499 3073 4858
7298 3 2534 2499 4858
7299 3 4557 3523 4887
7300 3 4291 4916 5101
7301 3 3165 196 5305
7302 3 1163 196 2207
7303 3 196 1163 4077
7304 3 196 2962 5305
7305 3 2962 196 4077
7306 3 2207 196 3165
7307 3 452 3413 4375
7308 3 1112 452 4375
7309 3 452 1112 4126
7310 3 2784 452 4126
7311 3 452 2543 3413
7312 3 2543 452 2784
7313 3 708 2095 3374
7314 3 2095 708 3403
7315 3 3403 708 3640
7316 3 708 1123 3640
7317 3 964 2589 4963
7318 3 1326 1220 4672
7319 3 1220 1326 3936
7320 3 1220 3936 4091
7321 3 2626 1476 5155
7322 3 1476 2946 4193
7323 3 1476 3747 5155
7324 3 3747 1476 4193
7325 3 1732 2916 3689
7326 3 1732 3689 4759
7327 3 3702 1732 4759
7328 3 1732 2685 2916
7329 3 1988 3076 4391
7330 3 1988 2058 2332
7331 3 1988 2332 2750
7332 3 1988 2750 3076
7333 3 3898 2244 4425
7334 3 2500 2641 4047
7335 3 3268 3460 3572
7336 3 3748 3524 4270
7337 3 4270 3524 5270
7338 3 4120 3780 4485
7339 3 5267 5060 5304
7340 3 5060 5299 5304
7341 3 197 2110 3375
7342 3 2110 197 5009
7343 3 197 4253 5009
7344 3 1461 197 3375
7345 3 197 1461 4457
7346 3 3005 197 4457
7347 3 197 3005 4253
7348 3 453 4631 5056
7349 3 2080 453 2199
7350 3 2199 453 5261
7351 3 453 5056 5261
7352 3 1226 453 2080
7353 3 453 1226 2257
7354 3 453 2257 4631
7355 3 709 4366 4515
7356 3 1770 709 4307
7357 3 709 1770 4081
7358 3 709 4081 4366
7359 3 709 2556 4307
7360 3 1802 965 3137
7361 3 965 1802 3275
7362 3 2901 965 3275
7363 3 1250 965 2901
7364 3 965 1250 2725
7365 3 1221 3922 5124
7366 3 1221 1963 3922
7367 3 2991 1221 5087
7368 3 5087 1221 5124
7369 3 3891 1733 3928
7370 3 1733 3164 3928
7371 3 1733 2662 3366
7372 3 2662 1733 3891
7373 3 2815 1733 3366
7374 3 1989 4138 4379
7375 3 1989 3891 3928
7376 3 1989 3928 4138
7377 3 3774 1989 4379
7378 3 2322 2245 4749
7379 3 4652 2757 4872
7380 3 2757 2906 4872
7381 3 2906 2757 3934
7382 3 4229 2757 4652
7383 3 3936 3269 4710
7384 3 4526 3781 4811
7385 3 4771 4549 4998
7386 3 3905 198 4896
7387 3 1905 198 3905
7388 3 198 1905 3583
7389 3 198 926 4896
7390 3 926 198 3982
7391 3 198 3583 3982
7392 3 454 2942 5220
7393 3 454 1703 2942
7394 3 1703 454 2034
7395 3 2034 454 2232
7396 3 766 454 5220
7397 3 454 766 2232
7398 3 710 804 1630
7399 3 3919 710 4288
7400 3 710 3152 4288
7401 3 710 1630 3152
7402 3 3279 710 3919
7403 3 966 1282 4642
7404 3 1282 966 1971
7405 3 966 4642 5132
7406 3 966 1421 1971
7407 3 2618 1222 4475
7408 3 1478 2585 3177
7409 3 3920 1478 4898
7410 3 1478 3177 4898
7411 3 1734 3845 4634
7412 3 2031 1734 4634
7413 3 3556 1990 5298
7414 3 1990 3556 4050
7415 3 2246 2659 3907
7416 3 2502 2576 4972
7417 3 2576 2502 4824
7418 3 2859 2502 4972
7419 3 2680 2502 2859
7420 3 2502 2680 4824
7421 3 1313 199 4567
7422 3 199 1313 3566
7423 3 1181 199 1183
7424 3 199 1181 4567
7425 3 1183 199 4875
7426 3 199 3566 4875
7427 3 455 788 2094
7428 3 455 2094 3242
7429 3 2982 455 3744
7430 3 455 3242 3744
7431 3 455 459 788
7432 3 459 455 2982
7433 3 711 829 5083
7434 3 829 711 3820
7435 3 1127 711 1485
7436 3 711 1127 3820
7437 3 1485 711 1670
7438 3 3622 967 4003
7439 3 1074 967 3622
7440 3 967 1074 3986
7441 3 2789 967 3986
7442 3 967 2789 4003
7443 3 1223 1314 2937
7444 3 1314 1223 4483
7445 3 2634 1223 2683
7446 3 1223 2634 5293
7447 3 2683 1223 2937
7448 3 4483 1223 5293
7449 3 1479 3898 4425
7450 3 3898 1479 4319
7451 3 2454 1479 4425
7452 3 1735 4245 4260
7453 3 1735 3570 4245
7454 3 3332 1991 3523
7455 3 2247 4932 5197
7456 3 2247 3519 4932
7457 3 2503 3603 4381
7458 3 4023 2503 4381
7459 3 3442 3271 4822
7460 3 3783 4244 4273
7461 3 200 1035 2174
7462 3 1035 200 2740
7463 3 1396 200 4258
7464 3 200 1396 2740
7465 3 200 2174 4258
7466 3 658 456 2446
7467 3 456 658 680
7468 3 456 2048 2446
7469 3 3716 712 4652
7470 3 712 3716 4805
7471 3 712 4229 4652
7472 3 712 2505 4229
7473 3 2505 712 4805
7474 3 968 3392 4540
7475 3 3392 968 4035
7476 3 968 3186 4035
7477 3 1000 968 4540
7478 3 1224 1820 2133
7479 3 1820 1224 5019
7480 3 1224 2133 2961
7481 3 1224 4725 5019
7482 3 1224 2961 4630
7483 3 1500 1224 4630
7484 3 1224 1500 4725
7485 3 1480 2398 3203
7486 3 1736 3656 3839
7487 3 1736 3819 4644
7488 3 3819 1736 3839
7489 3 2130 1992 3861
7490 3 1992 2130 2940
7491 3 3127 2248 4614
7492 3 3016 4156 5214
7493 3 3016 3288 3557
7494 3 3016 3557 4156
7495 3 4877 3528 5273
7496 3 3528 3929 4370
7497 3 3544 3528 4877
7498 3 1894 201 3809
7499 3 201 3984 4890
7500 3 3809 201 4890
7501 3 201 2027 3984
7502 3 457 2848 4359
7503 3 457 2299 2848
7504 3 713 2879 3353
7505 3 2879 713 4966
7506 3 713 876 4966
7507 3 1225 2581 3985
7508 3 1225 1625 2581
7509 3 1625 1225 4238
7510 3 1225 3806 4238
7511 3 1481 1862 3357
7512 3 1862 1481 1912
7513 3 1737 3032 3157
7514 3 3032 1737 4577
7515 3 4563 2249 5086
7516 3 2249 4594 5086
7517 3 2505 2887 5033
7518 3 4229 2505 5033
7519 3 2761 3308 4944
7520 3 3590 3017 3893
7521 3 3017 3590 4510
7522 3 3201 3017 4510
7523 3 4002 3529 4003
7524 3 4003 3529 4619
7525 3 3785 4051 5185
7526 3 202 1356 3956
7527 3 1356 202 1505
7528 3 1505 202 3400
7529 3 458 2341 3829
7530 3 1096 458 4380
7531 3 458 1096 2341
7532 3 458 960 4380
7533 3 714 4699 5158
7534 3 714 3753 3964
7535 3 714 1746 4699
7536 3 1746 714 3964
7537 3 4284 970 5174
7538 3 970 4284 5256
7539 3 1278 970 5256
7540 3 2347 1226 3325
7541 3 2257 1226 2347
7542 3 1482 2888 4061
7543 3 1482 2176 5239
7544 3 2176 1482 4061
7545 3 3000 1738 3550
7546 3 3527 1738 5030
7547 3 1738 3527 3550
7548 3 3661 1994 4538
7549 3 2920 1994 5179
7550 3 1994 2920 4538
7551 3 2506 4185 4467
7552 3 2506 3810 4185
7553 3 2762 4103 4282
7554 3 2762 4282 4830
7555 3 3530 4877 5273
7556 3 3530 4709 4877
7557 3 1123 203 1562
7558 3 912 203 3374
7559 3 203 708 3374
7560 3 708 203 1123
7561 3 203 754 1562
7562 3 754 203 912
7563 3 788 459 2450
7564 3 3103 459 3904
7565 3 459 3699 3904
7566 3 2450 459 3103
7567 3 459 2982 3699
7568 3 2099 715 4931
7569 3 715 2099 4718
7570 3 715 2516 4938
7571 3 2516 715 4718
7572 3 715 1001 4931
7573 3 1001 715 4938
7574 3 971 2070 4132
7575 3 2070 971 5215
7576 3 971 4132 5151
7577 3 1142 971 5151
7578 3 971 1142 1271
7579 3 971 1271 5215
7580 3 1227 3372 4330
7581 3 3730 1227 5081
7582 3 1227 4330 5081
7583 3 1483 3664 4254
7584 3 1483 2643 3664
7585 3 1483 1655 2643
7586 3 4331 2251 5281
7587 3 3423 3019 5122
7588 3 3531 3600 4158
7589 3 1090 204 4626
7590 3 204 1090 1156
7591 3 786 460 2931
7592 3 460 2345 4396
7593 3 2931 460 4396
7594 3 498 460 786
7595 3 1212 716 1391
7596 3 972 3244 3686
7597 3 3244 972 4246
7598 3 2033 972 3686
7599 3 972 2033 3229
7600 3 2398 1228 4965
7601 3 1228 1415 1546
7602 3 1415 1228 1480
7603 3 1480 1228 2398
7604 3 3606 1484 4464
7605 3 3442 1740 3998
7606 3 1740 3442 4822
7607 3 4688 1996 4708
7608 3 1996 3921 4708
7609 3 3921 1996 4468
7610 3 3705 1996 4688
7611 3 1996 3705 4468
7612 3 2575 2252 4945
7613 3 2252 2575 3756
7614 3 2252 3549 4945
7615 3 2508 2516 5145
7616 3 2516 2508 4938
7617 3 3020 4550 4602
7618 3 3272 3020 4602
7619 3 4912 3276 5022
7620 3 5022 3276 5165
7621 3 4280 3276 4912
7622 3 4272 3532 4849
7623 3 1103 205 1195
7624 3 1195 205 3010
7625 3 3010 205 4088
7626 3 727 205 1103
7627 3 205 727 4088
7628 3 1283 461 3727
7629 3 461 1283 2242
7630 3 461 3163 4511
7631 3 3163 461 4572
7632 3 3727 461 4511
7633 3 461 2242 4572
7634 3 810 717 4520
7635 3 717 810 957
7636 3 717 1327 1486
7637 3 717 957 5250
7638 3 717 1486 4520
7639 3 973 1897 2816
7640 3 1290 1229 3891
7641 3 1229 1290 4943
7642 3 1229 2339 2662
7643 3 1229 2662 3891
7644 3 1485 1670 2833
7645 3 1741 2317 4270
7646 3 2317 1741 4591
7647 3 1741 4270 5136
7648 3 5074 1741 5136
7649 3 1997 3448 5005
7650 3 2779 1997 5005
7651 3 1997 2779 4342
7652 3 2253 3597 4024
7653 3 2253 3408 3597
7654 3 2509 3363 4622
7655 3 3187 2509 4622
7656 3 2509 3187 4122
7657 3 2509 3298 3363
7658 3 2765 3968 4761
7659 3 3968 2765 4787
7660 3 2765 4761 4832
7661 3 3935 3021 5172
7662 3 3206 3021 3935
7663 3 206 1128 3619
7664 3 1128 206 2689
7665 3 2689 206 3226
7666 3 469 206 3619
7667 3 206 469 3226
7668 3 1850 462 1967
7669 3 1967 462 3963
7670 3 2357 718 3362
7671 3 718 1858 3830
7672 3 718 2394 3362
7673 3 2394 718 3830
7674 3 974 1565 3980
7675 3 2487 974 3980
7676 3 974 2487 3324
7677 3 1230 2191 2973
7678 3 2017 1230 3421
7679 3 1742 4374 5025
7680 3 1742 1825 4641
7681 3 1998 3620 4136
7682 3 3620 1998 4601
7683 3 1998 4136 5084
7684 3 2675 1998 5084
7685 3 1998 2675 4601
7686 3 3447 2510 4503
7687 3 2510 2720 5041
7688 3 2796 2766 3497
7689 3 2766 2796 3306
7690 3 3278 4700 4838
7691 3 207 2600 5017
7692 3 3292 207 5017
7693 3 1532 207 3292
7694 3 463 3761 3806
7695 3 1225 463 3806
7696 3 463 468 3761
7697 3 719 901 4886
7698 3 2949 719 4886
7699 3 975 3921 4468
7700 3 4699 975 5158
7701 3 975 4468 5158
7702 3 2468 975 4699
7703 3 1231 1556 3774
7704 3 1231 3774 4897
7705 3 1487 4894 5019
7706 3 4725 1487 5019
7707 3 1487 4251 4894
7708 3 2988 1487 4725
7709 3 1487 2988 3052
7710 3 1487 3052 4251
7711 3 1743 3220 4234
7712 3 3284 1743 4234
7713 3 1743 3284 4502
7714 3 1999 3175 4710
7715 3 3131 2511 3285
7716 3 2511 3131 4315
7717 3 3216 3023 4211
7718 3 3791 3940 4214
7719 3 777 208 3369
7720 3 3369 208 4012
7721 3 208 574 5147
7722 3 574 208 604
7723 3 604 208 777
7724 3 2727 208 5147
7725 3 208 2727 4012
7726 3 2373 464 4509
7727 3 464 504 4509
7728 3 1023 464 2373
7729 3 464 1023 4954
7730 3 1076 976 4653
7731 3 976 1076 2785
7732 3 1131 976 2785
7733 3 1773 1232 1946
7734 3 1232 1773 4571
7735 3 1488 1627 4252
7736 3 1627 1488 2223
7737 3 1675 1488 4474
7738 3 1488 1675 4008
7739 3 1488 4252 4474
7740 3 2223 1488 2271
7741 3 2271 1488 4008
7742 3 1744 3606 4464
7743 3 3606 1744 4286
7744 3 3116 1744 4464
7745 3 1744 3116 4036
7746 3 1744 4036 4286
7747 3 2679 2512 5290
7748 3 2512 2679 4287
7749 3 2512 4287 4728
7750 3 2512 4840 5290
7751 3 3768 3536 4470
7752 3 209 4396 4450
7753 3 3128 209 4450
7754 3 1872 209 3128
7755 3 209 1872 2931
7756 3 209 2931 4396
7757 3 522 465 2580
7758 3 465 522 4898
7759 3 4744 465 4898
7760 3 465 4744 4942
7761 3 465 2263 2580
7762 3 2263 465 4942
7763 3 721 2748 2828
7764 3 2748 721 3985
7765 3 977 4161 4398
7766 3 4161 977 4795
7767 3 977 3489 5127
7768 3 3489 977 4398
7769 3 4795 977 5127
7770 3 1233 3586 4947
7771 3 1310 1233 4947
7772 3 1233 1310 1987
7773 3 1489 1871 4217
7774 3 3148 1745 4501
7775 3 1745 3162 4501
7776 3 1935 1745 3148
7777 3 5024 2001 5052
7778 3 2001 2536 4480
7779 3 2536 2001 5024
7780 3 2257 4015 4631
7781 3 2513 2942 4101
7782 3 2942 2513 3638
7783 3 3807 3025 4783
7784 3 4189 3537 5004
7785 3 4780 3537 5225
7786 3 3537 4780 5004
7787 3 4049 4688 4708
7788 3 4049 4346 4688
7789 3 4346 4049 5244
7790 3 1318 210 4865
7791 3 210 1318 2514
7792 3 210 3718 4865
7793 3 3718 210 4757
7794 3 210 2514 4757
7795 3 466 1861 2324
7796 3 1861 466 4479
7797 3 1357 466 2324
7798 3 3164 722 3993
7799 3 722 915 5182
7800 3 915 722 3164
7801 3 3993 722 4140
7802 3 722 2235 4140
7803 3 2235 722 5074
7804 3 5074 722 5182
7805 3 978 4617 4914
7806 3 1957 978 4914
7807 3 1234 3348 5063
7808 3 4460 1490 4935
7809 3 2935 1490 4298
7810 3 1490 3983 4935
7811 3 1955 1490 2935
7812 3 1490 1955 3983
7813 3 4298 1490 4460
7814 3 1746 3964 4550
7815 3 1746 3512 4699
7816 3 3512 1746 4550
7817 3 2002 3082 3456
7818 3 3082 2002 4026
7819 3 4026 2002 4598
7820 3 4598 2002 5156
7821 3 3871 2258 4986
7822 3 2792 2258 4791
7823 3 2514 3124 4757
7824 3 3124 2514 4096
7825 3 2514 3277 4096
7826 3 2881 2770 4846
7827 3 3026 4148 5261
7828 3 4518 3026 5056
7829 3 5056 3026 5261
7830 3 4764 4562 5073
7831 3 4562 4765 5073
7832 3 2872 211 4260
7833 3 211 2872 4851
7834 3 315 211 4768
7835 3 211 315 4260
7836 3 1311 467 2230
7837 3 467 1828 3231
7838 3 2000 467 3231
7839 3 467 1757 2230
7840 3 1757 467 2000
7841 3 851 723 1136
7842 3 723 851 2178
7843 3 1136 723 2970
7844 3 2082 979 4812
7845 3 1650 979 2821
7846 3 979 1650 4812
7847 3 1143 979 2082
7848 3 1235 1557 3080
7849 3 1557 1235 3358
7850 3 3056 1491 3725
7851 3 1491 2545 3725
7852 3 2003 3584 4455
7853 3 3539 2515 4596
7854 3 4596 2515 5095
7855 3 2771 3492 4407
7856 3 3261 2771 4495
7857 3 3283 3775 4378
7858 3 3539 4445 5199
7859 3 212 2836 4703
7860 3 2836 212 4018
7861 3 212 1588 4018
7862 3 212 875 1588
7863 3 875 212 4703
7864 3 468 1162 3006
7865 3 468 1458 3761
7866 3 1458 468 3006
7867 3 1345 724 3096
7868 3 724 1345 1999
7869 3 724 2136 3096
7870 3 2136 724 3269
7871 3 3269 724 4710
7872 3 724 1999 4710
7873 3 2655 980 3856
7874 3 2364 1236 2555
7875 3 1236 1266 2555
7876 3 1492 1589 3876
7877 3 1589 1492 3019
7878 3 1618 1492 2734
7879 3 2734 1492 3876
7880 3 2739 2004 3467
7881 3 3548 2260 5098
7882 3 2516 2723 5145
7883 3 2723 2516 4718
7884 3 3345 2772 4493
7885 3 3267 2772 3345
7886 3 4627 4052 5211
7887 3 4052 4295 5211
7888 3 4373 213 5132
7889 3 213 811 5132
7890 3 3296 213 4373
7891 3 469 1354 4742
7892 3 1354 469 1786
7893 3 3226 469 4742
7894 3 1786 469 3619
7895 3 2582 725 2881
7896 3 725 2582 3454
7897 3 725 2770 2881
7898 3 3850 981 4031
7899 3 2697 981 2749
7900 3 981 2697 4031
7901 3 1621 1237 3233
7902 3 1237 1621 4835
7903 3 4741 1237 4891
7904 3 1237 4835 4891
7905 3 4291 1493 4708
7906 3 1493 4291 5101
7907 3 1493 4049 4708
7908 3 4797 1749 5058
7909 3 1749 3803 5058
7910 3 2344 2005 3677
7911 3 3893 2261 4498
7912 3 3017 2261 3893
7913 3 2875 2773 5089
7914 3 3707 2773 5243
7915 3 3029 4131 4960
7916 3 4131 3029 4216
7917 3 3692 3029 4960
7918 3 3029 3692 4500
7919 3 3285 4553 4607
7920 3 4284 3541 5256
7921 3 3541 4603 5256
7922 3 3843 3797 5276
7923 3 4053 4484 4659
7924 3 4142 214 4667
7925 3 2624 214 4142
7926 3 214 2624 4918
7927 3 214 1109 4667
7928 3 1109 214 2400
7929 3 2400 214 4918
7930 3 2441 470 4922
7931 3 470 1197 4206
7932 3 1197 470 2441
7933 3 470 998 4922
7934 3 998 470 4206
7935 3 726 3179 4516
7936 3 3179 726 4033
7937 3 726 3961 4033
7938 3 1057 982 2855
7939 3 982 1057 4686
7940 3 2855 982 5050
7941 3 1411 982 4686
7942 3 982 1411 4537
7943 3 982 4537 5050
7944 3 1238 2359 3841
7945 3 2359 1238 2668
7946 3 2668 1238 3110
7947 3 1238 2171 3110
7948 3 2171 1238 2526
7949 3 1470 1238 3841
7950 3 1238 1470 2526
7951 3 1494 2087 5222
7952 3 2087 1494 5253
7953 3 1494 3245 5253
7954 3 1785 1494 5222
7955 3 3275 1750 3430
7956 3 2495 2006 4635
7957 3 3086 2262 4677
7958 3 2262 3086 4084
7959 3 2843 2262 3724
7960 3 2262 2843 3732
7961 3 4677 2262 4804
7962 3 3417 2262 3732
7963 3 2262 3417 4804
7964 3 3724 2262 4084
7965 3 2774 2837 5135
7966 3 2837 2774 4387
7967 3 4387 2774 4543
7968 3 3173 2774 5135
7969 3 3030 4675 5242
7970 3 3286 4005 4030
7971 3 3542 3615 3624
7972 3 215 4651 4756
7973 3 4456 215 5107
7974 3 215 4756 5297
7975 3 215 3243 4651
7976 3 485 215 4456
7977 3 215 485 3243
7978 3 5107 215 5297
7979 3 1040 471 1516
7980 3 471 2884 5037
7981 3 1516 471 5037
7982 3 727 1103 2801
7983 3 3718 727 4865
7984 3 727 3718 4088
7985 3 727 2801 4865
7986 3 983 1883 4804
7987 3 1883 983 4080
7988 3 983 3703 4080
7989 3 983 4532 5220
7990 3 4532 983 4804
7991 3 1239 2329 4152
7992 3 2329 1239 4421
7993 3 4394 1239 4778
7994 3 1239 4152 4778
7995 3 1239 1273 4421
7996 3 1495 2595 3443
7997 3 3385 1495 4871
7998 3 1495 1984 4871
7999 3 1751 3457 4711
8000 3 3457 1751 5118
8001 3 2289 1751 5069
8002 3 1751 2289 5118
8003 3 2752 2007 4449
8004 3 3913 2263 4942
8005 3 2594 2519 2734
8006 3 3119 2775 5071
8007 3 4159 3031 4753
8008 3 5031 3287 5138
8009 3 216 2067 3931
8010 3 216 3931 4980
8011 3 216 1930 3093
8012 3 1930 216 4853
8013 3 4853 216 4980
8014 3 472 3447 3683
8015 3 2720 472 4880
8016 3 472 2510 3447
8017 3 2510 472 2720
8018 3 1854 728 4449
8019 3 728 1854 4991
8020 3 4733 728 4991
8021 3 728 2752 4449
8022 3 2752 728 4733
8023 3 1032 984 4423
8024 3 984 1032 1677
8025 3 3425 984 3742
8026 3 984 1677 3742
8027 3 984 2806 4423
8028 3 2806 984 3425
8029 3 2175 1240 2539
8030 3 2539 1240 4690
8031 3 4413 1496 5046
8032 3 1496 3235 5046
8033 3 3840 1496 4413
8034 3 1752 3101 4850
8035 3 1752 2599 3101
8036 3 2599 1752 3786
8037 3 1970 1752 2250
8038 3 1752 1970 3786
8039 3 2250 1752 4850
8040 3 3957 2008 5045
8041 3 2008 2528 5045
8042 3 2839 2776 4670
8043 3 2776 2839 4326
8044 3 3123 2776 3260
8045 3 3260 2776 4029
8046 3 4029 2776 4326
8047 3 3157 3032 4554
8048 3 3032 3765 4554
8049 3 3765 3032 4577
8050 3 3557 3288 3679
8051 3 4709 3544 4877
8052 3 3800 4988 5237
8053 3 217 786 2141
8054 3 786 217 2269
8055 3 2588 217 4692
8056 3 4692 217 4967
8057 3 217 2141 4967
8058 3 2269 217 2588
8059 3 1607 473 2900
8060 3 2900 473 2940
8061 3 473 1992 2940
8062 3 729 3089 4275
8063 3 729 3355 4235
8064 3 2113 729 4275
8065 3 729 2113 3290
8066 3 3519 729 4235
8067 3 729 2247 3089
8068 3 2247 729 3519
8069 3 729 3290 3355
8070 3 985 1867 2331
8071 3 1867 985 1962
8072 3 4114 1497 4215
8073 3 4873 1753 5094
8074 3 1753 2108 4413
8075 3 1753 4413 5046
8076 3 1753 5046 5094
8077 3 2009 3339 4793
8078 3 2266 2009 2993
8079 3 2874 2265 3860
8080 3 2265 2874 4248
8081 3 2777 3133 5237
8082 3 4988 2777 5237
8083 3 3513 3289 3997
8084 3 4979 4057 5227
8085 3 4057 4567 5227
8086 3 3882 218 4748
8087 3 218 3882 4528
8088 3 218 2478 3116
8089 3 2478 218 4528
8090 3 2298 218 3116
8091 3 218 2298 4748
8092 3 474 3521 5082
8093 3 730 1390 4979
8094 3 1390 730 2255
8095 3 1651 730 4737
8096 3 4737 730 4979
8097 3 1825 986 3198
8098 3 986 2238 3198
8099 3 986 1219 2238
8100 3 1742 986 1825
8101 3 986 1742 5025
8102 3 1242 3589 3991
8103 3 1242 3991 4786
8104 3 3104 1498 5066
8105 3 1721 1498 3104
8106 3 3885 1754 4881
8107 3 1754 3885 4888
8108 3 2389 1754 4888
8109 3 1754 2389 2783
8110 3 1754 3990 4881
8111 3 1754 2783 3990
8112 3 2010 3349 4847
8113 3 2811 2010 3210
8114 3 2266 3196 3558
8115 3 2477 2266 4605
8116 3 2266 2993 3196
8117 3 2266 3558 4605
8118 3 3355 3290 3933
8119 3 3546 3693 3713
8120 3 4570 4886 5170
8121 3 219 1557 3358
8122 3 1557 219 3905
8123 3 219 3358 3570
8124 3 219 1905 3905
8125 3 1735 219 3570
8126 3 2620 475 5164
8127 3 475 3999 5164
8128 3 702 475 2620
8129 3 475 702 1755
8130 3 475 3538 3999
8131 3 475 1755 3538
8132 3 3113 731 3487
8133 3 731 3113 3580
8134 3 731 1076 1358
8135 3 1076 731 3580
8136 3 731 1358 3487
8137 3 987 1089 3378
8138 3 2252 987 3378
8139 3 987 2252 3756
8140 3 1338 1243 3178
8141 3 3037 1243 3564
8142 3 1499 2323 5216
8143 3 1913 1499 5216
8144 3 1755 2985 3135
8145 3 3726 2011 3769
8146 3 2011 3562 3769
8147 3 3731 3547 4886
8148 3 3803 4649 5058
8149 3 841 220 2150
8150 3 1365 220 1814
8151 3 220 1365 4171
8152 3 2150 220 4171
8153 3 220 237 1814
8154 3 237 220 841
8155 3 2343 476 2883
8156 3 476 2343 4500
8157 3 2883 476 2908
8158 3 3692 476 4500
8159 3 476 3692 4059
8160 3 476 2208 2908
8161 3 2208 476 4059
8162 3 732 899 4948
8163 3 899 732 4541
8164 3 988 3966 4827
8165 3 988 2183 3966
8166 3 2183 988 4735
8167 3 3248 988 4827
8168 3 988 3248 3328
8169 3 988 3328 4735
8170 3 2325 1244 4435
8171 3 3356 1244 4418
8172 3 1244 3356 4435
8173 3 4382 1500 4630
8174 3 1500 1979 4725
8175 3 1756 1795 3766
8176 3 4018 1756 4789
8177 3 1756 3766 4789
8178 3 3140 2012 4848
8179 3 2012 2758 2910
8180 3 2014 2012 2910
8181 3 4848 2012 5178
8182 3 4200 2524 5237
8183 3 2524 4200 5258
8184 3 2524 3249 3881
8185 3 3249 2524 5258
8186 3 3800 2524 3881
8187 3 2524 3800 5237
8188 3 2964 2780 4391
8189 3 4062 3292 5017
8190 3 3607 3548 5098
8191 3 5016 4572 5113
8192 3 2478 221 4036
8193 3 4036 221 4286
8194 3 221 489 4286
8195 3 489 221 2543
8196 3 2543 221 3413
8197 3 477 1139 5265
8198 3 733 1142 5151
8199 3 1142 733 4838
8200 3 4533 733 5151
8201 3 3278 733 4533
8202 3 733 3278 4838
8203 3 2139 989 4832
8204 3 989 2488 5238
8205 3 1245 2155 4224
8206 3 1400 1245 4944
8207 3 1245 1400 2155
8208 3 2701 1245 4224
8209 3 1245 2701 2761
8210 3 1245 2761 4944
8211 3 2902 1501 3647
8212 3 1501 2902 4055
8213 3 1501 3255 3647
8214 3 3255 1501 4845
8215 3 1501 4055 4868
8216 3 4845 1501 4868
8217 3 2230 1757 4784
8218 3 3560 2013 4770
8219 3 3822 2013 4722
8220 3 2013 3822 4770
8221 3 2269 4628 5190
8222 3 2269 2588 4628
8223 3 3167 2525 5226
8224 3 2781 4416 4960
8225 3 2781 4078 4304
8226 3 3293 3868 5092
8227 3 3293 3705 4688
8228 3 3705 3293 5092
8229 3 4346 3293 4688
8230 3 222 1806 2403
8231 3 222 2403 3626
8232 3 681 222 3626
8233 3 222 681 4469
8234 3 222 1201 1806
8235 3 1201 222 4469
8236 3 5153 478 5285
8237 3 734 2311 5186
8238 3 2311 734 4199
8239 3 3368 734 5186
8240 3 734 3368 4477
8241 3 4199 734 4477
8242 3 2685 990 3955
8243 3 990 1732 3702
8244 3 1732 990 2685
8245 3 4866 1246 5068
8246 3 1246 2677 3962
8247 3 2677 1246 4745
8248 3 2447 1246 3962
8249 3 1246 2447 5068
8250 3 1502 1835 4892
8251 3 1835 1502 3721
8252 3 4720 1502 4892
8253 3 3005 1502 4372
8254 3 1502 3005 3721
8255 3 1758 2181 2760
8256 3 2181 1758 3055
8257 3 1758 2195 3055
8258 3 2014 2182 2947
8259 3 2270 3763 4820
8260 3 3535 2270 4041
8261 3 3869 2526 3920
8262 3 2782 3825 4604
8263 3 2782 4604 5248
8264 3 3567 3038 3994
8265 3 2894 223 3582
8266 3 384 223 2894
8267 3 223 384 480
8268 3 223 480 1757
8269 3 2227 479 2780
8270 3 479 1991 3332
8271 3 1991 479 3509
8272 3 1241 479 2227
8273 3 479 1241 3509
8274 3 2780 479 3332
8275 3 2065 735 2620
8276 3 2620 735 3846
8277 3 735 1374 3846
8278 3 1374 735 1810
8279 3 1431 735 2065
8280 3 1072 991 3166
8281 3 991 1072 3031
8282 3 2249 1247 2482
8283 3 1247 2249 4563
8284 3 3817 1247 4242
8285 3 1247 3563 4242
8286 3 3563 1247 4563
8287 3 1503 2988 3448
8288 3 2988 1503 3052
8289 3 1997 1503 3448
8290 3 3052 1503 4608
8291 3 1759 2820 3387
8292 3 2015 2598 3792
8293 3 2598 2015 4570
8294 3 2015 3395 4092
8295 3 2015 2990 3395
8296 3 2990 2015 3792
8297 3 2015 4092 4570
8298 3 2622 2527 3701
8299 3 2527 2692 3701
8300 3 2546 2527 2622
8301 3 3812 2783 4884
8302 3 2783 3812 3990
8303 3 3039 4067 4610
8304 3 4067 3039 5034
8305 3 3551 5022 5165
8306 3 4539 3807 4783
8307 3 4063 5060 5267
8308 3 1282 224 4642
8309 3 224 1282 1956
8310 3 3355 224 3391
8311 3 224 3355 3933
8312 3 224 3933 4642
8313 3 224 1956 3391
8314 3 480 813 2268
8315 3 480 2268 4784
8316 3 1757 480 4784
8317 3 1026 736 4863
8318 3 992 2759 3222
8319 3 1248 4453 4587
8320 3 1248 1965 4493
8321 3 1248 2772 4453
8322 3 2772 1248 4493
8323 3 1504 1688 3159
8324 3 1760 3173 3975
8325 3 1760 2774 3173
8326 3 2774 1760 4543
8327 3 2067 2016 3931
8328 3 2016 2067 5000
8329 3 4184 2016 5000
8330 3 2272 2869 5262
8331 3 2561 2528 2810
8332 3 2857 2784 4126
8333 3 3040 4107 4410
8334 3 4127 3040 4410
8335 3 3040 4007 4107
8336 3 3311 3296 4373
8337 3 225 1685 3687
8338 3 1685 225 4342
8339 3 225 2507 3591
8340 3 2507 225 3687
8341 3 809 481 3213
8342 3 481 809 4862
8343 3 3213 481 5273
8344 3 481 1533 3280
8345 3 1533 481 4862
8346 3 737 3899 4486
8347 3 737 1436 3899
8348 3 1436 737 3441
8349 3 4340 737 4486
8350 3 993 2374 5018
8351 3 2374 993 4085
8352 3 993 3447 4503
8353 3 993 1260 3447
8354 3 1260 993 2028
8355 3 2028 993 5018
8356 3 4085 993 4503
8357 3 1249 2362 3593
8358 3 2362 1249 2755
8359 3 1249 4961 5128
8360 3 1694 1249 3593
8361 3 1249 1694 1708
8362 3 1249 1708 4961
8363 3 2755 1249 5128
8364 3 3289 1505 3997
8365 3 1761 4199 4477
8366 3 2414 1761 4477
8367 3 2405 2273 4233
8368 3 2672 2529 4079
8369 3 3350 3297 3623
8370 3 4065 4834 5302
8371 3 3877 226 5171
8372 3 226 4704 5171
8373 3 2482 226 3877
8374 3 1247 226 2482
8375 3 226 1247 3817
8376 3 226 3817 4704
8377 3 482 1802 3394
8378 3 1802 482 3275
8379 3 482 3394 4738
8380 3 1373 482 1687
8381 3 482 1373 1750
8382 3 1687 482 4738
8383 3 482 1750 3275
8384 3 738 1838 3853
8385 3 3396 738 3639
8386 3 1923 738 3853
8387 3 738 1923 3639
8388 3 2277 738 3396
8389 3 2052 994 3941
8390 3 994 2638 3941
8391 3 994 3721 4457
8392 3 994 1461 2638
8393 3 1461 994 4457
8394 3 2184 1250 2901
8395 3 2062 1762 5292
8396 3 1762 2062 2751
8397 3 1762 3463 5268
8398 3 3463 1762 4041
8399 3 1762 5268 5292
8400 3 1762 2751 3535
8401 3 1762 3535 4041
8402 3 3351 2274 4073
8403 3 4537 2530 5050
8404 3 3410 2786 4430
8405 3 4472 3042 4505
8406 3 3810 4147 4185
8407 3 4066 4415 5191
8408 3 4322 4456 5107
8409 3 1333 227 1922
8410 3 227 1333 2747
8411 3 227 1141 2093
8412 3 1141 227 3312
8413 3 1922 227 2093
8414 3 227 2747 3312
8415 3 705 483 2357
8416 3 483 705 1897
8417 3 483 973 1858
8418 3 973 483 1897
8419 3 483 718 2357
8420 3 718 483 1858
8421 3 4105 739 4858
8422 3 2588 739 4105
8423 3 739 2588 4692
8424 3 739 4692 4813
8425 3 4013 739 4813
8426 3 2489 739 4013
8427 3 739 2489 4858
8428 3 1437 995 4891
8429 3 995 1437 4166
8430 3 995 4264 4891
8431 3 1251 3332 4557
8432 3 2058 1251 4557
8433 3 1988 1251 2058
8434 3 1251 1988 4391
8435 3 1251 2780 3332
8436 3 2780 1251 4391
8437 3 3993 1763 4138
8438 3 1763 3993 4810
8439 3 1763 3240 4138
8440 3 3240 1763 4712
8441 3 1763 2997 4712
8442 3 2997 1763 4810
8443 3 2019 2230 4784
8444 3 2230 2019 3068
8445 3 2019 2268 2867
8446 3 2268 2019 4784
8447 3 2275 2572 3135
8448 3 2985 2275 3135
8449 3 4530 2787 4884
8450 3 2787 3812 4884
8451 3 3043 3336 4195
8452 3 3043 4195 4618
8453 3 3775 3555 4378
8454 3 3555 3775 4155
8455 3 3996 3811 5038
8456 3 228 1539 5099
8457 3 228 261 1539
8458 3 261 228 4363
8459 3 4363 228 5072
8460 3 301 228 4997
8461 3 228 301 5072
8462 3 228 1325 4997
8463 3 1325 228 5099
8464 3 484 3888 4873
8465 3 484 2626 3888
8466 3 1212 484 4873
8467 3 484 1476 2626
8468 3 1476 484 2946
8469 3 871 740 1320
8470 3 740 871 1420
8471 3 740 1420 4613
8472 3 996 1095 1893
8473 3 1095 996 3698
8474 3 996 2642 4164
8475 3 996 1893 2642
8476 3 3698 996 4164
8477 3 1252 1706 4345
8478 3 1508 3659 4310
8479 3 1508 2443 3659
8480 3 2443 1508 5248
8481 3 1508 4310 4816
8482 3 1508 2782 5248
8483 3 2782 1508 4816
8484 3 2629 1764 2855
8485 3 1764 2629 4321
8486 3 2316 2020 3961
8487 3 3961 2020 4033
8488 3 3012 2276 3234
8489 3 3044 4094 4432
8490 3 229 400 915
8491 3 400 229 1791
8492 3 229 915 2815
8493 3 229 941 1791
8494 3 941 229 2815
8495 3 485 4456 4684
8496 3 3243 485 4684
8497 3 741 1890 5231
8498 3 741 1693 1890
8499 3 1693 741 4583
8500 3 741 1446 4583
8501 3 997 2665 4931
8502 3 997 2425 3831
8503 3 2228 997 3831
8504 3 1001 997 4931
8505 3 997 1001 2425
8506 3 1253 3873 4090
8507 3 3467 1253 3518
8508 3 3518 1253 4090
8509 3 1253 2004 3873
8510 3 2004 1253 3467
8511 3 2643 1509 3664
8512 3 2501 1509 2504
8513 3 2366 1765 3503
8514 3 3503 1765 4694
8515 3 3322 1765 4141
8516 3 2021 3263 4664
8517 3 3239 2277 3396
8518 3 3469 2789 3870
8519 3 2789 3469 4003
8520 3 3109 3045 4639
8521 3 3879 3813 5039
8522 3 769 230 2975
8523 3 230 769 3554
8524 3 230 3554 4099
8525 3 486 657 3058
8526 3 657 486 4343
8527 3 486 4839 4903
8528 3 486 3058 4839
8529 3 4343 486 4903
8530 3 742 2720 4880
8531 3 2720 742 4133
8532 3 2274 742 4880
8533 3 742 2274 3351
8534 3 998 4001 4922
8535 3 998 2290 4001
8536 3 3347 1254 4968
8537 3 1254 3347 3501
8538 3 1617 1254 2093
8539 3 1254 1617 5282
8540 3 4968 1254 5282
8541 3 1254 1922 2093
8542 3 1922 1254 3501
8543 3 1510 4395 4779
8544 3 2116 1510 4779
8545 3 1510 1636 3072
8546 3 1510 3072 4395
8547 3 2395 1766 3543
8548 3 1766 3283 4038
8549 3 3037 1766 4038
8550 3 2179 2022 3337
8551 3 2278 3414 5043
8552 3 2278 4222 4686
8553 3 4222 2278 5043
8554 3 2790 4860 5118
8555 3 3046 4163 4178
8556 3 4163 3046 4210
8557 3 3046 4178 5008
8558 3 4210 3046 4990
8559 3 3046 4334 4990
8560 3 231 4065 5302
8561 3 4586 231 5302
8562 3 487 1027 1882
8563 3 1027 487 4256
8564 3 487 1882 3992
8565 3 2927 487 3992
8566 3 2186 487 2927
8567 3 487 2186 4843
8568 3 4256 487 4843
8569 3 2623 743 3646
8570 3 743 958 3646
8571 3 958 743 1006
8572 3 3154 999 5111
8573 3 999 2652 3097
8574 3 2652 999 3154
8575 3 1423 999 3097
8576 3 999 1423 5111
8577 3 1590 1255 3981
8578 3 3981 1255 4636
8579 3 1255 4564 4636
8580 3 1264 1255 1590
8581 3 1255 1264 4564
8582 3 1511 2310 3739
8583 3 2535 3960 4904
8584 3 3330 2791 4757
8585 3 2791 3330 4262
8586 3 2791 3718 4757
8587 3 3755 2791 4262
8588 3 4361 3047 5211
8589 3 3047 4361 5213
8590 3 3047 4817 5211
8591 3 3303 3649 3740
8592 3 4327 4454 5254
8593 3 232 613 2695
8594 3 613 232 2263
8595 3 2263 232 2580
8596 3 1257 232 2695
8597 3 232 1257 1781
8598 3 232 1781 2580
8599 3 488 2631 5268
8600 3 3463 488 5268
8601 3 488 2203 2631
8602 3 2300 488 3463
8603 3 801 744 5045
8604 3 744 801 4828
8605 3 744 2409 5045
8606 3 1217 744 4828
8607 3 1429 1000 4540
8608 3 1000 1429 3833
8609 3 2564 1256 3559
8610 3 1594 1256 2564
8611 3 1256 1594 2767
8612 3 3559 1256 3916
8613 3 2823 1512 3241
8614 3 1512 2396 3241
8615 3 2396 1512 2808
8616 3 2808 1512 3048
8617 3 1793 1768 4174
8618 3 1768 1793 2258
8619 3 1768 3371 4174
8620 3 2971 1768 3871
8621 3 1768 2971 3371
8622 3 1768 2258 3871
8623 3 3188 2024 3681
8624 3 3587 2280 4201
8625 3 2280 3189 3280
8626 3 2536 2635 4480
8627 3 3304 4101 4844
8628 3 233 3844 3952
8629 3 3844 233 5036
8630 3 5036 233 5103
8631 3 2043 233 2604
8632 3 233 2043 5103
8633 3 489 3415 4286
8634 3 489 2784 4143
8635 3 751 489 4143
8636 3 489 751 3415
8637 3 489 2543 2784
8638 3 745 814 3667
8639 3 814 745 2521
8640 3 2132 745 4985
8641 3 919 745 3667
8642 3 745 919 4985
8643 3 1437 745 2132
8644 3 745 1437 2521
8645 3 2425 1001 4938
8646 3 1257 1716 4168
8647 3 1781 1257 4168
8648 3 3258 1513 4982
8649 3 1513 3258 4752
8650 3 1769 3239 3396
8651 3 2907 2025 3719
8652 3 2167 2025 2907
8653 3 2352 2281 4237
8654 3 2281 4204 4237
8655 3 2537 4408 5001
8656 3 2537 4439 5234
8657 3 4439 2537 5001
8658 3 4336 2537 5234
8659 3 2845 2793 5203
8660 3 3597 3049 3794
8661 3 3049 3665 3794
8662 3 3938 3305 4119
8663 3 3817 4242 4823
8664 3 891 234 1323
8665 3 234 891 2454
8666 3 234 2454 4425
8667 3 2244 234 4425
8668 3 876 490 4740
8669 3 1696 490 4406
8670 3 490 713 4406
8671 3 713 490 876
8672 3 746 1303 1974
8673 3 1303 746 2300
8674 3 1079 746 2436
8675 3 746 1079 2273
8676 3 746 1974 2436
8677 3 746 2273 3694
8678 3 2300 746 3694
8679 3 3408 1002 4223
8680 3 4223 1002 4879
8681 3 2236 1002 2253
8682 3 2253 1002 3408
8683 3 1002 1016 4879
8684 3 1016 1002 2236
8685 3 3448 1258 5005
8686 3 1979 1258 3448
8687 3 3966 1770 4307
8688 3 2943 1770 3966
8689 3 1941 1770 2943
8690 3 1770 1941 4081
8691 3 3885 2026 4888
8692 3 2282 3722 4028
8693 3 3672 2538 4150
8694 3 2538 3672 3767
8695 3 2538 3767 4625
8696 3 2794 4153 4269
8697 3 4153 2794 4300
8698 3 4300 2794 4603
8699 3 3306 3618 5157
8700 3 235 3630 4214
8701 3 3630 235 5242
8702 3 1860 235 3940
8703 3 235 1860 3294
8704 3 3940 235 4214
8705 3 235 3030 5242
8706 3 3030 235 3294
8707 3 491 807 3300
8708 3 807 491 5109
8709 3 3298 491 3363
8710 3 491 3300 3363
8711 3 3057 491 3298
8712 3 491 3057 5109
8713 3 747 3393 4953
8714 3 4420 747 4953
8715 3 3691 747 4420
8716 3 747 3691 4167
8717 3 747 3183 3393
8718 3 2187 747 4167
8719 3 1003 3956 4936
8720 3 1787 1003 4936
8721 3 1003 1787 5100
8722 3 2098 1259 4289
8723 3 1259 2098 3051
8724 3 1259 2188 3335
8725 3 2188 1259 3051
8726 3 2850 1515 4790
8727 3 2452 1515 3494
8728 3 1515 2452 4606
8729 3 2471 1515 2850
8730 3 1515 2471 3494
8731 3 1515 4606 4790
8732 3 3984 2027 4315
8733 3 4801 2027 4927
8734 3 4315 2027 4801
8735 3 2283 4030 4422
8736 3 4030 2283 4203
8737 3 2539 4690 4814
8738 3 3563 4563 5086
8739 3 3819 3839 4124
8740 3 4564 4075 4636
8741 3 4678 4331 5281
8742 3 2061 236 4875
8743 3 236 2061 3901
8744 3 236 2375 4912
8745 3 2375 236 3901
8746 3 236 3435 4875
8747 3 3435 236 4912
8748 3 2396 492 3241
8749 3 3469 492 4002
8750 3 4002 492 4762
8751 3 2295 492 2396
8752 3 492 2295 4762
8753 3 748 3749 4355
8754 3 748 3252 3749
8755 3 1004 1115 3604
8756 3 1115 1004 2766
8757 3 1004 1987 2766
8758 3 1004 1233 1987
8759 3 3447 1260 3683
8760 3 1260 3524 3683
8761 3 3524 1260 5270
8762 3 1260 2028 5270
8763 3 1516 4867 5260
8764 3 1516 4324 4867
8765 3 4324 1516 5037
8766 3 2878 1772 4080
8767 3 1883 1772 3804
8768 3 1772 1883 4080
8769 3 2028 4123 5270
8770 3 4724 2028 5018
8771 3 2028 2974 4123
8772 3 2974 2028 4724
8773 3 2284 2393 3373
8774 3 2787 2540 3812
8775 3 2540 2787 3315
8776 3 4803 3820 5190
8777 3 237 1552 1814
8778 3 1552 237 3553
8779 3 237 841 3553
8780 3 3607 493 5034
8781 3 2608 493 3607
8782 3 1655 493 2608
8783 3 493 1655 4067
8784 3 493 4067 5034
8785 3 749 2599 3786
8786 3 749 1401 2599
8787 3 1401 749 1880
8788 3 1615 1005 3889
8789 3 1005 1615 3007
8790 3 2716 1005 3364
8791 3 1005 3007 3364
8792 3 2567 1261 4816
8793 3 2185 1517 2980
8794 3 1517 2185 5072
8795 3 3437 1773 4511
8796 3 1773 3437 4571
8797 3 1773 1946 3778
8798 3 1773 3778 4511
8799 3 2136 2029 3096
8800 3 2645 2285 3422
8801 3 2285 2645 2685
8802 3 3422 2285 3821
8803 3 2285 2685 3955
8804 3 3150 2541 3445
8805 3 3445 2541 4271
8806 3 3053 4012 5308
8807 3 3433 3309 5089
8808 3 238 1835 3601
8809 3 1835 238 4892
8810 3 3964 494 4547
8811 3 3753 494 3964
8812 3 960 494 3753
8813 3 750 2369 3514
8814 3 2369 750 3325
8815 3 750 1657 3325
8816 3 1943 750 3514
8817 3 2700 1262 4043
8818 3 2479 1262 4156
8819 3 3655 1518 4112
8820 3 1518 3272 4112
8821 3 3020 1518 5262
8822 3 1518 3020 3272
8823 3 2272 1518 3655
8824 3 1518 2272 5262
8825 3 3988 1774 4996
8826 3 1774 2712 4584
8827 3 1774 2473 3102
8828 3 2473 1774 3988
8829 3 2030 2653 3954
8830 3 4594 2286 5250
8831 3 3844 2542 3952
8832 3 3302 2798 3751
8833 3 3566 4336 5234
8834 3 239 4198 4829
8835 3 239 2992 4198
8836 3 692 239 1912
8837 3 239 692 2992
8838 3 495 3850 5026
8839 3 3166 495 5026
8840 3 991 495 3166
8841 3 1070 751 2104
8842 3 751 1070 3415
8843 3 2100 751 4143
8844 3 751 2100 2104
8845 3 1370 1007 1688
8846 3 1007 1370 4549
8847 3 1688 1007 4514
8848 3 1007 4771 5184
8849 3 1007 4549 4771
8850 3 2395 1263 4389
8851 3 1519 2539 4814
8852 3 4079 1519 4814
8853 3 2584 1775 3010
8854 3 2182 1775 2584
8855 3 1775 1943 3514
8856 3 1943 1775 2014
8857 3 3010 1775 3514
8858 3 2014 1775 2182
8859 3 2031 4634 5137
8860 3 2893 2031 3001
8861 3 3001 2031 5137
8862 3 2287 2788 5100
8863 3 3311 4373 4655
8864 3 3581 3567 3680
8865 3 3429 240 4746
8866 3 240 1446 2470
8867 3 1446 240 4583
8868 3 240 2470 4746
8869 3 2814 240 3429
8870 3 240 1279 4583
8871 3 1279 240 2814
8872 3 2113 496 3290
8873 3 496 1881 3498
8874 3 496 866 3933
8875 3 866 496 3498
8876 3 1133 496 2113
8877 3 496 1133 1881
8878 3 3290 496 3933
8879 3 2320 752 5195
8880 3 5195 752 5293
8881 3 1111 752 3604
8882 3 752 1111 5293
8883 3 1008 4671 4932
8884 3 1920 1008 4825
8885 3 3519 1008 4932
8886 3 1008 3519 4825
8887 3 1008 1272 4671
8888 3 1272 1008 1920
8889 3 1264 1590 3959
8890 3 1264 3959 4768
8891 3 3194 1520 4893
8892 3 1520 3194 4773
8893 3 3573 1776 4074
8894 3 2032 2405 3969
8895 3 2032 2273 2405
8896 3 2273 2032 3694
8897 3 2852 2288 4082
8898 3 2288 2674 4082
8899 3 2756 2288 2852
8900 3 2544 3673 4952
8901 3 2998 2800 4981
8902 3 2800 2998 4589
8903 3 3056 3725 3772
8904 3 241 290 4992
8905 3 1603 241 4992
8906 3 497 4406 4502
8907 3 497 1696 4406
8908 3 4320 497 4502
8909 3 4901 753 5087
8910 3 1609 753 4185
8911 3 753 1609 2401
8912 3 4185 753 4901
8913 3 753 2401 2991
8914 3 753 2991 5087
8915 3 1009 1344 4787
8916 3 1265 1576 3136
8917 3 1576 1265 2198
8918 3 1521 2997 3826
8919 3 2033 3686 4107
8920 3 3229 2033 4007
8921 3 4007 2033 4107
8922 3 2289 2786 3410
8923 3 2786 2289 5069
8924 3 3659 2801 3957
8925 3 3313 4213 4521
8926 3 3825 3864 4604
8927 3 4404 242 4807
8928 3 3668 242 4404
8929 3 242 3324 4807
8930 3 498 786 2220
8931 3 498 1908 4265
8932 3 1908 498 2220
8933 3 754 1288 2377
8934 3 1562 754 2377
8935 3 1010 2832 4545
8936 3 1010 4183 5175
8937 3 2392 1010 5175
8938 3 1010 3987 4183
8939 3 3987 1010 4545
8940 3 1010 1433 2832
8941 3 1433 1010 2392
8942 3 1522 2822 4650
8943 3 2822 1522 4221
8944 3 3493 1522 4650
8945 3 5133 1778 5299
8946 3 1778 5205 5304
8947 3 5299 1778 5304
8948 3 1778 4592 5205
8949 3 4592 1778 4855
8950 3 4855 1778 5133
8951 3 2445 2290 2678
8952 3 2290 2445 4575
8953 3 4001 2290 4575
8954 3 2546 2622 3244
8955 3 2546 3244 4246
8956 3 3826 4810 5196
8957 3 5091 3826 5196
8958 3 243 1584 3690
8959 3 1584 243 3302
8960 3 1371 243 3690
8961 3 243 1371 3302
8962 3 1629 499 2969
8963 3 499 1629 4788
8964 3 2577 1011 4949
8965 3 2882 1011 4641
8966 3 1011 2882 4767
8967 3 1114 1011 2577
8968 3 1011 1114 4641
8969 3 2460 1267 4186
8970 3 1267 2460 2542
8971 3 1720 1523 4910
8972 3 1523 4586 4910
8973 3 2854 1779 4415
8974 3 1779 2854 4680
8975 3 2035 1779 4680
8976 3 2035 4680 4937
8977 3 2133 2035 4937
8978 3 3343 2291 4154
8979 3 4154 2291 5093
8980 3 2291 5028 5093
8981 3 2547 3948 5146
8982 3 2803 4114 4215
8983 3 3059 3651 4213
8984 3 3313 3059 4213
8985 3 3059 3313 5117
8986 3 4083 4284 5174
8987 3 4339 4580 5177
8988 3 244 3911 4701
8989 3 244 603 2120
8990 3 603 244 4701
8991 3 244 2930 3911
8992 3 1422 244 2120
8993 3 244 1422 2930
8994 3 500 3224 4086
8995 3 1047 756 1366
8996 3 1366 756 5067
8997 3 756 3247 5067
8998 3 3274 1012 4225
8999 3 1012 3274 4068
9000 3 1268 4400 5212
9001 3 1698 1268 5212
9002 3 1268 1698 3835
9003 3 2267 1268 3835
9004 3 2939 1524 4010
9005 3 2581 1780 4066
9006 3 1780 2854 4415
9007 3 2854 1780 3479
9008 3 1948 1780 2581
9009 3 1780 1948 3479
9010 3 4066 1780 4415
9011 3 3194 2036 4773
9012 3 2821 2292 2861
9013 3 2292 2821 4682
9014 3 3141 2292 4682
9015 3 2804 4648 5166
9016 3 2804 4279 4648
9017 3 3060 4037 4399
9018 3 3279 3060 4399
9019 3 3060 3279 3919
9020 3 3461 3316 4125
9021 3 245 1834 2925
9022 3 1834 245 4294
9023 3 1332 245 2925
9024 3 245 1332 1771
9025 3 245 1771 4294
9026 3 3119 501 4446
9027 3 501 3119 5071
9028 3 3668 501 5071
9029 3 3439 501 3668
9030 3 501 3439 4446
9031 3 757 1313 1701
9032 3 1313 757 4336
9033 3 757 1701 3412
9034 3 757 2537 4336
9035 3 1013 2075 3057
9036 3 2340 1013 3298
9037 3 2214 1013 2340
9038 3 1013 3057 3298
9039 3 1013 2037 2075
9040 3 2037 1013 2214
9041 3 3172 1269 3560
9042 3 1937 1269 4436
9043 3 1269 1937 4722
9044 3 2013 1269 4722
9045 3 1269 2013 3560
9046 3 1525 3156 3875
9047 3 3156 1525 3987
9048 3 3987 1525 5057
9049 3 3869 1781 3909
9050 3 3909 1781 4168
9051 3 2415 2293 5204
9052 3 2293 2415 4588
9053 3 2686 2549 2793
9054 3 2805 4158 5106
9055 3 2805 3531 4158
9056 3 3061 4424 4995
9057 3 3257 3061 4995
9058 3 4867 3317 5002
9059 3 4403 3573 4819
9060 3 3573 4074 4819
9061 3 4424 246 4995
9062 3 3951 246 4424
9063 3 502 3346 3880
9064 3 502 2664 3211
9065 3 1927 502 3880
9066 3 502 1927 2664
9067 3 502 3211 3346
9068 3 758 1603 4993
9069 3 1603 758 3565
9070 3 3429 758 4993
9071 3 2221 758 3429
9072 3 758 2221 3958
9073 3 3565 758 3958
9074 3 4245 1014 5291
9075 3 1014 3570 5140
9076 3 3570 1014 4245
9077 3 2329 1270 4152
9078 3 1270 2329 5027
9079 3 4928 1270 5027
9080 3 3521 1526 4533
9081 3 1526 3278 4533
9082 3 1782 3995 4253
9083 3 1782 4253 4372
9084 3 2491 1782 4372
9085 3 1782 2491 5252
9086 3 2329 2038 5027
9087 3 2038 2329 5040
9088 3 4077 2038 5040
9089 3 2038 2039 5027
9090 3 2294 2476 4145
9091 3 2476 2294 4957
9092 3 2583 2550 4283
9093 3 2550 3695 4556
9094 3 2550 4556 5034
9095 3 3039 2550 5034
9096 3 2550 3039 4283
9097 3 2806 3158 4423
9098 3 3158 2806 3939
9099 3 2806 3425 3939
9100 3 3318 3996 5038
9101 3 3996 3318 4837
9102 3 2203 247 3969
9103 3 488 247 2203
9104 3 247 488 2300
9105 3 2032 247 3694
9106 3 247 2032 3969
9107 3 247 2300 3694
9108 3 503 4611 4915
9109 3 4611 503 4974
9110 3 3377 503 4915
9111 3 2318 759 2838
9112 3 759 2318 3892
9113 3 759 3892 4987
9114 3 759 1459 2838
9115 3 1459 759 2522
9116 3 2522 759 4987
9117 3 1015 1468 3666
9118 3 1468 1015 3948
9119 3 3192 1271 4072
9120 3 2432 1527 3625
9121 3 1527 2432 2715
9122 3 2917 1783 4536
9123 3 4536 1783 5006
9124 3 2523 1783 2925
9125 3 1783 2523 5006
9126 3 4674 2039 4743
9127 3 2039 4674 5027
9128 3 2295 2396 3743
9129 3 2295 3438 4762
9130 3 3438 2295 3743
9131 3 3684 2551 4193
9132 3 3205 2551 3684
9133 3 2551 3747 4193
9134 3 2551 3064 3750
9135 3 4251 2807 4970
9136 3 3052 2807 4251
9137 3 2807 3052 4608
9138 3 3304 3063 4101
9139 3 3063 3304 3307
9140 3 3963 248 4328
9141 3 2984 248 4802
9142 3 248 2984 4328
9143 3 3609 760 3852
9144 3 1634 760 3609
9145 3 1934 1016 3027
9146 3 1016 2236 3027
9147 3 1528 1718 3003
9148 3 3281 1784 5244
9149 3 3293 1784 3868
9150 3 1784 3293 4346
9151 3 1784 4346 5244
9152 3 2628 2296 3165
9153 3 3750 3064 4040
9154 3 249 1309 2520
9155 3 1309 249 2546
9156 3 300 249 4584
9157 3 249 300 2546
9158 3 249 4011 4584
9159 3 249 2520 4011
9160 3 505 1892 2143
9161 3 1892 505 1959
9162 3 798 761 3069
9163 3 3069 761 3088
9164 3 1868 1017 1872
9165 3 1017 1868 2999
9166 3 1872 1017 4247
9167 3 1017 3237 4247
9168 3 1017 2999 3237
9169 3 2155 1273 3120
9170 3 1273 2155 4421
9171 3 1529 2606 4217
9172 3 3507 1529 4217
9173 3 4727 1785 5222
9174 3 3204 2041 4609
9175 3 3459 2297 3460
9176 3 2297 3459 3499
9177 3 3460 2297 3572
9178 3 4182 2553 5119
9179 3 4220 4089 4639
9180 3 438 250 4908
9181 3 250 438 4351
9182 3 250 3006 4908
9183 3 3006 250 4994
9184 3 250 1728 4994
9185 3 1728 250 4351
9186 3 506 851 4907
9187 3 851 506 959
9188 3 959 506 5294
9189 3 506 4599 5294
9190 3 1291 762 4169
9191 3 1084 762 2364
9192 3 762 1084 2036
9193 3 1236 762 1291
9194 3 762 1236 2364
9195 3 2321 1018 3188
9196 3 2172 1018 2321
9197 3 1018 2024 3188
9198 3 2024 1018 2239
9199 3 1274 1827 3575
9200 3 1274 2083 2500
9201 3 1274 2500 4047
9202 3 1530 1840 2651
9203 3 2042 2596 4734
9204 3 2042 4734 4916
9205 3 2181 2042 4916
9206 3 2042 2181 4765
9207 3 4562 2042 4765
9208 3 2042 2557 2596
9209 3 2557 2042 4562
9210 3 3066 3568 4142
9211 3 3568 3066 4941
9212 3 3322 4141 5232
9213 3 1367 251 2651
9214 3 251 1367 3577
9215 3 2651 251 3343
9216 3 251 2189 3343
9217 3 2189 251 4086
9218 3 251 500 4086
9219 3 500 251 3577
9220 3 507 1110 3314
9221 3 507 3314 3856
9222 3 2564 763 3273
9223 3 763 2564 3559
9224 3 832 763 4666
9225 3 763 832 3561
9226 3 3273 763 3561
9227 3 763 3559 4666
9228 3 2902 1019 4055
9229 3 2449 1019 2902
9230 3 1275 1618 1887
9231 3 1275 1887 3845
9232 3 1275 1734 5122
9233 3 1734 1275 3845
9234 3 3019 1275 5122
9235 3 1275 1492 1618
9236 3 1492 1275 3019
9237 3 1531 1803 4239
9238 3 3960 1531 4904
9239 3 1531 4239 4904
9240 3 2648 1787 4936
9241 3 1787 2287 5100
9242 3 2299 3342 3855
9243 3 2299 3855 3974
9244 3 2848 2299 3974
9245 3 3323 3964 4547
9246 3 3964 3323 4550
9247 3 4550 3323 4602
9248 3 4091 4324 5037
9249 3 1887 252 3352
9250 3 252 1887 2519
9251 3 252 2519 5285
9252 3 252 478 3352
9253 3 478 252 5285
9254 3 2087 508 3877
9255 3 508 2087 4595
9256 3 508 2482 3877
9257 3 795 764 4152
9258 3 764 795 990
9259 3 4152 764 4778
9260 3 764 3702 5116
9261 3 764 904 4778
9262 3 904 764 5116
9263 3 764 990 3702
9264 3 3757 1020 4471
9265 3 1020 3796 3914
9266 3 1380 1276 4889
9267 3 1276 1380 2810
9268 3 1276 2924 4889
9269 3 1276 2008 2924
9270 3 2008 1276 2528
9271 3 2528 1276 2810
9272 3 1532 1869 3091
9273 3 1869 1532 2474
9274 3 2474 1532 3292
9275 3 1788 3366 4316
9276 3 2556 4027 5139
9277 3 4307 2556 5139
9278 3 3836 4929 5102
9279 3 4860 4933 5118
9280 3 1822 253 2187
9281 3 253 1822 3215
9282 3 3183 253 3215
9283 3 747 253 3183
9284 3 253 747 2187
9285 3 2822 509 3798
9286 3 1347 509 2822
9287 3 3723 765 4707
9288 3 765 3723 4974
9289 3 2922 1021 3378
9290 3 1021 2496 3549
9291 3 1021 2252 3378
9292 3 2252 1021 3549
9293 3 1277 2116 3608
9294 3 1636 1277 4073
9295 3 1714 1277 3608
9296 3 1277 1510 2116
9297 3 1510 1277 1636
9298 3 1533 3215 4201
9299 3 3215 1533 4862
9300 3 2280 1533 4201
9301 3 1533 2280 3280
9302 3 1789 4498 4788
9303 3 4498 1789 4799
9304 3 2045 4808 5221
9305 3 2596 2557 4729
9306 3 2557 3209 4729
9307 3 3209 2557 4764
9308 3 2557 4562 4764
9309 3 3069 3088 3424
9310 3 3069 3424 4311
9311 3 3483 254 4290
9312 3 4290 254 4747
9313 3 510 2586 2665
9314 3 2586 510 4209
9315 3 4209 510 5187
9316 3 510 2228 5187
9317 3 997 510 2665
9318 3 510 997 2228
9319 3 3189 766 4552
9320 3 4532 766 5220
9321 3 766 4532 4552
9322 3 2232 766 3189
9323 3 1022 3357 3476
9324 3 1022 1473 3357
9325 3 3384 1278 5256
9326 3 1278 3384 4020
9327 3 1278 4020 4621
9328 3 3866 1534 3973
9329 3 1534 2264 3035
9330 3 1534 3035 3973
9331 3 1790 2377 2742
9332 3 1790 2742 3034
9333 3 1790 4042 5276
9334 3 3797 1790 5276
9335 3 1790 3034 4042
9336 3 2046 2584 4088
9337 3 2046 2182 2584
9338 3 2182 2046 4458
9339 3 2302 2956 4938
9340 3 2508 2302 4938
9341 3 3147 2558 3401
9342 3 3594 2814 4993
9343 3 2814 3594 4785
9344 3 2814 3429 4993
9345 3 3582 4635 5217
9346 3 4702 3838 5154
9347 3 2821 255 4682
9348 3 255 1592 1722
9349 3 255 1143 1592
9350 3 255 1722 4682
9351 3 979 255 2821
9352 3 255 979 1143
9353 3 779 511 5302
9354 3 4586 511 4910
9355 3 511 4586 5302
9356 3 767 1622 5154
9357 3 767 2192 2871
9358 3 2192 767 3838
9359 3 3838 767 5154
9360 3 1023 4664 5255
9361 3 4954 1023 5255
9362 3 1960 1023 2373
9363 3 1023 1960 2021
9364 3 1023 2021 4664
9365 3 1279 2064 4705
9366 3 2064 1279 4785
9367 3 4583 1279 4705
9368 3 1279 2814 4785
9369 3 1535 4377 4668
9370 3 3868 1535 4668
9371 3 1535 3112 4377
9372 3 3112 1535 3281
9373 3 1784 1535 3868
9374 3 1535 1784 3281
9375 3 1791 2891 3428
9376 3 1791 3428 4591
9377 3 2342 2303 3108
9378 3 2559 3653 4188
9379 3 3532 3071 4849
9380 3 4696 3327 4908
9381 3 3327 4696 5011
9382 3 3982 3583 5233
9383 3 3583 4770 5233
9384 3 256 2112 4524
9385 3 448 256 3862
9386 3 256 448 2112
9387 3 256 3776 3862
9388 3 3776 256 3816
9389 3 3816 256 4524
9390 3 2098 512 3051
9391 3 512 2188 3051
9392 3 1192 512 1196
9393 3 512 1192 3823
9394 3 1196 512 2098
9395 3 3746 768 4831
9396 3 2838 1024 4645
9397 3 1024 2838 3161
9398 3 1024 3359 4645
9399 3 3359 1024 4327
9400 3 1024 3161 4454
9401 3 4327 1024 4454
9402 3 1849 1280 4338
9403 3 1280 1849 2813
9404 3 2517 1280 2813
9405 3 4338 1280 4721
9406 3 2217 1536 3418
9407 3 1536 2217 4494
9408 3 1792 4697 4849
9409 3 1792 2147 3197
9410 3 1792 3197 4697
9411 3 2048 4129 4716
9412 3 2446 2048 4716
9413 3 2304 3150 3445
9414 3 2304 2405 3150
9415 3 2405 2304 3969
9416 3 3969 2304 4212
9417 3 2560 2825 5139
9418 3 2825 2560 5163
9419 3 4027 2560 5139
9420 3 2560 5077 5163
9421 3 3072 4228 4395
9422 3 3584 3742 4455
1 = Number of open boundaries
171 = Total number of open boundary nodes
171 = Number of nodes for open boundary 1
1184
3874
2548
5110
477
1139
2164
5144
2225
3525
1300
5043
4222
1411
4537
2530
414
776
584
1406
4034
4693
2570
2096
4267
4303
628
5075
1395
518
4727
1785
1494
3245
4856
1623
43
1604
1155
1846
5090
4481
3942
261
2763
4687
676
1598
541
5069
2786
701
1942
327
4159
3031
991
495
3850
981
2749
412
4347
4566
3041
2493
1234
3348
77
4486
3208
936
75
4733
2752
2007
2738
1814
1365
4171
3976
2976
3585
906
3483
254
4747
4278
4923
1378
636
4516
726
3961
5247
4000
1362
2756
623
1547
2265
3860
5255
4954
175
504
376
1702
846
3719
3760
4099
230
2975
2159
2119
1947
2816
973
1858
3830
2348
1117
4112
3655
2272
1614
1628
4769
2713
1747
1287
4911
4496
4752
1513
4982
3918
3789
4365
474
3521
1526
3278
4700
1194
5015
2240
4390
2146
2769
2972
817
4622
3187
4551
4323
2844
1995
425
3454
725
2770
133
326
2558
3401
2958
420
5077
892
6 = Number of land boundaries
1015 = Total number of land boundary nodes
969 0 = # nodes for land boundary 1
4926
270
1577
1640
3024
1058
2256
369
600
447
1186
4315
2511
3285
4553
2349
5251
3219
4620
2994
951
1593
3344
4775
4679
1730
3488
2429
1160
4836
1664
3095
3790
4806
4662
2696
844
4385
2841
4624
2449
1019
545
3772
2063
1926
5277
1125
1361
4637
4045
1148
1524
4010
2365
429
4431
3214
1491
2545
1983
3636
5213
3047
4817
3847
3663
818
4296
3946
5105
4087
1119
3603
374
908
3676
4685
1957
978
4617
1341
109
792
4417
1046
5239
1482
2888
4009
3085
2358
267
4548
2687
2654
3927
3937
3958
3565
1603
241
290
2605
5070
382
1357
466
4479
3979
4255
2226
3671
5269
2122
2380
2137
3181
2193
3075
3476
1022
1473
1726
2301
291
2518
3759
3126
3675
2095
3374
912
41
2639
5307
279
3201
3017
2261
4498
4788
499
2969
4811
4526
4615
169
2279
310
1823
3291
4581
2105
5206
5282
4968
5055
3962
5044
3146
1844
3014
168
1507
1530
1840
1367
3577
500
3224
2071
4422
2283
4203
4512
4691
5259
3432
3746
768
1864
1137
2102
3925
3311
3296
213
811
1421
164
4226
2623
743
1006
3480
1047
756
3247
2571
4244
4273
269
5176
4864
4319
3898
2244
234
1323
4597
2941
2745
4442
4646
2642
5266
1408
1100
4320
497
1696
490
4740
4491
884
1379
1088
5010
2721
535
1645
4240
3680
3581
2465
3526
5185
3785
2254
879
4777
1634
760
3852
1352
1514
2914
4568
1683
3741
97
1387
94
4626
4560
2370
4905
897
2191
2973
2979
4188
2559
114
806
1190
2630
3050
4438
1990
5298
2416
4507
646
3310
1419
3627
1918
395
872
4990
1635
4208
274
371
774
1837
5263
4613
740
1320
2212
2402
1135
1559
2018
1339
3578
4419
5121
1147
4984
2926
1281
4263
3894
273
1113
418
3707
2773
5089
3433
70
1346
880
3799
4409
2857
2484
4852
4561
2818
956
2047
1699
37
4494
1536
3418
1451
3491
3555
4378
4665
2351
4714
2069
2691
3534
1438
390
3239
2277
738
1838
3222
992
736
4863
2846
3508
4755
1749
3803
4649
2681
3795
614
3307
3063
4101
2513
1403
4170
2878
517
2885
1189
1607
473
1992
3861
2819
4109
1074
1430
3857
88
2192
2871
565
2057
2797
1326
3269
2136
2029
2097
3808
4463
1585
5280
1345
1999
3175
2421
2804
4279
1028
837
3736
3696
3079
3207
3883
656
770
3970
317
4669
922
4359
457
2299
3342
3516
1839
2135
1619
4847
2010
3210
34
4842
3763
4820
1215
5013
4473
4723
4650
3493
403
2743
4220
4089
3866
1534
2264
1953
3629
4794
4032
2977
2615
1146
5167
4317
4354
1351
3840
1496
3235
4715
375
716
2
4360
2121
1797
3205
85
3064
4040
4108
2986
2387
1413
3377
503
4974
765
4707
1405
190
2802
1599
3000
1738
5030
5114
4656
4219
1633
5059
4906
64
1934
1016
4879
4223
2209
276
4432
668
352
4945
2575
3756
987
1089
2863
1051
357
5012
916
3288
3679
2455
1831
4393
2173
4776
3688
1558
2864
3028
4870
1104
1841
4106
3813
1583
3540
2723
3251
5306
4732
1441
2504
2501
1202
3664
4254
113
4610
3039
4283
3431
1972
2627
4192
3260
3123
2660
4587
1248
1965
927
4663
4461
2949
719
901
5284
2658
5152
3132
1968
1857
1771
4294
2344
2005
629
2442
1043
2245
3228
2044
1172
370
3434
4900
4243
4633
3992
2229
3067
1425
4194
3471
1975
5035
2170
2996
4097
5031
3287
1615
3007
4016
4482
3895
3083
2898
2248
4614
2045
4808
4179
2733
3880
1927
2664
3211
1709
2213
3641
4978
5080
1416
4751
1134
4883
5003
673
1175
1222
1178
1819
3739
1511
980
3856
507
1110
181
12
1324
4351
1728
1723
4643
1805
1098
1676
367
617
4332
1460
339
1658
4232
1815
2961
4630
4382
1193
1258
5005
2779
1685
3687
2507
5271
4524
3816
3776
4017
587
165
74
4726
1720
1523
4586
231
4065
1543
3782
931
4181
1038
405
3954
2030
4
359
1666
1322
755
156
596
4264
4741
1237
3233
1083
2788
5100
1003
3956
202
3400
1041
1907
115
3390
5301
4839
4903
4343
2461
2741
4976
3837
2641
4047
282
1827
2490
3152
4288
3919
347
166
4525
4523
3805
2887
5033
431
3934
2906
2106
20
3651
4213
4521
372
5198
4786
1242
3589
3080
1235
3358
5140
1014
5291
4305
4851
161
4564
4075
1489
1871
3507
1529
783
534
909
3623
558
2877
3601
238
4892
4720
781
1471
1118
4578
1884
2813
2517
847
2397
337
2911
2143
505
1959
3854
598
5226
3167
2826
2646
856
3011
3162
4501
3148
2326
3485
95
5133
4855
4506
1049
258
3733
2489
2534
2499
1951
5148
5085
105
597
5083
362
5112
5108
683
1851
443
831
3815
885
720
1928
100
3242
2328
1631
599
3867
3320
1626
5159
2688
3271
4822
1740
4333
67
5076
1312
1348
2282
2306
3752
3506
883
4717
3470
4518
3026
4148
393
1725
680
456
2048
4129
5201
4939
2593
4202
1528
1718
5230
4632
2224
1217
519
3773
1596
1564
620
789
2948
3814
2565
1954
436
824
3825
3864
3975
1760
4543
378
5097
608
5106
2805
568
964
2589
328
1372
4121
1939
1869
3091
172
4999
3336
4195
4618
3202
4151
4058
5241
334
4402
5283
4276
1554
1191
3337
1707
3914
1020
4471
4499
2578
4593
4760
2597
4118
4569
4369
808
170
2309
675
569
2178
723
2970
4904
2535
3674
4950
4410
4127
845
128
3351
404
4133
5041
900
3632
3704
154
2722
589
3191
191
3826
1521
79
4876
2055
1711
516
4897
1231
1208
4531
4358
2194
3569
1382
3908
1850
462
3963
248
4802
1537
16 1 = # nodes for land boundary 2
9
3827
3833
23
3109
3045
4221
1347
509
3798
2436
1079
4233
3150
560
2204
13 1 = # nodes for land boundary 3
1549
4225
1012
4068
3225
1452
4995
246
3951
413
1410
3168
2385
7 1 = # nodes for land boundary 4
2049
1199
2851
3440
561
1852
2417
7 1 = # nodes for land boundary 5
798
1767
615
4311
3424
3088
761
3 1 = # nodes for land boundary 6
690
3270
2462
