trid3nt_tampa_bay
18378 10557
1 -82.442739663 27.832973350 6.154606
2 -82.723428912 27.935644399 -1.702743
3 -82.627816930 28.016403447 -0.147333
4 -82.426492754 27.935268935 1.990000
5 -82.461750562 27.716350303 -1.196262
6 -82.675541287 27.506783114 -0.000000
7 -82.444003038 27.827864502 7.146143
8 -82.531118541 27.686241927 0.874615
9 -82.459811690 27.932794255 -1.682110
10 -82.778525418 27.801906349 3.950224
11 -82.809102651 27.517172656 -0.000000
12 -82.634759938 27.686747554 3.801682
13 -82.402049981 27.796550075 -0.876526
14 -82.782186769 28.056431206 -0.000000
15 -82.614282069 27.817992876 -1.457101
16 -82.832717667 27.955263615 -1.626099
17 -82.403814308 27.881487248 0.317909
18 -82.700235441 27.702474915 0.752032
19 -82.448271088 27.517539182 -0.000000
20 -82.442763344 27.868356259 14.195746
21 -82.596502996 27.846975192 -0.245845
22 -82.880877010 27.918956190 -0.000000
23 -82.664717789 27.598042148 6.464355
24 -82.608029494 27.866209117 -0.382860
25 -82.455434848 27.706326213 -0.553069
26 -82.415802986 27.839540788 2.904461
27 -82.622149973 27.525733754 -0.000000
28 -82.842098670 27.855384991 0.289791
29 -82.425747792 27.916948586 12.638814
30 -82.486609743 27.818046272 0.905142
31 -82.829030846 27.836220502 0.227167
32 -82.634005572 27.889738637 0.407880
33 -82.705420648 27.721468605 2.349410
34 -82.791478857 28.033806640 1.656238
35 -82.419288227 27.761710803 -1.434798
36 -82.735694291 27.679184252 5.886501
37 -82.561217702 27.633534631 13.278268
38 -82.611268359 27.810417159 0.020959
39 -82.595801389 27.508227591 -0.000000
40 -82.821989286 28.044965161 2.327338
41 -82.823625092 27.937531397 2.341228
42 -82.721882571 27.933025577 -2.809915
43 -82.607692369 27.567311550 0.641489
44 -82.836834544 28.009776322 4.004115
45 -82.553021946 27.507738643 -0.000000
46 -82.730856439 27.508067731 -0.000000
47 -82.398710822 27.820701018 0.758974
48 -82.435745980 27.667769575 -1.896090
49 -82.662708138 28.001555624 -1.779035
50 -82.819588171 27.832474473 0.993457
51 -82.805850270 27.825834684 0.637551
52 -82.500805089 27.514390496 -0.000000
53 -82.513621698 27.790396943 9.838841
54 -82.534459219 27.896691666 0.867570
55 -82.802716549 28.041245924 1.937856
56 -82.805861069 27.970321083 2.299907
57 -82.525996537 27.498369083 -0.000000
58 -82.400717273 27.779528863 -1.318139
59 -82.611600305 27.579987956 0.926549
60 -82.520711999 27.514755431 -0.000000
61 -82.675960930 27.907240519 -0.897162
62 -82.457430252 27.515869142 -0.000000
63 -82.830741980 27.963059343 -1.528744
64 -82.706153188 27.530966819 -0.000000
65 -82.701625683 27.963143001 -0.561777
66 -82.460096318 27.914432467 -1.546280
67 -82.539747566 27.832036377 3.758679
68 -82.550185979 27.970905187 -1.274333
69 -82.511383751 27.491451580 -0.000000
70 -82.804380156 28.006832249 0.768831
71 -82.485201554 27.893139898 0.497031
72 -82.622820115 27.574969204 2.246021
73 -82.834552578 28.027717003 4.492036
74 -82.449445758 27.689562903 0.760513
75 -82.632266333 27.656136370 6.495306
76 -82.664441420 27.920732779 1.199569
77 -82.605700891 27.840960273 -0.010782
78 -82.612051314 27.960467776 4.089415
79 -82.475136887 27.737385440 0.741262
80 -82.586528229 27.592355749 0.594988
81 -82.430959201 27.823381242 3.190001
82 -82.415592672 27.779003454 -1.618870
83 -82.628551766 27.748552650 -0.769465
84 -82.473117325 27.928026191 1.995632
85 -82.669271741 27.491361432 -0.000000
86 -82.663022083 27.696637790 3.504299
87 -82.673420867 27.504167192 -0.000000
88 -82.591336348 27.517963626 -0.000000
89 -82.432232951 27.523680523 -0.000000
90 -82.467690204 27.711498227 0.617416
91 -82.392631259 27.818666378 0.725906
92 -82.525415742 27.687192763 1.209723
93 -82.625998525 27.518084850 -0.000000
94 -82.454356221 27.906703704 3.736989
95 -82.754809339 27.825456126 -0.219613
96 -82.410469724 27.870540245 2.101658
97 -82.678758026 27.700462561 -1.191643
98 -82.546387595 27.953497164 -0.507326
99 -82.468717825 27.929918770 1.473012
100 -82.557396655 27.658355157 3.136080
101 -82.632996662 27.848028265 -1.006342
102 -82.555847525 27.961721363 1.196776
103 -82.719385545 27.540905448 -0.000000
104 -82.546053380 27.730395279 4.627617
105 -82.744001646 27.736000257 -1.547776
106 -82.576094020 27.556044629 1.915332
107 -82.718204171 27.951857461 2.678373
108 -82.523676053 27.685643642 1.316076
109 -82.569927492 27.500658232 -0.000000
110 -82.631257322 27.723415276 1.008485
111 -82.438151406 27.512163222 -0.000000
112 -82.720038253 27.740990923 -1.804651
113 -82.834942802 28.039311276 4.936106
114 -82.752185553 27.827598083 -2.050943
115 -82.428370289 27.831102203 3.470000
116 -82.589434311 27.876307929 4.752406
117 -82.481193141 27.518106745 -0.000000
118 -82.592172003 27.790034008 7.301873
119 -82.565555791 27.579264456 -1.249115
120 -82.432534794 27.816999691 4.133724
121 -82.540961706 27.678902428 1.425497
122 -82.416168470 27.940382613 0.720013
123 -82.714161663 27.519302020 -0.000000
124 -82.541567650 27.908640852 3.723011
125 -82.798983255 27.986685495 0.752970
126 -82.558067161 27.966858712 1.799443
127 -82.805466933 27.976895996 3.382993
128 -82.681285178 27.508932499 -0.000000
129 -82.643657147 27.551380676 3.877836
130 -82.447336832 27.830566116 7.992473
131 -82.614756684 27.899146571 1.976087
132 -82.631667364 27.896080568 1.025249
133 -82.773796400 27.797377492 1.224288
134 -82.825238779 28.051626156 -0.000000
135 -82.397654601 27.836520229 0.480574
136 -82.608900710 27.507403213 -0.000000
137 -82.625411134 27.902473391 1.069144
138 -82.432968798 27.520307255 -0.000000
139 -82.667614735 27.502074388 -0.000000
140 -82.834575097 28.022332852 4.628624
141 -82.586327510 27.979103300 0.211583
142 -82.612497301 27.538843105 -0.000000
143 -82.466955999 27.527207884 -0.000000
144 -82.397786224 27.854053646 11.487663
145 -82.888561142 27.959223018 -0.000000
146 -82.403242466 27.812473971 2.626796
147 -82.794224019 28.032574482 1.422431
148 -82.401232564 27.526769670 -0.000000
149 -82.682670795 27.918871511 0.830000
150 -82.454310578 27.708231476 -0.649344
151 -82.468148698 27.840087535 0.668043
152 -82.820798862 27.978910738 -1.493264
153 -82.875509060 28.020623450 -0.000000
154 -82.857520544 27.874490805 -0.000000
155 -82.804172838 27.975181457 4.208241
156 -82.641680295 28.004318490 1.361870
157 -82.469082056 27.912137417 2.311335
158 -82.653218803 27.522710916 -0.000000
159 -82.645639276 27.895436987 -1.017276
160 -82.838633320 28.018710808 4.479537
161 -82.823893675 28.053245399 -0.000000
162 -82.482339667 27.876894460 0.881498
163 -82.617434227 27.515424286 -0.000000
164 -82.788875018 27.782459506 3.532411
165 -82.618703285 27.888334198 0.974600
166 -82.739550967 27.737181571 1.997874
167 -82.880600690 27.789177503 -0.000000
168 -82.442207763 27.918562075 -1.494067
169 -82.459251169 27.900879765 2.920000
170 -82.555404525 27.499025190 -0.000000
171 -82.704599423 27.669685357 0.820885
172 -82.623152688 27.561859808 0.480337
173 -82.556731001 27.617469353 -0.647093
174 -82.603106660 27.573711111 1.396182
175 -82.707555512 27.736476589 0.978923
176 -82.668069298 27.999970148 0.818635
177 -82.436766380 27.873844128 -0.342672
178 -82.834532677 27.946311446 -1.285298
179 -82.651885746 27.685488348 1.637708
180 -82.755253618 27.823705915 -0.766918
181 -82.660446136 27.690825806 2.850011
182 -82.409401409 27.884942114 0.710000
183 -82.837245798 27.834918434 0.133051
184 -82.600424298 27.568533243 1.128476
185 -82.580051199 27.828842089 3.490503
186 -82.445222850 27.922330417 -1.898709
187 -82.607880557 28.008154249 -2.494750
188 -82.446571923 27.928286569 11.703610
189 -82.816847081 28.031666955 -0.057656
190 -82.682723132 27.986482556 2.030004
191 -82.447946752 27.701925632 -1.525150
192 -82.647936585 27.983652574 2.293597
193 -82.767865674 27.796124784 1.435650
194 -82.419636581 27.511905334 -0.000000
195 -82.625194472 27.769392186 5.650066
196 -82.574802478 27.599655722 0.305192
197 -82.844403606 27.969726971 5.395864
198 -82.736078631 27.753068172 -0.838660
199 -82.584386558 27.556640878 3.477216
200 -82.628601781 27.800814368 -1.729066
201 -82.826855542 28.014069386 -0.472937
202 -82.620508105 27.818037373 -2.216516
203 -82.624019357 27.747867869 2.191591
204 -82.672586226 27.495267521 -0.000000
205 -82.489387349 27.529633041 -0.000000
206 -82.607523853 27.995191584 -1.364529
207 -82.539005806 27.512344546 -0.000000
208 -82.545023003 27.905758902 3.278123
209 -82.739438841 27.754058432 -1.442266
210 -82.702574107 27.960118995 0.777249
211 -82.855136413 27.899881301 -0.000000
212 -82.468983412 27.848369510 0.794638
213 -82.569135149 27.805892604 2.105220
214 -82.824990417 27.916433363 -0.546807
215 -82.432140497 27.940918884 1.500404
216 -82.683615337 27.988598983 1.351891
217 -82.567671786 27.570263867 2.197530
218 -82.453463230 27.510959712 -0.000000
219 -82.804979833 27.966354911 4.058218
220 -82.589307978 27.838770602 0.775399
221 -82.819806645 27.824786230 -1.534639
222 -82.625998838 27.603740102 3.652921
223 -82.636187162 27.573981907 2.921290
224 -82.402472186 27.521424661 -0.000000
225 -82.419085862 27.769880477 -1.849122
226 -82.814544659 28.027228434 0.413057
227 -82.798495908 28.039800674 1.169283
228 -82.580131078 27.501864660 -0.000000
229 -82.478751748 27.523161835 -0.000000
230 -82.560841909 27.658994231 4.961795
231 -82.613458204 27.868009396 2.241362
232 -82.517835736 27.703735089 1.057347
233 -82.516462515 27.673206628 0.933109
234 -82.598515729 27.516157602 -0.000000
235 -82.808244617 28.032539653 0.979219
236 -82.681689814 27.680818754 0.883194
237 -82.699351454 27.982215068 0.100000
238 -82.655585840 28.013316304 1.048935
239 -82.683396172 27.711210157 -1.463888
240 -82.468976205 27.818193714 1.754029
241 -82.608208768 27.812499799 -1.038460
242 -82.587752088 27.608473220 2.478396
243 -82.611900060 27.530204260 -0.000000
244 -82.725336714 27.745484226 0.099983
245 -82.458377895 27.514376787 -0.000000
246 -82.681993747 27.513459233 -0.000000
247 -82.453911025 27.758376347 0.872426
248 -82.695291679 27.720736454 -0.434362
249 -82.824425302 27.831250326 -1.831357
250 -82.501218502 27.718218582 0.883053
251 -82.702978841 27.497838610 -0.000000
252 -82.761625893 27.800825228 1.123705
253 -82.824050388 27.940463054 2.585200
254 -82.803498853 27.977009550 3.221882
255 -82.690176722 27.495690333 -0.000000
256 -82.607354480 27.506413043 -0.000000
257 -82.422434577 27.906927922 -2.086326
258 -82.696281929 27.500989593 -0.000000
259 -82.509251018 27.514251429 -0.000000
260 -82.816144811 28.013915485 0.392418
261 -82.553014131 27.620188200 -0.458933
262 -82.580658525 27.633967010 2.894123
263 -82.524703112 27.515191363 -0.000000
264 -82.504277777 27.830269744 -0.113261
265 -82.577853838 27.498570171 -0.000000
266 -82.837166888 28.048785162 4.593598
267 -82.741471712 27.519439492 -0.000000
268 -82.629096225 27.756695522 -1.469957
269 -82.670577161 27.916275664 0.893857
270 -82.588067245 27.903182477 2.349720
271 -82.817596718 27.969076760 3.660641
272 -82.840319114 28.029146715 5.858361
273 -82.669483520 28.023605567 2.586966
274 -82.653315378 28.002942080 1.343391
275 -82.663322238 27.918146369 1.050009
276 -82.762549926 27.754982965 -0.865630
277 -82.783376034 27.744619578 6.125488
278 -82.598580289 27.537680568 -0.000000
279 -82.595201355 27.818331022 0.256498
280 -82.561983430 27.806139609 4.194446
281 -82.610549657 27.507772791 -0.000000
282 -82.553436098 27.614084894 -0.421680
283 -82.666111880 27.702223029 0.982908
284 -82.563274158 27.969977818 -2.293292
285 -82.783192433 28.054999652 -0.000000
286 -82.722219792 27.509299664 -0.000000
287 -82.657412621 27.999134125 0.194001
288 -82.540920332 27.875992553 2.659926
289 -82.616968173 27.766407608 5.917936
290 -82.664272263 28.000761758 -0.902573
291 -82.800810667 27.996652387 2.656122
292 -82.416272360 27.769909881 -1.152518
293 -82.693780644 27.934104528 3.006037
294 -82.661752953 27.916930740 1.108700
295 -82.708182968 27.957148808 0.808891
296 -82.560298074 27.769379591 5.093759
297 -82.678005964 27.904908915 -1.065595
298 -82.627972518 27.569204895 2.513146
299 -82.753970697 27.754272481 2.158033
300 -82.626876172 27.856889923 -1.490945
301 -82.467725775 27.529587054 -0.000000
302 -82.478238329 27.739179323 0.231019
303 -82.448359094 27.839725284 5.242409
304 -82.674977273 28.031653817 0.525886
305 -82.555179465 27.647848074 0.843106
306 -82.475075857 27.893117829 4.219870
307 -82.472366713 27.711125307 0.402436
308 -82.621947649 27.886652700 -0.059234
309 -82.687870443 27.927513623 2.608153
310 -82.695032609 27.723554062 -1.736187
311 -82.688127466 27.978258074 -0.418807
312 -82.606635198 28.006600319 -1.439607
313 -82.754671760 27.786402554 1.654107
314 -82.823823480 28.006567178 0.569014
315 -82.418178031 27.952195314 0.596974
316 -82.631833314 27.549472944 -0.000000
317 -82.620260631 27.901150256 1.709999
318 -82.444177954 27.770192962 1.973906
319 -82.558180055 27.955117070 2.849964
320 -82.784626090 28.056439909 -0.000000
321 -82.789341753 28.054916917 -0.000000
322 -82.724443581 27.713349380 0.910543
323 -82.479386753 27.715161215 1.192099
324 -82.590519620 27.557143905 2.671088
325 -82.535831097 27.824776809 3.875511
326 -82.420918784 27.870290494 3.858419
327 -82.833150163 28.006964585 3.523200
328 -82.437769249 27.668382058 -2.336056
329 -82.624544859 27.516591847 -0.000000
330 -82.645056150 27.699217265 2.008533
331 -82.716801151 27.740951020 -2.431113
332 -82.535275306 27.892055522 -1.096397
333 -82.645219592 27.583771693 3.795198
334 -82.758208310 27.541817150 -0.000000
335 -82.611610576 27.808752132 -1.817006
336 -82.456264059 27.751722704 -0.484598
337 -82.594489747 27.815985516 -1.791529
338 -82.536391260 27.869047769 0.732914
339 -82.476421874 27.784428645 6.087420
340 -82.546623973 27.942268486 -2.282794
341 -82.419968391 27.763384594 0.095951
342 -82.475747880 27.854405902 1.097476
343 -82.684673365 27.571363405 5.911221
344 -82.666646272 27.514661276 -0.000000
345 -82.416321874 27.927254289 0.438841
346 -82.437057739 27.852391306 5.167552
347 -82.598523428 27.594709462 0.866130
348 -82.684133826 27.992249594 -0.431794
349 -82.433377519 27.680578734 -0.703310
350 -82.531051458 27.689048514 1.192170
351 -82.602273154 27.967818175 3.572809
352 -82.632137539 27.543659566 -0.000000
353 -82.781699712 27.805764455 2.072723
354 -82.551910655 27.957660379 1.036039
355 -82.574773179 27.564391964 2.120498
356 -82.481371281 27.859664551 0.770807
357 -82.620822094 27.784160814 1.158902
358 -82.412581699 27.936599222 -2.150197
359 -82.608901730 27.864919567 -0.628276
360 -82.468270286 27.852552707 2.786187
361 -82.446576646 27.512700973 -0.000000
362 -82.412536355 27.938008889 -6.924399
363 -82.625385015 27.695305168 3.622089
364 -82.711335476 27.728186246 2.227888
365 -82.413169004 27.514508835 -0.000000
366 -82.580624475 27.647869010 6.253559
367 -82.876908927 27.613866822 -0.000000
368 -82.616149943 27.816410121 0.098965
369 -82.679052319 27.522877044 -0.000000
370 -82.641315835 27.529093816 -0.000000
371 -82.632592305 27.706282965 1.974716
372 -82.606399590 27.597074372 2.027645
373 -82.899999999 27.953832728 -0.000000
374 -82.554684216 27.659548053 1.527275
375 -82.704686358 27.714455099 -2.466422
376 -82.421654150 27.860094003 3.380375
377 -82.599820876 27.971580793 1.920454
378 -82.731079620 27.531822725 -0.000000
379 -82.687619169 28.025549136 1.183116
380 -82.803190991 27.819195375 1.496625
381 -82.581597161 27.717759801 4.896746
382 -82.392209357 27.825687299 -0.319050
383 -82.625138664 27.717086349 1.242697
384 -82.487318971 27.907102647 1.145042
385 -82.753386664 27.517010322 -0.000000
386 -82.581222318 27.554880795 2.886892
387 -82.525451722 27.831082629 0.789786
388 -82.768099355 27.825890958 0.436133
389 -82.578915435 27.500130833 -0.000000
390 -82.664606880 28.004253457 0.753593
391 -82.545194887 27.867602810 2.624994
392 -82.739632692 27.691492762 1.668230
393 -82.841457975 27.992619741 5.238834
394 -82.630249768 27.556732172 0.789914
395 -82.695760145 27.507871569 -0.000000
396 -82.651394567 28.015253904 0.753314
397 -82.400333226 27.845688847 0.740577
398 -82.428556471 27.828440697 3.480000
399 -82.711361712 27.929292892 0.407413
400 -82.453000212 27.705890093 0.408559
401 -82.526117606 27.833323586 0.660460
402 -82.600912423 27.555030246 1.741595
403 -82.645166074 27.678916114 2.626274
404 -82.596660289 27.809841675 0.988861
405 -82.632581967 27.524547699 -0.000000
406 -82.433683296 27.806822059 1.843664
407 -82.477612339 27.762260170 2.840733
408 -82.695444700 27.737621335 0.306017
409 -82.659113014 27.997669000 0.783007
410 -82.743158734 27.759551798 2.834316
411 -82.445296866 27.906616415 4.468843
412 -82.778957973 27.730082390 6.678278
413 -82.568516457 27.970348181 -2.922661
414 -82.641751684 27.903630397 -0.557362
415 -82.615724040 27.769765791 6.677341
416 -82.440839726 27.867491172 6.294141
417 -82.785299245 27.799113564 2.567981
418 -82.605685544 27.882963290 1.932969
419 -82.510764838 27.799222646 5.678833
420 -82.466010055 27.924473896 4.010484
421 -82.623608271 27.932516525 4.272504
422 -82.606507460 27.886467958 2.237982
423 -82.637394395 27.568566481 3.501218
424 -82.594287857 27.821234644 -1.716412
425 -82.556383038 27.948643652 2.864470
426 -82.575542726 27.611645686 1.196264
427 -82.668720290 27.488742673 -0.000000
428 -82.708989328 27.714925504 -2.362264
429 -82.811621547 28.029639848 0.503476
430 -82.621797328 27.802145106 -1.497676
431 -82.530291004 27.914535519 -1.375614
432 -82.452982174 27.771357021 3.596300
433 -82.584063678 27.501459370 -0.000000
434 -82.422313879 27.880649611 3.149925
435 -82.654777524 27.502475881 -0.000000
436 -82.672365007 27.690910009 1.071535
437 -82.617297426 27.568649689 0.842133
438 -82.389597399 27.824041948 -0.389362
439 -82.468012328 27.832396355 1.627690
440 -82.577444173 27.605208402 -1.121461
441 -82.759721445 27.800054016 1.213226
442 -82.463130216 27.712983607 -0.269619
443 -82.821194982 27.998316879 1.331079
444 -82.697577775 27.726265589 2.093257
445 -82.641321905 27.673830038 3.850000
446 -82.528305101 27.932744989 -2.294476
447 -82.473795121 27.724736019 -1.483469
448 -82.540540258 27.936636109 0.915697
449 -82.760418388 27.792808207 1.980753
450 -82.846390373 27.591011913 8.606270
451 -82.503824210 27.505388307 -0.000000
452 -82.791497371 27.802968706 1.978874
453 -82.533917112 27.890703523 0.399418
454 -82.766128092 27.827453185 0.164141
455 -82.494611483 27.734333476 1.580211
456 -82.615203596 27.846459641 0.784987
457 -82.629609611 27.714452284 1.110799
458 -82.432704344 27.862884713 4.470000
459 -82.531894270 27.918385097 -0.805992
460 -82.802813622 27.973853797 0.842741
461 -82.527883134 27.832399458 0.780006
462 -82.534974424 27.511402873 -0.000000
463 -82.633233578 27.519772277 -0.000000
464 -82.389750602 27.850653667 -0.172585
465 -82.462090951 27.932411325 3.931816
466 -82.402102884 27.859948496 0.377093
467 -82.612027381 27.755846173 6.702444
468 -82.421692719 27.885384803 2.593607
469 -82.673973479 27.981999005 3.289640
470 -82.395089797 27.842425693 2.625016
471 -82.626355904 27.963499849 4.541669
472 -82.460659512 27.938327263 0.118649
473 -82.517094684 27.517730096 -0.000000
474 -82.646953640 27.699179781 1.517127
475 -82.607946161 27.998221739 -0.795877
476 -82.626116381 27.728206783 -1.844951
477 -82.616037719 27.699934847 5.632021
478 -82.726159082 27.940316534 0.116627
479 -82.600872714 27.986674196 -0.477910
480 -82.816551367 27.833121883 0.711725
481 -82.609319855 27.693910114 7.302032
482 -82.583173989 27.910683630 3.216798
483 -82.638825312 27.700350411 1.464301
484 -82.632855509 27.719186801 1.876799
485 -82.607856387 27.874980431 -0.015498
486 -82.655267289 28.019479875 -0.635857
487 -82.584155610 27.508974823 -0.000000
488 -82.396221200 27.830634680 0.678811
489 -82.467505574 27.847028837 0.726316
490 -82.594381942 27.540655397 -0.000000
491 -82.848443392 27.820817898 5.825463
492 -82.440106958 27.518128259 -0.000000
493 -82.596954524 27.792160941 4.525737
494 -82.817272541 27.937220676 2.593097
495 -82.548281378 27.944271594 1.076550
496 -82.720106938 27.744671923 0.099946
497 -82.828162983 28.012334958 0.513827
498 -82.579205551 27.977244461 0.435593
499 -82.750604129 27.539089225 -0.000000
500 -82.827792834 28.045278592 3.804175
501 -82.422120535 27.919406933 15.196796
502 -82.832312842 27.914213848 4.358400
503 -82.815608237 27.965784378 0.215117
504 -82.788147796 27.793954539 2.074959
505 -82.832501842 27.905222609 0.595478
506 -82.543578578 27.657758011 -0.306530
507 -82.611578837 27.527217817 -0.000000
508 -82.695557010 27.683802782 1.253654
509 -82.420922306 27.947356601 -3.180733
510 -82.704885759 27.491479733 -0.000000
511 -82.644142339 27.894491056 -6.144673
512 -82.428108720 27.515701299 -0.000000
513 -82.441016611 27.762819563 0.714289
514 -82.608399817 27.893993267 2.040250
515 -82.665948761 27.494607538 -0.000000
516 -82.616264238 27.633397618 7.594318
517 -82.715524908 27.736447035 3.409642
518 -82.564069617 27.898466262 3.973388
519 -82.703010006 27.956534226 -0.164516
520 -82.433562352 27.769788998 0.779468
521 -82.624920858 27.702808085 2.279339
522 -82.598819111 27.527805589 -0.000000
523 -82.611258758 27.509228197 -0.000000
524 -82.488108618 27.918289681 1.517561
525 -82.696977161 27.963603826 -1.013568
526 -82.535163196 27.870657737 0.781330
527 -82.504659720 27.811974513 3.481071
528 -82.422601400 27.518553432 -0.000000
529 -82.598233258 27.820024572 -1.852916
530 -82.429902352 27.832891058 3.470000
531 -82.425341618 27.759069048 -1.421701
532 -82.630468797 27.718927751 1.145975
533 -82.676560590 28.000756067 0.727178
534 -82.559526186 27.683076572 6.080295
535 -82.764524477 27.538350207 -0.000000
536 -82.686646377 27.919606054 0.806363
537 -82.599365142 27.769346113 5.370413
538 -82.761098621 27.783396941 2.294366
539 -82.499670800 27.721681582 2.200977
540 -82.668243126 27.515130244 -0.000000
541 -82.611498628 27.895548570 1.990000
542 -82.673293583 27.512290158 -0.000000
543 -82.848773770 27.874996036 -1.287393
544 -82.723631015 27.746540574 -1.599049
545 -82.669783510 27.505372397 -0.000000
546 -82.607025863 27.554662222 0.940735
547 -82.424005236 27.762999633 -2.518084
548 -82.535828182 27.915400170 1.253689
549 -82.414436939 27.518063602 -0.000000
550 -82.623833484 27.560500751 -0.378907
551 -82.808692157 27.990415851 0.722986
552 -82.608573138 27.842827243 -0.082834
553 -82.730918864 27.517513734 -0.000000
554 -82.663499426 27.493017821 -0.000000
555 -82.605335489 27.541448103 -0.000000
556 -82.741947655 27.760970607 1.176958
557 -82.853575698 27.884421885 -0.000000
558 -82.751111881 27.772058364 1.720024
559 -82.528296205 27.934217476 -0.632032
560 -82.469064390 27.873220967 3.494681
561 -82.753321913 27.828062860 -0.553006
562 -82.675976510 27.936708917 3.893511
563 -82.661038864 28.001698533 -3.144929
564 -82.475713484 27.806984687 5.383113
565 -82.747106078 27.745748713 2.019008
566 -82.437985721 27.505966997 -0.000000
567 -82.486545821 27.919980578 1.087667
568 -82.623923621 27.753176911 2.907464
569 -82.391097828 27.845029125 -0.467367
570 -82.478966716 27.722628318 0.555452
571 -82.634593021 27.607344471 4.472453
572 -82.469421207 27.855202174 3.500060
573 -82.630503464 27.740264585 1.490969
574 -82.683169281 27.993876645 -0.092578
575 -82.717768989 27.502695939 -0.000000
576 -82.500496252 27.516453986 -0.000000
577 -82.598044295 27.811579993 2.738925
578 -82.403554643 27.884323832 0.080751
579 -82.865414689 27.899539324 -0.000000
580 -82.899999999 27.829448390 -0.000000
581 -82.764995071 27.794442948 1.696593
582 -82.509535005 27.825696100 0.710090
583 -82.824108750 27.964643038 3.167403
584 -82.477103316 27.721461218 -0.753547
585 -82.822633547 27.832815683 1.960009
586 -82.542723534 27.887910124 8.314268
587 -82.443327903 27.774404522 3.138684
588 -82.596983571 27.536269128 -0.000000
589 -82.602905649 27.553235425 1.888777
590 -82.714053445 27.501277704 -0.000000
591 -82.686399555 27.707418555 3.234578
592 -82.663640464 27.544739661 -0.000000
593 -82.761638208 27.811797369 -1.785367
594 -82.585562135 27.563193295 2.517000
595 -82.619006828 27.717425995 1.496159
596 -82.620962384 27.739176166 1.116209
597 -82.617161169 27.835475507 -0.260437
598 -82.636688468 27.703556157 1.167506
599 -82.553035497 27.616372304 -0.802784
600 -82.689047143 27.986766606 -0.413432
601 -82.540184111 27.511004526 -0.000000
602 -82.405935007 27.777679354 -0.365015
603 -82.850223635 27.898028143 -0.000000
604 -82.852881133 27.846615518 -0.000000
605 -82.783001216 27.679319058 7.865223
606 -82.541246250 27.949227431 -0.401964
607 -82.541826445 27.821241089 3.829595
608 -82.532817507 27.927300945 0.848817
609 -82.669155427 27.526795783 -0.000000
610 -82.406256901 27.858442946 1.029978
611 -82.853676698 27.913486274 -0.000000
612 -82.769382120 27.733285317 6.490015
613 -82.720588062 27.522805627 -0.000000
614 -82.438818334 27.514994824 -0.000000
615 -82.569078435 27.963303150 -0.330368
616 -82.436306287 27.681077548 -0.748546
617 -82.727401851 27.513565071 -0.000000
618 -82.627434608 27.539553659 -0.000000
619 -82.511315302 27.523849713 -0.000000
620 -82.563075046 27.611188805 0.100648
621 -82.438669319 27.873084254 2.794835
622 -82.576996851 27.626449001 2.219620
623 -82.753706510 27.782827595 1.194889
624 -82.466474935 27.763741429 2.552601
625 -82.563063420 27.633007114 13.403629
626 -82.514405640 27.828420112 0.511852
627 -82.467061721 27.713541198 0.126765
628 -82.625153845 27.571691887 2.260031
629 -82.543445156 27.900745513 3.202708
630 -82.528885778 27.938149053 -2.140235
631 -82.606429565 27.576853900 1.318180
632 -82.702325133 27.515817124 -0.000000
633 -82.435634524 27.509150797 -0.000000
634 -82.534700701 27.926597663 1.546101
635 -82.617085189 27.810737239 -2.106010
636 -82.834089647 27.951252339 -1.666266
637 -82.657386873 27.544432442 -0.000000
638 -82.585425121 27.544152456 -0.000000
639 -82.876830850 27.631605689 -0.000000
640 -82.814641756 28.037010424 0.464753
641 -82.550830037 27.959757802 0.724615
642 -82.585099475 27.593060545 -0.315258
643 -82.823917408 27.922338111 0.917541
644 -82.679693344 27.999888969 -0.016012
645 -82.615503169 27.884724773 -0.053305
646 -82.552889642 27.501180939 -0.000000
647 -82.617754048 27.522842293 -0.000000
648 -82.449014191 27.904536386 3.819648
649 -82.756228519 27.737096322 2.643349
650 -82.870396667 27.916035194 -0.000000
651 -82.512530549 27.489850449 -0.000000
652 -82.627845624 27.762647628 -1.633660
653 -82.597080388 27.876073547 0.019117
654 -82.840192919 27.835764376 3.952901
655 -82.745544014 27.503703900 -0.000000
656 -82.643433579 27.996790638 0.802282
657 -82.437550347 27.813993832 5.548820
658 -82.483531757 27.866721364 1.781006
659 -82.587738325 27.604792053 0.766330
660 -82.849998495 27.854803024 4.019349
661 -82.765923095 27.825428497 -0.145823
662 -82.557563919 27.851272751 8.572790
663 -82.887181550 27.870472970 -0.000000
664 -82.523107751 27.688244555 0.511440
665 -82.676091828 27.979118503 2.740216
666 -82.425596187 27.823879643 3.880000
667 -82.616572419 27.955635102 4.793004
668 -82.591101026 27.673450896 14.376592
669 -82.696555594 27.709122800 1.684489
670 -82.458840695 27.908767971 -1.872441
671 -82.572260893 27.609546324 1.301788
672 -82.663751544 27.915703604 0.810016
673 -82.810008057 27.825701694 0.875793
674 -82.592333569 27.979380328 -0.178080
675 -82.795027766 27.796483556 -1.101117
676 -82.421894732 27.896982456 0.936041
677 -82.612629285 28.009695816 -0.925875
678 -82.542290744 27.856195291 -0.189281
679 -82.532424589 27.886658935 -1.551997
680 -82.798326708 27.789665452 4.314229
681 -82.654604502 28.004381325 0.641869
682 -82.665055519 27.965958967 3.036267
683 -82.528350006 27.514182113 -0.000000
684 -82.428515350 27.519703346 -0.000000
685 -82.419962822 27.767761988 -1.394099
686 -82.576911589 27.980980505 -2.050972
687 -82.681444332 27.935219011 4.254152
688 -82.698351450 27.736202594 1.213044
689 -82.697184842 27.929558990 1.152076
690 -82.450806333 27.689320901 0.649716
691 -82.405094930 27.773671952 -2.499645
692 -82.856056934 27.844388731 -0.000000
693 -82.734838839 27.499750404 -0.000000
694 -82.614814931 27.774780090 6.653611
695 -82.519370769 27.832185802 -0.848596
696 -82.586412092 27.559052213 3.400208
697 -82.692203926 27.710784282 3.964953
698 -82.800014642 27.985316586 1.103313
699 -82.594638736 27.906332974 2.969517
700 -82.642929670 27.683590582 2.341183
701 -82.582629895 27.550378013 2.410842
702 -82.598604863 27.624088382 4.971109
703 -82.762060172 27.735533330 4.314023
704 -82.679319570 27.996258007 0.847127
705 -82.680413951 28.013600110 1.349268
706 -82.595138387 27.547359671 -0.000000
707 -82.622092736 27.774366401 4.036528
708 -82.726292076 27.517858541 -0.000000
709 -82.694926030 27.942169239 3.250105
710 -82.405870532 27.892723122 -1.308901
711 -82.837296401 27.898008714 3.481097
712 -82.429488270 27.522788245 -0.000000
713 -82.423999334 27.797759348 3.021382
714 -82.601620482 27.995126878 0.100000
715 -82.682771264 27.990600268 -0.066683
716 -82.532991394 27.506480573 -0.000000
717 -82.525077430 27.499889407 -0.000000
718 -82.834505923 28.053528419 -0.000000
719 -82.446240558 27.683226505 -3.244651
720 -82.805085256 28.037655299 1.897891
721 -82.522562198 27.490413296 -0.000000
722 -82.693585907 27.708136138 2.267997
723 -82.411424192 27.520190032 -0.000000
724 -82.527619476 27.921178388 -1.368374
725 -82.776854706 27.711038030 7.204682
726 -82.600173526 27.992433148 -2.258626
727 -82.538931247 27.671519326 0.600931
728 -82.445504600 27.757883818 -0.535412
729 -82.439280452 27.678575008 -2.445543
730 -82.733838776 27.505149071 -0.000000
731 -82.425947575 27.779803103 -1.870294
732 -82.823492024 28.050581861 -0.000000
733 -82.712132979 27.724303589 0.497658
734 -82.614058042 27.644970119 8.982453
735 -82.799708587 27.810768309 1.416604
736 -82.578723622 27.638903772 4.225615
737 -82.622845730 27.884193266 -0.281144
738 -82.587980740 27.541016476 -0.000000
739 -82.622762216 27.745943989 1.140964
740 -82.482174465 27.857758945 3.803566
741 -82.653010591 27.986621475 2.235665
742 -82.793732763 28.011870154 -1.298230
743 -82.504510893 27.503695973 -0.000000
744 -82.800174866 27.991970975 1.956894
745 -82.567192480 27.585022352 -0.755098
746 -82.403855301 27.870169991 0.502397
747 -82.565413116 27.644773080 3.305177
748 -82.814841046 27.949547465 2.345271
749 -82.862899692 27.854964483 -0.000000
750 -82.692780713 27.971335905 -1.051130
751 -82.514852067 27.677410529 1.042856
752 -82.788729009 27.798994732 -1.063318
753 -82.823428758 27.969348451 1.187220
754 -82.835292417 27.905614253 2.870265
755 -82.629487764 27.519825455 -0.000000
756 -82.635228877 27.545336507 -0.000000
757 -82.563726266 27.689564423 10.325337
758 -82.588377858 27.595950194 1.094343
759 -82.689801592 27.961910975 -1.732756
760 -82.810243531 27.966020043 1.676351
761 -82.830861884 27.998057362 3.308145
762 -82.775865410 27.798945944 2.191781
763 -82.561823570 27.606003177 1.134629
764 -82.579357657 27.613582990 2.793616
765 -82.526205203 27.917460946 -1.460107
766 -82.533901138 27.888351043 -1.878318
767 -82.631991741 27.798184961 1.627285
768 -82.782817827 28.058268000 -0.000000
769 -82.545599695 27.939760655 1.146238
770 -82.694611022 27.733743268 1.498362
771 -82.411236122 27.904305554 9.613140
772 -82.679817103 28.031273011 0.709193
773 -82.446912720 27.694767987 1.121913
774 -82.460159499 27.715023724 -0.793291
775 -82.543110126 27.940421968 1.854853
776 -82.470836950 27.813562721 2.045641
777 -82.630448058 27.903850809 0.849266
778 -82.439606469 27.880781379 5.834954
779 -82.450547448 27.695014778 0.505935
780 -82.581284106 27.784430064 7.948640
781 -82.620007915 27.587715523 3.444475
782 -82.507725313 27.829539567 -2.297759
783 -82.427815287 27.913186269 15.069005
784 -82.587153836 27.962204141 4.626113
785 -82.708375026 27.940848352 3.925131
786 -82.798692769 28.043479966 1.736282
787 -82.657781345 27.984830052 2.927727
788 -82.626695882 27.890411457 -0.153904
789 -82.670426863 27.703322471 2.529864
790 -82.829040082 27.837550056 0.137075
791 -82.768613170 27.822055792 -0.569194
792 -82.429580728 27.863539506 3.902733
793 -82.764851545 27.819211531 0.254499
794 -82.823398214 27.813169963 3.582469
795 -82.660172806 27.939381952 3.478422
796 -82.801265873 27.551568468 8.135753
797 -82.487543248 27.529776739 -0.000000
798 -82.425169505 27.910661958 -2.367654
799 -82.762434369 27.794105229 1.806790
800 -82.427137574 27.914884272 14.956842
801 -82.630307539 28.015983676 0.100000
802 -82.437335029 27.880646393 3.436421
803 -82.536279119 27.911150946 0.986914
804 -82.846135794 27.824260312 4.844995
805 -82.422367540 27.507880299 -0.000000
806 -82.634024231 27.552923141 1.190945
807 -82.595994455 27.516617074 -0.000000
808 -82.541153166 27.940268785 3.343901
809 -82.564513861 27.625415595 0.880367
810 -82.486618266 27.896810200 0.563538
811 -82.462408835 27.936549538 3.523541
812 -82.662800224 27.701443060 0.997014
813 -82.632074294 27.852990440 1.702669
814 -82.427205938 27.919841984 11.596252
815 -82.829098144 27.828777250 2.977963
816 -82.651567251 27.593617659 4.901125
817 -82.514505803 27.719676684 3.453319
818 -82.581656412 27.977517036 -0.532745
819 -82.624497917 27.766342072 -1.035714
820 -82.533634277 27.872206227 0.700432
821 -82.586763842 27.612223335 2.891268
822 -82.589728528 27.615536307 2.941654
823 -82.472579443 27.807571004 5.397036
824 -82.554681629 27.620533807 -0.388185
825 -82.541428914 27.927208056 2.941297
826 -82.510203858 27.674780456 -0.700775
827 -82.768336097 27.807369459 -0.063471
828 -82.485747208 27.870008842 0.859957
829 -82.778095804 27.767559808 3.928688
830 -82.690107165 27.554053044 5.670166
831 -82.466222594 27.752773516 1.058696
832 -82.849298697 27.870005385 1.028779
833 -82.399415894 27.856676453 -8.245488
834 -82.833783065 27.603711489 7.688576
835 -82.809023216 28.047702341 1.276841
836 -82.524271281 27.683166949 0.098291
837 -82.753020024 27.727792541 5.264692
838 -82.673293916 27.700847525 4.146639
839 -82.467063316 27.841334334 1.814502
840 -82.537530306 27.675818688 1.008846
841 -82.657134121 28.002811148 -0.478426
842 -82.578002757 27.843615009 9.933428
843 -82.417662555 27.869751169 3.422529
844 -82.651699023 27.919695349 1.066800
845 -82.626726587 27.801028965 -1.326845
846 -82.482291539 27.913001487 3.075590
847 -82.489485685 27.513350559 -0.000000
848 -82.405243529 27.808458398 -1.701601
849 -82.544735298 27.503308236 -0.000000
850 -82.425434182 27.832085393 3.470000
851 -82.797925535 27.999226578 1.759050
852 -82.440897175 27.765426357 0.810336
853 -82.436732261 27.683828536 -0.275887
854 -82.492215925 27.710227536 -0.538905
855 -82.842267545 27.833584341 4.140418
856 -82.592798370 27.514128688 -0.000000
857 -82.647300619 28.023323125 -1.828132
858 -82.609511940 27.560910274 0.650005
859 -82.579634085 27.567433399 2.334512
860 -82.414444015 27.932230951 0.438883
861 -82.754743185 27.745878102 -1.400464
862 -82.603620572 27.738460067 5.703317
863 -82.637586934 27.939233446 4.073404
864 -82.550774476 27.826388187 1.536856
865 -82.552010966 27.648498243 0.268684
866 -82.808937752 27.973671675 0.816828
867 -82.430712356 27.513800735 -0.000000
868 -82.724321766 27.937478158 1.193949
869 -82.529472212 27.683740664 0.679620
870 -82.429871376 27.908892940 14.729504
871 -82.623600481 27.886103163 -0.310842
872 -82.428905330 27.799090583 3.500000
873 -82.517953141 27.822143328 2.793808
874 -82.428722455 27.899404979 1.624972
875 -82.403881652 27.822122118 0.843988
876 -82.511854228 27.512486957 -0.000000
877 -82.432364541 27.885630200 3.605021
878 -82.572504663 27.944048305 4.490386
879 -82.728446358 27.746095255 0.186595
880 -82.682009786 28.023060128 2.203562
881 -82.759235463 27.730341662 5.622301
882 -82.438123499 27.525676760 -0.000000
883 -82.729739778 27.734618645 2.680300
884 -82.827118605 28.038402622 4.098192
885 -82.581875879 27.569578929 -1.778912
886 -82.523095322 27.492086399 -0.000000
887 -82.440446741 27.883178979 14.099204
888 -82.716454447 27.560697696 5.428269
889 -82.840663440 27.895332705 -1.512533
890 -82.790197843 28.035463131 3.697672
891 -82.560092222 27.610612340 0.348082
892 -82.438872550 27.864606968 2.841254
893 -82.423478233 27.514777905 -0.000000
894 -82.602777586 27.528600194 -0.000000
895 -82.881738517 27.883484604 -0.000000
896 -82.609215873 27.513588725 -0.000000
897 -82.561463824 27.593727515 -0.483998
898 -82.590424831 27.571847395 1.102919
899 -82.538514217 27.501882793 -0.000000
900 -82.413125057 27.947201338 0.770948
901 -82.506936358 27.832097189 -0.063469
902 -82.622703206 27.780666065 1.798859
903 -82.430347523 27.841772265 4.407770
904 -82.437553985 27.897721741 4.921903
905 -82.390643123 27.827798585 -0.706414
906 -82.694544733 27.510395224 -0.000000
907 -82.680297920 27.516291145 -0.000000
908 -82.772159431 27.787095459 -0.058703
909 -82.570093036 27.623589512 1.058163
910 -82.414314773 27.784687913 -0.414531
911 -82.681987483 27.995251714 0.698497
912 -82.855905797 27.946737058 -0.000000
913 -82.550058231 27.845632990 0.975168
914 -82.461795385 27.909269222 -1.255513
915 -82.595287050 27.998795791 -0.855078
916 -82.819186298 28.032486438 0.761679
917 -82.626144843 28.012263059 -2.325035
918 -82.823305318 27.960178334 3.445992
919 -82.618594314 27.788720710 3.518318
920 -82.547167511 27.653509937 -0.668092
921 -82.657626629 27.529558860 -0.000000
922 -82.436657780 27.891796784 6.816147
923 -82.529944665 27.916898241 -1.337299
924 -82.758461999 27.813346977 0.108580
925 -82.861572717 27.577772816 -0.000000
926 -82.411356130 27.867057114 2.165925
927 -82.614715968 27.990340019 0.345652
928 -82.513204864 27.518582113 -0.000000
929 -82.608448330 27.520602500 -0.000000
930 -82.695416720 27.983246003 0.100000
931 -82.558364254 27.838044912 7.197335
932 -82.692960220 27.732727218 1.043100
933 -82.818766601 28.054610111 -0.000000
934 -82.678247962 27.907986535 -1.801997
935 -82.723060589 27.939641780 -1.525227
936 -82.565853092 27.580776950 -8.225315
937 -82.802088545 27.976044651 0.780145
938 -82.594415303 27.502777162 -0.000000
939 -82.608574256 27.551814099 0.734386
940 -82.436987268 27.848063427 6.242767
941 -82.437846449 27.520394252 -0.000000
942 -82.588619326 27.561759633 -0.036777
943 -82.597323297 27.550683925 2.042501
944 -82.505932282 27.507560845 -0.000000
945 -82.609897224 27.540763306 -0.000000
946 -82.559961709 27.592428535 -0.784435
947 -82.721280739 27.497189332 -0.000000
948 -82.844928445 27.952597599 5.889428
949 -82.831625335 27.826580317 -0.779633
950 -82.422433004 27.769177167 -2.477235
951 -82.591928573 27.897948479 2.445053
952 -82.748163130 27.714489272 5.564689
953 -82.832474311 27.958004370 -0.939509
954 -82.675056325 27.513997544 -0.000000
955 -82.599578519 27.814952820 -1.430072
956 -82.587714242 27.547458895 -0.000000
957 -82.850131162 27.881864518 -0.000000
958 -82.461630414 27.762564146 1.134328
959 -82.807391500 27.998429011 0.673239
960 -82.633121737 28.007152184 -0.907706
961 -82.607601928 27.556353520 -0.421729
962 -82.620393934 27.730789783 0.960091
963 -82.583039107 27.982373339 -0.325684
964 -82.673291007 27.516026776 -0.000000
965 -82.652000113 27.693958406 3.029539
966 -82.535847342 27.676843360 0.630313
967 -82.427135549 27.911844746 14.835381
968 -82.448374344 27.695392821 0.746684
969 -82.609707615 27.533204769 -0.000000
970 -82.655251235 27.921377709 1.120000
971 -82.580440851 27.509721385 -0.000000
972 -82.502610453 27.482797939 -0.000000
973 -82.730858883 27.739325762 0.615063
974 -82.413424541 27.926941238 -0.010081
975 -82.572384477 27.696110621 7.376839
976 -82.478815750 27.869903447 3.910000
977 -82.699466113 27.697442228 2.225585
978 -82.837843431 27.805053185 5.806714
979 -82.812689826 28.035355389 0.535666
980 -82.830645447 27.968708946 1.678156
981 -82.814229009 28.024947543 0.381244
982 -82.389279411 27.838308455 -0.255983
983 -82.469217784 27.525025997 -0.000000
984 -82.597534780 27.848223156 0.068095
985 -82.469521673 27.733833432 -0.481390
986 -82.424447022 27.857222412 3.477484
987 -82.607308129 27.588672545 0.812300
988 -82.618638690 27.859138482 -0.049459
989 -82.806012543 28.044741380 1.821287
990 -82.404071056 27.872060179 0.398843
991 -82.392899809 27.843867497 -0.502855
992 -82.615437478 27.733284386 5.035499
993 -82.395078086 27.854560909 11.663449
994 -82.733170515 27.747159717 0.679703
995 -82.524563429 27.714016331 3.031027
996 -82.635810963 27.961552026 4.190000
997 -82.612533798 27.736402198 6.115825
998 -82.766540945 27.798936118 1.085585
999 -82.609311116 27.819032184 -0.699732
1000 -82.500703127 27.523983788 -0.000000
1001 -82.700387913 27.933475280 1.748852
1002 -82.423679470 27.946647161 0.504641
1003 -82.658267817 27.522811128 -0.000000
1004 -82.566172658 27.617069716 0.430099
1005 -82.459874588 27.897627553 2.920000
1006 -82.564823452 27.620682786 -0.378313
1007 -82.685981688 27.725561776 -1.490267
1008 -82.578024877 27.563339410 2.900087
1009 -82.501349938 27.769564138 6.506196
1010 -82.714853087 27.727338006 2.990806
1011 -82.648812700 27.490586468 -0.000000
1012 -82.661770980 27.923525532 1.420000
1013 -82.462965398 27.737902523 -1.546230
1014 -82.788884345 27.584985138 4.074465
1015 -82.751445748 27.781503014 1.522795
1016 -82.853151329 28.053295769 -0.000000
1017 -82.470183151 27.797389883 6.965059
1018 -82.844488375 27.889262621 0.344932
1019 -82.560081624 27.847235838 12.174697
1020 -82.545151045 27.679565856 2.390053
1021 -82.706146634 27.483476661 -0.000000
1022 -82.821097993 27.945891691 2.246821
1023 -82.623053250 27.838640408 -0.369979
1024 -82.765098855 27.488383715 -0.000000
1025 -82.832635697 27.991449507 3.882269
1026 -82.820546636 27.968517655 2.400401
1027 -82.581222797 27.984098761 -2.384662
1028 -82.537811559 27.689206162 1.150868
1029 -82.849267372 27.970934322 6.028805
1030 -82.656687394 27.690439831 2.550055
1031 -82.726752666 27.746975294 -1.530768
1032 -82.596717808 27.972706209 0.619291
1033 -82.757712519 27.796571731 0.728461
1034 -82.423603703 27.758878903 -0.649416
1035 -82.491152730 27.505357451 -0.000000
1036 -82.633868020 27.518154852 -0.000000
1037 -82.413956278 27.930476693 0.185190
1038 -82.847371866 27.857149598 -2.003520
1039 -82.574422588 27.573356645 -2.300603
1040 -82.531288346 27.924729909 0.584327
1041 -82.410645579 27.902453141 -2.997083
1042 -82.880245845 28.042838278 -0.000000
1043 -82.484042226 27.788395514 7.217920
1044 -82.742296112 27.715422682 4.157269
1045 -82.701717577 27.722649238 2.444623
1046 -82.683078016 28.029494849 1.502668
1047 -82.803856538 28.053199574 -0.000000
1048 -82.418594103 27.521707143 -0.000000
1049 -82.683673868 27.974443409 1.189159
1050 -82.540884507 27.837252449 1.275116
1051 -82.495626228 27.534788269 -0.000000
1052 -82.835277577 27.835879283 -1.039032
1053 -82.686423408 27.493985069 -0.000000
1054 -82.494737705 27.719561044 0.722199
1055 -82.577305845 27.549711007 -0.000000
1056 -82.835675013 27.955342349 4.432344
1057 -82.426102839 27.787280872 2.025818
1058 -82.590523384 27.574353043 -1.210002
1059 -82.521535634 27.692069325 0.384550
1060 -82.573836952 27.974250248 0.635430
1061 -82.411094809 27.941382476 -2.477665
1062 -82.477701125 27.889063376 2.946552
1063 -82.701700155 27.736923888 0.905927
1064 -82.622022632 27.528430633 -0.000000
1065 -82.828811384 27.917361918 1.674217
1066 -82.417599846 27.791408623 -0.228728
1067 -82.667941242 28.015053815 0.498254
1068 -82.402975332 27.817047288 0.763508
1069 -82.579973392 27.985749636 -2.305914
1070 -82.445527858 27.911708972 2.278741
1071 -82.855561908 28.037279668 -0.000000
1072 -82.577299360 27.507083581 -0.000000
1073 -82.390392105 27.829510124 -1.454030
1074 -82.623405554 27.550942317 -0.391071
1075 -82.470912962 27.886249287 3.920436
1076 -82.771023705 27.497964020 -0.000000
1077 -82.442820730 27.872814109 10.840120
1078 -82.618612543 27.517565000 -0.000000
1079 -82.541888000 27.682652236 1.926026
1080 -82.605018141 27.545444417 -0.000000
1081 -82.498842699 27.706842185 0.407619
1082 -82.447516532 27.684439890 -2.577571
1083 -82.527274481 27.830143410 0.971557
1084 -82.612060357 27.513957705 -0.000000
1085 -82.677080802 28.002497518 0.441322
1086 -82.449158804 27.926099630 5.308237
1087 -82.631991536 27.689367750 3.286279
1088 -82.582605415 27.612598029 2.859765
1089 -82.527164427 27.925197214 -1.230672
1090 -82.744914150 27.544532587 -0.000000
1091 -82.479401172 27.711016007 1.296030
1092 -82.516990514 27.492456452 -0.000000
1093 -82.628392500 27.835759570 0.096653
1094 -82.391846206 27.853225868 -3.665920
1095 -82.596921131 27.845525626 -0.468006
1096 -82.832442850 27.908206376 0.755295
1097 -82.576375589 27.867673680 4.764151
1098 -82.753513704 27.836223256 0.089887
1099 -82.838569494 27.840195136 -0.010763
1100 -82.632021201 27.711794822 3.548878
1101 -82.709903580 27.690052479 6.024994
1102 -82.681527190 27.519582263 -0.000000
1103 -82.643467564 27.987874839 1.985988
1104 -82.679222695 27.992933074 1.884565
1105 -82.688460989 27.925011047 1.304010
1106 -82.515449585 27.715898932 3.081651
1107 -82.489522351 27.523553580 -0.000000
1108 -82.743668159 27.610784721 4.104705
1109 -82.392820077 27.824140705 -0.178842
1110 -82.695080765 27.927562883 0.911402
1111 -82.462404568 27.851926307 2.867108
1112 -82.498512436 27.527871742 -0.000000
1113 -82.622191542 27.542854969 -0.000000
1114 -82.632974237 27.855132693 -1.109257
1115 -82.563293657 27.646800186 3.140609
1116 -82.668294000 27.514037851 -0.000000
1117 -82.594094870 27.884772819 1.853315
1118 -82.436068893 27.822497333 3.643672
1119 -82.432843613 27.515740111 -0.000000
1120 -82.448760884 27.758377540 0.729523
1121 -82.763960504 27.816383444 1.609817
1122 -82.570922913 27.971762857 0.509164
1123 -82.558730456 27.640489102 0.554970
1124 -82.828800104 27.922719477 2.619145
1125 -82.611245035 27.699603490 5.439100
1126 -82.793149423 28.027262704 1.523456
1127 -82.704912776 27.705601410 2.290112
1128 -82.737158945 27.735105425 2.640082
1129 -82.798534312 28.046864185 1.772450
1130 -82.431330393 27.891436902 5.803667
1131 -82.387818855 27.835625037 0.491504
1132 -82.460484380 27.707710953 -0.894139
1133 -82.458917442 27.903218998 2.930246
1134 -82.543589513 27.669257572 0.927973
1135 -82.623385923 27.803362654 1.500250
1136 -82.619275695 28.002736685 -0.624287
1137 -82.581641673 27.567597302 2.000608
1138 -82.490797525 27.709786888 -0.551384
1139 -82.844666534 27.941556969 6.035435
1140 -82.638987856 27.689127083 3.161480
1141 -82.778070488 27.800024817 3.055913
1142 -82.490935840 27.817646692 1.090528
1143 -82.816674222 28.016211188 0.346072
1144 -82.553582657 27.962583147 0.770554
1145 -82.498935013 27.484439605 -0.000000
1146 -82.605833366 27.522090810 -0.000000
1147 -82.440780817 27.527773931 -0.000000
1148 -82.410521779 27.895614378 -0.841353
1149 -82.639074099 27.551628252 2.961436
1150 -82.386799707 27.858933718 2.714696
1151 -82.717714680 27.939552638 0.872800
1152 -82.502147976 27.806606534 4.655152
1153 -82.698789451 27.507240696 -0.000000
1154 -82.553614894 27.510095931 -0.000000
1155 -82.840523178 28.020929273 4.858544
1156 -82.455607867 27.766890892 2.611091
1157 -82.415766172 27.762441961 -1.252779
1158 -82.552844449 27.937370337 2.899202
1159 -82.833171228 28.025898026 4.234348
1160 -82.584605093 27.980499635 -1.134392
1161 -82.669289550 27.503472736 -0.000000
1162 -82.636125188 27.949270993 3.998850
1163 -82.646237075 27.908619952 0.428006
1164 -82.783995489 28.048450797 -0.906677
1165 -82.601643671 27.998076741 -1.969833
1166 -82.834003446 27.955277895 2.218936
1167 -82.841297251 27.850076009 3.560460
1168 -82.839358863 28.041528221 5.160000
1169 -82.673461954 27.913242433 1.781611
1170 -82.581436100 27.558117838 3.071450
1171 -82.433366627 27.511344218 -0.000000
1172 -82.450117721 27.804041729 4.805583
1173 -82.827146779 27.937649902 2.310134
1174 -82.815397629 28.020502289 0.468734
1175 -82.436672396 27.772258849 1.238523
1176 -82.625835311 27.720457964 1.254021
1177 -82.484370991 27.759842408 2.412914
1178 -82.584315702 27.638448033 4.555627
1179 -82.570696217 27.913556778 4.193959
1180 -82.618846595 27.775940617 4.570557
1181 -82.795071747 27.805539366 -1.661515
1182 -82.623952976 27.735626449 0.891475
1183 -82.431178444 27.681017471 0.447585
1184 -82.541363577 27.509617460 -0.000000
1185 -82.505950485 27.742583548 4.068563
1186 -82.832211125 27.917774096 2.163172
1187 -82.594736071 27.980081445 -0.969000
1188 -82.498289301 27.729086267 2.057750
1189 -82.614754931 27.882940842 -0.031518
1190 -82.691190411 27.730048465 0.108764
1191 -82.625497611 27.762895005 -1.621195
1192 -82.690288034 27.711624987 1.227398
1193 -82.466008502 27.514947069 -0.000000
1194 -82.493267929 27.711846719 0.625373
1195 -82.588165211 27.511996986 -0.000000
1196 -82.788979617 28.036631507 2.794928
1197 -82.623575651 27.707104442 1.370808
1198 -82.433043212 27.905869468 8.851401
1199 -82.831324186 27.921206011 2.351445
1200 -82.825914087 27.827880929 -1.571683
1201 -82.454599101 27.509445230 -0.000000
1202 -82.571575088 27.768550447 5.014399
1203 -82.486155879 27.528572203 -0.000000
1204 -82.679303787 28.028505436 2.194567
1205 -82.716205276 27.945569813 3.181253
1206 -82.625691138 27.561795052 1.134147
1207 -82.828257311 27.810146780 4.249757
1208 -82.542558405 27.503150707 -0.000000
1209 -82.507482634 27.820419698 1.007445
1210 -82.578234386 27.606793840 0.772804
1211 -82.563137414 27.582024372 0.100000
1212 -82.401738756 27.772169173 -1.590603
1213 -82.534936357 27.508718846 -0.000000
1214 -82.621344959 27.897173830 1.628439
1215 -82.405853101 27.894474666 0.239485
1216 -82.565358030 27.575423523 1.330912
1217 -82.597017625 27.821891198 -1.311996
1218 -82.667061963 27.498723612 -0.000000
1219 -82.779239327 27.805509794 0.675888
1220 -82.590951859 27.867294745 1.383293
1221 -82.465219688 27.708850368 -0.446995
1222 -82.606904755 27.799802707 -0.537772
1223 -82.567348286 27.973200821 0.172661
1224 -82.512438546 27.677361596 0.714488
1225 -82.720439640 27.738398494 0.311995
1226 -82.457243046 27.527573685 -0.000000
1227 -82.658352443 27.567524826 4.658602
1228 -82.811990681 28.041591974 2.139509
1229 -82.683141116 27.921069113 0.899205
1230 -82.801708946 28.018077617 2.030744
1231 -82.597450957 27.830396081 -0.358685
1232 -82.443846815 27.688524996 0.682329
1233 -82.627595583 27.563695523 2.845723
1234 -82.458206948 27.718205771 -1.056334
1235 -82.763336571 27.749975767 0.610540
1236 -82.713772558 27.716027999 0.757997
1237 -82.706439663 27.491868522 -0.000000
1238 -82.491101831 27.826048454 -0.879280
1239 -82.754944636 27.511603826 -0.000000
1240 -82.808005889 27.821138541 1.324431
1241 -82.551233852 27.972309977 1.614523
1242 -82.436709350 27.786410865 4.199442
1243 -82.615035064 27.814814401 -1.469667
1244 -82.488018773 27.509712721 -0.000000
1245 -82.692609629 27.508385515 -0.000000
1246 -82.663775211 27.991331669 1.119258
1247 -82.854603805 27.879837285 -0.000000
1248 -82.583561678 27.511400702 -0.000000
1249 -82.776445563 27.801401850 2.117094
1250 -82.837098730 27.954057519 4.933350
1251 -82.535570019 27.833729494 0.812681
1252 -82.825836990 28.030845317 3.755415
1253 -82.866865123 27.812383668 -0.000000
1254 -82.617141362 27.916328940 1.686208
1255 -82.624160547 27.546981478 -0.000000
1256 -82.820967272 27.952867627 2.436468
1257 -82.481302705 27.865244846 3.191509
1258 -82.841117720 27.912060688 0.842929
1259 -82.632972517 27.673025453 4.447442
1260 -82.810927378 27.957897066 3.312673
1261 -82.812277468 28.038153142 0.769930
1262 -82.653877759 27.929688700 1.698598
1263 -82.629113977 27.775892259 4.149729
1264 -82.536555521 27.510280906 -0.000000
1265 -82.838875244 27.894315223 3.557758
1266 -82.611488326 27.534470634 -0.000000
1267 -82.803070140 27.824638395 -1.696829
1268 -82.724066679 27.503213944 -0.000000
1269 -82.467525117 27.730499181 -0.401243
1270 -82.645037612 28.001100771 1.080394
1271 -82.453420313 27.830475587 5.820922
1272 -82.530248566 27.832625930 0.832863
1273 -82.442994028 27.905659058 4.216707
1274 -82.572152810 27.590378580 -0.075264
1275 -82.618162640 27.744188145 4.950089
1276 -82.485409621 27.515395282 -0.000000
1277 -82.653770334 27.490763531 -0.000000
1278 -82.579308341 27.503706424 -0.000000
1279 -82.612371063 27.838781857 -0.587882
1280 -82.616211160 27.719855833 1.778587
1281 -82.443609794 27.882296850 5.406688
1282 -82.805281993 27.822233326 -1.346525
1283 -82.497676235 27.522191908 -0.000000
1284 -82.551732737 27.499896534 -0.000000
1285 -82.530312221 27.747952438 7.559974
1286 -82.526910971 27.675854269 0.100000
1287 -82.786744337 28.042406787 -1.549835
1288 -82.609593011 28.000285719 -2.824744
1289 -82.600983945 27.861197510 -1.862017
1290 -82.487807703 27.824963404 -0.630686
1291 -82.580795528 27.590033809 -0.627429
1292 -82.724982311 27.747285349 0.099852
1293 -82.589530041 27.542700109 -0.000000
1294 -82.561607003 27.667576847 5.167527
1295 -82.582375304 27.980005074 -0.940210
1296 -82.706888534 27.955003481 2.929036
1297 -82.482150705 27.895784594 2.729580
1298 -82.833436754 27.785362190 6.586546
1299 -82.638030871 27.889209184 -0.531027
1300 -82.491892563 27.799397351 8.293295
1301 -82.637815629 27.986676085 2.542835
1302 -82.631004567 27.890437696 -0.059753
1303 -82.550502738 27.720900619 4.466373
1304 -82.792718040 27.809892645 -2.173228
1305 -82.452319228 27.933122776 -2.728997
1306 -82.614466627 27.524173458 -0.000000
1307 -82.768026679 27.803760091 1.718406
1308 -82.695753645 27.714577410 4.289365
1309 -82.749898055 27.497223420 -0.000000
1310 -82.611483312 27.868608005 -0.248229
1311 -82.684063546 27.953354458 2.534494
1312 -82.704952492 27.734473342 2.263955
1313 -82.603359623 27.973011007 -0.777231
1314 -82.488439962 27.518739155 -0.000000
1315 -82.814529186 27.825758466 3.126248
1316 -82.441523043 27.907033330 4.459914
1317 -82.697159117 27.932614941 2.416872
1318 -82.619892770 27.574038063 1.005432
1319 -82.544695595 27.506911587 -0.000000
1320 -82.766065973 27.821370720 0.190019
1321 -82.671398132 27.676220599 0.760000
1322 -82.461999566 27.793498816 5.644923
1323 -82.678364486 28.020407940 2.891149
1324 -82.577499268 27.975119214 0.677532
1325 -82.451991015 27.690681338 1.272266
1326 -82.608707704 27.593604125 1.993838
1327 -82.712762712 27.499545369 -0.000000
1328 -82.852335620 27.879487694 -0.000000
1329 -82.566773742 27.620713308 0.751500
1330 -82.663486223 27.933465083 3.190768
1331 -82.561616064 27.851193707 8.231656
1332 -82.540426258 27.865451489 0.732710
1333 -82.530245660 27.933460274 -2.664619
1334 -82.692628603 27.950722711 1.708019
1335 -82.487911221 27.719600616 0.534383
1336 -82.846846350 28.050802770 -0.000000
1337 -82.500878252 27.831693672 -1.166958
1338 -82.693026862 27.712326559 6.013194
1339 -82.582554358 27.590941926 -0.104325
1340 -82.794563747 28.053173270 -0.000000
1341 -82.692145980 27.505753854 -0.000000
1342 -82.630364056 28.007960925 -0.734826
1343 -82.581536863 27.508279036 -0.000000
1344 -82.799529079 27.814607015 -0.923537
1345 -82.543225662 27.834953854 3.287360
1346 -82.771740041 27.800070614 0.562563
1347 -82.747381643 27.765207760 -1.969072
1348 -82.797528463 27.732735447 7.347486
1349 -82.498761126 27.831545688 -1.420485
1350 -82.571283926 27.844578720 7.300020
1351 -82.414181253 27.900300428 -0.507227
1352 -82.799378680 28.016336743 2.329948
1353 -82.556228321 27.644563304 0.620392
1354 -82.764221724 27.823715098 -1.064626
1355 -82.566277142 27.589152526 -0.877400
1356 -82.505515186 27.514394246 -0.000000
1357 -82.678291567 28.010969013 1.385964
1358 -82.849656904 27.633573331 8.929282
1359 -82.598065952 27.991420653 0.140321
1360 -82.814117724 28.033043396 0.320112
1361 -82.586836698 27.539570371 -0.000000
1362 -82.797888483 28.024265176 2.871602
1363 -82.811697295 27.971848483 0.866000
1364 -82.429895815 27.761428793 -0.602560
1365 -82.828976635 28.017066195 2.810778
1366 -82.409611724 27.774577386 -1.951296
1367 -82.457233565 27.749091165 -0.378776
1368 -82.860621993 27.859549471 -0.000000
1369 -82.791656039 28.035201744 0.995741
1370 -82.601606832 27.868587178 2.049048
1371 -82.698984342 27.717323044 -6.630949
1372 -82.662436038 27.517618817 -0.000000
1373 -82.506664243 27.503072858 -0.000000
1374 -82.604743982 27.621358385 4.968038
1375 -82.549611391 27.657907031 1.052348
1376 -82.602767778 28.004419999 -3.764963
1377 -82.723854754 27.748841092 -2.466658
1378 -82.797557216 27.810283337 2.946151
1379 -82.467887121 27.887812129 3.918241
1380 -82.621909852 27.766333524 6.330252
1381 -82.625133830 27.730711976 -1.769772
1382 -82.681489842 27.964965395 2.009949
1383 -82.511653403 27.826456026 0.590937
1384 -82.465741395 27.851819404 2.672218
1385 -82.477170875 27.894417353 3.928025
1386 -82.476751000 27.925075611 1.713481
1387 -82.666898907 28.008205282 1.965553
1388 -82.421044535 27.932369852 1.669466
1389 -82.452040526 27.754027873 -0.574377
1390 -82.850712976 27.919580537 -0.000000
1391 -82.570523119 27.969825837 1.200231
1392 -82.821155270 28.007731370 0.985720
1393 -82.401675378 27.812722537 0.395126
1394 -82.481540431 27.879589511 0.462689
1395 -82.497042541 27.713202682 0.765834
1396 -82.429641715 27.836847649 3.870000
1397 -82.587476043 27.563447321 0.922978
1398 -82.587908120 27.588234005 -0.155904
1399 -82.488425330 27.920120559 0.689492
1400 -82.624250805 27.893389084 1.121223
1401 -82.625234927 28.007739598 -0.607320
1402 -82.592525978 27.539671893 -0.000000
1403 -82.597430933 27.803504911 0.767971
1404 -82.489776980 27.911845776 0.920454
1405 -82.628697547 27.522008362 -0.000000
1406 -82.450312809 27.525916035 -0.000000
1407 -82.819614589 28.050638177 -0.000000
1408 -82.782397760 27.807240712 1.776402
1409 -82.625639548 27.856125780 -1.180125
1410 -82.677236115 27.493174039 -0.000000
1411 -82.836037902 27.900012939 2.723281
1412 -82.598027658 27.556238752 1.990708
1413 -82.448346232 27.924542072 11.189258
1414 -82.796052770 28.032721226 1.278731
1415 -82.564048160 27.971902185 -2.162192
1416 -82.762462393 27.759109336 -1.893879
1417 -82.859097138 27.934873965 -0.000000
1418 -82.727209147 27.748767715 -1.395322
1419 -82.444674939 27.909628499 4.506813
1420 -82.546549998 27.662826099 0.879537
1421 -82.743399691 27.741132363 0.774852
1422 -82.439516183 27.845878434 11.440801
1423 -82.555721880 27.590954128 -1.353710
1424 -82.717477684 27.942288044 2.986432
1425 -82.756767612 27.746117607 2.151176
1426 -82.573417002 27.972168393 1.039061
1427 -82.546207153 27.505209000 -0.000000
1428 -82.675773916 28.006137948 0.307849
1429 -82.712000545 27.952713184 3.303769
1430 -82.834943845 27.895450047 0.726086
1431 -82.721590261 27.527649363 -0.000000
1432 -82.483342210 27.902418118 3.199853
1433 -82.473172196 27.885264045 3.930000
1434 -82.509411141 27.503932502 -0.000000
1435 -82.457373398 27.932869496 -1.300106
1436 -82.598712493 27.526156592 -0.000000
1437 -82.813384549 27.948735946 0.912154
1438 -82.605780322 27.555900684 0.762181
1439 -82.552014675 27.847340469 1.081672
1440 -82.467175988 27.532428399 -0.000000
1441 -82.604836627 27.571702209 0.991257
1442 -82.563489258 27.584635066 0.090862
1443 -82.530603317 27.876726365 0.473564
1444 -82.811975441 28.023407231 0.571955
1445 -82.819950768 27.834921353 0.661901
1446 -82.567371142 27.625428922 0.822026
1447 -82.532229156 27.939460258 0.207316
1448 -82.574962789 27.975705389 0.321978
1449 -82.740684517 27.742475546 0.512968
1450 -82.677000093 27.968701782 2.850096
1451 -82.632257862 27.556478641 1.876668
1452 -82.641508724 28.018516970 0.365148
1453 -82.663197195 27.586217883 4.132499
1454 -82.819765545 28.047474003 -0.918007
1455 -82.528071613 27.503474922 -0.000000
1456 -82.632190710 27.741296200 1.916745
1457 -82.715475586 27.732731726 2.989057
1458 -82.419942513 27.882244700 2.828991
1459 -82.419659671 27.504584184 -0.000000
1460 -82.671339791 27.927050834 2.886418
1461 -82.491970272 27.728577573 3.135643
1462 -82.625456629 27.777458369 1.594690
1463 -82.511638946 27.494144310 -0.000000
1464 -82.822707954 28.014271343 -1.866809
1465 -82.598911238 27.984890499 0.100013
1466 -82.448041159 27.690506280 -1.157507
1467 -82.608024920 27.880736009 -0.081343
1468 -82.483646328 27.869199119 2.019778
1469 -82.707276839 27.502818569 -0.000000
1470 -82.503712782 27.722277836 3.440918
1471 -82.599951844 27.898870126 2.594047
1472 -82.705544976 27.518293497 -0.000000
1473 -82.604144413 27.510296635 -0.000000
1474 -82.689175951 27.935129721 4.201032
1475 -82.806768608 28.029672574 0.758171
1476 -82.413765626 27.786867058 -0.365102
1477 -82.602235177 27.562169006 0.367857
1478 -82.422588125 27.908420777 -2.099876
1479 -82.642814785 27.893766886 0.397846
1480 -82.758935335 27.829799066 -2.329802
1481 -82.522629177 27.518186906 -0.000000
1482 -82.737119241 27.747516838 -1.457440
1483 -82.538813523 27.889362828 -1.723377
1484 -82.887146369 27.985140280 -0.000000
1485 -82.385182919 27.839231792 -1.561151
1486 -82.675339342 27.529818792 -0.000000
1487 -82.817323177 27.949494893 2.595089
1488 -82.468305665 27.931664353 1.616459
1489 -82.808600278 28.014654095 1.000687
1490 -82.627077498 27.849817209 -2.683288
1491 -82.578957798 27.939386636 4.397900
1492 -82.615241958 27.513976148 -0.000000
1493 -82.724254283 27.512075633 -0.000000
1494 -82.611317201 27.519109453 -0.000000
1495 -82.566292843 27.567247740 1.065492
1496 -82.539989182 27.934265515 0.858353
1497 -82.632371210 27.743345436 1.693140
1498 -82.601083633 27.599910826 2.040942
1499 -82.831823120 27.962256008 0.459925
1500 -82.419497643 27.507574205 -0.000000
1501 -82.801749531 27.978110933 1.159451
1502 -82.584275154 27.591174490 -0.352703
1503 -82.448738642 27.927924171 -2.217210
1504 -82.438788186 27.507874811 -0.000000
1505 -82.824407370 27.934394699 2.334687
1506 -82.832272721 27.835050292 0.580878
1507 -82.619710844 27.764864964 7.507672
1508 -82.663514362 28.024569792 -1.988674
1509 -82.694084257 27.982960046 -2.584485
1510 -82.618736579 27.834323112 -0.339200
1511 -82.767157926 27.801428669 3.096964
1512 -82.711526480 27.732585324 2.231565
1513 -82.581487830 27.594976799 -0.330153
1514 -82.672247301 27.505322273 -0.000000
1515 -82.452195327 27.854983288 5.384446
1516 -82.448848915 27.936063701 -2.872140
1517 -82.618578291 27.797909775 -1.178950
1518 -82.709637097 27.952824842 3.244006
1519 -82.411210019 27.785091840 -1.915087
1520 -82.676679587 27.962370890 2.977264
1521 -82.567445917 27.605260803 0.225419
1522 -82.626280371 27.802566493 -2.320658
1523 -82.588191295 27.663164765 7.525392
1524 -82.598269972 27.519649641 -0.000000
1525 -82.758503147 27.823595392 0.278946
1526 -82.417732592 27.843612614 3.170295
1527 -82.568683184 27.572833867 1.879761
1528 -82.444505681 27.510213586 -0.000000
1529 -82.431556759 27.821472427 3.933668
1530 -82.499146338 27.533901789 -0.000000
1531 -82.709620400 27.935282940 1.543627
1532 -82.627527886 27.715554020 1.514119
1533 -82.697134736 27.497179968 -0.000000
1534 -82.573761520 27.881542644 2.141187
1535 -82.758277412 27.821446170 0.099668
1536 -82.424222104 27.836199504 3.470000
1537 -82.602184496 27.870564620 0.883405
1538 -82.641452961 27.521541540 -0.000000
1539 -82.641236403 27.888165026 0.257999
1540 -82.594211842 27.657052677 7.426254
1541 -82.518689157 27.516038550 -0.000000
1542 -82.456011978 27.754880481 0.790000
1543 -82.535748344 27.879071262 1.370164
1544 -82.822857504 28.011645837 0.265143
1545 -82.635087443 27.520783775 -0.000000
1546 -82.478098803 27.905847168 3.530000
1547 -82.676131989 27.542564454 -0.000000
1548 -82.548958734 27.862440709 -2.208857
1549 -82.596211610 27.553563322 2.279555
1550 -82.780013842 27.783613772 -1.174361
1551 -82.423056732 27.868124227 3.866335
1552 -82.802079215 27.982444616 3.087326
1553 -82.886701901 27.802473396 -0.000000
1554 -82.596073317 27.931975867 4.790000
1555 -82.410090035 27.770226106 -1.779330
1556 -82.429352141 27.905006410 15.067158
1557 -82.534406320 27.673644777 -0.579899
1558 -82.566327994 27.639341661 1.511158
1559 -82.408289006 27.805502726 -3.786933
1560 -82.490668118 27.820999481 0.738974
1561 -82.837946120 27.696724693 9.173686
1562 -82.658016375 27.993292706 1.378472
1563 -82.506842701 27.521886775 -0.000000
1564 -82.414104022 27.928680666 0.417551
1565 -82.808447958 27.961458068 3.481159
1566 -82.847596539 27.902074113 -1.432785
1567 -82.625125708 27.889058066 -0.099111
1568 -82.487838761 27.511996519 -0.000000
1569 -82.751153835 27.836428368 -2.505599
1570 -82.535392486 27.908742730 0.740863
1571 -82.769628404 27.793274750 1.441173
1572 -82.692143465 27.739060146 0.092844
1573 -82.474813120 27.714439090 1.425792
1574 -82.833549022 28.011502990 3.877690
1575 -82.539480248 27.658572402 -0.511505
1576 -82.473776529 27.730814763 1.368552
1577 -82.454583183 27.756308165 0.802769
1578 -82.578617600 27.968483973 2.429335
1579 -82.727883766 27.507363264 -0.000000
1580 -82.476744491 27.859678665 4.140108
1581 -82.566667308 27.502199193 -0.000000
1582 -82.501020628 27.708915694 0.775295
1583 -82.834818757 27.715306648 8.265158
1584 -82.809570972 27.802671277 4.002910
1585 -82.477079111 27.821557968 -0.780892
1586 -82.695015021 27.984631657 -2.790745
1587 -82.533738305 27.879192108 1.167822
1588 -82.474445205 27.524681314 -0.000000
1589 -82.635929075 27.591525579 3.970951
1590 -82.581039942 27.880177855 3.904596
1591 -82.428196557 27.521874139 -0.000000
1592 -82.689086489 27.921587914 -0.782960
1593 -82.515731370 27.693778718 -0.485070
1594 -82.645456287 27.526079830 -0.000000
1595 -82.420760054 27.948990975 -2.874022
1596 -82.468975978 27.729181872 -0.803278
1597 -82.469682471 27.711183121 1.394445
1598 -82.538871017 27.901382449 0.899792
1599 -82.636895803 27.584532906 3.064763
1600 -82.765572478 27.803360143 1.713382
1601 -82.538510664 27.882610554 1.553640
1602 -82.817926310 28.040579914 0.470691
1603 -82.775956113 27.833067463 0.703985
1604 -82.797622320 28.037153629 2.056017
1605 -82.615697718 28.008997712 -0.849465
1606 -82.821837409 28.033848879 -1.563659
1607 -82.841129438 27.907840598 -1.634815
1608 -82.677511492 27.486869968 -0.000000
1609 -82.592055089 28.002249335 0.100000
1610 -82.664422238 28.020703862 -1.437911
1611 -82.686764888 27.711482058 -1.434762
1612 -82.508208734 27.526208549 -0.000000
1613 -82.832577917 27.963719910 3.479127
1614 -82.545953284 27.847960562 0.666341
1615 -82.595764786 27.960076343 5.368781
1616 -82.502738827 27.515592455 -0.000000
1617 -82.447048686 27.757262517 0.652230
1618 -82.840133506 27.823897003 4.218286
1619 -82.440402399 27.849462811 4.287957
1620 -82.871757501 27.927743555 -0.000000
1621 -82.582835271 27.984466394 -1.833205
1622 -82.706490964 27.500681755 -0.000000
1623 -82.831023216 27.984269575 3.613692
1624 -82.668001659 28.025538382 2.138847
1625 -82.704142175 27.924282655 -0.685190
1626 -82.450704306 27.755017580 -0.511295
1627 -82.456022680 27.750195418 -0.230868
1628 -82.746470984 27.762860711 -1.694475
1629 -82.549858471 27.663954347 1.370315
1630 -82.499784770 27.525975116 -0.000000
1631 -82.422343411 27.833889273 3.443515
1632 -82.870242889 27.829038532 -0.000000
1633 -82.671306387 27.515303032 -0.000000
1634 -82.711083942 27.735668604 1.514685
1635 -82.629601304 27.970694806 5.960856
1636 -82.844640807 28.044584202 5.740221
1637 -82.432963482 27.678416561 1.405986
1638 -82.677326916 28.031154749 0.792681
1639 -82.476603889 27.816871343 1.320259
1640 -82.576822358 27.510631103 -0.000000
1641 -82.707936703 27.508771115 -0.000000
1642 -82.585367453 27.856691483 3.888448
1643 -82.613165084 27.550048566 1.649946
1644 -82.633122857 27.844788897 -0.683608
1645 -82.845102831 27.999958207 5.294951
1646 -82.611621214 27.525662933 -0.000000
1647 -82.727500000 27.533955303 -0.000000
1648 -82.805535566 27.995281052 1.750321
1649 -82.583101308 27.997279151 -1.424112
1650 -82.495886935 27.512641747 -0.000000
1651 -82.743290153 27.757271732 1.111813
1652 -82.611099579 27.583725151 -4.124501
1653 -82.503507752 27.704602510 -0.367054
1654 -82.667511081 28.010485104 1.343962
1655 -82.438461029 27.676971474 -3.689554
1656 -82.694255046 27.972413515 0.504546
1657 -82.566357098 27.666096635 5.118296
1658 -82.725235754 27.934905611 -1.169409
1659 -82.636853694 27.892953551 0.786902
1660 -82.629478340 27.524247627 -0.000000
1661 -82.479418453 27.863601604 3.747188
1662 -82.817577383 28.032894404 1.110751
1663 -82.670779016 27.499818957 -0.000000
1664 -82.600876844 27.824597503 1.542895
1665 -82.614969377 27.538297889 -0.000000
1666 -82.669150101 27.913221002 0.121707
1667 -82.694229591 27.498678736 -0.000000
1668 -82.822054970 28.003618124 1.630123
1669 -82.653730314 27.980455307 3.612002
1670 -82.609147032 27.816760881 -1.389171
1671 -82.402170019 27.778190699 -1.431438
1672 -82.567335698 27.511876454 -0.000000
1673 -82.669189860 27.498272400 -0.000000
1674 -82.598772780 27.566998563 1.114329
1675 -82.565480802 27.605128084 0.342610
1676 -82.445908940 27.889093659 4.957687
1677 -82.600140802 27.804120304 0.959359
1678 -82.425814968 27.890675473 2.579742
1679 -82.616148603 27.843773013 1.587922
1680 -82.474864834 27.775390386 5.093598
1681 -82.586798143 27.554385810 3.502790
1682 -82.811216314 27.828118573 0.791043
1683 -82.554236546 27.649700487 0.755554
1684 -82.531003682 27.828986314 2.519209
1685 -82.852224823 27.932808775 -0.000000
1686 -82.784545329 27.647989314 6.440036
1687 -82.691946128 27.982873897 2.099950
1688 -82.525804632 27.496926255 -0.000000
1689 -82.440840327 27.684326806 1.468246
1690 -82.749820081 27.779303485 1.355939
1691 -82.592650148 27.844129890 0.926295
1692 -82.440580264 27.512922005 -0.000000
1693 -82.607592456 27.839971378 1.021905
1694 -82.830240875 28.010096910 2.494707
1695 -82.615753656 27.613939171 4.144122
1696 -82.550411359 27.512062801 -0.000000
1697 -82.457881138 27.853385915 5.032918
1698 -82.875035250 27.805635330 -0.000000
1699 -82.639255781 28.007235683 0.597413
1700 -82.564030452 27.571848090 1.158583
1701 -82.705999307 27.937273828 2.125954
1702 -82.741232220 27.753790787 -1.118038
1703 -82.528226505 27.926971878 -0.405701
1704 -82.623984261 27.856481562 -0.342030
1705 -82.627040530 27.726398775 -0.427587
1706 -82.446463724 27.827965931 13.962227
1707 -82.601334756 27.864742004 -1.335903
1708 -82.588450328 27.578252574 -0.628422
1709 -82.721895138 27.745553481 -0.877268
1710 -82.607258053 27.591098771 1.193149
1711 -82.558263552 27.729734178 5.183296
1712 -82.459748157 27.907406899 3.775700
1713 -82.619799933 27.890300347 1.443238
1714 -82.476365265 27.881408552 3.543685
1715 -82.518778829 27.694735389 -0.345316
1716 -82.680245325 27.994920666 0.811560
1717 -82.461048256 27.519704153 -0.000000
1718 -82.593079082 27.503681614 -0.000000
1719 -82.693133842 27.719162268 -1.719224
1720 -82.435898344 27.765747741 0.686551
1721 -82.415377247 27.906270462 -1.610850
1722 -82.751041191 27.834206772 -0.327500
1723 -82.442479314 27.827857384 2.231770
1724 -82.440722821 27.772487123 1.894840
1725 -82.622475452 27.718913196 1.350000
1726 -82.795437919 28.030977587 1.494592
1727 -82.461621573 27.758255456 1.189924
1728 -82.630049670 27.799803535 2.261707
1729 -82.489586066 27.515577394 -0.000000
1730 -82.473251750 27.528845318 -0.000000
1731 -82.576367827 27.600395066 1.298307
1732 -82.597613342 27.532558505 -0.000000
1733 -82.610542918 27.723818336 8.812661
1734 -82.653175433 28.020600822 -0.750657
1735 -82.451308413 27.511548422 -0.000000
1736 -82.842397991 27.843044658 1.422189
1737 -82.470180332 27.715471135 1.285355
1738 -82.615790578 27.550229062 1.932916
1739 -82.491599053 27.829724780 -0.485355
1740 -82.809940924 28.011973813 1.414700
1741 -82.654524187 27.998749264 0.925103
1742 -82.712912556 27.524972157 -0.000000
1743 -82.762579763 27.619049236 3.718230
1744 -82.414740195 27.515764077 -0.000000
1745 -82.593645629 27.650346489 7.777992
1746 -82.551521674 27.854384769 -4.775968
1747 -82.451044547 27.908241008 -0.403955
1748 -82.665362441 27.520829047 -0.000000
1749 -82.426937557 27.906311543 -1.537300
1750 -82.523579870 27.678417137 -0.735203
1751 -82.682025930 27.959584196 2.307103
1752 -82.874568999 27.937884340 -0.000000
1753 -82.694095178 27.921296957 -0.681783
1754 -82.668615470 28.017874285 0.979649
1755 -82.580467301 27.550524687 1.873317
1756 -82.814165794 28.015237184 0.561535
1757 -82.826898938 27.919008524 4.191854
1758 -82.456725962 27.696393555 -0.632562
1759 -82.615191667 27.821202556 -1.329636
1760 -82.641637018 27.526211875 -0.000000
1761 -82.681984178 27.559367952 5.623433
1762 -82.390501647 27.857230813 10.477315
1763 -82.611082647 27.846913781 -1.998180
1764 -82.717870906 27.498005636 -0.000000
1765 -82.848873200 27.988100464 5.673720
1766 -82.507014437 27.505483957 -0.000000
1767 -82.450108857 27.837139294 6.156930
1768 -82.546705784 27.509779750 -0.000000
1769 -82.554907855 27.887624575 4.506258
1770 -82.427002939 27.926665525 9.245352
1771 -82.426388451 27.813979336 4.462497
1772 -82.407950115 27.791647945 1.179051
1773 -82.426508518 27.885539230 3.180000
1774 -82.621538940 27.968932409 5.355304
1775 -82.626595549 27.523844607 -0.000000
1776 -82.766123969 27.829646736 -1.690659
1777 -82.393657125 27.851835650 -5.540545
1778 -82.553565905 27.960042538 0.851179
1779 -82.828385358 27.910869527 0.463750
1780 -82.594157960 27.510274859 -0.000000
1781 -82.515716953 27.818849389 3.035459
1782 -82.475992555 27.518485352 -0.000000
1783 -82.585135043 27.999827428 -1.628283
1784 -82.484383330 27.821997303 1.614347
1785 -82.624342091 27.756066657 3.285450
1786 -82.419374376 27.848765281 3.534555
1787 -82.591612203 27.572648284 0.561118
1788 -82.621028571 27.524546766 -0.000000
1789 -82.439933169 27.876750452 5.752496
1790 -82.734168204 27.753369786 0.115061
1791 -82.637787955 28.003904586 0.759265
1792 -82.469030303 27.824165720 1.699382
1793 -82.534081347 27.675526182 0.105964
1794 -82.789960756 27.804964713 1.409400
1795 -82.587039281 27.501530518 -0.000000
1796 -82.407357807 27.894166647 0.053742
1797 -82.445259731 27.528105614 -0.000000
1798 -82.690797540 27.922136169 -1.380262
1799 -82.403379867 27.818741853 0.768866
1800 -82.578325544 27.819356876 3.164970
1801 -82.662446813 27.993853301 1.060129
1802 -82.769089578 27.724920486 6.451873
1803 -82.623658002 27.514572890 -0.000000
1804 -82.450149948 27.820350983 5.747129
1805 -82.602286786 27.534925787 -0.000000
1806 -82.470422017 27.928333022 1.710000
1807 -82.843145067 27.499556716 -0.000000
1808 -82.462760862 27.529244455 -0.000000
1809 -82.529974621 27.937117500 -2.023519
1810 -82.615785668 27.597865903 2.991065
1811 -82.430551447 27.851319816 5.303160
1812 -82.705446687 27.940635174 3.967345
1813 -82.848427573 27.873269121 -0.317788
1814 -82.654321108 28.001246105 0.758388
1815 -82.440573870 27.760252342 0.280624
1816 -82.658303270 27.493901275 -0.000000
1817 -82.618944389 27.753794827 4.685565
1818 -82.760809661 27.829044819 -2.459039
1819 -82.476713847 27.926933765 0.852190
1820 -82.782865722 27.808846160 0.762746
1821 -82.711271984 27.931255102 0.764956
1822 -82.459263493 27.849894464 4.949236
1823 -82.688454119 27.980662986 -0.426662
1824 -82.663227788 27.515111023 -0.000000
1825 -82.629462180 27.753314057 1.856670
1826 -82.427874148 27.925367158 12.425973
1827 -82.505967082 27.828386200 -0.399519
1828 -82.689934777 27.982323642 -0.404204
1829 -82.457245752 27.752962963 0.738620
1830 -82.587387773 27.835290828 0.904402
1831 -82.795953789 27.810344622 1.828994
1832 -82.680184593 27.910605929 -1.393475
1833 -82.678122671 27.918755735 0.912059
1834 -82.422102356 27.520130751 -0.000000
1835 -82.695548929 27.593881275 7.674314
1836 -82.420356538 27.827199879 3.470402
1837 -82.796838938 28.029133085 1.854127
1838 -82.861604503 27.875106745 -0.000000
1839 -82.520257321 27.677816934 0.132479
1840 -82.581295562 27.956699352 4.869949
1841 -82.535275908 27.671928519 -0.576453
1842 -82.431687998 27.514785486 -0.000000
1843 -82.790617019 27.758002499 5.158924
1844 -82.504666463 27.511246384 -0.000000
1845 -82.645853435 28.024474071 -2.164554
1846 -82.518437225 27.691867277 0.099722
1847 -82.492016870 27.507703648 -0.000000
1848 -82.795772449 27.996326497 0.796983
1849 -82.431376322 27.516773219 -0.000000
1850 -82.752465811 27.752098044 2.646110
1851 -82.385447006 27.819200932 -0.365034
1852 -82.626980506 27.575866591 2.280000
1853 -82.455202933 27.512722240 -0.000000
1854 -82.738951906 27.755689963 -1.315609
1855 -82.665030970 27.996970525 0.826938
1856 -82.579661776 27.600047899 1.315261
1857 -82.587483222 27.881882081 1.541017
1858 -82.825912561 28.007464307 0.883608
1859 -82.773784537 27.833968512 0.189134
1860 -82.822274650 28.038412671 2.047559
1861 -82.852050725 28.002047421 -0.000000
1862 -82.474543080 27.811149398 2.935110
1863 -82.758034671 27.742560545 -2.808760
1864 -82.474496690 27.816886936 1.082395
1865 -82.689266327 27.509484101 -0.000000
1866 -82.481239834 27.526839234 -0.000000
1867 -82.618487799 27.567123399 0.900610
1868 -82.564861371 27.630610602 12.155244
1869 -82.411480510 27.768691290 0.079599
1870 -82.412248752 27.878118500 2.227679
1871 -82.682468236 28.018278168 1.497745
1872 -82.751662186 27.775668170 1.884304
1873 -82.693187764 27.981013498 -0.403123
1874 -82.603540739 27.828198210 0.796560
1875 -82.844375429 27.918705019 -1.461765
1876 -82.621565973 27.804557084 3.038530
1877 -82.443511335 27.763794002 0.782667
1878 -82.552244651 27.863142249 5.972822
1879 -82.554120779 27.702066734 7.716173
1880 -82.548684220 27.959568717 0.582354
1881 -82.759437380 27.718971778 6.942562
1882 -82.844378140 27.847412057 -0.015029
1883 -82.530880416 27.789556758 9.210305
1884 -82.621333591 27.881965345 -0.225441
1885 -82.630662045 27.859190523 -0.640071
1886 -82.609884493 27.527837883 -0.000000
1887 -82.407354597 27.840295128 1.593498
1888 -82.496224812 27.532616391 -0.000000
1889 -82.511864383 27.728499225 3.843094
1890 -82.690034490 27.490836330 -0.000000
1891 -82.710234770 27.734263105 1.657585
1892 -82.793266009 28.018330370 1.429566
1893 -82.423922406 27.918425622 11.939719
1894 -82.715570253 27.533040507 -0.000000
1895 -82.480461772 27.713063001 -0.560962
1896 -82.540382463 27.942035012 0.506840
1897 -82.848193857 27.876748757 -1.616200
1898 -82.580025173 27.946863551 5.173950
1899 -82.522736347 27.783532098 13.983976
1900 -82.695809546 28.033278406 0.100000
1901 -82.661824056 27.523782639 -0.000000
1902 -82.480004858 27.813758208 1.905819
1903 -82.605358831 27.868189964 0.871877
1904 -82.552479549 27.657560844 1.131879
1905 -82.570897296 27.651681318 5.452153
1906 -82.462014125 27.708021515 2.087999
1907 -82.481829189 27.818516668 0.832254
1908 -82.530077600 27.514907298 -0.000000
1909 -82.545147799 27.684154757 2.083568
1910 -82.517964621 27.831226263 0.160399
1911 -82.582928450 27.869585035 3.685235
1912 -82.785885479 27.801765899 -1.480977
1913 -82.667715577 27.701488517 3.182057
1914 -82.441954418 27.836138798 4.771584
1915 -82.699633695 27.495092781 -0.000000
1916 -82.489438716 27.503794731 -0.000000
1917 -82.877303719 27.837168208 -0.000000
1918 -82.706964183 27.731036796 2.419721
1919 -82.725344946 27.510861724 -0.000000
1920 -82.617127482 28.008431121 -2.103247
1921 -82.564648473 27.503042103 -0.000000
1922 -82.612565167 27.864462120 2.115988
1923 -82.539119798 27.931190492 1.680915
1924 -82.709668676 27.956695961 1.234228
1925 -82.484757303 27.714809672 0.545867
1926 -82.756509474 27.743027117 -1.260794
1927 -82.565523834 27.614783172 -0.307827
1928 -82.683374562 27.494424756 -0.000000
1929 -82.708181821 27.734748981 1.301243
1930 -82.756605780 27.822697147 0.096635
1931 -82.777842538 27.793983104 -0.051830
1932 -82.468782252 27.925442221 1.480242
1933 -82.511114836 27.764280895 5.886485
1934 -82.821633913 27.933392291 2.354754
1935 -82.443723486 27.686477909 1.326482
1936 -82.559871398 27.607559118 1.141218
1937 -82.629779551 27.772593594 5.283441
1938 -82.603133759 27.792505757 0.757719
1939 -82.855472519 27.922791184 -0.000000
1940 -82.553713673 27.503389873 -0.000000
1941 -82.663590749 27.529276099 -0.000000
1942 -82.625076995 27.557354206 -0.171198
1943 -82.644408604 27.486469220 -0.000000
1944 -82.690142665 28.033305193 0.148598
1945 -82.647886472 27.486300819 -0.000000
1946 -82.672875638 27.526339076 -0.000000
1947 -82.528006803 27.814106282 4.763198
1948 -82.581502946 27.503705769 -0.000000
1949 -82.721849080 27.934741230 -1.993257
1950 -82.392454000 27.815354349 -0.414829
1951 -82.625710911 27.793140218 -1.200872
1952 -82.599881765 28.002722965 -1.886368
1953 -82.688928424 28.030250601 0.653504
1954 -82.556168189 27.959574344 1.986006
1955 -82.607439943 27.525300120 -0.000000
1956 -82.687756959 27.495630326 -0.000000
1957 -82.802147235 27.985893268 1.704213
1958 -82.468218477 27.830095208 1.424329
1959 -82.387910803 27.824454971 -0.431340
1960 -82.524009890 27.501548712 -0.000000
1961 -82.478742131 27.809092030 3.972467
1962 -82.589817643 27.540612434 -0.000000
1963 -82.650612993 27.522322531 -0.000000
1964 -82.578523360 27.551443551 1.911592
1965 -82.514297185 27.488799953 -0.000000
1966 -82.622368779 27.523705434 -0.000000
1967 -82.880488893 27.503351888 -0.000000
1968 -82.463382398 27.910305979 3.411916
1969 -82.542834064 27.509641927 -0.000000
1970 -82.552949500 27.711545103 4.259569
1971 -82.807223300 27.958320290 1.002633
1972 -82.597619350 27.570503302 1.539787
1973 -82.711327094 27.571545192 6.573047
1974 -82.421851510 27.865511744 3.824613
1975 -82.855524016 27.970179014 -0.000000
1976 -82.800099021 27.983245002 1.122474
1977 -82.432445026 27.687743322 -5.422737
1978 -82.831003105 27.909194811 -1.593619
1979 -82.426041568 27.921034463 10.481709
1980 -82.502608757 27.510955939 -0.000000
1981 -82.510698764 27.677335172 0.962728
1982 -82.844051519 28.022128603 5.438793
1983 -82.757519731 27.779423793 2.277029
1984 -82.545341684 27.870938463 2.650199
1985 -82.600707167 27.527254252 -0.000000
1986 -82.829800523 27.949909603 2.495007
1987 -82.596458414 27.819902790 -1.745964
1988 -82.546686471 27.949329393 0.850767
1989 -82.691469778 27.503525773 -0.000000
1990 -82.575748226 27.635146457 1.934944
1991 -82.655101817 27.562117801 4.919614
1992 -82.745311242 27.488574292 -0.000000
1993 -82.618490632 27.710808686 1.230028
1994 -82.806776989 27.642364606 7.200000
1995 -82.749539376 27.835458475 -1.314853
1996 -82.533017162 27.829904972 2.713750
1997 -82.843204618 27.857187892 3.883516
1998 -82.690570637 27.985729347 0.410780
1999 -82.499364898 27.749115314 3.870078
2000 -82.417939013 27.927033881 -0.265117
2001 -82.520938607 27.699328046 1.070749
2002 -82.717506894 27.516323093 -0.000000
2003 -82.477254654 27.710029153 0.469446
2004 -82.492399128 27.774161129 6.025203
2005 -82.849846317 27.824796421 5.197413
2006 -82.662742934 28.021965633 -0.687579
2007 -82.777279664 27.774796731 -1.455522
2008 -82.827143556 28.023584448 2.926829
2009 -82.783984597 27.807875836 2.124417
2010 -82.610039636 27.590049987 1.454186
2011 -82.839084195 27.896485847 2.760603
2012 -82.598686459 27.814049834 -1.476963
2013 -82.462440721 27.821918440 5.032310
2014 -82.716753224 27.734920021 2.415007
2015 -82.604891123 27.784746704 5.907761
2016 -82.562384573 27.865054790 6.180374
2017 -82.580026193 27.498287986 -0.000000
2018 -82.431049933 27.906849332 14.071284
2019 -82.623360415 27.557264835 -0.341532
2020 -82.682310476 27.483956759 -0.000000
2021 -82.534487383 27.919426254 3.122324
2022 -82.467027526 27.834221999 1.592137
2023 -82.685671134 27.983894961 -0.380729
2024 -82.590531158 27.577141651 -1.336928
2025 -82.782642629 27.779351713 -1.597908
2026 -82.528991847 27.928901677 1.227108
2027 -82.572708501 27.903324177 3.545023
2028 -82.446487818 27.811686361 3.630029
2029 -82.527426833 27.923131381 -1.621682
2030 -82.665167796 28.007126440 0.992849
2031 -82.611830570 27.565782714 -0.498404
2032 -82.632761214 28.010948393 -0.491152
2033 -82.790559529 28.039167499 2.398391
2034 -82.550108251 27.917047817 4.195423
2035 -82.794292273 28.021470150 1.630924
2036 -82.711548782 27.933364312 0.942217
2037 -82.469337196 27.739052613 -0.806239
2038 -82.529525081 27.680046418 -0.416331
2039 -82.546343238 27.853477182 -0.313103
2040 -82.827032794 28.009749315 0.106461
2041 -82.542881700 27.947997733 0.550958
2042 -82.839322526 28.046057807 5.319708
2043 -82.680665868 27.487014122 -0.000000
2044 -82.447940599 27.932096872 4.856265
2045 -82.861242471 27.942331439 -0.000000
2046 -82.441772748 27.837800562 4.886258
2047 -82.413131917 27.803175228 12.064912
2048 -82.532006509 27.883590638 0.804585
2049 -82.548701611 27.604472334 -0.335350
2050 -82.787763871 28.053158630 -0.000000
2051 -82.689816576 27.954254986 1.558609
2052 -82.811994311 27.976080106 -0.421931
2053 -82.820352171 27.971855568 1.095267
2054 -82.448978460 27.701230170 -0.529198
2055 -82.631157406 27.761603581 8.619180
2056 -82.406037044 27.863150402 1.005149
2057 -82.485099589 27.525093739 -0.000000
2058 -82.452958048 27.527633580 -0.000000
2059 -82.821385557 28.041258028 1.458946
2060 -82.694393825 27.968728444 -0.021765
2061 -82.452220835 27.718505846 -1.439126
2062 -82.464076901 27.786166202 6.278881
2063 -82.562552202 27.890222317 3.143751
2064 -82.815876833 27.972975137 -2.424917
2065 -82.549075477 27.504596920 -0.000000
2066 -82.551393439 27.969565779 -1.227029
2067 -82.440093109 27.811396859 6.418455
2068 -82.538832612 27.866402551 0.881543
2069 -82.822825922 28.047962683 1.785782
2070 -82.757091675 27.784999068 1.957302
2071 -82.413800837 27.769637690 -0.929571
2072 -82.531033973 27.929350548 -2.212583
2073 -82.667274006 27.913189047 0.350708
2074 -82.429749092 27.839703955 4.047907
2075 -82.472173225 27.930143598 1.445948
2076 -82.817789177 27.935508271 2.026444
2077 -82.622839225 27.816886584 -1.551887
2078 -82.528513008 27.501815859 -0.000000
2079 -82.608880246 27.919527548 3.920755
2080 -82.588315250 27.501863247 -0.000000
2081 -82.649343209 28.014510727 0.958924
2082 -82.416869983 27.942524001 0.589024
2083 -82.422090140 27.823826092 3.876460
2084 -82.859579645 27.896594459 -0.000000
2085 -82.629094159 28.017823007 -0.546704
2086 -82.399767231 27.883763994 -0.539810
2087 -82.431954528 27.682271095 -1.298649
2088 -82.697125330 27.704384244 1.649465
2089 -82.643655161 27.527657385 -0.000000
2090 -82.647343103 27.547968136 -0.000000
2091 -82.627868080 28.006198755 0.419332
2092 -82.496740522 27.817989562 0.908122
2093 -82.793563673 27.807881579 -2.005308
2094 -82.591396161 27.625637238 4.685862
2095 -82.711589683 27.500898875 -0.000000
2096 -82.625104587 27.803597985 2.135498
2097 -82.614861915 27.880031772 -0.050181
2098 -82.682518543 27.926365699 2.879289
2099 -82.585050967 27.826200099 1.420002
2100 -82.563774814 27.514665765 -0.000000
2101 -82.582420234 27.680403995 10.788635
2102 -82.558705344 27.655192527 3.694900
2103 -82.602455820 27.518320323 -0.000000
2104 -82.762526436 27.815486599 0.939718
2105 -82.584624503 27.549976958 -0.000000
2106 -82.706136392 27.490150784 -0.000000
2107 -82.545455356 27.653878265 -0.588490
2108 -82.424042868 27.803479849 3.149699
2109 -82.597558575 27.518191527 -0.000000
2110 -82.561042633 27.718261871 4.227296
2111 -82.598512518 27.805907192 0.768607
2112 -82.802539387 27.994123297 1.416238
2113 -82.426062486 27.829144806 3.480000
2114 -82.481160039 27.868034320 3.457343
2115 -82.758361916 27.819261461 -0.293243
2116 -82.737249251 27.710139882 -1.136877
2117 -82.542919605 27.852194519 -0.433066
2118 -82.499222823 27.521983041 -0.000000
2119 -82.627581882 27.769194809 6.305666
2120 -82.760554495 27.820145978 -0.239181
2121 -82.627163556 27.776355964 3.006420
2122 -82.462517350 27.831422389 4.676170
2123 -82.712440285 27.497860252 -0.000000
2124 -82.450822505 27.929286851 4.312221
2125 -82.543910488 27.945827852 0.755699
2126 -82.440055428 27.768828994 1.100385
2127 -82.758867079 27.784314168 2.871708
2128 -82.674667204 27.505344984 -0.000000
2129 -82.883100845 27.828281804 -0.000000
2130 -82.609004442 27.741410755 6.751004
2131 -82.686993903 28.030915868 0.178499
2132 -82.757181826 27.783324401 2.844470
2133 -82.735177764 27.531530846 -0.000000
2134 -82.442581703 27.913019079 13.530571
2135 -82.612700816 27.877415668 -0.032785
2136 -82.653608570 28.009158447 1.070000
2137 -82.583515334 27.594712890 -0.388789
2138 -82.694050466 27.714798037 -2.011811
2139 -82.691202583 27.737892353 -0.378345
2140 -82.439673037 27.893735993 14.732372
2141 -82.675445035 27.510930528 -0.000000
2142 -82.790499371 27.809275237 -1.959362
2143 -82.453994319 27.931617438 -1.543798
2144 -82.740411804 27.752125769 -2.180202
2145 -82.677621801 28.025751829 2.092876
2146 -82.853235958 27.832529631 -0.000000
2147 -82.469090953 27.835550978 0.560594
2148 -82.689911980 27.974144023 -0.689307
2149 -82.635631003 27.694355693 3.466152
2150 -82.672099458 27.508198482 -0.000000
2151 -82.436368920 27.525742797 -0.000000
2152 -82.615570322 27.535770400 -0.000000
2153 -82.623069232 27.559024554 -0.320615
2154 -82.874432850 27.818908926 -0.000000
2155 -82.850702424 27.850110401 -0.000000
2156 -82.595422581 27.519759883 -0.000000
2157 -82.811530019 27.821334922 1.640637
2158 -82.710733484 27.950296396 3.528739
2159 -82.626819020 27.764834202 -1.284197
2160 -82.636957059 27.560661957 3.478446
2161 -82.704830365 27.563205683 5.907614
2162 -82.602645719 27.743248461 5.241164
2163 -82.620908078 27.523107442 -0.000000
2164 -82.831121662 27.898998765 -0.074947
2165 -82.613005798 27.532666697 -0.000000
2166 -82.826071235 28.004692439 -1.291485
2167 -82.532351420 27.902720103 -1.788064
2168 -82.594111564 27.836628199 -0.047278
2169 -82.546466147 27.929855032 3.176242
2170 -82.549044325 27.510700607 -0.000000
2171 -82.511931384 27.506007218 -0.000000
2172 -82.600892797 27.859636898 -2.327549
2173 -82.450649744 27.881929987 4.834629
2174 -82.795282661 28.003919363 1.443668
2175 -82.865557653 27.876604601 -0.000000
2176 -82.504284080 27.525812563 -0.000000
2177 -82.428400022 27.835932926 3.850524
2178 -82.668811064 27.493920075 -0.000000
2179 -82.825076583 27.951847165 4.572055
2180 -82.632725614 27.664968276 5.940326
2181 -82.419415646 27.943325509 -6.441319
2182 -82.396552130 27.817674748 0.779502
2183 -82.534633295 27.779447223 7.349457
2184 -82.680899368 27.912018340 -1.572123
2185 -82.442603952 27.761096346 0.708976
2186 -82.446134720 27.510468176 -0.000000
2187 -82.407544391 27.870892542 0.720010
2188 -82.413370208 27.778630581 0.026690
2189 -82.677606435 27.512651539 -0.000000
2190 -82.410140057 27.786086068 0.104459
2191 -82.448214884 27.808365802 2.728798
2192 -82.434416136 27.862869778 4.473954
2193 -82.667403402 27.610161700 9.399130
2194 -82.722655203 27.524793852 -0.000000
2195 -82.461684016 27.527668663 -0.000000
2196 -82.610083908 27.552811167 0.779865
2197 -82.594432560 27.992943433 -0.654763
2198 -82.833027809 27.970016971 2.935637
2199 -82.424363011 27.848576188 6.692317
2200 -82.623106142 27.778524418 1.832714
2201 -82.542751877 27.935435537 1.356343
2202 -82.415605823 27.865966923 3.157826
2203 -82.842646986 27.852406026 0.716640
2204 -82.613261609 27.551909974 -0.207115
2205 -82.833931263 27.904769057 0.781367
2206 -82.754577708 27.784625861 1.171766
2207 -82.661217969 27.914832228 0.897799
2208 -82.728456811 27.519230447 -0.000000
2209 -82.669163160 28.014490906 0.782219
2210 -82.794568176 27.809733151 -1.253290
2211 -82.417466707 27.935330684 0.909935
2212 -82.614071220 28.001752496 -1.928987
2213 -82.873512595 28.032189220 -0.000000
2214 -82.575646974 27.973183848 0.847492
2215 -82.596171757 27.592346557 -0.317574
2216 -82.544586332 27.874207178 3.388260
2217 -82.826020021 28.025481136 2.092977
2218 -82.575319275 27.503362999 -0.000000
2219 -82.602169816 27.881913201 1.948500
2220 -82.614803952 27.739660608 5.596283
2221 -82.393016405 27.849620457 -0.478189
2222 -82.566733498 27.648137006 4.528050
2223 -82.578049946 27.553990776 2.156715
2224 -82.829491897 27.912105880 1.741530
2225 -82.515833376 27.829343724 0.509899
2226 -82.533824525 27.687295851 1.536964
2227 -82.626235907 27.748707021 0.151535
2228 -82.567919920 27.567806744 -1.477580
2229 -82.668576141 27.937033178 3.281616
2230 -82.401230115 27.885052537 -0.223433
2231 -82.829075660 27.925352970 2.304491
2232 -82.614391185 27.519024970 -0.000000
2233 -82.621435938 27.742916836 1.538505
2234 -82.819703233 27.992004428 1.328328
2235 -82.821289681 27.930972439 1.991774
2236 -82.512345632 27.700757201 -0.115981
2237 -82.564429382 27.629030971 12.298808
2238 -82.859659414 27.883552527 -0.000000
2239 -82.450138963 27.706570319 -0.712925
2240 -82.853810952 27.804700973 -0.000000
2241 -82.740017541 27.748043114 0.277874
2242 -82.596586787 27.843793105 -0.548739
2243 -82.556869378 27.652787758 1.698019
2244 -82.442834249 27.846429765 7.438438
2245 -82.461546786 27.917631945 1.385128
2246 -82.405795160 27.855233246 1.037883
2247 -82.624362343 27.796651822 -0.537215
2248 -82.701918687 27.496055861 -0.000000
2249 -82.544783572 27.509377727 -0.000000
2250 -82.768765956 27.805513181 -0.401527
2251 -82.799312845 28.003332241 2.732833
2252 -82.727133592 27.560532698 4.632735
2253 -82.465860956 27.935931030 1.778024
2254 -82.465773684 27.823599856 3.099713
2255 -82.754396130 27.834581434 -0.656263
2256 -82.515052213 27.517397664 -0.000000
2257 -82.820868476 27.956940122 2.132053
2258 -82.673437652 27.943167840 3.920000
2259 -82.444156472 27.757386824 -0.844354
2260 -82.434988772 27.819014561 4.640938
2261 -82.595025014 27.840737640 -0.305599
2262 -82.671140729 27.498035372 -0.000000
2263 -82.623402784 27.776546036 3.126382
2264 -82.538482638 27.835889951 1.779907
2265 -82.714409157 27.514578703 -0.000000
2266 -82.400334370 27.522839174 -0.000000
2267 -82.805577214 27.992345356 0.835043
2268 -82.418490234 27.895728627 0.805374
2269 -82.643146642 27.534422220 -0.000000
2270 -82.601013532 27.504375835 -0.000000
2271 -82.470201667 27.830488235 0.645603
2272 -82.465935512 27.917014052 4.793191
2273 -82.402141934 27.802820691 -2.913349
2274 -82.575838810 27.561203540 2.113272
2275 -82.543564040 27.653931415 -0.456187
2276 -82.575637205 27.554178032 1.231752
2277 -82.588100318 27.841433614 1.070037
2278 -82.601680360 27.835936463 0.655159
2279 -82.788533630 27.775835226 3.847661
2280 -82.656915043 27.996081603 0.901359
2281 -82.463261644 27.739482847 -0.597990
2282 -82.779064737 27.513999120 -0.000000
2283 -82.624330193 27.544448364 -0.000000
2284 -82.793219904 28.034380487 1.387689
2285 -82.705544708 27.930699140 1.233498
2286 -82.415895823 27.876096005 2.844151
2287 -82.446776326 27.814416340 8.167234
2288 -82.822983533 27.825946843 1.168268
2289 -82.491250301 27.805048817 4.802018
2290 -82.423240954 27.883848554 2.940433
2291 -82.469158661 27.899659021 1.906847
2292 -82.625286097 27.758497816 6.017799
2293 -82.822212312 27.966160766 -2.146885
2294 -82.519183086 27.518288245 -0.000000
2295 -82.424863553 27.844416321 3.765067
2296 -82.478215465 27.812673268 2.575476
2297 -82.832926448 27.944384559 0.447299
2298 -82.696911370 27.504698919 -0.000000
2299 -82.691556633 27.712681368 -1.380024
2300 -82.720679622 27.946657906 2.195306
2301 -82.789190049 28.044388322 1.719486
2302 -82.499794895 27.819768818 0.769693
2303 -82.635311141 27.518657896 -0.000000
2304 -82.479073458 27.924690596 1.277766
2305 -82.513950950 27.494129820 -0.000000
2306 -82.477194066 27.896873879 3.925341
2307 -82.824971569 27.928135570 2.213673
2308 -82.627754350 27.691289047 3.062252
2309 -82.831503460 27.966753215 6.079460
2310 -82.851797806 27.956637021 -0.000000
2311 -82.841646251 27.840103656 2.982293
2312 -82.513131067 27.679422263 -0.330775
2313 -82.475755129 27.899418624 3.519226
2314 -82.423557328 27.877554759 3.472424
2315 -82.559671472 27.577983947 0.120576
2316 -82.440048140 27.510021656 -0.000000
2317 -82.464964670 27.928732814 4.632988
2318 -82.797174992 27.988619621 -1.229991
2319 -82.511322883 27.675780280 0.435244
2320 -82.612940634 27.567243581 -0.455006
2321 -82.469971295 27.516853998 -0.000000
2322 -82.562231094 27.572552699 1.048604
2323 -82.778326700 27.503550290 -0.000000
2324 -82.680053072 27.694432475 1.469993
2325 -82.633098520 27.758941570 4.996403
2326 -82.781740248 27.737085162 5.421874
2327 -82.832080471 27.837653978 -0.542083
2328 -82.826102917 27.915196154 1.207537
2329 -82.455241181 27.704307133 0.950428
2330 -82.481636289 27.870800767 3.338413
2331 -82.826064591 27.823958329 0.699670
2332 -82.699311630 27.499290288 -0.000000
2333 -82.472351702 27.874961942 3.925213
2334 -82.618778812 27.780700542 1.452897
2335 -82.390226580 27.854704048 -0.364269
2336 -82.852209343 27.886534232 -0.000000
2337 -82.674949682 27.551483010 5.070827
2338 -82.687082915 27.728853330 0.095984
2339 -82.634284466 27.856938160 -0.050557
2340 -82.600948085 28.004397073 -2.819862
2341 -82.477786934 27.717306375 2.797833
2342 -82.635735768 28.013911865 -1.212129
2343 -82.509182445 27.500322189 -0.000000
2344 -82.653921416 28.011537657 1.048423
2345 -82.888574914 27.889821209 -0.000000
2346 -82.396019511 27.815407993 1.026943
2347 -82.832389075 27.815518167 4.174072
2348 -82.614093241 27.861771275 0.779928
2349 -82.695033322 27.487322531 -0.000000
2350 -82.619670875 27.541384859 -0.000000
2351 -82.545840063 27.668150310 1.293861
2352 -82.429493367 27.889887474 3.207066
2353 -82.617999051 27.741393791 4.873458
2354 -82.832621856 27.959757222 0.748576
2355 -82.840133995 27.919551836 3.930607
2356 -82.516787488 27.827439746 0.780000
2357 -82.596504433 27.609129365 3.352775
2358 -82.791738393 28.041211427 2.074904
2359 -82.538716999 27.739187802 5.330498
2360 -82.528899708 27.675627254 -0.338484
2361 -82.824573626 27.949476435 2.954686
2362 -82.588604358 27.974441949 1.395858
2363 -82.626559156 27.842039267 -0.286840
2364 -82.557705362 27.499785301 -0.000000
2365 -82.426993007 27.759229974 -0.897585
2366 -82.609158289 27.945160079 4.858685
2367 -82.652213897 28.000734132 1.878112
2368 -82.566324301 27.636665250 12.854681
2369 -82.795447437 28.012547719 2.122759
2370 -82.563782022 27.907396858 4.717071
2371 -82.699472843 27.968735000 0.570880
2372 -82.596877537 27.983273709 -0.612667
2373 -82.650038296 27.526487112 -0.000000
2374 -82.537317517 27.919850116 2.743605
2375 -82.561991542 27.615750444 0.100000
2376 -82.650105360 27.697903190 1.971107
2377 -82.434749208 27.507750777 -0.000000
2378 -82.551861230 27.965438241 -0.374563
2379 -82.719032788 27.937678741 0.767878
2380 -82.479955026 27.821669127 -0.244215
2381 -82.621711415 27.851520589 3.258056
2382 -82.459202701 27.766052929 2.899178
2383 -82.553038218 27.651512279 1.048143
2384 -82.648666448 27.691743216 2.083045
2385 -82.569737244 27.632721520 -0.667317
2386 -82.893290034 27.921267078 -0.000000
2387 -82.460391129 27.909424589 -2.105080
2388 -82.627869485 27.891100360 -0.163079
2389 -82.825758449 27.970870167 1.085842
2390 -82.530145892 27.503117030 -0.000000
2391 -82.761438976 27.738616158 4.495563
2392 -82.450625538 27.927396032 7.863505
2393 -82.699589426 27.924432685 0.443663
2394 -82.694405100 27.970533070 -0.749150
2395 -82.816623889 28.011489290 0.196815
2396 -82.610006851 27.987542527 -0.507655
2397 -82.613305517 27.521222545 -0.000000
2398 -82.595938035 27.585822062 0.479282
2399 -82.521153836 27.756787745 6.774072
2400 -82.511447705 27.811699506 3.867402
2401 -82.597552829 27.818009574 0.084031
2402 -82.791255291 28.020724903 1.099712
2403 -82.592532812 27.536505072 -0.000000
2404 -82.816888380 28.037838840 0.488633
2405 -82.829283403 28.054224053 -0.000000
2406 -82.465319729 27.820299771 3.900161
2407 -82.465082552 27.826599111 4.369855
2408 -82.678584553 27.994888795 1.346242
2409 -82.454882401 27.849256618 5.525780
2410 -82.452726225 27.907508163 3.665517
2411 -82.471963680 27.732415934 -0.497799
2412 -82.617408688 27.723125512 1.205343
2413 -82.469924855 27.868496285 2.014930
2414 -82.471332914 27.729480011 -2.046643
2415 -82.481747625 27.919216355 2.594626
2416 -82.627818413 27.795034410 2.008195
2417 -82.523288158 27.831225604 0.739019
2418 -82.567318962 27.608752332 1.057758
2419 -82.778757898 27.803391910 2.337592
2420 -82.441365384 27.822036925 5.340666
2421 -82.460612067 27.928116137 -1.767328
2422 -82.537608946 27.892637457 -1.732606
2423 -82.623750307 27.884965201 -0.160600
2424 -82.849380423 27.885713666 0.420076
2425 -82.843825441 27.845772156 1.294777
2426 -82.599301441 27.588166774 1.084854
2427 -82.575965909 27.778613145 6.458198
2428 -82.473252376 27.516157861 -0.000000
2429 -82.427577171 27.939984734 1.990000
2430 -82.731994282 27.513884666 -0.000000
2431 -82.642614785 27.891934048 0.413098
2432 -82.658604808 27.686940105 2.569192
2433 -82.655474580 28.009807695 -0.597092
2434 -82.533463329 27.816128118 5.026385
2435 -82.585361973 27.501528764 -0.000000
2436 -82.408825317 27.888667497 0.589207
2437 -82.648580981 27.917622959 0.979084
2438 -82.795267320 28.008393396 0.903789
2439 -82.535311540 27.717993059 7.765708
2440 -82.684489686 27.699552687 4.280797
2441 -82.531197035 27.681967822 0.720358
2442 -82.781769278 27.491818813 -0.000000
2443 -82.830072494 27.915295059 -1.041969
2444 -82.686033821 27.917656547 0.327860
2445 -82.721699111 27.937270308 0.719968
2446 -82.844792485 27.905338047 -1.388217
2447 -82.423732717 27.885611827 2.862090
2448 -82.402796986 27.532333780 -0.000000
2449 -82.746222011 27.746860050 3.024339
2450 -82.416161483 27.901458932 -3.433426
2451 -82.763209866 27.713524366 5.954091
2452 -82.436796140 27.507592225 -0.000000
2453 -82.539380311 27.667783990 0.180427
2454 -82.725852397 27.719983823 2.541795
2455 -82.567642379 27.587293479 -0.936415
2456 -82.637739060 27.525959055 -0.000000
2457 -82.800452467 27.981425973 1.029383
2458 -82.787283828 27.804851804 3.113820
2459 -82.653233163 28.018307170 -0.743249
2460 -82.721889593 27.732705478 3.267544
2461 -82.568136562 27.634982131 1.217237
2462 -82.622315093 27.734269784 0.842831
2463 -82.649385274 27.699717823 1.871706
2464 -82.509915958 27.707694026 0.634976
2465 -82.758572378 27.793077808 1.698985
2466 -82.795524073 28.027131425 1.762056
2467 -82.530060148 27.903712251 -1.997804
2468 -82.437926267 27.821844850 4.675320
2469 -82.753293657 27.505339288 -0.000000
2470 -82.742947814 27.734003562 1.327894
2471 -82.434602517 27.513192903 -0.000000
2472 -82.596878679 27.978066991 0.573455
2473 -82.623476489 27.725043919 1.163401
2474 -82.595887448 27.994556469 -1.042108
2475 -82.521357240 27.686423259 -0.339912
2476 -82.837787527 27.921515033 2.152261
2477 -82.590395667 27.579463450 -0.911946
2478 -82.450959007 27.701523310 1.838281
2479 -82.620593066 27.531050785 -0.000000
2480 -82.807906184 28.019994093 0.806192
2481 -82.569885315 27.617814860 1.518764
2482 -82.566797875 27.563824462 -1.192833
2483 -82.523672084 27.810246470 4.804322
2484 -82.425472968 27.898141472 1.963213
2485 -82.608126872 27.803729504 -0.746018
2486 -82.508787205 27.528220342 -0.000000
2487 -82.618294640 27.821918821 0.060755
2488 -82.622964170 27.526826815 -0.000000
2489 -82.550341143 27.933082469 3.086659
2490 -82.532433368 27.891371175 1.059462
2491 -82.470530045 27.519462913 -0.000000
2492 -82.829532373 27.831925273 2.042672
2493 -82.668817062 27.518577142 -0.000000
2494 -82.834243425 28.030786280 4.977985
2495 -82.551679819 27.927563604 3.890661
2496 -82.510674545 27.501519644 -0.000000
2497 -82.621370692 27.751432940 3.802386
2498 -82.518540298 27.489589646 -0.000000
2499 -82.471260448 27.922321821 2.259001
2500 -82.749139571 27.757758031 0.127611
2501 -82.839597012 28.000173163 4.499299
2502 -82.469826351 27.736532248 0.043208
2503 -82.460820581 27.839959075 4.756289
2504 -82.657644619 27.526693009 -0.000000
2505 -82.753248105 27.778280695 1.969841
2506 -82.641843209 27.917111894 1.410000
2507 -82.612921855 27.807050044 0.651769
2508 -82.681069074 27.707483385 -0.660541
2509 -82.744110882 27.739162544 1.706991
2510 -82.602689148 27.962580488 5.060013
2511 -82.655076547 27.527857067 -0.000000
2512 -82.609921627 27.562616109 0.973995
2513 -82.762165269 27.809490141 1.557263
2514 -82.416442168 27.897489091 0.748295
2515 -82.696678063 27.925835022 0.830000
2516 -82.549339343 27.683050962 3.454670
2517 -82.756879360 27.825161433 0.295439
2518 -82.432188749 27.822528954 -0.558297
2519 -82.600587420 27.806553477 3.279467
2520 -82.463927580 27.923815367 4.673816
2521 -82.535201643 27.681962216 1.209155
2522 -82.640362393 27.665422951 4.349092
2523 -82.489537620 27.709760609 1.250829
2524 -82.622945012 27.763844626 4.169468
2525 -82.887863923 27.850504560 -0.000000
2526 -82.527966107 27.700505715 1.803063
2527 -82.548024857 27.500049662 -0.000000
2528 -82.611112962 27.572219658 -0.459583
2529 -82.464429857 27.885944467 3.929083
2530 -82.669540769 28.012991650 1.101309
2531 -82.527493989 27.834569129 0.530545
2532 -82.755596520 27.725993473 5.841587
2533 -82.542794258 27.921946306 3.372144
2534 -82.792425205 28.050901961 -0.000000
2535 -82.690252182 27.983984706 -0.401307
2536 -82.634402619 27.703885621 2.191295
2537 -82.624942773 27.772520032 4.361956
2538 -82.602934867 27.874100381 -0.709418
2539 -82.533928750 27.940414119 -1.858531
2540 -82.554954962 27.595261611 -0.984001
2541 -82.660565501 27.491742462 -0.000000
2542 -82.589372320 27.511633182 -0.000000
2543 -82.486566412 27.903022501 0.926267
2544 -82.639649429 27.888962773 -0.487487
2545 -82.676726108 28.012713828 2.464638
2546 -82.729897854 27.750620956 0.141256
2547 -82.539506290 27.506457674 -0.000000
2548 -82.612302959 27.803112497 -1.809018
2549 -82.803584197 27.997285763 1.147272
2550 -82.605200580 27.604351916 3.142280
2551 -82.437657862 27.869752420 2.914633
2552 -82.634291017 27.537147836 -0.000000
2553 -82.553332226 27.966524794 0.369554
2554 -82.460694610 27.712384303 -0.619142
2555 -82.814043094 27.969180688 2.360648
2556 -82.611533585 27.732416837 7.605142
2557 -82.440930779 27.817598487 7.696099
2558 -82.814986214 27.962084792 2.127192
2559 -82.621050778 27.888167710 -0.077495
2560 -82.723240913 27.500312109 -0.000000
2561 -82.432772015 27.930845416 12.108912
2562 -82.624090395 27.912500409 -1.450584
2563 -82.440141923 27.680311421 -0.800413
2564 -82.713569649 27.516974617 -0.000000
2565 -82.710921017 27.499127086 -0.000000
2566 -82.701064431 27.968855290 0.718924
2567 -82.401660037 27.798450560 -1.563716
2568 -82.780712693 27.795083939 -2.035300
2569 -82.703162963 27.736548155 1.122831
2570 -82.758523837 27.798137068 0.920689
2571 -82.817620819 27.827284026 1.425281
2572 -82.759246593 27.733659593 4.370822
2573 -82.830333400 28.056264042 -0.000000
2574 -82.487760650 27.916284904 2.301836
2575 -82.522695439 27.487681949 -0.000000
2576 -82.519307796 27.685322906 -0.446299
2577 -82.605504524 27.639420029 8.167191
2578 -82.703939300 27.499229435 -0.000000
2579 -82.463466714 27.921474117 4.869137
2580 -82.718028439 27.504631699 -0.000000
2581 -82.720338848 27.942871142 2.163788
2582 -82.835514078 27.909400912 0.444192
2583 -82.462929456 27.904938727 2.782247
2584 -82.840460572 27.546689518 -0.000000
2585 -82.645954150 27.502108682 -0.000000
2586 -82.632834421 27.760733658 -1.503432
2587 -82.838870718 27.949614012 5.041789
2588 -82.472066353 27.517588425 -0.000000
2589 -82.505244685 27.705726516 0.406220
2590 -82.801518045 27.822011246 0.677225
2591 -82.825498157 27.926027479 0.710873
2592 -82.802210411 27.980313178 2.970667
2593 -82.537363222 27.795744684 7.787006
2594 -82.846917299 27.860736893 -1.696413
2595 -82.851728604 27.976504241 -0.000000
2596 -82.525801168 27.508704017 -0.000000
2597 -82.622640887 27.983119480 2.262302
2598 -82.793728428 27.722636703 7.192673
2599 -82.450092262 27.899223964 4.106950
2600 -82.770734341 27.765316675 -0.632517
2601 -82.582272755 27.842465859 1.876552
2602 -82.701452796 27.924698706 0.694195
2603 -82.800246625 27.819814398 -1.552956
2604 -82.756111968 27.741679389 -1.417641
2605 -82.606359109 27.834890254 2.741457
2606 -82.581246042 27.601237558 0.825464
2607 -82.613628628 27.852045268 3.185468
2608 -82.449953369 27.690802435 -0.484630
2609 -82.662048055 27.984230184 3.120421
2610 -82.405068871 27.852156882 3.566092
2611 -82.469509969 27.826145758 1.349337
2612 -82.508706481 27.816207566 3.128197
2613 -82.838105650 27.969610379 4.447074
2614 -82.426582223 27.768982264 -2.319911
2615 -82.573592597 27.611060837 1.486979
2616 -82.816115072 27.604882741 8.794653
2617 -82.663229250 27.522751624 -0.000000
2618 -82.483585308 27.899729564 2.611773
2619 -82.731142092 27.751369851 -0.585199
2620 -82.608598844 27.574742687 1.718814
2621 -82.764950332 27.812997130 1.293162
2622 -82.670646100 27.984484807 3.911760
2623 -82.547130136 27.706425226 15.017407
2624 -82.546560904 27.850568546 -0.411159
2625 -82.543825206 27.663631408 0.545518
2626 -82.596046566 27.826637149 0.398868
2627 -82.454554602 27.864443316 5.004538
2628 -82.464805285 27.738465638 -1.013236
2629 -82.604699828 27.578423570 -0.675483
2630 -82.654354416 27.913803163 1.120020
2631 -82.503485286 27.715440343 0.805092
2632 -82.671004026 27.534913990 -0.000000
2633 -82.685074789 27.540351427 -0.000000
2634 -82.599383132 27.520549148 -0.000000
2635 -82.704543139 27.501413262 -0.000000
2636 -82.422280686 27.841590558 3.462094
2637 -82.748383835 27.511158679 -0.000000
2638 -82.412123632 27.780665508 -0.666614
2639 -82.562597441 27.504287845 -0.000000
2640 -82.426368016 27.901528547 -4.013208
2641 -82.829985969 27.978759325 -0.084211
2642 -82.744810207 27.731762967 -2.059316
2643 -82.592567549 27.576180890 -0.734636
2644 -82.501516127 27.710996305 0.670888
2645 -82.641667757 27.541807180 -0.000000
2646 -82.552586338 27.609789821 -0.477818
2647 -82.814669017 28.030764166 0.486088
2648 -82.593586280 27.585453596 -0.625920
2649 -82.711586640 27.518357395 -0.000000
2650 -82.717070160 27.956246760 -0.501712
2651 -82.624822235 27.791846753 2.160447
2652 -82.428264008 27.892144663 2.620927
2653 -82.716440541 27.504341435 -0.000000
2654 -82.845297824 27.815769867 6.129361
2655 -82.686634036 28.023993867 0.928299
2656 -82.658232649 27.669196507 2.832517
2657 -82.597171395 27.541896708 -0.000000
2658 -82.471993925 27.522684301 -0.000000
2659 -82.560295963 27.646965602 1.888061
2660 -82.418099150 27.513302304 -0.000000
2661 -82.500797114 27.758929830 4.721385
2662 -82.544103109 27.942144209 0.508257
2663 -82.541563560 27.667473022 0.750759
2664 -82.626211036 27.559790108 0.398615
2665 -82.612861268 27.524949832 -0.000000
2666 -82.422662646 27.776210205 -1.567144
2667 -82.699762523 27.731470795 2.798158
2668 -82.436295525 27.522272253 -0.000000
2669 -82.628179862 27.545295976 -0.000000
2670 -82.430158434 27.783515214 1.846195
2671 -82.577375361 27.504723623 -0.000000
2672 -82.452159862 27.860152711 5.226540
2673 -82.453599544 27.903464337 3.646407
2674 -82.435258076 27.673403789 0.666641
2675 -82.496734673 27.804328992 5.670630
2676 -82.840183953 27.890138692 0.322339
2677 -82.693795736 27.491267161 -0.000000
2678 -82.623752071 27.836976263 -0.263286
2679 -82.826726239 27.945505649 2.534166
2680 -82.797852638 27.992627328 0.942268
2681 -82.696616890 27.733785303 2.012295
2682 -82.535673512 27.513914910 -0.000000
2683 -82.836997783 28.014714943 4.192250
2684 -82.697859056 27.923360699 0.414688
2685 -82.617995496 27.571628324 1.001372
2686 -82.652307278 27.546508988 -0.000000
2687 -82.402458395 27.815511935 0.698675
2688 -82.602174845 27.506725699 -0.000000
2689 -82.600592470 27.521467571 -0.000000
2690 -82.792105678 27.807393633 -0.799444
2691 -82.540967512 27.947691464 0.053987
2692 -82.810512098 28.024894291 0.739631
2693 -82.473186562 27.803315327 8.709305
2694 -82.571912536 27.505871250 -0.000000
2695 -82.592432346 27.951662962 5.263805
2696 -82.807746296 27.956129761 1.002604
2697 -82.691281473 27.700573230 -0.465639
2698 -82.675501744 28.002122165 0.778628
2699 -82.426664829 27.793020626 3.200004
2700 -82.575752903 27.589643629 -0.380389
2701 -82.466191138 27.530957690 -0.000000
2702 -82.626409657 27.887710903 -0.117751
2703 -82.429079760 27.861381150 4.163914
2704 -82.563966666 27.616457982 -0.342227
2705 -82.554084997 27.662947112 2.739703
2706 -82.456612799 27.757421845 1.010459
2707 -82.626957316 27.767273386 -2.244987
2708 -82.565862396 27.878435606 2.787696
2709 -82.653147332 27.935355934 2.026443
2710 -82.411574589 27.862676888 1.555679
2711 -82.610316093 27.516201197 -0.000000
2712 -82.815606598 27.665665165 8.726996
2713 -82.677219378 27.905952275 -1.423061
2714 -82.511272988 27.520292069 -0.000000
2715 -82.681134078 27.686548907 0.774155
2716 -82.583062933 27.568813772 -1.934939
2717 -82.576480867 27.606465673 0.404618
2718 -82.621814878 27.622112059 6.231361
2719 -82.618222778 27.592498023 2.780944
2720 -82.569739139 27.502141292 -0.000000
2721 -82.483033104 27.924014195 0.807977
2722 -82.557647130 27.665460566 5.035518
2723 -82.691254180 27.493341463 -0.000000
2724 -82.631712155 28.014794563 0.098129
2725 -82.845562810 27.841736688 4.166457
2726 -82.545514973 27.788065870 9.263988
2727 -82.476311524 27.514467959 -0.000000
2728 -82.426959715 27.521927888 -0.000000
2729 -82.708796579 27.954950888 2.815937
2730 -82.584168324 27.978206531 0.642264
2731 -82.618238206 27.520364680 -0.000000
2732 -82.669674825 28.010920030 1.521380
2733 -82.618246854 27.749646958 5.041176
2734 -82.431409221 27.521930630 -0.000000
2735 -82.689128392 27.725559932 -1.785274
2736 -82.447928823 27.906426266 3.243183
2737 -82.678790037 27.493382984 -0.000000
2738 -82.811968286 28.009000510 1.081345
2739 -82.687426028 27.985539233 -0.403390
2740 -82.614209033 27.809641101 -1.395664
2741 -82.632329200 27.517831820 -0.000000
2742 -82.515224204 27.483347351 -0.000000
2743 -82.789823776 28.046688627 0.786568
2744 -82.780546165 27.791937670 4.621610
2745 -82.428054439 27.849270606 5.316423
2746 -82.624217504 27.522311815 -0.000000
2747 -82.617306738 27.860286796 0.530169
2748 -82.592502735 27.587472760 -0.466698
2749 -82.829432685 28.037979544 4.454580
2750 -82.425724058 27.867647999 3.440276
2751 -82.833507814 27.965907461 3.657965
2752 -82.389703950 27.831092083 -0.403924
2753 -82.615536237 27.547688336 -0.000000
2754 -82.619486236 27.569033457 1.261737
2755 -82.506056845 27.486962821 -0.000000
2756 -82.434359655 27.885329572 3.590619
2757 -82.427681832 27.833903999 3.464287
2758 -82.447851038 27.703691429 1.464024
2759 -82.588804910 28.000842685 -2.293270
2760 -82.685488624 27.921384730 0.822528
2761 -82.414866798 27.946399210 0.737655
2762 -82.836461344 27.943409551 -2.112797
2763 -82.560580742 27.968587975 1.628774
2764 -82.567545552 27.513822155 -0.000000
2765 -82.804847955 27.809965964 1.076655
2766 -82.866569847 27.936469116 -0.000000
2767 -82.845479538 27.862725725 2.995337
2768 -82.446355293 27.933110833 12.849262
2769 -82.639977356 27.642685641 7.738617
2770 -82.470183055 27.528309416 -0.000000
2771 -82.472560461 27.514699516 -0.000000
2772 -82.607634048 27.615055254 3.573183
2773 -82.400335501 27.878457077 -0.103414
2774 -82.667563101 27.530100215 -0.000000
2775 -82.546483717 27.507037002 -0.000000
2776 -82.466116872 27.911076490 2.727520
2777 -82.759513266 27.796460310 0.984201
2778 -82.844173752 27.829162435 4.893600
2779 -82.823808967 27.925910638 0.786581
2780 -82.500405765 27.706090507 0.111137
2781 -82.800612830 28.020900871 1.949923
2782 -82.446699958 27.846377376 6.878494
2783 -82.565241233 27.576959593 0.839496
2784 -82.652090382 28.022312345 -0.520926
2785 -82.691161884 27.931318009 2.914421
2786 -82.809446196 28.026457084 0.593086
2787 -82.474560288 27.857433530 3.587226
2788 -82.448473038 27.938684353 -2.526666
2789 -82.845245744 27.886374658 -1.744838
2790 -82.413535119 27.526111551 -0.000000
2791 -82.393779503 27.836104876 1.018062
2792 -82.573569069 27.501823238 -0.000000
2793 -82.719229253 27.944940027 2.674509
2794 -82.671049221 27.999025952 2.661491
2795 -82.675319826 27.912209023 -0.309431
2796 -82.719792525 27.503439926 -0.000000
2797 -82.698519443 27.958226689 0.878925
2798 -82.630666852 27.537416221 -0.000000
2799 -82.587782754 27.591911204 0.823329
2800 -82.429929844 27.932245881 1.961027
2801 -82.569652242 27.596668384 -0.011335
2802 -82.468111489 27.884194883 3.920000
2803 -82.414781136 27.771963584 -1.759689
2804 -82.633237610 27.710321357 1.190973
2805 -82.799237920 27.816204566 -0.776662
2806 -82.489780162 27.814956884 1.039003
2807 -82.853359032 27.856894423 -0.000000
2808 -82.623054920 27.852796735 1.132152
2809 -82.475158666 27.716743784 -1.013362
2810 -82.399444825 27.881770275 -0.336243
2811 -82.805780151 27.964795207 4.399485
2812 -82.734618668 27.749780068 0.328411
2813 -82.814283870 28.057906277 -0.000000
2814 -82.812436963 27.823910914 3.094833
2815 -82.550509798 27.653498946 0.603962
2816 -82.544319327 27.864746303 0.999897
2817 -82.648799111 27.501236709 -0.000000
2818 -82.676781472 27.903837213 -1.790892
2819 -82.807443126 27.981505852 2.064041
2820 -82.436126596 27.671884326 0.843596
2821 -82.631566704 27.887591096 0.003398
2822 -82.731997179 27.544444061 -0.000000
2823 -82.710401101 27.702288210 0.765937
2824 -82.864459190 27.820451965 -0.000000
2825 -82.654322376 27.634580409 8.345619
2826 -82.531892978 27.880427613 0.772552
2827 -82.596401130 27.538760962 -0.000000
2828 -82.412353367 27.523888991 -0.000000
2829 -82.671013762 27.686005635 2.559412
2830 -82.441604592 27.686367554 1.091630
2831 -82.862000005 27.905379690 -0.000000
2832 -82.627034640 27.888895801 -0.177238
2833 -82.852660982 27.843817728 -0.000000
2834 -82.594259564 27.865987510 1.070011
2835 -82.406350365 27.883086323 0.539694
2836 -82.857868899 27.880081187 -0.000000
2837 -82.464595510 27.736784515 -0.403568
2838 -82.600131563 27.989619123 -0.899221
2839 -82.600258762 27.999617669 -2.208806
2840 -82.603013912 27.981887488 0.371056
2841 -82.758835807 27.746352572 -0.993490
2842 -82.616400707 27.803915240 -1.931383
2843 -82.531569124 27.916126289 -1.921293
2844 -82.436354813 27.906672545 -2.973109
2845 -82.774310341 27.538902415 -0.000000
2846 -82.497017482 27.514280551 -0.000000
2847 -82.438910931 27.682410387 1.080435
2848 -82.536379755 27.906745816 0.930882
2849 -82.806440771 27.961839807 2.418142
2850 -82.596013672 27.805706544 1.038255
2851 -82.569683821 27.969144146 -2.330719
2852 -82.467837975 27.715246805 -0.513627
2853 -82.643937019 27.700770830 1.839068
2854 -82.594429058 27.981836740 -0.759216
2855 -82.549380114 27.947210455 0.849548
2856 -82.565923746 27.619237106 0.751006
2857 -82.660306638 27.528000494 -0.000000
2858 -82.592599896 27.824884570 1.038230
2859 -82.807685301 27.952904068 0.408762
2860 -82.588962748 27.813029833 1.876522
2861 -82.605053384 27.562625052 0.540162
2862 -82.397274731 27.881492366 -0.392439
2863 -82.424078082 27.507079305 -0.000000
2864 -82.591659147 28.000193355 -1.533960
2865 -82.503403701 27.706638376 0.686232
2866 -82.532001762 27.888037814 -1.081112
2867 -82.610599874 27.746619388 5.754597
2868 -82.524864941 27.678932174 -0.553124
2869 -82.566615446 27.922124749 4.790000
2870 -82.577165899 27.570477674 -2.004287
2871 -82.573499645 27.950613372 3.594369
2872 -82.762562433 27.829346073 -2.730083
2873 -82.398185773 27.775894401 -2.188820
2874 -82.633690308 27.861145817 -1.100756
2875 -82.658724472 27.698380719 2.486760
2876 -82.827442047 28.051908321 -0.000000
2877 -82.516362267 27.482545127 -0.000000
2878 -82.556911110 27.513219267 -0.000000
2879 -82.719920052 27.935488936 -1.283799
2880 -82.743785310 27.728504735 -1.842664
2881 -82.448717000 27.768822755 2.450181
2882 -82.696571921 27.951580476 2.848466
2883 -82.774472141 27.831817315 -0.386478
2884 -82.797963394 27.817686866 0.449017
2885 -82.616977000 27.886853833 -0.080600
2886 -82.518196804 27.512977890 -0.000000
2887 -82.460978750 27.910792558 -1.447465
2888 -82.498459612 27.810310891 3.492410
2889 -82.551252500 27.966967876 -2.625175
2890 -82.823179020 27.956850083 3.312547
2891 -82.578660989 27.556937420 2.531465
2892 -82.569264230 27.785026929 7.027071
2893 -82.730421033 27.752954178 -1.273574
2894 -82.465582852 27.934089349 1.686416
2895 -82.527229581 27.692861416 1.338478
2896 -82.424250987 27.908972812 4.602569
2897 -82.580024298 27.597329053 0.031713
2898 -82.610191750 27.526165298 -0.000000
2899 -82.767559712 27.830599908 0.169825
2900 -82.577384149 27.653236288 6.577474
2901 -82.690516304 27.507249950 -0.000000
2902 -82.842659006 27.850323333 -1.937618
2903 -82.566470192 27.593234728 -1.087835
2904 -82.743030612 27.765333154 0.798260
2905 -82.435415088 27.860863503 3.930853
2906 -82.562106212 27.587873456 -0.206851
2907 -82.672286091 28.009201935 2.616920
2908 -82.785795768 28.045528646 1.114971
2909 -82.644901156 27.524253301 -0.000000
2910 -82.859199300 27.851476094 -0.000000
2911 -82.559645814 27.974773584 -1.584054
2912 -82.544559068 27.851626039 0.049606
2913 -82.398930177 27.815154282 0.768969
2914 -82.817027172 27.981228700 -1.261882
2915 -82.593322448 27.534872580 -0.000000
2916 -82.596372738 27.987402842 0.100000
2917 -82.792389921 28.023476066 0.966414
2918 -82.532243322 27.889627449 -2.529507
2919 -82.877491681 27.852073630 -0.000000
2920 -82.563821751 27.977465006 -2.276829
2921 -82.629828891 27.581057886 2.458937
2922 -82.531970024 27.675833478 -0.409063
2923 -82.450817949 27.532523925 -0.000000
2924 -82.592982087 27.574116275 -0.558011
2925 -82.470280975 27.850441283 1.100116
2926 -82.467669263 27.928259380 1.152554
2927 -82.808295913 27.951406961 -1.694352
2928 -82.487576402 27.522704241 -0.000000
2929 -82.851019266 27.883866840 -0.000000
2930 -82.441317733 27.681981504 0.935469
2931 -82.804756989 27.972719097 4.371546
2932 -82.751593531 27.732516621 3.231833
2933 -82.408578194 27.786623388 -0.064101
2934 -82.705984223 27.928894338 0.757296
2935 -82.440416451 27.863497705 4.954836
2936 -82.552725836 27.743330811 3.982527
2937 -82.866807859 27.992452790 -0.000000
2938 -82.428262116 27.838047654 3.860096
2939 -82.555107944 27.501637723 -0.000000
2940 -82.393696616 27.831307727 -0.892549
2941 -82.561077490 27.576676580 0.820689
2942 -82.598911088 27.508838795 -0.000000
2943 -82.642867758 27.701883242 1.688655
2944 -82.568130277 27.500905248 -0.000000
2945 -82.625566655 27.844728450 -1.629895
2946 -82.738091705 27.535457164 -0.000000
2947 -82.618084330 27.738559983 4.158145
2948 -82.442735872 27.892108338 5.472413
2949 -82.577140343 27.596508254 0.293641
2950 -82.431099101 27.934110403 1.899140
2951 -82.617354256 27.550828709 1.908715
2952 -82.627133753 28.014685765 -0.347074
2953 -82.558541049 27.503169910 -0.000000
2954 -82.494615239 27.525810647 -0.000000
2955 -82.784835118 28.054455664 -0.000000
2956 -82.589707626 27.591124363 1.339977
2957 -82.618659322 27.506693811 -0.000000
2958 -82.832938167 27.648019859 8.319314
2959 -82.547047553 27.957446816 0.658920
2960 -82.671342747 27.559582232 5.380000
2961 -82.450145334 27.756719626 0.628897
2962 -82.515857220 27.519801002 -0.000000
2963 -82.665718792 27.526843643 -0.000000
2964 -82.827722810 27.912351703 0.216463
2965 -82.692742041 27.735154973 0.372820
2966 -82.858219678 27.863587780 -0.000000
2967 -82.431794432 27.839889504 4.503074
2968 -82.621384464 27.883346466 -0.129295
2969 -82.593158807 27.805822604 1.392680
2970 -82.405335148 27.529038191 -0.000000
2971 -82.552118622 27.944557235 2.555322
2972 -82.411387861 27.526037387 -0.000000
2973 -82.421606870 27.883153181 2.850000
2974 -82.865801763 28.011924420 -0.000000
2975 -82.605265705 27.719932243 6.094760
2976 -82.659556155 27.700081229 1.143184
2977 -82.467414861 27.750212622 0.867327
2978 -82.494161021 27.814554311 1.125158
2979 -82.522829736 27.499709147 -0.000000
2980 -82.465429981 27.532405077 -0.000000
2981 -82.520469761 27.682230812 0.099972
2982 -82.738413845 27.541297298 -0.000000
2983 -82.602866406 27.521133230 -0.000000
2984 -82.756482094 27.786855499 1.967996
2985 -82.407125567 27.529268415 -0.000000
2986 -82.520218076 27.483547596 -0.000000
2987 -82.468820229 27.714489418 1.049038
2988 -82.529071790 27.509548747 -0.000000
2989 -82.457301758 27.858744860 4.874010
2990 -82.399909694 27.777320989 -1.740890
2991 -82.676998609 27.506094756 -0.000000
2992 -82.667092739 28.028991062 0.781890
2993 -82.552863295 27.955083209 2.091121
2994 -82.692278550 27.958377193 1.119981
2995 -82.567632256 27.642248090 2.948667
2996 -82.472790195 27.757597611 1.553137
2997 -82.533670714 27.690615070 1.475723
2998 -82.689353195 27.503572421 -0.000000
2999 -82.671255218 27.514008161 -0.000000
3000 -82.702509490 27.947541638 3.801973
3001 -82.831743884 27.931418580 2.847749
3002 -82.622289385 27.784666294 1.628187
3003 -82.558076268 27.923555428 5.090000
3004 -82.603923690 27.537919452 -0.000000
3005 -82.665523018 27.497127452 -0.000000
3006 -82.674441901 27.486851976 -0.000000
3007 -82.643750282 27.901353599 0.787020
3008 -82.675180425 27.991438921 3.237786
3009 -82.738113607 27.744299118 3.215147
3010 -82.716988241 27.953699769 2.317415
3011 -82.590710322 27.602226582 0.767894
3012 -82.605967412 27.726804489 7.375613
3013 -82.437961367 27.875353801 3.685855
3014 -82.768624489 27.737102635 5.617596
3015 -82.801393360 27.817929165 0.801369
3016 -82.767447243 27.517610556 -0.000000
3017 -82.637650115 27.899196452 0.418977
3018 -82.404174033 27.779199591 -1.130818
3019 -82.596889754 27.852508939 0.194133
3020 -82.634586365 28.009556275 -0.989439
3021 -82.701234593 27.490191718 -0.000000
3022 -82.668242891 27.644074133 2.559938
3023 -82.485610296 27.710484919 0.790711
3024 -82.747893794 27.748224389 -1.407248
3025 -82.618828146 27.783357199 1.320164
3026 -82.533262186 27.908449979 1.272155
3027 -82.617310748 27.849524293 2.357506
3028 -82.691688180 27.731550344 0.340463
3029 -82.458145984 27.829610935 5.448546
3030 -82.747575787 27.767700961 -1.656581
3031 -82.846254463 27.898999347 -1.161667
3032 -82.588647739 27.506516155 -0.000000
3033 -82.610967603 27.511334112 -0.000000
3034 -82.433462284 27.523941402 -0.000000
3035 -82.394887274 27.845171293 0.734958
3036 -82.560506122 27.590298153 -0.440075
3037 -82.551458096 27.509369519 -0.000000
3038 -82.473258227 27.903722823 2.631285
3039 -82.557566617 27.591561719 -1.220941
3040 -82.605697054 27.747525678 5.213776
3041 -82.652083268 27.697187635 2.571351
3042 -82.760762991 27.509315024 -0.000000
3043 -82.418961398 27.831067715 3.059506
3044 -82.840234165 27.888393302 -0.304099
3045 -82.448699797 27.693859429 -0.420246
3046 -82.410952962 27.891065787 0.529505
3047 -82.667920270 27.992228299 2.356980
3048 -82.571734447 27.974877740 0.322970
3049 -82.656853290 27.605266720 7.560990
3050 -82.666311577 27.500786537 -0.000000
3051 -82.597457854 27.989178550 0.108227
3052 -82.806976941 27.826370699 0.479034
3053 -82.628318489 27.517783549 -0.000000
3054 -82.645435252 27.993064785 1.148496
3055 -82.542730475 27.825405052 4.016070
3056 -82.654237035 27.573213976 4.043487
3057 -82.585522088 27.595861087 0.822665
3058 -82.692291311 27.973123811 -0.561726
3059 -82.665148950 27.499414303 -0.000000
3060 -82.565344979 27.622300502 0.655977
3061 -82.528971730 27.515902151 -0.000000
3062 -82.834602661 27.953333460 1.930022
3063 -82.608826606 27.578149726 -0.254432
3064 -82.814690655 28.023467766 0.447146
3065 -82.595149009 27.982883631 -0.918331
3066 -82.859035104 27.686076420 -0.000000
3067 -82.503972105 27.833680898 -2.808688
3068 -82.484639104 27.814178364 2.188085
3069 -82.470838839 27.809990984 3.907138
3070 -82.486860104 27.815686987 0.907474
3071 -82.516126712 27.515376114 -0.000000
3072 -82.532539676 27.674514837 -0.579189
3073 -82.430041614 27.819508103 3.314358
3074 -82.420939839 27.925060903 -1.543479
3075 -82.416093086 27.764233202 -0.896652
3076 -82.586411289 27.506846084 -0.000000
3077 -82.413322252 27.882662137 1.243466
3078 -82.552802145 27.844208911 0.890738
3079 -82.594586705 27.557793323 1.940449
3080 -82.547819759 27.508301651 -0.000000
3081 -82.633704465 27.561115186 3.081853
3082 -82.703981028 27.494319247 -0.000000
3083 -82.611894951 27.563180890 0.989252
3084 -82.735340506 27.755141299 -2.014976
3085 -82.630351942 27.742671132 1.654089
3086 -82.483103266 27.808108288 4.055736
3087 -82.397560161 27.777759449 -1.384963
3088 -82.573126723 27.561681594 0.308252
3089 -82.501012527 27.828321211 -0.902546
3090 -82.624912311 28.000769626 -0.600673
3091 -82.690885122 27.483947706 -0.000000
3092 -82.630995095 27.844591852 0.361980
3093 -82.430514181 27.824786742 3.383666
3094 -82.628182740 27.750009894 0.717348
3095 -82.589781483 27.547149129 -0.000000
3096 -82.591112282 27.552027649 3.540713
3097 -82.527787173 27.937096926 -1.582540
3098 -82.552830823 27.948532877 2.526286
3099 -82.644301821 28.014554731 1.008704
3100 -82.804957232 28.048887475 1.843512
3101 -82.618253107 27.807384409 -1.998310
3102 -82.535118495 27.829921584 3.110799
3103 -82.627722171 28.009106617 -0.653402
3104 -82.626018432 27.794853901 -2.005774
3105 -82.589123088 27.585901954 -0.779608
3106 -82.445300667 27.822076719 6.058808
3107 -82.820270576 28.034099446 -1.157320
3108 -82.595972112 27.532960060 -0.000000
3109 -82.481356861 27.811869040 2.971069
3110 -82.609389860 28.004562897 -2.040394
3111 -82.535148612 27.913203169 0.789732
3112 -82.800300915 28.000850156 2.579147
3113 -82.755118090 27.735923503 2.443958
3114 -82.514670635 27.705941701 0.880894
3115 -82.664029686 27.519760789 -0.000000
3116 -82.610808289 27.524382993 -0.000000
3117 -82.560342310 27.855510003 8.065043
3118 -82.549204167 27.830915053 4.269591
3119 -82.720274502 27.940207521 1.472267
3120 -82.461232387 27.902624186 2.920132
3121 -82.704890991 27.955360982 2.640278
3122 -82.879439011 27.875149528 -0.000000
3123 -82.692893343 27.723901776 -1.902898
3124 -82.622127262 27.837192023 -0.381322
3125 -82.838684732 27.889517159 -0.071005
3126 -82.633631502 27.741986313 2.039671
3127 -82.624754403 27.996645065 0.494775
3128 -82.507368837 27.517144126 -0.000000
3129 -82.851175204 27.836765271 -0.000000
3130 -82.831993449 28.054516097 -0.000000
3131 -82.694310889 27.704833319 1.331837
3132 -82.709081679 27.516695431 -0.000000
3133 -82.523180875 27.697462327 1.000509
3134 -82.660676737 27.682331055 1.978555
3135 -82.759512786 27.812107438 -1.549136
3136 -82.455101429 27.936828693 6.361701
3137 -82.541688979 27.665115235 0.329304
3138 -82.864876762 27.971951657 -0.000000
3139 -82.685316195 27.946771172 3.225121
3140 -82.602942356 27.577997483 -0.303951
3141 -82.664704870 28.005725287 0.834157
3142 -82.506659725 27.509720455 -0.000000
3143 -82.532871758 27.683765064 1.163275
3144 -82.668345598 27.917256169 1.134325
3145 -82.478416116 27.926145807 0.756063
3146 -82.748352451 27.746541214 3.403280
3147 -82.667320293 28.019572034 0.862489
3148 -82.788738487 27.693024909 8.289435
3149 -82.632587672 27.888912251 0.126573
3150 -82.537416955 27.505423062 -0.000000
3151 -82.617837290 27.791793280 3.512711
3152 -82.414000548 27.897793525 0.506850
3153 -82.630638790 27.552684439 -0.356561
3154 -82.829066134 27.834699173 0.400894
3155 -82.632965604 27.701112591 2.194982
3156 -82.823710252 27.750091629 7.561714
3157 -82.697165359 27.982950322 0.100000
3158 -82.845491176 27.909967442 -1.199474
3159 -82.476482569 27.730286807 0.701451
3160 -82.494617007 27.713199269 -0.267562
3161 -82.458958073 27.846676456 5.127738
3162 -82.647634013 27.502477805 -0.000000
3163 -82.803708161 28.010125055 0.762292
3164 -82.757475961 27.750369827 -1.467559
3165 -82.849494246 28.024461008 5.791638
3166 -82.593125845 27.942144748 4.812278
3167 -82.617545351 27.574856108 0.836811
3168 -82.486186524 27.510589616 -0.000000
3169 -82.626621230 27.741463026 0.737874
3170 -82.565890598 27.634667991 7.258970
3171 -82.506259239 27.525918151 -0.000000
3172 -82.740955395 27.496417629 -0.000000
3173 -82.446008306 27.924891224 7.043290
3174 -82.608667387 27.535158710 -0.000000
3175 -82.647776713 27.898827871 0.074859
3176 -82.462922248 27.710239946 -1.243736
3177 -82.647657572 27.526480683 -0.000000
3178 -82.656131940 28.001014079 0.709435
3179 -82.446928034 27.693236363 1.049908
3180 -82.638295464 27.704661626 -2.094180
3181 -82.831625370 28.037012202 4.708724
3182 -82.618565533 27.892981871 1.648236
3183 -82.561380995 27.604163819 0.672524
3184 -82.623020420 28.009050148 0.100314
3185 -82.695497571 27.701290398 -0.109192
3186 -82.433226620 27.763430014 -1.650705
3187 -82.461149200 27.750552489 0.789999
3188 -82.415191623 27.935447146 0.719125
3189 -82.641943658 28.020164597 -0.526437
3190 -82.645799036 27.482840504 -0.000000
3191 -82.599168504 27.818433515 -1.822854
3192 -82.827969476 27.933315640 2.156443
3193 -82.629791334 27.837578689 -1.517771
3194 -82.596337818 27.800541121 1.571223
3195 -82.445795180 27.755851018 -0.617384
3196 -82.392170679 27.856760522 12.410792
3197 -82.678197435 27.912388624 -1.233023
3198 -82.422856795 27.863255467 3.459900
3199 -82.852010933 27.828329429 -0.000000
3200 -82.738161751 27.731469225 -1.310057
3201 -82.688463100 28.026999831 1.528952
3202 -82.520356989 27.485416551 -0.000000
3203 -82.593957031 27.519681623 -0.000000
3204 -82.517708155 27.813969861 3.491118
3205 -82.802354676 27.798007331 3.858291
3206 -82.555203263 27.954877959 2.556982
3207 -82.531396959 27.905094852 1.936650
3208 -82.418618037 27.505982571 -0.000000
3209 -82.607643695 27.558521119 -0.403107
3210 -82.838029617 27.841765099 4.905962
3211 -82.419159061 27.522699695 -0.000000
3212 -82.791869037 28.030840986 2.025514
3213 -82.747281505 27.731607469 -2.118937
3214 -82.807719979 28.027059809 0.601835
3215 -82.508656737 27.499307084 -0.000000
3216 -82.652516780 27.487907910 -0.000000
3217 -82.426735726 27.818199815 3.557422
3218 -82.448536732 27.692127383 -0.370931
3219 -82.420282329 27.889818812 1.867317
3220 -82.468248590 27.732356351 -0.705774
3221 -82.549674961 27.961445421 0.349062
3222 -82.391384181 27.831383628 -0.932184
3223 -82.658718872 27.496684439 -0.000000
3224 -82.619877955 27.881883197 -0.205171
3225 -82.612312626 27.817146303 -1.412022
3226 -82.569303631 27.510987843 -0.000000
3227 -82.645577852 27.915516305 1.164074
3228 -82.513038262 27.816036600 3.310078
3229 -82.776339913 27.790085010 0.897493
3230 -82.867506661 27.961632863 -0.000000
3231 -82.702903462 27.966149602 0.690637
3232 -82.531995608 27.514890116 -0.000000
3233 -82.718191371 27.521530533 -0.000000
3234 -82.666329809 27.944197484 3.912549
3235 -82.418105568 27.788599985 -1.490590
3236 -82.796323933 28.025334010 1.848339
3237 -82.820323430 28.014265481 0.657566
3238 -82.741024842 27.759801810 0.877838
3239 -82.693747106 27.724450055 0.098984
3240 -82.656315462 27.677335252 2.335724
3241 -82.748131571 27.683530922 4.462047
3242 -82.573227505 27.508416002 -0.000000
3243 -82.669429788 27.516216397 -0.000000
3244 -82.759365173 27.807672476 1.371052
3245 -82.576379915 27.609572776 1.066329
3246 -82.850932701 27.926198923 -0.000000
3247 -82.595680821 27.988861870 -1.195953
3248 -82.473794236 27.852509213 1.079157
3249 -82.545506056 27.832040518 2.809308
3250 -82.603303573 27.609230792 3.822372
3251 -82.723421404 27.949251725 0.251408
3252 -82.611464207 27.874579810 -0.030636
3253 -82.623536395 27.790656858 2.045040
3254 -82.752111533 27.830916803 -1.017484
3255 -82.676698340 28.028260452 1.757208
3256 -82.608275915 27.581681510 0.876177
3257 -82.786195032 27.713314843 7.200000
3258 -82.491085595 27.823800375 -0.025161
3259 -82.838976305 27.845472592 3.477935
3260 -82.686102388 27.726937286 -2.208583
3261 -82.831189768 27.964995837 4.554346
3262 -82.797703946 28.031544837 2.267019
3263 -82.399137486 27.778662564 0.083810
3264 -82.559454105 27.970330494 -2.330903
3265 -82.756267838 27.834155055 -0.494086
3266 -82.607891068 27.830419257 2.990428
3267 -82.761959041 27.805681987 1.670000
3268 -82.461799672 27.530946454 -0.000000
3269 -82.582271895 27.501697872 -0.000000
3270 -82.756731556 27.829482279 -0.008704
3271 -82.592856671 27.799658183 3.694059
3272 -82.791785442 27.796390350 -0.815510
3273 -82.592534160 27.592478496 0.541213
3274 -82.472515263 27.878111096 3.918662
3275 -82.664738037 27.538195731 -0.000000
3276 -82.509908438 27.526517723 -0.000000
3277 -82.701229676 27.520436622 -0.000000
3278 -82.766552881 27.819522135 0.268701
3279 -82.497264880 27.740968371 3.243478
3280 -82.422807943 27.901203902 -3.880227
3281 -82.666251606 28.000920162 0.787176
3282 -82.764115075 27.826363582 -2.342290
3283 -82.413851161 27.950791852 -0.357345
3284 -82.466140608 27.715145754 1.955495
3285 -82.636920493 27.554000071 2.143827
3286 -82.405740877 27.864817407 0.865211
3287 -82.631674036 27.981152952 2.897804
3288 -82.838149553 27.837021546 -1.288824
3289 -82.611155751 28.002913514 -0.465258
3290 -82.541706678 27.653725124 -0.268980
3291 -82.697441437 27.510300556 -0.000000
3292 -82.588263247 27.508297229 -0.000000
3293 -82.404575026 27.860993652 0.740000
3294 -82.701913230 27.927687167 0.863192
3295 -82.653267732 28.016197935 0.749450
3296 -82.507669047 27.524193027 -0.000000
3297 -82.476975106 27.884026954 2.870239
3298 -82.436221240 27.885673141 2.869350
3299 -82.430349058 27.827886542 3.480130
3300 -82.850751549 27.767391861 -0.000000
3301 -82.416147030 27.950578496 0.881660
3302 -82.549625706 27.940957111 -1.540917
3303 -82.655058359 28.015082611 0.630170
3304 -82.709083393 27.732367520 1.378041
3305 -82.854370978 27.853071905 -0.000000
3306 -82.421577410 27.920727150 14.434163
3307 -82.525340200 27.828306433 1.029310
3308 -82.619607281 28.010688376 -0.400682
3309 -82.461972258 27.779938462 5.676174
3310 -82.524814433 27.495590976 -0.000000
3311 -82.404169130 27.804223249 -4.091130
3312 -82.564105294 27.618998217 -0.513223
3313 -82.442921632 27.766897670 0.885535
3314 -82.630447704 27.596827495 3.260345
3315 -82.539720369 27.704815975 8.394358
3316 -82.456622659 27.939395126 7.228209
3317 -82.800999300 28.036624174 1.460787
3318 -82.720906936 27.948957939 1.768170
3319 -82.830847053 28.018384477 3.396616
3320 -82.819177314 27.966150056 -1.854257
3321 -82.705366938 27.958816929 -0.146783
3322 -82.652670730 27.690041495 1.993339
3323 -82.823239476 27.929835596 2.031132
3324 -82.431821599 27.685920728 -6.915825
3325 -82.557877907 27.958207187 2.276771
3326 -82.397153898 27.819685028 0.692905
3327 -82.700270936 27.736351604 1.485291
3328 -82.477353997 27.852581574 0.749642
3329 -82.449784859 27.933748331 -2.354174
3330 -82.634566238 27.891539456 0.927002
3331 -82.620505380 27.859473842 -0.184750
3332 -82.813144506 27.827884845 0.030845
3333 -82.747218567 27.530119968 -0.000000
3334 -82.876144346 27.966899514 -0.000000
3335 -82.619883512 27.746259433 4.168714
3336 -82.606610593 27.866441991 -0.236613
3337 -82.638601133 27.530608613 -0.000000
3338 -82.528596730 27.690321459 0.944295
3339 -82.536399205 27.884676064 1.268099
3340 -82.580358538 27.565297712 2.955407
3341 -82.589245664 27.549485623 -0.000000
3342 -82.880418581 27.865588597 -0.000000
3343 -82.857131441 27.867769653 -0.000000
3344 -82.421431082 27.876264459 3.459182
3345 -82.522048027 27.494182575 -0.000000
3346 -82.809609575 27.963547501 2.345209
3347 -82.413264573 27.767720434 -1.622392
3348 -82.581311874 27.615814196 3.030005
3349 -82.641087742 27.531912050 -0.000000
3350 -82.709843875 27.500187980 -0.000000
3351 -82.800607678 28.049981017 2.116635
3352 -82.553263736 27.655468687 1.018863
3353 -82.510241153 27.822792897 0.933358
3354 -82.450554050 27.871909143 4.987062
3355 -82.488715190 27.910466921 0.915699
3356 -82.601064907 27.572673658 1.373613
3357 -82.450442472 27.528739571 -0.000000
3358 -82.547958036 27.951897410 0.801676
3359 -82.476492217 27.727299689 -1.911691
3360 -82.743649726 27.769112746 0.643836
3361 -82.877586737 27.890754246 -0.000000
3362 -82.574946431 27.500415831 -0.000000
3363 -82.468450950 27.515878457 -0.000000
3364 -82.442766969 27.683245151 0.817891
3365 -82.467900567 27.891562107 2.941812
3366 -82.430865476 27.831491533 2.642991
3367 -82.750573015 27.754441039 0.298910
3368 -82.549600429 27.958049739 0.770000
3369 -82.785809741 27.808606182 2.012834
3370 -82.811168714 28.032648338 0.514012
3371 -82.436700013 27.760617917 -0.359392
3372 -82.597073930 27.996156634 0.100000
3373 -82.725317124 27.523821484 -0.000000
3374 -82.417812165 27.523409101 -0.000000
3375 -82.464926685 27.518382842 -0.000000
3376 -82.791759083 27.703757065 8.212219
3377 -82.452084556 27.767031908 2.108538
3378 -82.606638616 27.984188341 0.284972
3379 -82.576586167 27.607697529 0.729259
3380 -82.703652052 27.735177021 1.953347
3381 -82.461532047 27.742947256 -0.435083
3382 -82.785380285 27.806503206 1.891169
3383 -82.623640161 27.850108978 0.841727
3384 -82.471337395 27.515648811 -0.000000
3385 -82.485035727 27.819084329 1.164027
3386 -82.418773172 27.519910269 -0.000000
3387 -82.672130706 28.001558005 4.705465
3388 -82.694616522 27.716238653 -2.370078
3389 -82.478778815 27.749821427 1.194771
3390 -82.553167971 27.806455782 3.860199
3391 -82.582856886 27.596802245 0.925727
3392 -82.835077498 27.898469078 0.842061
3393 -82.629587182 27.849660297 -0.660252
3394 -82.691597812 27.488210350 -0.000000
3395 -82.848803923 27.995009186 6.111352
3396 -82.654334000 27.482760846 -0.000000
3397 -82.588443689 27.539499521 -0.000000
3398 -82.430679170 27.523946832 -0.000000
3399 -82.637789004 27.542717449 -0.000000
3400 -82.636887537 27.548825121 -0.000000
3401 -82.430972651 27.861852773 4.198336
3402 -82.516385609 27.805984988 4.862988
3403 -82.694456890 27.731020827 1.960861
3404 -82.487006074 27.908986722 2.453692
3405 -82.697569438 27.970346076 1.045142
3406 -82.598258448 27.505408061 -0.000000
3407 -82.640443625 27.555069878 3.608174
3408 -82.759207957 27.522419267 -0.000000
3409 -82.603054129 27.508153998 -0.000000
3410 -82.696597144 27.724289077 0.868558
3411 -82.581543343 27.549352067 -0.000000
3412 -82.628597150 27.556968237 0.664849
3413 -82.435281336 27.889493039 6.399500
3414 -82.594424067 27.862465650 8.266395
3415 -82.724678975 27.546786848 -0.000000
3416 -82.457555881 27.907397799 4.027839
3417 -82.631406005 27.703418378 2.522049
3418 -82.512329010 27.487970994 -0.000000
3419 -82.656648330 27.536401662 -0.000000
3420 -82.693759561 27.696621384 1.715653
3421 -82.813852219 27.805561617 3.810433
3422 -82.423351356 27.875677268 3.674218
3423 -82.611841243 27.552200678 0.909964
3424 -82.789007597 27.802460346 -1.151243
3425 -82.824879892 27.918226971 1.652830
3426 -82.404362540 27.801798086 -4.460490
3427 -82.597888722 27.718167903 3.196941
3428 -82.446527842 27.530133168 -0.000000
3429 -82.851221905 27.816435533 -0.000000
3430 -82.596499079 27.575116787 0.819556
3431 -82.408922558 27.793642915 -1.120313
3432 -82.661112931 27.988239456 2.508091
3433 -82.435332076 27.523978323 -0.000000
3434 -82.450792409 27.937889182 -2.217408
3435 -82.453401919 27.700622554 2.215835
3436 -82.617072998 28.000460912 0.157018
3437 -82.589373443 27.583994444 -1.235838
3438 -82.589944399 27.857302239 2.233984
3439 -82.535573853 27.762497787 6.187950
3440 -82.538415320 27.879317382 1.773380
3441 -82.458657352 27.519820857 -0.000000
3442 -82.617568992 27.861795918 3.151884
3443 -82.700985443 27.733668422 2.266318
3444 -82.567297582 27.509882867 -0.000000
3445 -82.602746333 27.564684185 0.633777
3446 -82.550502258 27.694593934 6.387065
3447 -82.605860696 27.837775486 1.555271
3448 -82.464655272 27.745518416 0.100000
3449 -82.503702359 27.527115383 -0.000000
3450 -82.434866787 27.821128019 3.513040
3451 -82.762209599 27.825249345 -1.665401
3452 -82.816589414 28.049151835 1.366237
3453 -82.454479507 27.530626687 -0.000000
3454 -82.605492514 27.526806090 -0.000000
3455 -82.558198401 27.815321601 2.804837
3456 -82.695864659 27.960109028 1.518164
3457 -82.648717029 27.904834079 -0.151697
3458 -82.544927685 27.845940437 0.736433
3459 -82.412414611 27.842247232 2.510633
3460 -82.671539393 27.912922561 0.128817
3461 -82.430858421 27.778125960 -0.026580
3462 -82.604518707 28.004958074 -1.405367
3463 -82.690164643 27.729270341 0.099120
3464 -82.759826392 27.744153088 -2.479544
3465 -82.760967804 27.822966536 0.905213
3466 -82.747511699 27.775274233 0.537782
3467 -82.540398361 27.834256305 2.533379
3468 -82.860177490 27.846371670 -0.000000
3469 -82.437392339 27.872154507 2.244323
3470 -82.771051131 27.740914543 5.469536
3471 -82.619208687 27.733486721 1.457393
3472 -82.501300026 27.484934374 -0.000000
3473 -82.403546776 27.774912608 -1.598127
3474 -82.695875263 27.967042558 -0.532168
3475 -82.521831618 27.484605514 -0.000000
3476 -82.690579249 27.725555476 -1.572068
3477 -82.614881494 27.532466278 -0.000000
3478 -82.653463853 28.007307376 0.886458
3479 -82.619318113 27.757486541 4.542643
3480 -82.609151797 27.509267468 -0.000000
3481 -82.667596484 27.930444491 3.231711
3482 -82.612932892 27.835545275 -2.126626
3483 -82.701224447 27.526624899 -0.000000
3484 -82.655538723 27.487055113 -0.000000
3485 -82.758687291 27.580476395 1.124894
3486 -82.671896259 27.920652586 1.407719
3487 -82.536007886 27.882565145 1.200001
3488 -82.535656374 27.679381535 0.788595
3489 -82.616710953 27.853980647 3.138770
3490 -82.467002805 27.827963471 2.012387
3491 -82.634821972 27.541425899 -0.000000
3492 -82.801898375 27.808911467 1.119011
3493 -82.611151691 28.008783621 -1.015088
3494 -82.412474248 27.901407835 -2.659587
3495 -82.672029547 27.965583327 4.456050
3496 -82.759274802 27.726460178 5.784791
3497 -82.462416335 27.925035942 1.360001
3498 -82.467866984 27.756286130 1.345525
3499 -82.734348177 27.740634921 3.863205
3500 -82.591132141 27.539773740 -0.000000
3501 -82.626973873 27.699804215 2.811933
3502 -82.722825810 27.705438259 1.375752
3503 -82.467814614 27.815060067 1.994053
3504 -82.839432180 27.841276519 -2.257708
3505 -82.729196238 27.744534175 0.253809
3506 -82.687657168 27.725357810 -1.828950
3507 -82.458677673 27.759841148 1.341875
3508 -82.679620552 27.998136567 0.666677
3509 -82.466896184 27.739044631 -0.653767
3510 -82.687596500 27.712893341 -1.527848
3511 -82.826804155 27.913684896 0.645563
3512 -82.783478278 27.752406449 5.260396
3513 -82.571393865 27.502172438 -0.000000
3514 -82.837653069 27.913930970 1.570930
3515 -82.513900583 27.491323345 -0.000000
3516 -82.797422158 28.010870922 1.411844
3517 -82.627749612 27.526199006 -0.000000
3518 -82.818863423 27.800412969 4.664951
3519 -82.540150993 27.666056606 -0.302056
3520 -82.441886466 27.910238295 10.975866
3521 -82.508368905 27.827889445 -0.215638
3522 -82.850351006 27.841609455 -0.000000
3523 -82.822279321 28.054246974 -0.000000
3524 -82.404262758 27.530873677 -0.000000
3525 -82.456869057 27.840340876 5.614398
3526 -82.478959862 27.882485867 1.488558
3527 -82.515690555 27.697338923 0.710510
3528 -82.598593218 27.704120228 4.941888
3529 -82.661003524 27.495118519 -0.000000
3530 -82.442046926 27.916069413 -1.985685
3531 -82.757915188 27.827577532 0.218134
3532 -82.704635897 27.508286523 -0.000000
3533 -82.857838692 27.976966207 -0.000000
3534 -82.625402734 27.857820958 -0.399442
3535 -82.412698423 27.903365394 0.000800
3536 -82.474832345 27.741417472 -1.458181
3537 -82.712763266 27.513281514 -0.000000
3538 -82.453517523 27.763520135 1.238485
3539 -82.751200256 27.734005224 0.352833
3540 -82.566278948 27.606896460 0.951386
3541 -82.610518275 27.550816402 0.585102
3542 -82.471814909 27.820976170 1.051418
3543 -82.699875957 27.964593171 -0.497101
3544 -82.636258797 27.707426175 0.974502
3545 -82.579280458 27.602457066 0.866221
3546 -82.834772494 27.963701196 3.606470
3547 -82.420121067 27.887189051 2.017192
3548 -82.497313196 27.799492060 6.369843
3549 -82.532554386 27.801870549 6.454129
3550 -82.519563217 27.828471210 0.780687
3551 -82.511978946 27.673648968 -0.423337
3552 -82.593639971 27.554006086 2.889651
3553 -82.604246784 27.584102518 -0.187684
3554 -82.628754886 27.998719937 0.670000
3555 -82.636410735 27.888674795 0.220491
3556 -82.827695742 28.021407755 2.837937
3557 -82.760565357 27.814006057 0.741150
3558 -82.475131905 27.516347756 -0.000000
3559 -82.507067146 27.823925694 0.780033
3560 -82.501196739 27.529840078 -0.000000
3561 -82.539681142 27.816651623 4.411520
3562 -82.681328719 27.711039366 -1.881956
3563 -82.707686805 27.485953508 -0.000000
3564 -82.450595222 27.940041759 -2.649786
3565 -82.442944198 27.861130348 14.470886
3566 -82.525786857 27.925478651 -1.167480
3567 -82.656719623 27.698133998 2.379864
3568 -82.518485321 27.485200149 -0.000000
3569 -82.617149323 27.801122287 3.355546
3570 -82.615969490 27.794954970 -1.008866
3571 -82.634708216 27.924352697 3.080978
3572 -82.598035419 27.815884027 -1.976389
3573 -82.584052528 27.564280656 2.747142
3574 -82.436497028 27.768354284 0.866711
3575 -82.690436762 27.971204091 -0.387124
3576 -82.588545392 27.576051308 -0.874852
3577 -82.596530520 27.510915179 -0.000000
3578 -82.676938527 27.988832097 2.936810
3579 -82.819658257 27.934657967 2.340190
3580 -82.671059114 27.978188690 3.913582
3581 -82.649192939 27.499215491 -0.000000
3582 -82.543764645 27.855095685 0.087485
3583 -82.810023121 27.818127283 1.297641
3584 -82.553493588 27.647784075 0.573577
3585 -82.416757504 27.521299425 -0.000000
3586 -82.712406960 27.935337825 1.183908
3587 -82.559919098 27.615226773 0.098987
3588 -82.403577364 27.858846902 0.798750
3589 -82.609079921 28.009344581 -1.360176
3590 -82.635487452 27.741122469 1.828132
3591 -82.619720859 27.768394344 5.217045
3592 -82.837594997 27.892813873 0.387402
3593 -82.716261457 27.951289396 3.210349
3594 -82.832340413 27.902062149 -1.706893
3595 -82.401883404 27.890614304 -0.686207
3596 -82.594721126 27.536566277 -0.000000
3597 -82.693563532 27.717477463 -1.910781
3598 -82.402830474 27.864872329 0.438358
3599 -82.462136184 27.827739384 3.534876
3600 -82.591978936 27.811631910 0.778906
3601 -82.671198961 27.995257899 3.773937
3602 -82.419742841 27.934761923 1.406400
3603 -82.663635745 27.497748447 -0.000000
3604 -82.593737940 27.970736045 2.875015
3605 -82.549117925 27.842387930 1.069785
3606 -82.542884422 27.812121097 4.071471
3607 -82.742435420 27.763804220 0.766578
3608 -82.416275594 27.524452693 -0.000000
3609 -82.727837528 27.522084065 -0.000000
3610 -82.817091401 27.773047634 6.270812
3611 -82.619267328 27.786063467 1.154627
3612 -82.827050244 27.816389824 3.389366
3613 -82.771124492 27.834193118 0.159782
3614 -82.469033989 27.833815032 0.901561
3615 -82.660993861 27.919472794 1.141864
3616 -82.462723333 27.749332754 -0.523618
3617 -82.634485113 27.853299619 -1.114763
3618 -82.602057127 27.531521649 -0.000000
3619 -82.424606565 27.872822350 4.132335
3620 -82.607342412 27.890373548 2.046894
3621 -82.437736668 27.886602167 4.108976
3622 -82.519130593 27.683670059 0.468864
3623 -82.609422741 27.804767713 4.752344
3624 -82.589264956 27.827866042 1.152377
3625 -82.579891839 27.839055620 3.808968
3626 -82.642328358 27.523330046 -0.000000
3627 -82.795068359 28.014768878 1.944018
3628 -82.622402995 27.854953840 -0.014640
3629 -82.675675178 27.567182443 5.379988
3630 -82.672220770 27.682118821 1.031026
3631 -82.415098148 27.520071423 -0.000000
3632 -82.510745024 27.716348384 2.800761
3633 -82.599873285 27.585733031 -0.112497
3634 -82.613866287 27.507782617 -0.000000
3635 -82.489654467 27.723650591 1.437239
3636 -82.794169556 27.786109227 4.308390
3637 -82.593499827 27.556111766 2.728307
3638 -82.518364613 27.698330666 0.804167
3639 -82.603699127 27.871684740 1.023047
3640 -82.479987850 27.819523292 0.779010
3641 -82.859775278 27.871172730 -0.000000
3642 -82.477758955 27.886396097 2.631325
3643 -82.844001287 27.892619483 1.609350
3644 -82.700025641 27.542591797 -0.000000
3645 -82.769326289 27.799794570 1.310064
3646 -82.718913562 27.489218167 -0.000000
3647 -82.559820575 27.641084681 0.800863
3648 -82.439709179 27.821496357 5.490330
3649 -82.678823610 27.483760838 -0.000000
3650 -82.491841084 27.720000647 2.360798
3651 -82.435348154 27.855533922 4.619017
3652 -82.837913813 27.910423551 1.431610
3653 -82.758588262 27.802999242 0.788509
3654 -82.847402334 27.864563426 -1.131619
3655 -82.590833531 27.846914739 1.154738
3656 -82.582021163 27.552270371 2.792731
3657 -82.458885437 27.748877053 -0.451284
3658 -82.741667750 27.731300052 -0.985360
3659 -82.565438072 27.960966717 0.762802
3660 -82.607727974 27.735386634 6.814191
3661 -82.480728275 27.875322172 2.868996
3662 -82.447904514 27.934075453 3.891109
3663 -82.633199182 27.528180913 -0.000000
3664 -82.490558489 27.812047081 3.174622
3665 -82.559319432 27.677042535 5.249243
3666 -82.800932701 27.775957302 6.124048
3667 -82.529078144 27.505127378 -0.000000
3668 -82.614690158 27.573250261 0.913214
3669 -82.639952536 27.522550623 -0.000000
3670 -82.548466851 27.655983755 0.525629
3671 -82.589099200 27.850244688 1.677542
3672 -82.691899488 27.546067865 -0.000000
3673 -82.618536444 27.725591470 1.017767
3674 -82.710855515 27.941904727 3.825749
3675 -82.597587783 27.858242238 0.770730
3676 -82.862135058 27.596342584 -0.000000
3677 -82.571415584 27.965542370 0.312598
3678 -82.429608260 27.885788813 3.423515
3679 -82.600698167 28.001319575 -2.480635
3680 -82.692414035 27.726147247 -1.882609
3681 -82.542485726 27.866591346 1.312969
3682 -82.405192216 27.532868124 -0.000000
3683 -82.479868745 27.527939965 -0.000000
3684 -82.569372937 27.505414163 -0.000000
3685 -82.888806681 27.879396827 -0.000000
3686 -82.410470458 27.778087767 -1.770666
3687 -82.605083999 27.876218324 0.037247
3688 -82.832369285 27.953804458 -1.397550
3689 -82.483019575 27.527147734 -0.000000
3690 -82.549422372 27.652742599 -0.680861
3691 -82.806887813 27.972358807 0.750655
3692 -82.655237671 27.907209111 -0.184517
3693 -82.454061340 27.718268684 -1.034208
3694 -82.625366924 27.896014977 1.619434
3695 -82.481827079 27.922001322 2.249682
3696 -82.681207456 28.029608348 1.585937
3697 -82.761859657 27.791457647 2.201386
3698 -82.419069932 27.947520077 -4.040891
3699 -82.597476792 27.585826982 -0.143612
3700 -82.830827476 28.013132143 2.837548
3701 -82.594256959 27.570305662 0.491000
3702 -82.510860720 27.777598645 7.524811
3703 -82.528044050 27.819069998 4.176011
3704 -82.387444751 27.833570008 -0.043109
3705 -82.562522333 27.634599165 13.293666
3706 -82.409542191 27.859399767 1.050527
3707 -82.642115679 28.015007568 0.878156
3708 -82.657995161 28.001356749 -1.584269
3709 -82.406785684 27.795034792 -2.349118
3710 -82.771481655 27.720363169 6.586534
3711 -82.554943940 27.860348555 12.531879
3712 -82.597253000 27.980830570 -0.540890
3713 -82.591965111 27.961963217 4.883345
3714 -82.702042738 27.503236607 -0.000000
3715 -82.751377194 27.746883044 -1.053495
3716 -82.430063146 27.829760309 3.470000
3717 -82.564250651 27.627155983 8.601010
3718 -82.496486419 27.536338793 -0.000000
3719 -82.646334073 27.495833214 -0.000000
3720 -82.607794993 27.818003286 -1.441655
3721 -82.758854813 27.762131729 -1.223387
3722 -82.615953823 27.831765765 -2.330596
3723 -82.602297416 27.512931367 -0.000000
3724 -82.620694856 27.549627031 -0.000000
3725 -82.683521995 27.981626395 1.271932
3726 -82.386848668 27.853057350 -0.439898
3727 -82.756121858 27.728914575 5.558998
3728 -82.533682876 27.916524656 -1.330628
3729 -82.625263674 27.734831861 -1.392888
3730 -82.610070727 27.866537145 -0.542378
3731 -82.579495479 27.591051711 -0.349596
3732 -82.701207865 27.498094978 -0.000000
3733 -82.415128200 27.807198363 13.654819
3734 -82.856661710 27.953323828 -0.000000
3735 -82.744459974 27.590816622 6.912126
3736 -82.478460300 27.517219383 -0.000000
3737 -82.412174790 27.783792910 -0.436859
3738 -82.829998177 27.910709901 0.897944
3739 -82.625878473 27.754684386 1.427192
3740 -82.710892088 27.730699354 2.418283
3741 -82.834599517 28.001778641 3.544301
3742 -82.813677970 28.026241903 0.359622
3743 -82.517447923 27.743233153 6.630792
3744 -82.622433884 27.684133026 4.646441
3745 -82.438396942 27.766074004 0.808113
3746 -82.704337896 27.730164277 3.072544
3747 -82.593930884 27.793511210 4.725287
3748 -82.656549909 27.960931734 4.031333
3749 -82.700110656 27.492542010 -0.000000
3750 -82.482572531 27.515111523 -0.000000
3751 -82.593906509 27.846869132 0.989993
3752 -82.613939245 27.541393544 -0.000000
3753 -82.702151885 27.940162649 2.776001
3754 -82.399970089 27.854350964 -0.093086
3755 -82.425868859 27.513514044 -0.000000
3756 -82.577222943 27.593615718 -0.417811
3757 -82.723722912 27.741741626 0.047950
3758 -82.604544641 27.532942214 -0.000000
3759 -82.577369186 27.588839907 -0.643551
3760 -82.540360041 27.502499579 -0.000000
3761 -82.590215128 27.745749776 3.347960
3762 -82.606429577 27.557656817 -0.534430
3763 -82.403008747 27.808268179 -1.835232
3764 -82.651933451 27.529187617 -0.000000
3765 -82.624428598 27.742058630 2.189800
3766 -82.453967422 27.808091694 12.364088
3767 -82.769184731 27.823864542 0.365925
3768 -82.557618822 27.670729689 5.147776
3769 -82.599343796 27.539969684 -0.000000
3770 -82.454502475 27.692443495 -0.647555
3771 -82.702208927 27.710650812 0.775242
3772 -82.825535870 27.930943515 2.546368
3773 -82.824477017 28.043180419 3.381015
3774 -82.846316751 27.882766199 3.159241
3775 -82.476842977 27.529040070 -0.000000
3776 -82.537759561 27.940794001 1.647199
3777 -82.526830774 27.915439845 -1.499322
3778 -82.412114150 27.810132172 3.598410
3779 -82.488291567 27.908848890 0.848525
3780 -82.475303454 27.733651251 0.763557
3781 -82.448574893 27.816942854 14.216884
3782 -82.830565229 27.951807593 -1.602830
3783 -82.649348820 27.902744217 0.058102
3784 -82.725673099 27.743171811 0.158236
3785 -82.683949981 27.667161048 0.755762
3786 -82.763146067 27.698968706 6.532112
3787 -82.647922675 27.494827967 -0.000000
3788 -82.602672043 27.526415136 -0.000000
3789 -82.506920940 27.527604892 -0.000000
3790 -82.545039395 27.883586849 5.420720
3791 -82.628739465 28.015056206 -0.224009
3792 -82.554576776 27.598662725 0.221169
3793 -82.412680419 27.527619064 -0.000000
3794 -82.526995986 27.515954888 -0.000000
3795 -82.807831454 28.040670608 1.874275
3796 -82.584052436 27.503058685 -0.000000
3797 -82.685216935 27.933781457 4.221907
3798 -82.765133571 27.743047915 5.229160
3799 -82.656949454 27.915571710 0.919449
3800 -82.840979120 27.886836056 0.304418
3801 -82.570984895 27.592600228 -0.047841
3802 -82.783352513 27.806001934 2.266326
3803 -82.606706201 27.509932774 -0.000000
3804 -82.546922408 27.688737843 3.446116
3805 -82.592818690 27.839107462 0.748154
3806 -82.533700563 27.936389725 1.372430
3807 -82.780288746 27.787757831 -1.186661
3808 -82.713953622 27.937248337 1.010360
3809 -82.511908682 27.503432943 -0.000000
3810 -82.800846987 28.052845872 -0.000000
3811 -82.623914231 27.532209708 -0.000000
3812 -82.744917889 27.764827824 -1.639653
3813 -82.559281185 27.636059510 -2.529060
3814 -82.675005921 27.985426247 3.518291
3815 -82.521060396 27.688153863 -0.098854
3816 -82.671351103 27.701541823 3.886084
3817 -82.628355042 27.679673774 3.857165
3818 -82.601997969 27.596697801 1.238461
3819 -82.674822730 27.493202337 -0.000000
3820 -82.651020750 27.661886274 3.160000
3821 -82.651396592 28.008167920 1.013376
3822 -82.787427062 28.040751133 -1.599918
3823 -82.424923415 27.940392213 1.646798
3824 -82.862594026 27.737768317 -0.000000
3825 -82.593330375 27.998672486 -0.540216
3826 -82.418492795 27.759756697 -2.726189
3827 -82.631388136 27.713681427 5.518019
3828 -82.433338388 27.886783624 3.417937
3829 -82.632253387 27.551572145 0.125845
3830 -82.691846946 27.724861748 -1.669554
3831 -82.818193522 28.057608450 -0.000000
3832 -82.415174238 27.822057315 3.004484
3833 -82.407628538 27.777339105 -1.784157
3834 -82.541180257 27.892144848 0.916215
3835 -82.820767796 27.808061043 4.151828
3836 -82.832934680 27.898673779 0.430464
3837 -82.628804486 27.889639192 -0.113791
3838 -82.414582929 27.524205769 -0.000000
3839 -82.505126306 27.527799135 -0.000000
3840 -82.629971429 27.712173520 1.879965
3841 -82.677056992 27.914272942 0.487446
3842 -82.782636857 27.797645948 -0.306963
3843 -82.594249499 27.580291126 -1.014158
3844 -82.723149637 27.522307017 -0.000000
3845 -82.787335271 28.050970610 -0.000000
3846 -82.808076716 27.811658311 -0.772571
3847 -82.891539763 27.770097065 -0.000000
3848 -82.409647322 27.529739997 -0.000000
3849 -82.672759384 27.915043981 0.820546
3850 -82.438883996 27.868159358 3.106855
3851 -82.581018976 27.808707657 4.843862
3852 -82.842866362 27.569596028 10.659906
3853 -82.465362893 27.841737129 1.037958
3854 -82.764071253 27.781984841 2.123767
3855 -82.604860449 27.593102683 1.348237
3856 -82.627911411 27.558917356 0.532636
3857 -82.583962608 27.806209711 4.947416
3858 -82.811419620 27.809893336 -1.250071
3859 -82.604628727 27.822162501 -0.570948
3860 -82.523554323 27.829667778 0.876117
3861 -82.643023729 28.018413065 0.417213
3862 -82.465084096 27.759404029 1.380000
3863 -82.603474698 27.582765780 0.431544
3864 -82.469811409 27.860338333 3.899963
3865 -82.498692845 27.515339483 -0.000000
3866 -82.644124496 28.020062897 -1.659771
3867 -82.741623156 27.756644416 -1.375069
3868 -82.424851194 27.893913079 2.232887
3869 -82.821120283 28.055272417 -0.000000
3870 -82.551096460 27.652010725 0.603056
3871 -82.692446676 27.975638760 -0.540234
3872 -82.504646992 27.508942911 -0.000000
3873 -82.725743500 27.740828158 0.447713
3874 -82.401699558 27.806371547 -0.893945
3875 -82.628267862 27.752261016 0.791726
3876 -82.614925097 27.937358132 4.637876
3877 -82.608454732 27.584454188 0.486929
3878 -82.621724664 27.858486357 -0.411145
3879 -82.711800427 27.939712253 3.191419
3880 -82.716416406 27.514928652 -0.000000
3881 -82.616072694 27.878828505 -0.306494
3882 -82.633260012 27.846312969 -0.615348
3883 -82.494403674 27.531052783 -0.000000
3884 -82.556242226 27.600250162 0.580959
3885 -82.551378182 27.860530613 -7.311513
3886 -82.789874463 28.057392832 -0.000000
3887 -82.599440670 27.573185484 1.044053
3888 -82.777198019 27.717798959 7.271159
3889 -82.481657668 27.893644618 2.153933
3890 -82.427002734 27.932109144 1.967164
3891 -82.818162211 27.933710674 1.467114
3892 -82.585466602 27.547748050 -0.000000
3893 -82.516667829 27.695108149 -0.540236
3894 -82.537994222 27.908895582 1.323138
3895 -82.774776297 27.803215075 -0.677128
3896 -82.431672618 27.762427959 -0.650857
3897 -82.592744430 27.515592608 -0.000000
3898 -82.571020733 27.713286213 4.779851
3899 -82.679425205 28.033427333 -0.971189
3900 -82.622945820 28.006941333 0.120000
3901 -82.511862622 27.824706844 0.915625
3902 -82.610649249 27.568381791 -0.315405
3903 -82.511963765 27.697036220 0.436892
3904 -82.703368433 27.511939752 -0.000000
3905 -82.543559093 27.943896531 -0.529291
3906 -82.418041603 27.932990562 1.175200
3907 -82.691858080 27.984567128 -0.394123
3908 -82.835130192 27.837328747 4.038135
3909 -82.590100249 27.513115791 -0.000000
3910 -82.810018010 27.746652006 8.080117
3911 -82.534326919 27.877246897 1.006060
3912 -82.511420496 27.829800811 -0.515720
3913 -82.694283212 27.506103194 -0.000000
3914 -82.443714995 27.809246343 4.437978
3915 -82.651326974 27.503384210 -0.000000
3916 -82.758091289 27.788552313 2.058701
3917 -82.814210463 27.944171918 1.423488
3918 -82.476880702 27.714467929 0.919065
3919 -82.436964303 27.686314771 -0.614888
3920 -82.632217805 28.009324470 -0.965011
3921 -82.426101150 27.942430882 1.765190
3922 -82.855860430 28.018123904 -0.000000
3923 -82.584076156 27.547117255 -0.000000
3924 -82.467601037 27.811226537 3.217337
3925 -82.512169656 27.703699836 -0.518576
3926 -82.601784460 27.588210069 1.031875
3927 -82.401785888 27.776064421 -2.196468
3928 -82.413204020 27.774018318 0.099678
3929 -82.621703284 27.748527449 3.422029
3930 -82.795758623 27.999652342 1.227252
3931 -82.646898001 27.498026596 -0.000000
3932 -82.542035385 27.661593126 -0.277270
3933 -82.554751830 27.609989090 -0.467910
3934 -82.629841064 27.563144350 3.011724
3935 -82.427782597 27.872938717 -3.852183
3936 -82.844147181 28.027666428 5.461881
3937 -82.640858443 27.930091574 2.758847
3938 -82.837292133 27.907232982 -1.573680
3939 -82.711246632 27.486449859 -0.000000
3940 -82.453723000 27.521659191 -0.000000
3941 -82.427664979 27.867471767 4.096140
3942 -82.607394716 27.757641889 5.457101
3943 -82.719962692 27.520641091 -0.000000
3944 -82.574777998 27.609783904 0.899719
3945 -82.821728734 28.010170960 0.065794
3946 -82.679236447 27.534608690 -0.000000
3947 -82.650235519 27.482364231 -0.000000
3948 -82.415901943 27.899354874 0.721480
3949 -82.686740868 27.923305485 0.998665
3950 -82.483833420 27.864348680 1.419157
3951 -82.862234466 27.922153084 -0.000000
3952 -82.461709887 27.525028038 -0.000000
3953 -82.826255493 28.033390495 4.050244
3954 -82.697773573 27.981075114 0.100000
3955 -82.837088195 28.052343588 -0.000000
3956 -82.432969634 27.856965777 4.761178
3957 -82.453728349 27.698444844 -0.600873
3958 -82.401103648 27.814148403 0.440274
3959 -82.690978988 27.924094722 -1.803365
3960 -82.459617712 27.527376275 -0.000000
3961 -82.406038405 27.873073990 0.729924
3962 -82.447368749 27.532117609 -0.000000
3963 -82.465460609 27.854963120 3.387378
3964 -82.679416917 27.491980504 -0.000000
3965 -82.631158933 27.759735728 6.105524
3966 -82.544647985 27.859078504 -0.239835
3967 -82.530216649 27.927038228 0.773698
3968 -82.825693250 27.764750357 7.080237
3969 -82.799288856 28.005844532 2.967515
3970 -82.785594314 27.626013190 4.122802
3971 -82.420276341 27.760224615 -1.031374
3972 -82.630555449 27.768354086 5.962153
3973 -82.624476640 27.585065720 2.729308
3974 -82.825843529 27.988238167 -1.533008
3975 -82.450738272 27.824064267 5.840466
3976 -82.589628739 27.598699979 0.980770
3977 -82.443019759 27.907938682 4.489987
3978 -82.448120074 27.706148332 2.908060
3979 -82.573387133 27.624701296 2.037460
3980 -82.585605202 27.510717683 -0.000000
3981 -82.728247736 27.742062581 0.295548
3982 -82.483295065 27.819513744 0.908546
3983 -82.714786510 27.528872835 -0.000000
3984 -82.590324257 27.507304683 -0.000000
3985 -82.558612411 27.832600478 7.180659
3986 -82.753751677 27.732816977 3.734007
3987 -82.479030127 27.858953065 1.970867
3988 -82.648439199 27.492967266 -0.000000
3989 -82.836898720 27.772007739 7.862581
3990 -82.619356219 27.523738826 -0.000000
3991 -82.434273454 27.767339620 0.697602
3992 -82.701416950 27.958230786 -0.093003
3993 -82.442255084 27.834560213 4.826298
3994 -82.548079767 27.660523940 1.036909
3995 -82.537430878 27.904342055 1.015850
3996 -82.485478959 27.895229429 0.827931
3997 -82.798062631 27.996833965 1.051522
3998 -82.527050165 27.825722517 3.045844
3999 -82.625091603 27.528917409 -0.000000
4000 -82.473202584 27.880985607 3.920000
4001 -82.398465570 27.852040977 0.365324
4002 -82.454781564 27.716308452 -1.606550
4003 -82.455334262 27.753088048 0.329753
4004 -82.585696961 27.551865862 3.305799
4005 -82.611358564 27.878722443 -0.049869
4006 -82.585890541 27.815389697 3.322698
4007 -82.461538141 27.926331167 -1.895721
4008 -82.484011512 27.817113614 1.667223
4009 -82.727259620 27.738461832 0.421795
4010 -82.544751994 27.655675435 -0.436827
4011 -82.823581190 27.723867174 8.216094
4012 -82.464737021 27.906413394 2.624885
4013 -82.842629751 27.835996287 4.619822
4014 -82.572207385 27.828100133 8.509386
4015 -82.464068346 27.802106364 8.029961
4016 -82.621013408 28.009992737 0.100000
4017 -82.719303802 27.953108651 1.664023
4018 -82.597013076 27.866438936 0.883821
4019 -82.648087021 27.697413786 1.867406
4020 -82.412220808 27.899353295 -0.615800
4021 -82.678285859 27.704657878 -1.630946
4022 -82.444013718 27.759201559 -0.441037
4023 -82.591535607 27.516227585 -0.000000
4024 -82.418523397 27.515048125 -0.000000
4025 -82.489524301 27.825517005 -0.179688
4026 -82.755809649 27.781572300 2.162060
4027 -82.461376958 27.738862705 -0.561484
4028 -82.640021309 28.010557571 0.442631
4029 -82.843692937 27.862385484 0.244459
4030 -82.823238839 27.931910105 2.488016
4031 -82.411460289 27.853300246 1.927874
4032 -82.403513139 27.876307598 0.233040
4033 -82.670625726 27.914061958 0.689715
4034 -82.711816761 27.505639577 -0.000000
4035 -82.774076413 27.735726805 6.617752
4036 -82.442866524 27.818174490 8.081289
4037 -82.445131424 27.825894431 4.770113
4038 -82.555162819 27.513434702 -0.000000
4039 -82.828460474 28.026973012 3.717446
4040 -82.591273440 27.980765889 -0.817097
4041 -82.861923703 27.556430360 -0.000000
4042 -82.588843483 27.558292678 2.482726
4043 -82.623779756 27.528205796 -0.000000
4044 -82.401630783 27.851693586 0.737591
4045 -82.663532059 27.521332650 -0.000000
4046 -82.419737943 27.820146757 3.474606
4047 -82.625345230 27.526819140 -0.000000
4048 -82.435427516 27.858379262 4.071751
4049 -82.820857186 27.939123841 3.017289
4050 -82.796753961 28.009066563 2.351081
4051 -82.845969099 27.845636536 4.457121
4052 -82.521057842 27.519056393 -0.000000
4053 -82.602234623 27.803717015 0.822246
4054 -82.540024566 27.698039611 3.113881
4055 -82.554531637 27.687724160 6.441849
4056 -82.597907901 28.000477669 -2.522033
4057 -82.790057823 27.739387114 6.781645
4058 -82.647876562 27.901156771 0.215189
4059 -82.454320915 27.837074216 5.891612
4060 -82.606194037 28.005200036 -2.049747
4061 -82.627087584 27.705863225 3.316096
4062 -82.715966294 27.935760838 0.872420
4063 -82.882321601 27.543259247 -0.000000
4064 -82.647322601 28.021501079 -1.769113
4065 -82.748712807 27.730026017 3.414420
4066 -82.604547750 27.802808512 1.142840
4067 -82.867962346 27.761281643 -0.000000
4068 -82.599674042 27.863669594 -2.639258
4069 -82.421587155 27.761757972 -1.154085
4070 -82.491419018 27.827782459 -0.943567
4071 -82.831052349 27.901150835 -2.083150
4072 -82.582755697 27.607770660 1.668672
4073 -82.393628046 27.855413682 9.268933
4074 -82.485267103 27.522281292 -0.000000
4075 -82.614442835 27.798615166 -1.158595
4076 -82.759098221 27.739252805 3.655670
4077 -82.843544822 27.901576596 -1.345631
4078 -82.403896074 27.810513262 -2.476191
4079 -82.576498347 27.834485408 3.461866
4080 -82.771291041 27.802103471 -1.646794
4081 -82.389229582 27.820281022 1.002597
4082 -82.582096256 27.862553868 3.661503
4083 -82.446365795 27.893960548 4.977136
4084 -82.762506928 27.818045451 0.753634
4085 -82.653507716 27.540150598 -0.000000
4086 -82.634699764 27.760704761 4.311305
4087 -82.394377987 27.839346528 0.627048
4088 -82.393088068 27.821989658 0.516317
4089 -82.702568538 27.950829695 3.530000
4090 -82.448523988 27.929941270 -0.589423
4091 -82.528367555 27.828355352 1.682620
4092 -82.631984678 28.001449095 0.661907
4093 -82.867883511 27.838220492 -0.000000
4094 -82.566511149 27.500445638 -0.000000
4095 -82.628871898 27.746799368 -1.505319
4096 -82.676655388 27.705488450 1.748075
4097 -82.832730654 27.967934345 4.840549
4098 -82.699107354 27.737329352 0.192915
4099 -82.611020785 27.910488679 3.189663
4100 -82.557879454 27.969325894 -2.005226
4101 -82.447678739 27.825456808 11.718307
4102 -82.517769477 27.501284344 -0.000000
4103 -82.726814155 27.671765714 -1.213154
4104 -82.412193183 27.948910806 -0.845023
4105 -82.674925094 27.601664376 8.292454
4106 -82.505084840 27.832430850 0.119909
4107 -82.707059234 27.933420062 1.347795
4108 -82.448818099 27.901930376 3.989108
4109 -82.705394822 27.499117984 -0.000000
4110 -82.808100742 27.797911835 4.588438
4111 -82.744120535 27.558900128 0.900551
4112 -82.834858726 28.034836220 5.017541
4113 -82.801575813 27.984187561 2.901890
4114 -82.420627310 27.929264183 1.864901
4115 -82.593582903 27.619316781 3.870003
4116 -82.607669719 27.877855148 -0.058165
4117 -82.580989467 27.971303614 -1.484804
4118 -82.804833660 27.824234150 0.821119
4119 -82.711062870 27.489157659 -0.000000
4120 -82.849311620 27.832192465 5.257083
4121 -82.606201638 27.559732938 -0.192685
4122 -82.677573236 28.033620773 -1.926937
4123 -82.766406943 27.811992046 1.370002
4124 -82.726484190 27.509317462 -0.000000
4125 -82.806318458 28.012697606 0.767538
4126 -82.413475631 27.848177915 0.153673
4127 -82.579151985 27.508467713 -0.000000
4128 -82.726668562 27.488497148 -0.000000
4129 -82.623715438 27.858485384 -0.688235
4130 -82.789479134 28.040930906 2.418383
4131 -82.688571986 27.697555093 3.664147
4132 -82.807074892 27.824227167 0.923887
4133 -82.615688502 27.570147064 0.756254
4134 -82.848799731 27.960537383 5.791028
4135 -82.564811472 27.853391641 6.446045
4136 -82.755038607 27.779307652 2.955946
4137 -82.833931314 27.960005729 3.898012
4138 -82.646924885 27.896750798 0.110000
4139 -82.443061864 27.822001127 5.006590
4140 -82.846892379 27.956580352 6.239635
4141 -82.841271054 27.851776921 1.110266
4142 -82.608479554 27.793535356 -1.456538
4143 -82.668861890 28.004486387 3.115775
4144 -82.462274026 27.912112339 2.404417
4145 -82.800627493 28.032551628 1.720000
4146 -82.629364565 27.795880914 -0.999863
4147 -82.629706823 27.887941958 -0.359748
4148 -82.565771808 27.568784922 1.368946
4149 -82.533641263 27.677612174 0.435296
4150 -82.579715835 27.964305915 2.164033
4151 -82.672251975 28.023427272 2.583907
4152 -82.752918573 27.747621603 -1.401047
4153 -82.543583631 27.505140758 -0.000000
4154 -82.543019114 27.860440700 -0.846511
4155 -82.456062793 27.907020742 4.190181
4156 -82.598409838 27.987212397 0.067499
4157 -82.507646379 27.487981029 -0.000000
4158 -82.431766746 27.679536765 1.448884
4159 -82.799096169 27.765778730 6.898569
4160 -82.542245359 27.690515926 2.554132
4161 -82.820745395 28.032639093 -1.572856
4162 -82.427710780 27.513846356 -0.000000
4163 -82.455495266 27.699769964 -1.855534
4164 -82.624441655 27.801569122 -1.499213
4165 -82.458138665 27.917822820 -1.359165
4166 -82.684913123 27.711443797 1.780738
4167 -82.629691968 27.774202550 -1.388839
4168 -82.480669877 27.711341840 -0.614366
4169 -82.804597353 27.981457761 1.801426
4170 -82.423946659 27.945345221 1.794250
4171 -82.600530515 27.793030893 1.742670
4172 -82.536937979 27.941753742 -0.967633
4173 -82.682430980 27.492589298 -0.000000
4174 -82.444849086 27.778999578 4.190000
4175 -82.611633629 27.973107895 2.898547
4176 -82.632332567 27.739257523 1.911650
4177 -82.608434526 27.511378949 -0.000000
4178 -82.796184363 27.817305981 -0.622679
4179 -82.828385876 27.968165061 -1.682393
4180 -82.402129892 27.877755993 0.203632
4181 -82.501340987 27.521939823 -0.000000
4182 -82.541829983 27.501365575 -0.000000
4183 -82.671138850 27.520348563 -0.000000
4184 -82.693920868 27.974046041 -0.355527
4185 -82.395876298 27.853081080 -1.859808
4186 -82.458205588 27.529399580 -0.000000
4187 -82.605824780 27.574051731 1.058208
4188 -82.470098158 27.820385451 1.617018
4189 -82.815838741 27.988259069 -2.238026
4190 -82.555195651 27.881397039 3.993303
4191 -82.848010872 27.852542021 2.750381
4192 -82.703986235 27.959607666 -0.187453
4193 -82.749078183 27.763041184 0.079396
4194 -82.549870445 27.606050886 0.382088
4195 -82.683002880 27.596696807 7.496519
4196 -82.642927576 27.913039746 1.109350
4197 -82.748123821 27.734673018 -2.978966
4198 -82.613019914 27.854152035 2.432262
4199 -82.518921642 27.676845821 0.434420
4200 -82.722551915 27.571282285 6.494993
4201 -82.651643195 27.943409845 3.005545
4202 -82.586487853 27.545686617 -0.000000
4203 -82.628816237 27.846902103 -1.023190
4204 -82.656104344 28.011526936 0.849141
4205 -82.814717030 28.051885513 -0.000000
4206 -82.404873900 27.875172745 0.509071
4207 -82.448930043 27.511321746 -0.000000
4208 -82.734172815 27.510277601 -0.000000
4209 -82.827413087 28.028986151 3.856332
4210 -82.713714192 27.737160844 -1.349829
4211 -82.628779294 27.572523092 2.280000
4212 -82.610102915 27.831438758 -1.707700
4213 -82.831134126 27.907698446 0.749690
4214 -82.607650762 28.004741673 -1.415561
4215 -82.445519592 27.840489292 14.704685
4216 -82.540873053 27.904557869 2.778140
4217 -82.441398248 27.911451242 13.790904
4218 -82.598335668 27.558763855 0.489721
4219 -82.624936323 27.713844253 1.545449
4220 -82.731083941 27.501760028 -0.000000
4221 -82.580968306 27.887243230 4.969795
4222 -82.613362665 27.569778492 -0.769421
4223 -82.618924952 27.794750751 -1.543363
4224 -82.461309125 27.915788893 -2.216651
4225 -82.629671687 27.797778138 -1.431486
4226 -82.828367727 28.058199243 -0.000000
4227 -82.546454458 27.961319951 -3.069688
4228 -82.622872582 27.535879477 -0.000000
4229 -82.418592784 27.824126390 3.811007
4230 -82.745726110 27.772202895 2.099330
4231 -82.696430898 27.921971175 1.110681
4232 -82.692618642 27.733857147 0.411408
4233 -82.399810630 27.775146017 -2.929512
4234 -82.746687053 27.729295501 -1.144085
4235 -82.812774589 28.056800012 -0.000000
4236 -82.587782086 27.510491784 -0.000000
4237 -82.687351936 27.516239068 -0.000000
4238 -82.482214041 27.873227438 2.146889
4239 -82.392472145 27.833566674 -0.865036
4240 -82.675613556 28.008256353 0.778199
4241 -82.569814254 27.639482007 2.717767
4242 -82.496969668 27.523392818 -0.000000
4243 -82.589134373 27.996417358 0.114137
4244 -82.423782165 27.760508163 -1.677860
4245 -82.434529155 27.794308095 4.160864
4246 -82.812427523 28.017077400 0.604576
4247 -82.587084650 27.556863724 3.462024
4248 -82.642949477 27.697955318 1.585699
4249 -82.500344932 27.531347203 -0.000000
4250 -82.590286252 27.969393691 2.942350
4251 -82.409261870 27.815295511 1.067407
4252 -82.534645823 27.710776015 5.812220
4253 -82.677584607 27.515387390 -0.000000
4254 -82.483497849 27.892827781 0.820662
4255 -82.531634239 27.831174723 1.216949
4256 -82.561705274 27.663239554 5.340916
4257 -82.529665004 27.677345161 0.100000
4258 -82.806959586 27.969136215 0.763249
4259 -82.828605204 27.947611251 3.054822
4260 -82.714912376 27.740572039 -1.480054
4261 -82.385260478 27.836277088 -0.446075
4262 -82.674930106 27.704643216 2.617866
4263 -82.516368544 27.724716192 3.665313
4264 -82.671867571 28.012139275 2.019307
4265 -82.598727251 27.529426873 -0.000000
4266 -82.596029332 27.518538456 -0.000000
4267 -82.860618145 27.533511596 -0.000000
4268 -82.458880661 27.939359808 -2.987953
4269 -82.617025201 27.566539237 0.366335
4270 -82.670344506 27.918509228 1.327007
4271 -82.402539225 27.825611620 0.983480
4272 -82.540699508 27.845823911 0.087305
4273 -82.807234798 27.963409296 4.092610
4274 -82.632351127 28.016351752 -1.795252
4275 -82.598038495 27.824342108 1.713310
4276 -82.542774073 27.854112745 0.097826
4277 -82.532300011 27.910103252 3.103701
4278 -82.574269076 27.967264251 1.766385
4279 -82.620079102 27.849949403 3.717935
4280 -82.623225904 27.919530086 3.336140
4281 -82.468153472 27.741889937 -1.694488
4282 -82.812084132 28.021557089 0.634355
4283 -82.715937339 27.948650558 3.248302
4284 -82.706514307 27.514091243 -0.000000
4285 -82.452555105 27.524630037 -0.000000
4286 -82.546357638 27.799976063 4.655496
4287 -82.750860951 27.780109580 1.666108
4288 -82.499773105 27.518580832 -0.000000
4289 -82.594113429 27.533139088 -0.000000
4290 -82.402349624 27.811223177 -2.022249
4291 -82.842272022 28.016915670 4.928094
4292 -82.836786864 27.917881210 1.842326
4293 -82.840199226 27.940578274 2.165144
4294 -82.682459411 27.992321481 -0.110624
4295 -82.424823259 27.912249431 -2.166889
4296 -82.589868830 27.538981426 -0.000000
4297 -82.533124914 27.894793937 -0.338044
4298 -82.687760910 27.970108868 -0.407533
4299 -82.715608125 27.934099922 0.757823
4300 -82.747952259 27.723480889 4.828357
4301 -82.792604173 28.047719392 1.082658
4302 -82.445665115 27.687443371 0.980545
4303 -82.532305957 27.878136541 0.741600
4304 -82.614595353 27.544770946 -0.000000
4305 -82.793626786 27.792245835 2.481852
4306 -82.746072580 27.748860389 -2.078764
4307 -82.414024191 27.776645717 -0.323141
4308 -82.634690303 27.532134319 -0.000000
4309 -82.605312850 27.824391919 -0.745856
4310 -82.472717635 27.726091770 0.202510
4311 -82.657631886 27.918693982 1.154784
4312 -82.623705596 27.519332207 -0.000000
4313 -82.546492324 27.955780232 0.749483
4314 -82.420265930 27.510601388 -0.000000
4315 -82.566373450 27.660077110 5.450206
4316 -82.527136785 27.736036218 7.592663
4317 -82.853492042 27.868192971 -0.000000
4318 -82.590091760 27.505359702 -0.000000
4319 -82.597171177 27.840313214 -0.267402
4320 -82.566212790 27.565829488 -0.667321
4321 -82.545940956 27.700070493 7.141738
4322 -82.481467684 27.907165639 3.289184
4323 -82.520561717 27.491770370 -0.000000
4324 -82.759872431 27.757713699 -1.737324
4325 -82.785868073 28.052974702 -0.000000
4326 -82.459325311 27.929409316 -1.776659
4327 -82.418722078 27.899776650 1.043112
4328 -82.805761212 28.016823172 0.886737
4329 -82.401373461 27.773860267 -1.260004
4330 -82.630717149 27.738658807 0.114555
4331 -82.608365091 27.797026357 -1.994079
4332 -82.593321243 27.869712966 0.925006
4333 -82.792435602 28.016998071 1.538777
4334 -82.745555400 27.738895024 0.916533
4335 -82.454075045 27.900989659 3.219030
4336 -82.835852112 27.996819396 4.111051
4337 -82.546754164 27.959690105 -0.774824
4338 -82.772300804 27.791312570 -0.056456
4339 -82.686828601 27.508374483 -0.000000
4340 -82.506313780 27.702745094 0.362947
4341 -82.726529757 27.519913675 -0.000000
4342 -82.643257369 27.546390296 -0.000000
4343 -82.558491766 27.960687491 1.854407
4344 -82.640164905 27.578098097 3.305348
4345 -82.504069065 27.507371856 -0.000000
4346 -82.642469958 28.010921731 1.070000
4347 -82.760988811 27.722792030 6.497416
4348 -82.502987511 27.523892530 -0.000000
4349 -82.707908758 27.950943927 3.530000
4350 -82.463487011 27.894034814 2.620000
4351 -82.772591645 27.794903526 2.006588
4352 -82.606202798 27.959657124 4.558940
4353 -82.717759836 27.517972163 -0.000000
4354 -82.753125706 27.769036334 3.341972
4355 -82.686721687 27.506673559 -0.000000
4356 -82.422394109 27.922356028 14.449471
4357 -82.562339826 27.500302409 -0.000000
4358 -82.576631936 27.568605036 2.758904
4359 -82.589444798 27.754824853 4.027119
4360 -82.792222342 28.029002107 1.478493
4361 -82.756712513 27.735011585 2.872711
4362 -82.576035299 27.921843684 4.668896
4363 -82.396575225 27.822157630 0.472313
4364 -82.516471605 27.824733250 0.916677
4365 -82.592789911 27.517347854 -0.000000
4366 -82.476421556 27.919355134 2.502494
4367 -82.619747261 27.886239439 -0.092327
4368 -82.727925877 27.529409444 -0.000000
4369 -82.527187895 27.499949790 -0.000000
4370 -82.486167718 27.863650220 0.795798
4371 -82.676585265 27.525814128 -0.000000
4372 -82.732240678 27.700813979 -1.658623
4373 -82.696035272 27.728750402 2.326039
4374 -82.627603143 27.774008945 -1.616666
4375 -82.696862522 27.483565124 -0.000000
4376 -82.854571554 27.794323826 -0.000000
4377 -82.734407174 27.567255162 6.113805
4378 -82.633159433 27.722250118 1.933989
4379 -82.532289469 27.824684041 3.680313
4380 -82.456822475 27.694541947 -0.577839
4381 -82.767476880 27.808818688 1.917390
4382 -82.560810219 27.500413280 -0.000000
4383 -82.616265800 27.822458281 -0.244596
4384 -82.425212925 27.863741767 3.471495
4385 -82.442834468 27.757830745 0.080602
4386 -82.681134470 27.527632863 -0.000000
4387 -82.655542451 27.699607261 0.792068
4388 -82.698679286 27.940994644 3.605129
4389 -82.800481766 27.989482735 2.365285
4390 -82.555392046 27.847341663 1.318736
4391 -82.402522986 27.813800459 0.464596
4392 -82.610940302 27.728353588 8.295218
4393 -82.756156549 27.788627950 2.106544
4394 -82.647488268 27.976094422 3.087051
4395 -82.650962464 27.499438122 -0.000000
4396 -82.600905388 27.525217761 -0.000000
4397 -82.557198374 27.843058194 1.333053
4398 -82.448646527 27.530328407 -0.000000
4399 -82.523998591 27.726507696 4.246999
4400 -82.448642200 27.756469635 -0.460581
4401 -82.796856263 27.605144834 7.648929
4402 -82.530227242 27.826419901 3.194145
4403 -82.606365970 27.802981837 -0.614052
4404 -82.687818876 27.709382726 2.598641
4405 -82.533930148 27.914439849 1.113614
4406 -82.592491276 27.783357437 10.209033
4407 -82.478264688 27.725272268 0.662455
4408 -82.432703415 27.903736729 14.717259
4409 -82.855316209 27.906419869 -0.000000
4410 -82.688535588 27.940948806 4.209998
4411 -82.559663965 27.950756491 2.880573
4412 -82.813918056 27.831129708 0.664554
4413 -82.564882044 27.570198599 1.057926
4414 -82.776648328 27.803384531 1.390648
4415 -82.622970066 27.722105121 1.074310
4416 -82.462213191 27.741255404 -0.638264
4417 -82.657209553 27.498414296 -0.000000
4418 -82.814484303 27.939466057 1.327705
4419 -82.594806105 27.582621744 -1.257985
4420 -82.806409343 27.590627871 5.715987
4421 -82.422090413 27.944083003 -1.979573
4422 -82.620863141 28.011982481 0.028255
4423 -82.385055094 27.822530300 -0.423642
4424 -82.564004394 27.578255214 -0.861847
4425 -82.419703004 27.927213087 1.471534
4426 -82.633991252 27.548182013 -0.000000
4427 -82.648733813 27.913767994 1.066030
4428 -82.690372193 28.031581926 0.260729
4429 -82.629593531 27.755028602 0.493472
4430 -82.639847964 27.563902763 4.015966
4431 -82.722734084 27.681242541 0.717773
4432 -82.609082123 27.834345472 -1.703708
4433 -82.440625953 27.521884659 -0.000000
4434 -82.541835845 27.659401443 -0.454552
4435 -82.399405245 27.885572063 -0.903911
4436 -82.563647914 27.604396163 0.191125
4437 -82.486103936 27.822166784 0.133724
4438 -82.682868391 27.633283769 4.008590
4439 -82.707743792 27.490876256 -0.000000
4440 -82.435269558 27.780407928 2.988632
4441 -82.832307903 28.028410097 4.414582
4442 -82.710872592 27.491035185 -0.000000
4443 -82.458740406 27.906296466 4.339258
4444 -82.755566742 27.776902254 2.168827
4445 -82.607192163 27.507854230 -0.000000
4446 -82.535632284 27.504107559 -0.000000
4447 -82.567241926 27.971979215 -2.929055
4448 -82.621151522 27.510085893 -0.000000
4449 -82.583815793 27.728418893 4.398593
4450 -82.834054996 27.897393016 0.806927
4451 -82.870437206 28.049181350 -0.000000
4452 -82.627565895 27.745333846 -1.624167
4453 -82.764467672 27.805859766 1.548739
4454 -82.798638915 27.794474450 4.049420
4455 -82.696626028 27.674496355 0.795963
4456 -82.623833929 27.760881960 1.484854
4457 -82.417793614 27.803386055 1.790773
4458 -82.580053215 27.552620946 2.344739
4459 -82.629702622 27.514520427 -0.000000
4460 -82.503661035 27.786495616 10.223945
4461 -82.712139457 27.711047277 -2.142226
4462 -82.537171171 27.820681710 4.190252
4463 -82.554863552 27.916784873 5.313618
4464 -82.473518117 27.814633906 1.879961
4465 -82.830396984 28.041150213 4.524915
4466 -82.656340125 27.971983677 4.331694
4467 -82.762520663 27.743650227 4.012640
4468 -82.754002822 27.831531098 -1.800345
4469 -82.769450108 27.760628799 3.857714
4470 -82.446842837 27.930538934 12.437766
4471 -82.685850475 27.925629311 2.297873
4472 -82.463957934 27.839893722 2.134379
4473 -82.403722328 27.891861294 -1.649755
4474 -82.784490519 27.804297439 3.984588
4475 -82.397423511 27.824974549 0.583709
4476 -82.867186875 27.954124580 -0.000000
4477 -82.780523844 27.802830132 3.559021
4478 -82.469716167 27.906401054 2.620032
4479 -82.568833358 27.972544211 0.254753
4480 -82.674120282 27.494736688 -0.000000
4481 -82.606094440 27.829434271 0.786987
4482 -82.483795976 27.907859901 3.193128
4483 -82.578645674 27.510530357 -0.000000
4484 -82.657324831 27.490789702 -0.000000
4485 -82.689884131 27.979025036 -0.415825
4486 -82.563305347 27.954199062 2.541852
4487 -82.475707420 27.745649693 -1.166421
4488 -82.609790087 27.838644490 -2.504914
4489 -82.627650104 27.712860899 1.322259
4490 -82.802078719 27.811831383 1.291659
4491 -82.475895785 27.915853563 2.920000
4492 -82.847700039 27.866216244 2.317642
4493 -82.727180520 27.511460455 -0.000000
4494 -82.406983873 27.800773115 3.734742
4495 -82.495328208 27.828494649 -0.497059
4496 -82.707353536 27.727967792 0.346306
4497 -82.413124964 27.858033374 1.911919
4498 -82.539375595 27.827368105 3.341851
4499 -82.798316549 28.026632088 2.784647
4500 -82.693538592 27.643172724 0.712100
4501 -82.823429912 27.953369198 3.596987
4502 -82.787584540 28.046070242 1.563766
4503 -82.614742278 27.710383260 5.980456
4504 -82.841169688 27.971754930 3.590620
4505 -82.558789410 27.617055820 0.089475
4506 -82.661262549 27.521734645 -0.000000
4507 -82.626618642 27.907082529 1.213087
4508 -82.550762327 27.601694540 -1.183417
4509 -82.616874422 27.759794100 5.543853
4510 -82.745047921 27.734375309 -1.351152
4511 -82.446671304 27.884367705 4.920459
4512 -82.438303921 27.522654847 -0.000000
4513 -82.442511703 27.903574510 4.921224
4514 -82.613053606 28.007492954 -2.472919
4515 -82.603606867 27.867664296 1.123857
4516 -82.813813506 28.022185572 0.496371
4517 -82.524908843 27.677372899 -0.773551
4518 -82.553176161 27.839488287 5.409504
4519 -82.840909614 27.856479081 -0.038992
4520 -82.401010131 27.524790426 -0.000000
4521 -82.735710197 27.514323483 -0.000000
4522 -82.681901991 28.030953027 0.723961
4523 -82.569095776 27.612298829 0.570531
4524 -82.698492912 27.966599821 -0.560595
4525 -82.661287003 27.997927080 0.813169
4526 -82.464830245 27.865079340 3.874010
4527 -82.848446773 27.868207990 1.306020
4528 -82.558628400 27.593921363 -0.424534
4529 -82.707371904 27.505980616 -0.000000
4530 -82.448126044 27.696610027 0.992024
4531 -82.516524658 27.701333286 0.487750
4532 -82.517835834 27.732276557 4.091461
4533 -82.851469883 27.967494717 -0.000000
4534 -82.712140366 27.495875021 -0.000000
4535 -82.614871472 27.855011923 2.355956
4536 -82.728648800 27.690182643 -2.367193
4537 -82.517959154 27.696408487 0.588811
4538 -82.395100395 27.819562095 0.580086
4539 -82.770576569 27.714790857 6.721244
4540 -82.833175063 28.014431429 4.361732
4541 -82.659560901 27.916574814 1.096897
4542 -82.608166301 27.601341609 3.230361
4543 -82.843007299 27.848561519 -1.264126
4544 -82.816100922 28.030146810 -0.607825
4545 -82.835008789 27.961330998 3.961622
4546 -82.832143865 28.057932130 -0.000000
4547 -82.688152772 27.983322653 -0.417955
4548 -82.555945424 27.970638353 -1.433213
4549 -82.443652656 27.919635207 7.142455
4550 -82.484493819 27.527700422 -0.000000
4551 -82.685606388 27.519934622 -0.000000
4552 -82.792104895 28.026340871 2.693724
4553 -82.668311610 28.021458757 2.053875
4554 -82.597397716 27.807782417 0.841404
4555 -82.554911422 27.835202433 1.543064
4556 -82.720269351 27.525260264 -0.000000
4557 -82.838468264 27.891343910 0.101476
4558 -82.591616051 27.545163156 -0.000000
4559 -82.585971259 27.564674106 1.021022
4560 -82.557553322 27.857909767 9.404969
4561 -82.576180742 27.786727389 7.879347
4562 -82.675218019 27.658703338 1.922243
4563 -82.478892734 27.884615259 1.865781
4564 -82.620953260 27.836411229 -0.014675
4565 -82.422114580 27.904981635 -1.663887
4566 -82.410507819 27.799629437 -5.418196
4567 -82.771997984 27.751154616 5.306781
4568 -82.720366865 27.747080996 -1.868698
4569 -82.514942246 27.507047406 -0.000000
4570 -82.742865737 27.754939455 0.234193
4571 -82.753476767 27.735839909 0.674648
4572 -82.746687784 27.773610376 0.656761
4573 -82.541163033 27.857752548 0.099661
4574 -82.430643385 27.894147645 2.934249
4575 -82.475764620 27.852607473 0.812271
4576 -82.843063400 27.859431519 -0.330557
4577 -82.718492396 27.741441427 -2.253077
4578 -82.736659173 27.750802722 -1.813104
4579 -82.640998400 27.890440754 0.288240
4580 -82.631240425 27.910138353 1.118679
4581 -82.716086608 27.491100944 -0.000000
4582 -82.587982141 27.861047248 10.206828
4583 -82.874279044 27.882294819 -0.000000
4584 -82.511571095 27.485372729 -0.000000
4585 -82.613333130 27.849805514 3.044752
4586 -82.412616832 27.785434059 -0.577815
4587 -82.720125417 27.933190781 -3.071355
4588 -82.672592939 28.020081483 2.798453
4589 -82.675980008 27.700388776 4.263713
4590 -82.666635854 27.924856880 1.825734
4591 -82.640633175 27.702244457 1.085912
4592 -82.601918853 27.858452585 -3.638347
4593 -82.599053339 27.836262385 -0.400912
4594 -82.461266612 27.934702230 3.668015
4595 -82.825526647 27.953974258 1.046718
4596 -82.516750947 27.487374046 -0.000000
4597 -82.630147798 28.011057307 -0.257877
4598 -82.808160164 27.976651325 1.258415
4599 -82.742047836 27.747006498 0.649424
4600 -82.602662731 27.801384499 0.998479
4601 -82.798278070 28.022097570 3.014990
4602 -82.402133419 27.809702913 -1.740497
4603 -82.753162553 27.826318958 -0.888654
4604 -82.417735899 27.892164221 1.061890
4605 -82.478029622 27.866349530 3.900221
4606 -82.591361477 27.555223910 3.082808
4607 -82.802536535 27.494657019 -0.000000
4608 -82.886447971 28.030853300 -0.000000
4609 -82.619981398 27.843878173 -0.640315
4610 -82.550816750 27.912050359 4.994797
4611 -82.609685469 27.531413223 -0.000000
4612 -82.646504989 27.606275099 6.181697
4613 -82.839661057 27.955008856 5.214365
4614 -82.520814054 27.517073211 -0.000000
4615 -82.616703772 27.882661789 -0.089014
4616 -82.842691084 27.948501284 6.056069
4617 -82.553898880 27.593816966 -0.707386
4618 -82.809853288 28.055072867 -0.000000
4619 -82.885824435 27.898534381 -0.000000
4620 -82.770432521 27.804447979 -0.785751
4621 -82.763087314 27.813363717 0.536039
4622 -82.468700382 27.806417000 6.924625
4623 -82.486257136 27.803673859 5.367455
4624 -82.510598354 27.482479177 -0.000000
4625 -82.586437683 27.509065799 -0.000000
4626 -82.464526052 27.833588530 3.322065
4627 -82.508132246 27.507948586 -0.000000
4628 -82.391139842 27.820316427 1.003688
4629 -82.562561976 27.507049518 -0.000000
4630 -82.629841102 27.685405338 3.145818
4631 -82.487206863 27.870499966 0.776898
4632 -82.521723439 27.486559016 -0.000000
4633 -82.612340099 27.507933429 -0.000000
4634 -82.471437404 27.744613629 0.044986
4635 -82.878103179 27.651068264 -0.000000
4636 -82.859966150 27.963865613 -0.000000
4637 -82.663349192 27.489550982 -0.000000
4638 -82.552009201 27.505286538 -0.000000
4639 -82.874205731 27.899607749 -0.000000
4640 -82.631333549 27.848609446 -1.332761
4641 -82.695664282 27.978290751 -6.327344
4642 -82.450222212 27.812897432 15.121833
4643 -82.682164162 28.020498734 1.783716
4644 -82.640882296 27.900382319 0.600881
4645 -82.574919055 27.567529390 2.401741
4646 -82.474406014 27.923867011 2.273511
4647 -82.759329761 27.706799286 6.296678
4648 -82.633950414 27.740253693 2.695162
4649 -82.450664225 27.530964246 -0.000000
4650 -82.673198884 27.491772874 -0.000000
4651 -82.427312817 27.903879850 14.554307
4652 -82.455804666 27.693223797 -0.510002
4653 -82.540135464 27.660404570 -0.405605
4654 -82.693419808 27.984499845 -2.380472
4655 -82.652122319 27.907708677 0.241849
4656 -82.664910574 28.008487068 0.783299
4657 -82.787482749 27.730799621 7.375144
4658 -82.553004063 27.499224377 -0.000000
4659 -82.823093240 27.828798719 0.590783
4660 -82.482875863 27.821076157 0.561794
4661 -82.556006161 27.593256885 -0.909732
4662 -82.599312846 27.535701855 -0.000000
4663 -82.557368292 27.611718873 -0.012599
4664 -82.590951192 27.972602567 1.917723
4665 -82.536080405 27.831858087 2.580947
4666 -82.811917361 28.050114194 -0.000000
4667 -82.682171202 27.913304455 -0.564767
4668 -82.663615632 27.498875936 -0.000000
4669 -82.417836004 27.763506815 -2.565312
4670 -82.576932504 27.849043251 4.061457
4671 -82.400341253 27.859860929 -0.201449
4672 -82.493374105 27.830362001 -0.801654
4673 -82.571242859 27.669612807 4.798063
4674 -82.645738166 27.898091409 0.180894
4675 -82.464945278 27.750020217 0.445012
4676 -82.631444653 27.540354711 -0.000000
4677 -82.416497692 27.952537393 0.697181
4678 -82.741868630 27.749774249 0.281795
4679 -82.734952802 27.751735127 0.163847
4680 -82.441634096 27.820064887 5.130583
4681 -82.535662595 27.922442853 2.447571
4682 -82.861229247 27.912612641 -0.000000
4683 -82.631757697 27.846537115 -0.707349
4684 -82.630937460 27.755701473 -1.579308
4685 -82.609082276 27.883846676 1.487205
4686 -82.582720089 27.565722775 2.360524
4687 -82.571095004 27.608266373 1.764340
4688 -82.713938273 27.483640077 -0.000000
4689 -82.431133353 27.930591523 11.433147
4690 -82.615933232 27.516939073 -0.000000
4691 -82.655316720 28.007775294 -0.261587
4692 -82.595251836 27.845026491 0.259214
4693 -82.570459380 27.974176741 0.408511
4694 -82.519449676 27.687172145 -0.989917
4695 -82.539821824 27.508861460 -0.000000
4696 -82.797039986 28.007038933 1.971161
4697 -82.869446765 28.001824017 -0.000000
4698 -82.768084034 27.789264985 -0.084333
4699 -82.481039547 27.524296119 -0.000000
4700 -82.456844054 27.703388825 -0.141427
4701 -82.614012237 27.866122850 -1.307552
4702 -82.605181286 27.508040655 -0.000000
4703 -82.606361894 27.579543371 1.066524
4704 -82.776612254 27.742090447 5.831060
4705 -82.643840666 27.889013620 -0.434972
4706 -82.438381625 27.680228167 -0.572739
4707 -82.733495371 27.523480185 -0.000000
4708 -82.390405430 27.825814118 -0.736497
4709 -82.427644989 27.923711504 12.301434
4710 -82.444669905 27.829901000 8.410337
4711 -82.449003108 27.908263713 1.972953
4712 -82.794423733 28.029055368 1.696817
4713 -82.611785263 27.719322282 7.963646
4714 -82.821577752 27.936007180 2.944769
4715 -82.679299184 27.708465263 -8.959358
4716 -82.792735951 28.056365259 -0.000000
4717 -82.701724483 27.494049698 -0.000000
4718 -82.815840829 27.940721892 2.252033
4719 -82.686571929 28.027387753 1.721651
4720 -82.423177213 27.505817133 -0.000000
4721 -82.631515216 27.721105007 1.403763
4722 -82.463382220 27.517082316 -0.000000
4723 -82.610618461 27.836348513 -2.523970
4724 -82.625549552 27.723357445 0.938263
4725 -82.561090698 27.965662287 1.126047
4726 -82.696496499 27.716666877 0.891582
4727 -82.634199925 27.720457731 2.093679
4728 -82.513363918 27.696059461 0.484754
4729 -82.427319383 27.887099519 2.953369
4730 -82.621279115 27.786207633 0.850461
4731 -82.415850058 27.933531892 0.730056
4732 -82.389203815 27.825450618 -0.877514
4733 -82.526466954 27.930567445 -2.040376
4734 -82.770087945 27.806477526 -1.530622
4735 -82.526703938 27.679534871 0.095253
4736 -82.532432257 27.906618602 1.330021
4737 -82.610889232 27.770799165 8.898890
4738 -82.433950938 27.761981561 -1.981697
4739 -82.736939492 27.738516685 1.634272
4740 -82.429792361 27.690127913 -6.428480
4741 -82.514421574 27.500666257 -0.000000
4742 -82.552484291 27.968336225 2.717666
4743 -82.684098712 27.727545614 -1.803846
4744 -82.688924520 27.712922018 -1.863398
4745 -82.646398868 27.528987829 -0.000000
4746 -82.564753502 27.635953519 13.451114
4747 -82.572862461 27.596634512 -0.862570
4748 -82.480833820 27.513230635 -0.000000
4749 -82.492553726 27.532154722 -0.000000
4750 -82.841225839 27.923756810 -0.962532
4751 -82.841376048 27.860118433 -2.889815
4752 -82.567028313 27.632661359 1.049191
4753 -82.774762606 27.800887818 1.326137
4754 -82.438826693 27.904414300 14.896793
4755 -82.430544544 27.813685967 4.180000
4756 -82.829358165 27.953263949 -1.497337
4757 -82.693369785 27.562896172 6.323171
4758 -82.444427738 27.682324512 -4.236636
4759 -82.462799725 27.773076589 4.391544
4760 -82.421620854 27.878571401 2.905873
4761 -82.609006822 27.525195601 -0.000000
4762 -82.429268551 27.517479431 -0.000000
4763 -82.776250704 27.785211292 1.155151
4764 -82.434398107 27.672222261 1.485663
4765 -82.575014139 27.839656024 8.746341
4766 -82.592469650 27.557454450 2.210655
4767 -82.530347488 27.512602609 -0.000000
4768 -82.794950489 28.000793328 0.907797
4769 -82.401534389 27.882739578 -0.299027
4770 -82.635059392 27.855132497 -1.284254
4771 -82.407935698 27.853403121 1.318585
4772 -82.771871248 27.777186663 -1.252102
4773 -82.483619492 27.797000281 14.800940
4774 -82.619256714 27.836219650 -0.073482
4775 -82.737055635 27.717960765 -0.972350
4776 -82.594070358 27.512617104 -0.000000
4777 -82.684514207 28.030032406 1.018357
4778 -82.572881862 27.793453565 13.475583
4779 -82.595431909 27.534674944 -0.000000
4780 -82.409353777 27.777133563 -1.779977
4781 -82.455304653 27.528257250 -0.000000
4782 -82.556639725 27.650712282 0.952596
4783 -82.530751114 27.692378812 1.726057
4784 -82.684550529 28.023700913 1.609285
4785 -82.842573789 27.826390349 4.713973
4786 -82.470245422 27.752387128 1.100179
4787 -82.769591566 27.705940456 6.980877
4788 -82.654462618 27.698213658 1.782526
4789 -82.570337160 27.614979968 0.627055
4790 -82.560138335 27.637399420 -6.231566
4791 -82.473391579 27.819394266 1.008007
4792 -82.733877417 27.736773847 2.010158
4793 -82.391413568 27.840147079 -0.843198
4794 -82.548350089 27.873593441 5.786955
4795 -82.591641181 27.711599080 4.727071
4796 -82.532305440 27.921713619 1.358551
4797 -82.760680623 27.780226721 -1.328289
4798 -82.831765514 27.829861181 -1.520993
4799 -82.626376180 27.899138853 0.893578
4800 -82.698451862 27.576267430 6.821321
4801 -82.478364147 27.853946289 0.777817
4802 -82.412171515 27.777721618 0.085068
4803 -82.592189296 27.580439375 -0.798052
4804 -82.834943110 27.968401331 4.369327
4805 -82.532161478 27.893278993 -1.857635
4806 -82.630032006 27.766670545 2.590162
4807 -82.609782419 27.863647110 -0.116385
4808 -82.661652923 27.559583630 5.071975
4809 -82.599457082 27.975405744 0.794855
4810 -82.596202289 27.992537187 -1.138268
4811 -82.478716942 27.815526606 1.196471
4812 -82.442627300 27.829545616 4.723450
4813 -82.437001486 27.895168775 3.861884
4814 -82.623909895 27.750144175 1.223947
4815 -82.665477859 28.002553331 0.721524
4816 -82.558044906 27.511120417 -0.000000
4817 -82.525023058 27.802260598 5.178585
4818 -82.878480611 27.673007328 -0.000000
4819 -82.439805928 27.781440959 4.076448
4820 -82.723978312 27.530729485 -0.000000
4821 -82.794974643 27.811635679 -0.705923
4822 -82.536250820 27.684802360 1.215052
4823 -82.596361211 27.787316469 6.919368
4824 -82.387850758 27.842622538 -3.708764
4825 -82.444925218 27.936642535 11.650415
4826 -82.705244573 27.732490682 2.922095
4827 -82.666516690 27.491300146 -0.000000
4828 -82.847708574 27.871523760 -2.383409
4829 -82.813302612 27.980359957 0.426733
4830 -82.450233062 27.891667222 3.633672
4831 -82.462614261 27.818202511 3.732068
4832 -82.428282883 27.762562770 -2.493740
4833 -82.595955825 27.577296803 1.309696
4834 -82.583790439 27.559605396 2.954008
4835 -82.545492394 27.944145521 0.814610
4836 -82.503225873 27.509490277 -0.000000
4837 -82.840009059 27.847720733 0.608500
4838 -82.416858300 27.853840670 2.559636
4839 -82.557147193 27.646893885 0.892030
4840 -82.599070534 27.665199164 15.643254
4841 -82.699809983 27.504728508 -0.000000
4842 -82.422666540 27.924402225 7.466712
4843 -82.634515873 27.897760913 1.438340
4844 -82.481772885 27.814974437 0.902237
4845 -82.599345778 27.560163936 -0.168771
4846 -82.520823336 27.694107512 0.514149
4847 -82.586856746 27.562070874 2.297766
4848 -82.401325308 27.808225781 -1.461271
4849 -82.413898200 27.906477157 -2.404157
4850 -82.422415322 27.917930999 14.502339
4851 -82.664860120 27.515889847 -0.000000
4852 -82.678149618 27.509867696 -0.000000
4853 -82.569113142 27.866060724 1.427215
4854 -82.862557746 27.804095605 -0.000000
4855 -82.593285319 27.841674666 0.764724
4856 -82.526398884 27.505134909 -0.000000
4857 -82.599381691 27.531214593 -0.000000
4858 -82.801416562 28.007724086 1.010735
4859 -82.645187032 28.018081209 -1.782282
4860 -82.718239606 27.739726048 0.148198
4861 -82.722154372 27.736078083 2.565659
4862 -82.803341833 27.821067586 -1.838237
4863 -82.841322177 27.952352494 5.482961
4864 -82.841772070 27.830213305 4.533360
4865 -82.553648002 27.830907249 0.807225
4866 -82.453102631 27.760652092 1.065539
4867 -82.586216382 27.852586467 3.050763
4868 -82.699441321 27.706963697 2.266413
4869 -82.670785360 28.017559234 2.422779
4870 -82.562003401 27.708086482 4.793095
4871 -82.443202124 27.517003034 -0.000000
4872 -82.683549774 27.984575383 1.840055
4873 -82.577788662 27.611458247 2.274651
4874 -82.593980319 27.558591151 1.382602
4875 -82.772280326 27.835819980 -1.913709
4876 -82.741236157 27.758498877 0.330596
4877 -82.391541968 27.851192449 -6.229837
4878 -82.724104995 27.947560810 0.038605
4879 -82.811711145 27.987603303 1.158677
4880 -82.545001163 27.954707857 0.471808
4881 -82.828374298 27.970664080 -1.509479
4882 -82.482941436 27.875071215 1.044341
4883 -82.760680733 27.785748625 2.270000
4884 -82.641048004 28.021151681 -0.588302
4885 -82.796358372 28.021011215 2.134286
4886 -82.704677357 27.678347226 1.322148
4887 -82.603237815 27.988658806 0.025405
4888 -82.652036065 27.523705141 -0.000000
4889 -82.634360132 28.011854644 -0.571697
4890 -82.566280512 27.583357804 -0.755153
4891 -82.512119300 27.522362694 -0.000000
4892 -82.582536344 27.846794914 2.684630
4893 -82.844493672 27.860927028 3.693599
4894 -82.460003023 27.517710814 -0.000000
4895 -82.411622955 27.786729884 -0.192987
4896 -82.589286457 27.553893511 3.883789
4897 -82.525902799 27.698037957 1.766985
4898 -82.599237869 28.001119878 -2.426595
4899 -82.434779227 27.670623895 0.992775
4900 -82.795063312 28.041652915 1.245167
4901 -82.728324413 27.517083338 -0.000000
4902 -82.664689023 27.533174875 -0.000000
4903 -82.608193624 27.559924880 -0.322869
4904 -82.522632631 27.694969616 0.840814
4905 -82.836794000 27.965976552 4.979309
4906 -82.673092039 27.577697670 4.748464
4907 -82.806721287 27.620562113 4.966446
4908 -82.597943243 27.860086860 -1.972384
4909 -82.524302112 27.493757099 -0.000000
4910 -82.443353130 27.528239067 -0.000000
4911 -82.798693379 28.008571103 2.249394
4912 -82.450107777 27.831380390 5.972058
4913 -82.581469951 27.823334130 3.700864
4914 -82.609622726 27.776422558 9.592158
4915 -82.701825627 27.506278231 -0.000000
4916 -82.579654536 27.669512550 6.847890
4917 -82.564796076 27.791414065 7.677144
4918 -82.441262896 27.914585085 -1.950715
4919 -82.412068022 27.789093954 0.774586
4920 -82.535751569 27.872486300 0.890619
4921 -82.784799009 28.051413419 -0.000000
4922 -82.711438187 27.937118242 1.502640
4923 -82.624219114 28.012758850 0.097866
4924 -82.587911198 27.819513339 1.897334
4925 -82.533589467 27.933427414 -2.989537
4926 -82.713420847 27.942945993 3.529937
4927 -82.634923460 27.578628067 2.656887
4928 -82.466973711 27.733686819 -0.669417
4929 -82.588435051 27.513400033 -0.000000
4930 -82.815894136 27.945228976 0.563443
4931 -82.669247303 28.016056484 0.823509
4932 -82.557506283 27.608901016 0.642335
4933 -82.422082252 27.853017099 3.784913
4934 -82.433354918 27.765266911 -0.523036
4935 -82.402912548 27.854370731 1.083199
4936 -82.832491274 27.952266241 -1.957043
4937 -82.611091528 27.848805106 0.904979
4938 -82.704025608 27.495878218 -0.000000
4939 -82.856708463 27.958866882 -0.000000
4940 -82.809451320 27.828675615 0.480022
4941 -82.582378328 27.605628102 0.748693
4942 -82.838541307 27.735507379 8.591460
4943 -82.563139809 27.975569059 -2.649342
4944 -82.667549611 27.703059390 0.563920
4945 -82.442561770 27.896444635 5.292410
4946 -82.847068250 27.828139373 5.821237
4947 -82.430294555 27.855090061 4.816572
4948 -82.551190809 27.616766751 -1.191351
4949 -82.699011777 27.486869486 -0.000000
4950 -82.610079241 27.873824346 -0.060537
4951 -82.596139030 27.975493963 0.798703
4952 -82.616940452 27.820887660 -0.317924
4953 -82.612141446 27.831540850 -1.845238
4954 -82.425194212 27.869524674 3.858083
4955 -82.541722841 27.880654280 3.129387
4956 -82.534103479 27.883538012 1.018903
4957 -82.601191875 27.948072538 5.152550
4958 -82.528114424 27.709507463 3.005214
4959 -82.713035867 27.542463417 -0.000000
4960 -82.459190262 27.810965106 6.811830
4961 -82.571617006 27.563917257 1.888228
4962 -82.495675050 27.717597459 -0.551470
4963 -82.559872356 27.618530362 -0.233345
4964 -82.578113050 27.972181765 0.783036
4965 -82.669681324 28.019700310 2.582448
4966 -82.596507882 28.000197198 -3.003686
4967 -82.464096620 27.755648641 1.079746
4968 -82.713108087 27.488136784 -0.000000
4969 -82.800325541 27.753727771 6.784460
4970 -82.626819066 27.557843890 -0.312643
4971 -82.429828313 27.804322323 3.900000
4972 -82.436142000 27.676840307 -0.905762
4973 -82.618929778 27.707811544 2.330473
4974 -82.563313245 27.639827224 2.442058
4975 -82.559732378 27.508487804 -0.000000
4976 -82.417592836 27.772309166 -0.979064
4977 -82.497568971 27.512208036 -0.000000
4978 -82.555263896 27.656719409 1.466762
4979 -82.540177031 27.870258705 1.394245
4980 -82.446854503 27.921381153 12.637076
4981 -82.506585841 27.484975984 -0.000000
4982 -82.814965536 27.832528724 0.537632
4983 -82.545753074 27.508288979 -0.000000
4984 -82.473718889 27.850588804 0.600185
4985 -82.836497864 27.836658668 -1.776917
4986 -82.817858054 28.008786412 0.953200
4987 -82.818508941 28.034190191 -0.104046
4988 -82.826292994 28.027094380 3.316340
4989 -82.616969552 27.542941786 -0.000000
4990 -82.684595538 27.492993385 -0.000000
4991 -82.415647576 27.817288158 3.204632
4992 -82.650399309 27.904067430 -0.144516
4993 -82.648996104 27.910055317 1.021565
4994 -82.572526566 27.621326429 2.386441
4995 -82.521529917 27.684015966 -0.350282
4996 -82.423678977 27.511158342 -0.000000
4997 -82.688772903 27.707325185 2.526899
4998 -82.591399769 27.835909612 -0.510620
4999 -82.793892284 28.004540853 1.148091
5000 -82.628405566 27.703018808 3.376474
5001 -82.716619992 27.519655061 -0.000000
5002 -82.520753674 27.680112137 0.091610
5003 -82.477852512 27.874495862 3.766901
5004 -82.412553153 27.796966395 11.784725
5005 -82.684227119 27.917925708 0.425034
5006 -82.487152131 27.711146433 1.270635
5007 -82.845160150 27.831947772 5.288501
5008 -82.458486775 27.524959210 -0.000000
5009 -82.558138380 27.577243690 0.663993
5010 -82.631105671 27.744541419 1.940949
5011 -82.758513572 27.782029790 2.278288
5012 -82.702820102 27.961775569 -1.247179
5013 -82.515960969 27.831172445 -0.411965
5014 -82.621866368 27.892436363 1.189380
5015 -82.515113062 27.679844736 -0.536910
5016 -82.695398087 27.976802775 -1.384518
5017 -82.685299687 27.928170526 2.937291
5018 -82.744425996 27.762675360 0.425200
5019 -82.603260017 28.002500456 -2.384205
5020 -82.568354151 27.630845813 0.976575
5021 -82.419556303 27.937275231 0.816039
5022 -82.452811295 27.716516222 -1.227501
5023 -82.457142072 27.937442925 -1.300249
5024 -82.833593373 27.831211989 -2.001463
5025 -82.692135764 27.978580692 -0.390390
5026 -82.510653875 27.710146397 0.859810
5027 -82.406650349 27.793092017 1.344005
5028 -82.413504669 27.780509310 -0.547363
5029 -82.819251294 27.686798483 8.978942
5030 -82.435838027 27.816570443 6.871237
5031 -82.586518030 27.795631831 4.869378
5032 -82.491305676 27.533270537 -0.000000
5033 -82.472149852 27.822787045 1.657512
5034 -82.610895523 27.845189892 -0.912800
5035 -82.692857451 27.937889411 3.919961
5036 -82.682831686 27.712862126 1.868538
5037 -82.482975410 27.768970608 4.171268
5038 -82.659784045 27.999901243 0.477182
5039 -82.627747291 27.722717903 -1.326319
5040 -82.836017552 27.832117573 1.194810
5041 -82.762647030 27.803183137 1.380093
5042 -82.839372035 27.842959223 -1.868991
5043 -82.842923834 27.955923744 5.510025
5044 -82.509447891 27.829547400 -0.230750
5045 -82.763199904 27.820909054 0.648719
5046 -82.573296413 27.510543900 -0.000000
5047 -82.555764688 27.943432414 2.900346
5048 -82.742708546 27.514059861 -0.000000
5049 -82.827315154 27.942050999 2.630368
5050 -82.764597154 27.817538168 0.938539
5051 -82.614199108 28.008754970 -1.631739
5052 -82.658163919 27.500650830 -0.000000
5053 -82.615505532 27.984412773 0.770000
5054 -82.545015409 27.854908034 -0.081160
5055 -82.481999823 27.816979076 0.838658
5056 -82.755671066 27.783769779 1.590643
5057 -82.630032415 27.527220811 -0.000000
5058 -82.473369588 27.519666336 -0.000000
5059 -82.642583953 27.889643073 0.380900
5060 -82.537858560 27.833326075 2.258970
5061 -82.667005046 28.023268747 1.808367
5062 -82.663611663 27.495764032 -0.000000
5063 -82.420735214 27.921931272 14.928102
5064 -82.758686641 27.786475852 2.687173
5065 -82.715023401 27.505292548 -0.000000
5066 -82.821961507 27.975033501 3.684195
5067 -82.419174734 27.517347896 -0.000000
5068 -82.606002856 27.870419338 1.099852
5069 -82.646613086 28.015494405 0.770251
5070 -82.484696903 27.874949252 0.773243
5071 -82.447779785 27.822649018 14.846046
5072 -82.623941745 27.524873589 -0.000000
5073 -82.797653939 27.799032554 -1.293369
5074 -82.856406963 28.028494287 -0.000000
5075 -82.565543498 27.822163458 2.709333
5076 -82.671706027 27.496444323 -0.000000
5077 -82.551324058 27.820213110 2.715128
5078 -82.702847161 27.925561859 0.651105
5079 -82.479041819 27.914119522 3.049943
5080 -82.760067894 27.794581600 1.848869
5081 -82.829909450 28.003143564 2.652616
5082 -82.745474696 27.740665927 0.950346
5083 -82.724664273 27.941290465 -2.426450
5084 -82.770371305 27.795473754 2.710241
5085 -82.697470377 27.737619833 0.126350
5086 -82.694004825 27.503717230 -0.000000
5087 -82.568511060 27.644936064 4.151890
5088 -82.477044990 27.712042400 0.836931
5089 -82.862066767 27.949967456 -0.000000
5090 -82.654947854 27.693398668 2.270258
5091 -82.700333531 27.960228028 0.741290
5092 -82.705391754 27.522618628 -0.000000
5093 -82.700934888 27.509521161 -0.000000
5094 -82.624764411 27.729136357 0.719624
5095 -82.623262413 27.727276533 1.157153
5096 -82.757369312 27.767666517 -1.534807
5097 -82.594073703 27.516531709 -0.000000
5098 -82.610897039 27.997111901 -0.502241
5099 -82.558802567 27.637871192 -3.424826
5100 -82.506492031 27.713718264 0.849770
5101 -82.634029296 27.699005814 3.603123
5102 -82.401219282 27.817385528 0.720987
5103 -82.545505619 27.892303506 3.716429
5104 -82.469987647 27.514280838 -0.000000
5105 -82.442644313 27.684940257 1.514468
5106 -82.577280134 27.977450970 -0.684994
5107 -82.476639081 27.723267664 -0.475588
5108 -82.833411953 27.962455425 3.964424
5109 -82.798055547 28.013730705 2.017361
5110 -82.433857342 27.849772650 5.868189
5111 -82.656783236 27.912950277 0.882206
5112 -82.796216270 27.813539304 0.711037
5113 -82.713371066 27.733079960 2.752128
5114 -82.752651492 27.749733302 1.241675
5115 -82.672113123 27.695409195 3.033734
5116 -82.386472975 27.837832708 -0.124480
5117 -82.536719160 27.835166979 -1.432302
5118 -82.626565986 27.760698379 -2.281053
5119 -82.409249318 27.789799908 0.780409
5120 -82.502882764 27.513167226 -0.000000
5121 -82.661646767 27.575625172 4.180000
5122 -82.796843698 27.994709358 1.023028
5123 -82.598918172 27.854715395 -0.401260
5124 -82.645258579 27.489081047 -0.000000
5125 -82.486377119 27.526981292 -0.000000
5126 -82.443625601 27.879252530 5.179722
5127 -82.838430380 27.816152563 5.002244
5128 -82.593340866 27.857093347 1.097822
5129 -82.603753942 27.838760469 -0.034907
5130 -82.742750077 27.752404959 -1.961721
5131 -82.430392065 27.807815910 3.727077
5132 -82.684864060 27.971745542 1.244224
5133 -82.579088268 27.570336436 -2.354912
5134 -82.666218867 27.519191690 -0.000000
5135 -82.461606495 27.900133112 2.866354
5136 -82.557512969 27.825397014 4.644208
5137 -82.433162670 27.860389245 3.750867
5138 -82.689841087 27.976863678 -0.413193
5139 -82.555570990 27.511448912 -0.000000
5140 -82.815580768 28.021938989 0.480575
5141 -82.492536251 27.714199543 0.380811
5142 -82.444637054 27.761318453 0.788313
5143 -82.610931456 28.006094667 -2.667084
5144 -82.674540922 28.011034012 2.101287
5145 -82.408171651 27.845420114 1.965812
5146 -82.577827984 27.598988366 -0.432566
5147 -82.455400976 27.695476079 -0.674886
5148 -82.629623217 27.631480511 12.186975
5149 -82.443591123 27.791550949 4.431257
5150 -82.737207904 27.754813760 -1.346612
5151 -82.561610487 27.974200368 -2.261184
5152 -82.550751793 27.952836293 1.254745
5153 -82.854582951 27.894276050 -0.000000
5154 -82.467390726 27.708115404 0.850930
5155 -82.706272590 27.510880954 -0.000000
5156 -82.647178115 27.903373120 0.562316
5157 -82.530499065 27.675599705 -0.401251
5158 -82.626990092 27.737279178 -2.695915
5159 -82.471239085 27.857832138 3.897801
5160 -82.483615913 27.753603743 1.465589
5161 -82.810695453 28.005713875 -0.623479
5162 -82.722631487 27.951009683 -0.243686
5163 -82.451072749 27.845612268 5.722520
5164 -82.555134189 27.606943234 0.916337
5165 -82.709732042 27.504437129 -0.000000
5166 -82.462186278 27.848330540 2.072496
5167 -82.583789417 27.551618000 3.041134
5168 -82.723642505 27.744236091 0.100000
5169 -82.707639073 27.929357862 0.734427
5170 -82.557220976 27.694598426 14.355748
5171 -82.834631538 28.044912114 4.665761
5172 -82.650136644 27.901443391 0.055502
5173 -82.483095370 27.813104364 2.407430
5174 -82.650729329 28.021089368 -0.888773
5175 -82.600038387 27.873706912 1.518554
5176 -82.640818778 27.572757618 3.212168
5177 -82.541198537 27.504804110 -0.000000
5178 -82.847987767 27.937648645 6.336303
5179 -82.644996657 27.556815141 4.377140
5180 -82.741289980 27.720161101 -1.581191
5181 -82.733874187 27.519763416 -0.000000
5182 -82.844321772 27.834899365 4.616426
5183 -82.825549398 27.976351417 2.491936
5184 -82.836991398 28.055915951 -0.000000
5185 -82.597635416 27.560528275 -0.174909
5186 -82.488184811 27.525554637 -0.000000
5187 -82.693018723 27.537542003 -0.000000
5188 -82.440495246 27.822696675 4.934916
5189 -82.588034106 27.580585444 -0.892242
5190 -82.595028360 27.573605330 0.776295
5191 -82.501921294 27.735006559 3.434325
5192 -82.410601599 27.818957195 1.097107
5193 -82.474757636 27.752917611 1.640576
5194 -82.407339740 27.875395395 0.778537
5195 -82.667745980 27.496496468 -0.000000
5196 -82.578833961 27.952603407 4.832747
5197 -82.559098203 27.651747882 2.741493
5198 -82.421456976 27.909205760 1.273125
5199 -82.389284727 27.842366046 -3.515119
5200 -82.534833850 27.694994845 2.516230
5201 -82.605406893 27.590207720 0.774000
5202 -82.647209005 27.953737189 4.491738
5203 -82.812415242 27.964181579 2.095107
5204 -82.619159384 27.811070846 -2.247284
5205 -82.444125649 27.819872388 6.869853
5206 -82.567397635 27.573687543 1.562285
5207 -82.436564749 27.900186628 11.064630
5208 -82.845382555 27.858721106 -1.868040
5209 -82.566029471 27.755339445 3.701740
5210 -82.457664939 27.786272718 6.108201
5211 -82.705375254 27.948980504 3.530000
5212 -82.510245146 27.830952926 -0.153143
5213 -82.526264496 27.919315095 -1.172780
5214 -82.483906725 27.710695538 -0.588964
5215 -82.667928184 28.013522839 0.771520
5216 -82.846404081 27.854722032 -1.754958
5217 -82.814129955 28.049383481 0.668199
5218 -82.532840418 27.884991028 0.747409
5219 -82.650943176 27.680287719 1.233547
5220 -82.552722196 27.670785223 3.547536
5221 -82.431160945 27.889091152 6.356249
5222 -82.686739593 27.532433887 -0.000000
5223 -82.407983816 27.788523240 0.497353
5224 -82.592037949 27.860166789 0.943541
5225 -82.665685892 27.981379779 3.510000
5226 -82.653917113 27.695771251 2.245007
5227 -82.604673106 27.580194556 0.414602
5228 -82.820227614 28.053175170 -0.000000
5229 -82.690114587 27.727272593 0.099803
5230 -82.595029052 27.808068935 0.984705
5231 -82.455539630 27.760512142 1.131498
5232 -82.706314595 27.925450047 -2.068775
5233 -82.673286346 27.506858050 -0.000000
5234 -82.599733432 27.819898474 -2.334041
5235 -82.449354368 27.699582965 -0.520759
5236 -82.460931044 27.883861199 4.119216
5237 -82.648070127 28.003300142 1.372145
5238 -82.478663665 27.719987347 -1.484884
5239 -82.444523226 27.903798814 4.152104
5240 -82.557253139 27.643374384 0.466926
5241 -82.483994140 27.873718657 1.337947
5242 -82.542093511 27.849052156 -0.251157
5243 -82.634133736 27.851282720 -1.171039
5244 -82.659505455 28.001451880 -1.606467
5245 -82.544866936 27.947747892 0.767123
5246 -82.405963092 27.890146167 -1.021841
5247 -82.662577819 27.526209721 -0.000000
5248 -82.455189091 27.813717378 5.311929
5249 -82.818093695 27.708030957 8.753479
5250 -82.609693618 27.879005654 -0.116752
5251 -82.681868801 27.494607631 -0.000000
5252 -82.532933841 27.912798952 2.234689
5253 -82.609721448 27.806426244 0.780833
5254 -82.562037966 27.580478624 -0.157908
5255 -82.391707597 27.847766450 -0.245435
5256 -82.467078796 27.819312230 2.692582
5257 -82.578864011 27.983938655 -2.124494
5258 -82.630950133 27.561123783 2.917596
5259 -82.694802035 27.721953226 -1.308384
5260 -82.591147140 27.863788031 0.692325
5261 -82.845019132 27.883921150 3.561510
5262 -82.709073135 27.642315813 0.770000
5263 -82.829745007 27.974114437 -2.397600
5264 -82.459310303 27.806050142 14.375895
5265 -82.596215222 27.503044641 -0.000000
5266 -82.489852639 27.508811342 -0.000000
5267 -82.721592733 27.723913552 3.136906
5268 -82.391020861 27.849282380 0.016759
5269 -82.464894203 27.714013112 1.842371
5270 -82.568346472 27.616645587 0.720687
5271 -82.403929322 27.873671395 0.462208
5272 -82.487437492 27.812840414 2.580112
5273 -82.791786012 27.808776506 -1.346889
5274 -82.565463738 27.631772299 3.089833
5275 -82.559292264 27.575928279 0.407136
5276 -82.631068955 27.769743919 -1.137287
5277 -82.534461974 27.515277951 -0.000000
5278 -82.825198693 27.837721146 0.277618
5279 -82.672582094 27.514062474 -0.000000
5280 -82.579978386 27.611272618 2.613470
5281 -82.576859278 27.630791105 2.186277
5282 -82.478373130 27.711674128 0.742565
5283 -82.471232585 27.532324421 -0.000000
5284 -82.711924725 27.515593074 -0.000000
5285 -82.546482121 27.665582105 1.113442
5286 -82.532617079 27.504178044 -0.000000
5287 -82.664339072 27.957602261 4.037063
5288 -82.680474939 28.019213952 2.308671
5289 -82.760141832 27.805962186 1.398430
5290 -82.701539168 27.965018932 -0.564894
5291 -82.677114381 27.996623194 1.498175
5292 -82.434729388 27.525420231 -0.000000
5293 -82.564775086 27.513158443 -0.000000
5294 -82.552148965 27.618364847 -0.563392
5295 -82.533349945 27.930165000 -2.663965
5296 -82.437112153 27.762043217 -0.599562
5297 -82.763513319 27.740864989 5.249586
5298 -82.445866875 27.877219247 5.189881
5299 -82.650102378 27.494829590 -0.000000
5300 -82.848742915 27.878800697 2.704835
5301 -82.589354861 27.816184271 -2.230768
5302 -82.635989752 27.701210071 3.310509
5303 -82.773222641 27.802940133 -2.489180
5304 -82.599518358 27.571020439 -0.158638
5305 -82.451658699 27.906938321 2.346527
5306 -82.558143816 27.869243048 2.453264
5307 -82.487437499 27.864776458 0.683819
5308 -82.545773982 27.951656194 -2.313640
5309 -82.698295079 27.960904693 -1.488135
5310 -82.569764132 27.571240834 1.999989
5311 -82.836451257 27.938963787 -1.534190
5312 -82.668735572 27.914903455 0.763630
5313 -82.627392032 27.514541240 -0.000000
5314 -82.599059533 27.865633644 1.183608
5315 -82.597372247 27.544809261 -0.000000
5316 -82.405902185 27.835108027 1.225036
5317 -82.671611425 28.003695168 3.962328
5318 -82.547945808 27.506487511 -0.000000
5319 -82.808045645 27.967720384 -2.241121
5320 -82.481496299 27.721005845 1.068741
5321 -82.552837110 27.850940062 -1.020446
5322 -82.597368358 27.813118889 1.685994
5323 -82.827118694 27.950246236 3.037571
5324 -82.722895662 27.623938354 1.627637
5325 -82.409940056 27.787808639 0.404778
5326 -82.422256146 27.939407104 1.338719
5327 -82.569716988 27.959289327 1.244801
5328 -82.586537373 27.998172538 0.080934
5329 -82.620765366 27.781868691 1.358600
5330 -82.411073935 27.806263206 -2.466796
5331 -82.604607590 27.587888408 1.623405
5332 -82.853426154 27.613492554 -0.000000
5333 -82.722586602 27.947146141 0.581233
5334 -82.472389783 27.526156940 -0.000000
5335 -82.541186904 27.657608614 -0.506950
5336 -82.487955893 27.527993254 -0.000000
5337 -82.599308562 27.511753152 -0.000000
5338 -82.687358334 27.930766387 3.428204
5339 -82.493228325 27.809161707 3.756117
5340 -82.578330706 27.798069367 4.889749
5341 -82.599465549 27.576300048 0.297206
5342 -82.675552001 27.484537904 -0.000000
5343 -82.849163550 28.039609875 5.246926
5344 -82.643801945 28.016457504 0.636957
5345 -82.673420670 28.016814208 2.897618
5346 -82.563203851 27.699102270 6.868181
5347 -82.586821646 27.549733563 -0.000000
5348 -82.565155706 27.501117477 -0.000000
5349 -82.431595449 27.683687837 0.355179
5350 -82.747754892 27.760530184 -1.540849
5351 -82.538521110 27.942141132 -2.046451
5352 -82.552462239 27.650355432 0.710614
5353 -82.565957345 27.859002934 2.821091
5354 -82.829101987 28.024821340 3.593317
5355 -82.454787578 27.889871144 3.220125
5356 -82.674290680 27.697951471 2.850045
5357 -82.430547425 27.838327638 3.110703
5358 -82.651654960 27.924734526 1.172440
5359 -82.862354648 27.833322020 -0.000000
5360 -82.601857112 27.913172080 3.517016
5361 -82.685935207 27.979191408 -0.370688
5362 -82.745853382 27.758169416 0.812508
5363 -82.532250283 27.832981119 0.785525
5364 -82.617389495 27.925700800 3.900000
5365 -82.618149763 27.547164895 -0.000000
5366 -82.631559316 27.860911454 -1.574326
5367 -82.744493462 27.710030825 5.030898
5368 -82.710747178 27.658872903 0.770000
5369 -82.392940993 27.841674258 -0.535524
5370 -82.465604648 27.837980852 1.680645
5371 -82.557607699 27.505802383 -0.000000
5372 -82.647361528 27.997222862 1.080000
5373 -82.705003560 27.925845211 -0.453119
5374 -82.593802618 27.977173344 0.686954
5375 -82.417850793 27.858949487 2.800154
5376 -82.622006307 27.511795148 -0.000000
5377 -82.407124661 27.523140343 -0.000000
5378 -82.598584315 27.862048525 0.048804
5379 -82.800749009 28.024001038 1.707453
5380 -82.631372805 27.519355948 -0.000000
5381 -82.451468117 27.935614200 -1.900015
5382 -82.620951945 27.860790332 0.912172
5383 -82.467091164 27.861308404 3.900000
5384 -82.456104995 27.718394988 -0.933046
5385 -82.691837174 27.511678601 -0.000000
5386 -82.571936199 27.891952033 2.943395
5387 -82.632485285 27.843245504 -1.838313
5388 -82.622175613 27.818574959 -0.508498
5389 -82.553247381 27.514001014 -0.000000
5390 -82.478383199 27.820555082 0.738271
5391 -82.656828698 27.502266236 -0.000000
5392 -82.465382530 27.922473990 4.377010
5393 -82.580339538 27.624404964 2.175323
5394 -82.825243154 28.012312632 0.910146
5395 -82.854379065 27.862457595 -0.000000
5396 -82.475018739 27.869599711 3.831018
5397 -82.445487626 27.918419847 13.379563
5398 -82.576188046 27.551841281 1.466944
5399 -82.531105997 27.834142551 0.757567
5400 -82.416618721 27.812241810 2.730302
5401 -82.595604059 27.823808395 2.839939
5402 -82.599818265 27.957089214 5.396099
5403 -82.617073453 27.511749182 -0.000000
5404 -82.745582862 27.736097566 -1.240361
5405 -82.563130121 27.928422700 5.069751
5406 -82.566501394 27.799165102 2.276337
5407 -82.516135723 27.484577814 -0.000000
5408 -82.457862407 27.750777482 -0.528096
5409 -82.458831209 27.935276652 -1.136104
5410 -82.410197083 27.521262824 -0.000000
5411 -82.465395522 27.876464523 3.413277
5412 -82.647756202 27.700549927 2.051895
5413 -82.766407926 27.807234348 2.718086
5414 -82.601447894 27.877486762 0.032756
5415 -82.466839011 27.709985659 -0.549865
5416 -82.450429720 27.522635226 -0.000000
5417 -82.632406929 28.012996768 0.100000
5418 -82.459557354 27.843131075 5.072275
5419 -82.536144371 27.939805710 -2.187210
5420 -82.632418201 27.756904687 -1.823829
5421 -82.833502859 27.927811677 1.581581
5422 -82.404084299 27.798847630 -2.360078
5423 -82.462211355 27.834672612 4.790000
5424 -82.691950633 28.032863344 0.129817
5425 -82.537596709 27.871089728 1.019348
5426 -82.639565653 27.992969894 1.419145
5427 -82.783697705 27.794313653 -0.306765
5428 -82.481071853 27.924264024 0.785060
5429 -82.563678348 27.613892001 -0.495300
5430 -82.841967125 27.891002511 -1.655492
5431 -82.414863730 27.943987075 0.610342
5432 -82.618987280 27.655035513 8.626873
5433 -82.690500888 28.029839005 0.406599
5434 -82.793791502 27.663588128 7.577659
5435 -82.543551018 27.847517728 0.095872
5436 -82.567382921 27.591179228 -0.514853
5437 -82.672928635 27.931845767 3.220000
5438 -82.714379463 27.720409391 0.686610
5439 -82.524262459 27.924371782 -1.367029
5440 -82.614767723 27.853505683 3.026875
5441 -82.570842682 27.968054763 -2.295395
5442 -82.776673161 27.754873899 5.782460
5443 -82.727374300 27.600057376 9.653952
5444 -82.817444881 28.002006094 -0.589132
5445 -82.672830797 27.493721263 -0.000000
5446 -82.645747830 27.899962094 0.430268
5447 -82.670379839 27.693873344 3.691838
5448 -82.707541961 27.607231249 13.309689
5449 -82.631819931 27.892766782 0.775090
5450 -82.841939551 27.944278062 5.529435
5451 -82.639482595 28.012978943 -0.527647
5452 -82.766217670 27.757839271 -1.644463
5453 -82.564296360 27.583346341 -0.485352
5454 -82.752593510 27.834890469 -0.008439
5455 -82.662568124 27.928383116 2.323928
5456 -82.796693942 28.016649360 1.853001
5457 -82.799720340 27.813101971 2.324887
5458 -82.627435711 27.547420062 -0.000000
5459 -82.423462791 27.941988251 1.251826
5460 -82.645370988 27.687971868 1.259402
5461 -82.485224792 27.860699624 0.882420
5462 -82.699394856 27.712404803 0.452016
5463 -82.490459133 27.531557180 -0.000000
5464 -82.644769591 27.538201294 -0.000000
5465 -82.449053103 27.940484384 -2.026121
5466 -82.447773208 27.510464058 -0.000000
5467 -82.462977977 27.907734167 2.657449
5468 -82.729117992 27.515047747 -0.000000
5469 -82.624087416 27.534199238 -0.000000
5470 -82.634752623 27.887922137 0.155403
5471 -82.597360123 27.891389969 2.290000
5472 -82.685140251 27.986528716 1.170231
5473 -82.605289159 27.553484948 0.905419
5474 -82.816408046 28.057873474 -0.000000
5475 -82.709923513 27.506940704 -0.000000
5476 -82.865877223 27.495468831 -0.000000
5477 -82.607324301 27.537980579 -0.000000
5478 -82.836524090 27.894120402 0.551209
5479 -82.653150993 27.649659241 4.078980
5480 -82.707636739 27.546709140 -0.000000
5481 -82.625572147 27.530659480 -0.000000
5482 -82.708409793 27.488690603 -0.000000
5483 -82.581180295 27.499704371 -0.000000
5484 -82.444279564 27.684270780 1.521991
5485 -82.757009207 27.793503905 1.137745
5486 -82.403662022 27.843525887 0.739835
5487 -82.814983090 28.009507069 0.906676
5488 -82.387458354 27.839775373 -0.942096
5489 -82.404153741 27.522434736 -0.000000
5490 -82.457338561 27.931435725 2.221717
5491 -82.864016980 27.892823144 -0.000000
5492 -82.622362116 27.835566052 -0.641634
5493 -82.594974528 27.984573211 -0.129035
5494 -82.544732323 27.950430243 -0.473542
5495 -82.442661816 27.825993427 4.567287
5496 -82.669967123 27.951305611 3.223453
5497 -82.630239172 27.516301240 -0.000000
5498 -82.405332515 27.791637690 0.548263
5499 -82.536780461 27.502308117 -0.000000
5500 -82.637032158 27.918219438 2.097531
5501 -82.628805230 27.738794555 -1.331522
5502 -82.760715689 27.771887117 2.573470
5503 -82.831617389 27.911622031 0.244642
5504 -82.748160012 27.771890821 1.646662
5505 -82.537145377 27.671307773 -0.464129
5506 -82.568851699 27.954525889 2.024594
5507 -82.497555057 27.486091119 -0.000000
5508 -82.674506323 27.522358960 -0.000000
5509 -82.821507430 28.049730090 0.843637
5510 -82.847795155 28.017761795 5.816471
5511 -82.613750963 27.564856495 0.246664
5512 -82.837540398 27.839442167 0.785598
5513 -82.817881823 27.938993292 2.399487
5514 -82.678620866 27.925238205 2.718736
5515 -82.402653543 27.886865352 -0.977560
5516 -82.752784789 27.734291747 2.180063
5517 -82.824729048 27.962390154 4.428821
5518 -82.800380664 27.979621498 0.832664
5519 -82.717927748 27.711711090 -2.429876
5520 -82.575187763 27.569846760 -0.059665
5521 -82.577971717 27.735821568 3.832358
5522 -82.650269082 27.486973078 -0.000000
5523 -82.825347070 28.016485252 -0.308232
5524 -82.436129338 27.810434268 5.285294
5525 -82.775301336 27.724295683 6.472715
5526 -82.656060121 27.696047058 2.091349
5527 -82.673878006 27.910717555 -0.308032
5528 -82.832393107 27.836514047 -1.120461
5529 -82.595710457 27.504107561 -0.000000
5530 -82.668947538 27.702992400 2.146285
5531 -82.481996729 27.715308146 1.516322
5532 -82.562297025 27.608498017 1.066700
5533 -82.535783481 27.937526121 1.525240
5534 -82.826819036 28.041588725 3.896213
5535 -82.450807577 27.716585648 2.365208
5536 -82.478727597 27.877072561 3.465693
5537 -82.598786228 27.564905505 0.594218
5538 -82.433416757 27.840834282 4.919224
5539 -82.569872888 27.594485072 -0.682746
5540 -82.628950262 27.724438725 -1.711722
5541 -82.430028855 27.515430665 -0.000000
5542 -82.612779636 27.687333417 3.994176
5543 -82.561138105 27.975868461 -2.393405
5544 -82.689930671 27.967832412 -0.421126
5545 -82.624708395 27.840310326 0.100000
5546 -82.472782811 27.899086807 2.478150
5547 -82.636211447 27.551580873 1.758656
5548 -82.587727827 27.957599481 5.400590
5549 -82.821688545 28.035891758 -0.949404
5550 -82.772136147 27.745840840 5.078088
5551 -82.461769581 27.714404035 0.713136
5552 -82.660106808 27.910744170 -0.174454
5553 -82.424333009 27.520927656 -0.000000
5554 -82.598586401 27.586462075 1.623685
5555 -82.769256267 27.802306280 0.330529
5556 -82.615021060 27.725967661 4.529263
5557 -82.679839988 27.511776775 -0.000000
5558 -82.798621308 27.819667555 -1.623655
5559 -82.722112789 27.944773244 -2.951276
5560 -82.422375703 27.887693371 2.444820
5561 -82.767021978 27.823720817 0.255768
5562 -82.699833441 27.944512935 4.132092
5563 -82.818237523 27.820995152 0.628811
5564 -82.627445076 28.011204444 -0.327842
5565 -82.827059629 27.952855650 2.667946
5566 -82.605313313 27.772738106 8.462844
5567 -82.827132219 27.920975636 2.760343
5568 -82.564350663 27.830112104 3.153727
5569 -82.424111600 27.517195081 -0.000000
5570 -82.638608938 28.014301120 -1.005849
5571 -82.823611303 28.055200761 -0.000000
5572 -82.811754506 27.814194945 0.725740
5573 -82.457043912 27.522232646 -0.000000
5574 -82.439698591 27.885564017 12.266612
5575 -82.838696388 27.952469732 5.059473
5576 -82.589809501 27.560216541 -0.612178
5577 -82.505337406 27.523867540 -0.000000
5578 -82.766186615 27.774593697 1.135856
5579 -82.653812684 27.581228087 3.965584
5580 -82.829448420 27.966324925 5.424288
5581 -82.625803947 27.852394583 0.602477
5582 -82.747627445 27.777114319 1.395068
5583 -82.630028621 27.566128757 3.179195
5584 -82.676186912 28.015713553 3.607924
5585 -82.809579305 27.955815836 2.520163
5586 -82.612665891 27.884134397 -0.009819
5587 -82.453630912 27.752806401 0.549836
5588 -82.441539306 27.854041169 5.937920
5589 -82.815226678 28.028499934 -0.397943
5590 -82.623996703 27.781517007 3.727941
5591 -82.417393404 27.767594244 -1.832801
5592 -82.596908416 27.998090552 -2.246444
5593 -82.763853421 27.786174710 1.904472
5594 -82.599174995 27.827078391 1.812783
5595 -82.809902272 27.824014680 1.619207
5596 -82.617349987 27.784920027 0.789127
5597 -82.422873350 27.830028330 3.648935
5598 -82.541415084 27.847353516 0.216985
5599 -82.538530951 27.916877451 2.892507
5600 -82.809838761 28.022450907 0.560596
5601 -82.712369084 27.683238845 2.040911
5602 -82.524108570 27.517252927 -0.000000
5603 -82.686600436 27.975551532 -0.407604
5604 -82.641275877 27.537691747 -0.000000
5605 -82.886461778 27.971814337 -0.000000
5606 -82.605727221 27.826570220 2.040045
5607 -82.708618671 27.947627468 3.618639
5608 -82.488609850 27.505459979 -0.000000
5609 -82.533561481 27.834289811 -1.090049
5610 -82.680897581 27.991393143 1.173593
5611 -82.601135675 27.984259051 -0.031349
5612 -82.609957972 27.870289130 3.275559
5613 -82.489903817 27.506900416 -0.000000
5614 -82.711990757 27.492411410 -0.000000
5615 -82.456498228 27.530165593 -0.000000
5616 -82.866023328 27.859408528 -0.000000
5617 -82.792823176 28.036298213 0.720819
5618 -82.856119006 27.712434320 -0.000000
5619 -82.479708677 27.895770003 3.512980
5620 -82.832781599 28.052396888 -0.000000
5621 -82.596781490 27.567449009 1.421514
5622 -82.623394806 27.976154657 3.188205
5623 -82.714194352 27.537101997 -0.000000
5624 -82.521562196 27.497052869 -0.000000
5625 -82.655594470 27.683309739 2.250000
5626 -82.741762957 27.739104956 -1.317443
5627 -82.591081483 27.611022976 3.099220
5628 -82.587633414 27.791934972 7.884952
5629 -82.640398699 27.548798953 -0.000000
5630 -82.429250283 27.767120996 -2.094715
5631 -82.631777828 27.698682593 3.467748
5632 -82.433232393 27.907834238 -4.082160
5633 -82.558729974 27.644845571 0.813532
5634 -82.437860147 27.675355982 -4.388344
5635 -82.744630854 27.750501803 -1.858552
5636 -82.418334731 27.908310955 -3.870537
5637 -82.793656562 28.006297319 1.375608
5638 -82.713881953 27.496645450 -0.000000
5639 -82.520078196 27.818858579 3.323426
5640 -82.533072913 27.516603847 -0.000000
5641 -82.609431449 27.713990494 8.485162
5642 -82.534011315 27.504496583 -0.000000
5643 -82.607646352 27.731102044 7.221136
5644 -82.414324986 27.891230755 0.813680
5645 -82.833876340 27.836752994 -0.429869
5646 -82.671327753 27.517527092 -0.000000
5647 -82.744980028 27.755806414 0.555175
5648 -82.536619167 27.880926420 1.220824
5649 -82.647398710 27.484041239 -0.000000
5650 -82.600581292 27.837997205 -0.541169
5651 -82.686064636 27.709783971 2.196044
5652 -82.458062599 27.893615339 2.920000
5653 -82.449072571 27.705077402 0.686206
5654 -82.436980621 27.905116859 11.286755
5655 -82.804070384 28.021203854 1.769343
5656 -82.548182475 27.509877594 -0.000000
5657 -82.599467880 27.821996671 -1.117776
5658 -82.537308369 27.811893714 4.703129
5659 -82.503112939 27.528584664 -0.000000
5660 -82.540572227 27.655885599 -0.554277
5661 -82.497197157 27.525483297 -0.000000
5662 -82.496857456 27.529931495 -0.000000
5663 -82.406544026 27.803573798 -4.086948
5664 -82.814226581 28.054532349 -0.000000
5665 -82.836351620 27.958257294 4.431684
5666 -82.804537479 27.791250259 5.264771
5667 -82.617805087 27.513679185 -0.000000
5668 -82.493607778 27.826527982 -0.467575
5669 -82.435067054 27.897340077 1.384696
5670 -82.614180850 27.791570697 -1.250061
5671 -82.464524208 27.715540831 1.149552
5672 -82.813429511 28.024231781 0.379801
5673 -82.594600019 27.543591517 -0.000000
5674 -82.815633548 27.814871156 0.459661
5675 -82.594773575 27.851241590 0.668007
5676 -82.805630675 27.573128538 5.180494
5677 -82.449365087 27.863561466 5.434067
5678 -82.527929846 27.930176785 -1.813815
5679 -82.483873506 27.520119116 -0.000000
5680 -82.621495209 27.753421228 4.162888
5681 -82.664784273 27.974704051 3.730648
5682 -82.544570456 27.860570974 -1.226784
5683 -82.657451502 27.925936254 1.410002
5684 -82.752862445 27.833012660 -0.497299
5685 -82.629647283 27.558930147 0.824621
5686 -82.455664628 27.697919356 -0.667948
5687 -82.596378946 27.816605348 0.110901
5688 -82.671067805 27.506723425 -0.000000
5689 -82.619273480 27.803437495 -0.954120
5690 -82.598335888 27.999456756 0.098634
5691 -82.495181051 27.824099427 0.418172
5692 -82.603656006 27.555512268 0.628079
5693 -82.622650510 27.567348786 1.991915
5694 -82.544395994 27.949145607 -0.021638
5695 -82.477213163 27.891767223 3.652372
5696 -82.863954974 27.883885229 -0.000000
5697 -82.548609600 27.653911129 -1.286945
5698 -82.580538747 27.607317043 0.768443
5699 -82.633922905 27.757416276 -0.643728
5700 -82.827887407 27.838283492 0.474975
5701 -82.831036897 27.971252537 -0.938808
5702 -82.509583691 27.497991743 -0.000000
5703 -82.556350904 27.648858467 1.007502
5704 -82.678730766 27.906494462 -1.905321
5705 -82.555098871 27.957221304 2.193000
5706 -82.700146934 27.488693632 -0.000000
5707 -82.628749003 27.765953812 -1.421031
5708 -82.418976220 27.778516709 -2.087105
5709 -82.517218507 27.676436872 0.846732
5710 -82.436823861 27.844823430 6.226496
5711 -82.709053055 27.554632715 5.351245
5712 -82.465191294 27.529175276 -0.000000
5713 -82.556923757 27.932099214 3.928231
5714 -82.517451560 27.693418574 0.099749
5715 -82.648061781 28.012153117 0.783332
5716 -82.602430942 28.000490629 -2.801298
5717 -82.399552726 27.849088279 0.659814
5718 -82.566372894 27.572083590 1.751217
5719 -82.416626370 27.776747810 -1.611979
5720 -82.468772889 27.760074060 1.312161
5721 -82.557174425 27.501477252 -0.000000
5722 -82.626046311 27.743701499 2.983565
5723 -82.452745978 27.531831223 -0.000000
5724 -82.481090681 27.521483745 -0.000000
5725 -82.513888092 27.522726879 -0.000000
5726 -82.430202191 27.769811509 -2.083715
5727 -82.599136470 27.795722125 1.710381
5728 -82.471479918 27.727039442 -2.060159
5729 -82.510445888 27.517600803 -0.000000
5730 -82.754059198 27.661459275 1.635411
5731 -82.837413962 27.956862624 4.910742
5732 -82.505909186 27.718089082 2.602564
5733 -82.698707117 27.728868068 2.852495
5734 -82.618502039 27.713554886 1.585899
5735 -82.419840589 27.908561591 -3.585429
5736 -82.597920854 27.880783356 1.878074
5737 -82.500985950 27.510973098 -0.000000
5738 -82.716693328 27.500615659 -0.000000
5739 -82.720439002 27.954104813 0.615979
5740 -82.693699587 28.032067507 0.100007
5741 -82.555212755 27.855418250 3.428156
5742 -82.692675207 27.730571366 -3.158929
5743 -82.511746823 27.706112413 -0.530014
5744 -82.592791371 27.981477459 -0.601404
5745 -82.626947282 27.548790477 -0.000000
5746 -82.577621197 27.502220966 -0.000000
5747 -82.491361890 27.711822296 1.141375
5748 -82.563486777 27.841977598 11.482784
5749 -82.591365346 27.977623090 0.679464
5750 -82.498592793 27.523836264 -0.000000
5751 -82.630834969 27.709843358 2.273319
5752 -82.500493300 27.714134095 0.780311
5753 -82.474167405 27.711391101 0.927610
5754 -82.605103363 27.569017939 0.145259
5755 -82.438678770 27.843128765 3.213287
5756 -82.506136144 27.501584126 -0.000000
5757 -82.427545152 27.889181588 2.880000
5758 -82.401380281 27.858065956 -8.805250
5759 -82.573279149 27.592461296 -1.058185
5760 -82.464423101 27.706907326 -1.535101
5761 -82.865023520 27.843960950 -0.000000
5762 -82.695659371 27.957254338 1.128264
5763 -82.804806318 27.962161427 1.115242
5764 -82.474450381 27.896085069 3.533901
5765 -82.487744399 27.516560597 -0.000000
5766 -82.470390674 27.822306469 1.179647
5767 -82.454537980 27.821429629 4.269005
5768 -82.582547079 27.897783009 3.544445
5769 -82.766849506 27.740647398 4.813849
5770 -82.614298049 27.820063609 -1.300653
5771 -82.559685956 27.604753752 1.147397
5772 -82.642417107 28.008196394 1.070000
5773 -82.549162746 27.852276318 0.807007
5774 -82.559619149 27.639289793 0.273245
5775 -82.566048373 27.948795419 3.459681
5776 -82.440711084 27.526061912 -0.000000
5777 -82.676019693 27.494395144 -0.000000
5778 -82.608122766 27.869876038 -1.652232
5779 -82.767951236 27.784416887 -1.369971
5780 -82.641572984 27.692322681 2.550000
5781 -82.663217557 27.516528221 -0.000000
5782 -82.442149078 27.688387312 1.158844
5783 -82.635102707 27.858702626 -1.532042
5784 -82.433532741 27.509435382 -0.000000
5785 -82.456911206 27.716164539 -0.876319
5786 -82.447786367 27.686544490 1.258038
5787 -82.571590233 27.612066228 0.736298
5788 -82.678646795 28.017417035 3.097695
5789 -82.839388400 27.898261540 2.406689
5790 -82.469386127 27.748175710 -0.612031
5791 -82.523168089 27.505870531 -0.000000
5792 -82.456571077 27.511826892 -0.000000
5793 -82.804762790 27.813444798 1.775278
5794 -82.715935767 27.496099394 -0.000000
5795 -82.752644402 27.723832550 5.431842
5796 -82.853425708 27.859772130 -0.000000
5797 -82.475185076 27.767897787 3.879872
5798 -82.695167051 27.522220853 -0.000000
5799 -82.531964035 27.896920440 -2.094782
5800 -82.830149370 28.020928197 3.327582
5801 -82.456087838 27.817574440 5.767394
5802 -82.435483707 27.840853771 4.586197
5803 -82.639684885 28.015009933 -0.805822
5804 -82.471807861 27.716312362 -0.631087
5805 -82.842390140 27.965401085 4.622380
5806 -82.495420819 27.508969377 -0.000000
5807 -82.438685966 27.760230744 -0.577954
5808 -82.827373952 27.927267133 0.807377
5809 -82.715418785 27.522331847 -0.000000
5810 -82.797130534 27.815834941 -1.685566
5811 -82.392009186 27.855202584 11.802146
5812 -82.743360725 27.536846624 -0.000000
5813 -82.585752111 27.830856227 1.070000
5814 -82.796255303 27.991202754 0.736559
5815 -82.616622390 27.519037262 -0.000000
5816 -82.521777590 27.822367689 3.174405
5817 -82.559797350 27.634389053 12.921511
5818 -82.651232828 27.909426129 0.867166
5819 -82.580588041 27.813917156 4.736704
5820 -82.684249480 27.487813874 -0.000000
5821 -82.637329196 27.557165133 3.260676
5822 -82.619501583 27.544686955 -0.000000
5823 -82.560733028 27.617386522 -0.475526
5824 -82.628967290 27.707997067 2.428718
5825 -82.613222646 27.516541871 -0.000000
5826 -82.470258226 27.847449687 0.729278
5827 -82.564390593 27.642064214 1.698317
5828 -82.529239845 27.834465803 0.720832
5829 -82.578372044 27.931118292 5.381404
5830 -82.618655343 28.007127568 0.100000
5831 -82.418753068 27.775127730 -2.390621
5832 -82.411583244 27.779289446 -0.893043
5833 -82.684469208 27.510079175 -0.000000
5834 -82.614304332 27.998513465 0.011817
5835 -82.867054799 27.864996780 -0.000000
5836 -82.603730565 27.869524171 1.120659
5837 -82.671224163 27.490203783 -0.000000
5838 -82.591011420 27.802997842 3.519037
5839 -82.510650303 27.487726212 -0.000000
5840 -82.537970674 27.936399385 0.813257
5841 -82.745791436 27.744983550 -1.732790
5842 -82.804821757 28.033564486 1.712130
5843 -82.737459913 27.507874832 -0.000000
5844 -82.565650025 27.628805407 1.733451
5845 -82.414022442 27.869992749 2.830597
5846 -82.648783599 27.989450403 1.669632
5847 -82.509458915 27.510576700 -0.000000
5848 -82.443930964 27.917581003 14.403931
5849 -82.822723210 27.951128810 1.623523
5850 -82.719584603 27.505387749 -0.000000
5851 -82.442683745 27.841057174 5.869628
5852 -82.800781899 28.055454300 -0.000000
5853 -82.788612816 28.039254182 2.315238
5854 -82.664845794 28.022787510 -1.583982
5855 -82.620336161 27.547338081 -0.000000
5856 -82.712927061 27.932056993 0.705366
5857 -82.618621435 27.840899581 -0.963882
5858 -82.693435290 27.962288932 0.968511
5859 -82.574177297 27.550816942 1.395289
5860 -82.670659460 28.028556696 1.977263
5861 -82.599011367 27.547599652 -0.000000
5862 -82.399658088 27.826857108 0.770000
5863 -82.628110083 27.887704482 -0.321040
5864 -82.616581874 27.763117889 6.034709
5865 -82.438256151 27.877129580 3.949260
5866 -82.401436052 27.834632756 0.760523
5867 -82.833276281 27.909680555 3.943061
5868 -82.815642369 27.834420353 -0.254956
5869 -82.559727052 27.860348911 5.191616
5870 -82.659717139 27.524952851 -0.000000
5871 -82.599902967 27.979357953 0.340948
5872 -82.663109737 27.687284401 2.856777
5873 -82.528681484 27.915372918 -1.395099
5874 -82.674374650 28.026356700 2.455875
5875 -82.620523517 27.894678291 1.700000
5876 -82.603355225 27.825715120 1.420583
5877 -82.685735989 27.967337234 1.110000
5878 -82.617440509 27.549149388 -0.000000
5879 -82.558753305 27.782966582 7.814635
5880 -82.557961278 27.971363264 -1.900785
5881 -82.596359970 27.836127071 -0.362240
5882 -82.832740186 28.020222702 3.807952
5883 -82.653059625 27.503485218 -0.000000
5884 -82.618132236 27.812852856 -2.282593
5885 -82.404017120 27.863473556 0.710260
5886 -82.704273669 27.928071098 0.773364
5887 -82.598641291 27.553344584 0.727409
5888 -82.667768430 27.521335730 -0.000000
5889 -82.583514329 27.601210122 0.971269
5890 -82.599684365 27.858635597 -4.889359
5891 -82.796333457 27.802656392 0.798259
5892 -82.718326293 27.732663529 2.284410
5893 -82.623670774 27.793887289 -1.587689
5894 -82.660014809 27.979579859 3.575017
5895 -82.645521818 28.013043376 1.070000
5896 -82.620275100 27.813689960 -0.428594
5897 -82.614906667 27.678141122 4.690000
5898 -82.723464392 27.662783917 0.481903
5899 -82.440654198 27.858361691 5.094686
5900 -82.433142166 27.689938188 -7.229518
5901 -82.687173931 27.502297597 -0.000000
5902 -82.738133098 27.488299640 -0.000000
5903 -82.409023993 27.856291355 1.094877
5904 -82.598334274 27.568973476 1.487888
5905 -82.851598506 27.950562237 -0.000000
5906 -82.614875737 27.729942480 5.176616
5907 -82.718334506 27.527056204 -0.000000
5908 -82.420021829 27.758822844 -2.867915
5909 -82.538013072 27.939656279 1.578919
5910 -82.432258283 27.843934322 3.572242
5911 -82.812071776 28.001370092 1.463127
5912 -82.818403675 28.013315768 -0.911108
5913 -82.495505560 27.723398164 1.103642
5914 -82.402339628 27.527812662 -0.000000
5915 -82.459061359 27.824561313 3.481002
5916 -82.534342523 27.907085325 1.353552
5917 -82.787678258 28.048319753 0.798988
5918 -82.586522432 27.976587944 0.725226
5919 -82.464964144 27.835757565 2.600584
5920 -82.683385424 27.548972440 -0.000000
5921 -82.842937316 27.792320289 5.434645
5922 -82.650889638 27.489484365 -0.000000
5923 -82.559287868 27.500374376 -0.000000
5924 -82.405954661 27.869178084 0.719099
5925 -82.615853510 28.006803422 0.060710
5926 -82.608306391 27.872096630 -2.221236
5927 -82.830005640 28.058096525 -0.000000
5928 -82.605418335 27.530251989 -0.000000
5929 -82.419109650 27.884820959 2.321951
5930 -82.449307844 27.687880917 1.032616
5931 -82.462641683 27.744617980 -0.520193
5932 -82.401366442 27.794726239 -1.747348
5933 -82.856760676 27.650434654 -0.000000
5934 -82.671191774 27.529597152 -0.000000
5935 -82.754246082 27.764816386 4.478097
5936 -82.427783895 27.937600289 2.000000
5937 -82.825419844 28.028451528 3.068371
5938 -82.658461282 27.932044847 2.340117
5939 -82.493704021 27.819106483 0.790000
5940 -82.817369622 28.014986218 -0.368032
5941 -82.462291547 27.923312445 -2.048677
5942 -82.560671321 27.502581740 -0.000000
5943 -82.522468294 27.681677162 -0.584637
5944 -82.802639430 27.988173439 1.631221
5945 -82.619717379 27.577305039 2.297538
5946 -82.579503887 27.760552234 4.209007
5947 -82.564871325 27.608973036 1.127511
5948 -82.552659427 27.653452664 0.859123
5949 -82.619924293 27.736394483 1.694386
5950 -82.786566895 28.054834593 -0.000000
5951 -82.412016671 27.521702313 -0.000000
5952 -82.556502654 27.603120215 0.750048
5953 -82.576125031 27.643847960 4.836906
5954 -82.593626290 27.572287201 -0.321450
5955 -82.434142865 27.813703869 4.792124
5956 -82.485193587 27.748271726 1.323671
5957 -82.677188889 27.910779414 -1.151223
5958 -82.595503486 27.838491263 -0.178813
5959 -82.450898454 27.692614046 -0.469119
5960 -82.475712736 27.725041678 -0.887123
5961 -82.731072826 27.715564646 1.500315
5962 -82.525752086 27.923659091 -1.416693
5963 -82.429004615 27.945311874 1.276456
5964 -82.684943491 27.990641994 -0.301386
5965 -82.542897967 27.858315661 -0.532348
5966 -82.622542318 27.549946787 -0.000000
5967 -82.446296060 27.873610025 5.362720
5968 -82.400852899 27.800038356 -1.018084
5969 -82.590931353 27.558798045 1.267258
5970 -82.575042919 27.815254144 6.127475
5971 -82.532912418 27.899598634 -1.050850
5972 -82.636446245 27.519851982 -0.000000
5973 -82.421195969 27.941849169 1.023707
5974 -82.715465944 27.737792797 -1.521932
5975 -82.644783598 27.896495961 -0.703992
5976 -82.522741172 27.770658851 14.880583
5977 -82.816356688 27.977482272 -1.260227
5978 -82.831987415 27.924454704 2.470948
5979 -82.649632984 27.695518736 1.862940
5980 -82.553495323 27.866612958 8.046683
5981 -82.664285054 27.524394740 -0.000000
5982 -82.453231559 27.691596432 -0.391783
5983 -82.504710753 27.825887146 0.472554
5984 -82.839503307 27.980003098 5.341401
5985 -82.493420740 27.505965975 -0.000000
5986 -82.570505311 27.629879645 1.620694
5987 -82.485895601 27.873544188 0.746476
5988 -82.472283710 27.851153106 0.944467
5989 -82.664332345 27.691984893 2.914036
5990 -82.581493421 27.609611471 2.432163
5991 -82.561134164 27.635735494 -2.487811
5992 -82.628556065 27.535346006 -0.000000
5993 -82.758075683 27.799642743 0.770219
5994 -82.637840569 28.012183544 -0.534983
5995 -82.486507986 27.820119546 0.791526
5996 -82.624786374 27.611887941 4.679860
5997 -82.611869596 27.794997707 -1.452181
5998 -82.479854308 27.888911461 1.270890
5999 -82.500479622 27.724938163 2.939514
6000 -82.674164513 28.000379463 0.772696
6001 -82.564911855 27.505797089 -0.000000
6002 -82.404859012 27.812446568 1.060346
6003 -82.724862199 27.519191889 -0.000000
6004 -82.823873674 28.034370447 3.386436
6005 -82.544880984 27.952985113 0.548113
6006 -82.488096255 27.905285479 0.793675
6007 -82.886393334 28.001942523 -0.000000
6008 -82.613173988 27.536480285 -0.000000
6009 -82.613135608 27.779663521 4.787713
6010 -82.751631997 27.523738773 -0.000000
6011 -82.610121769 27.607197983 3.349166
6012 -82.532718920 27.881924509 1.022321
6013 -82.737132839 27.663558939 -0.438071
6014 -82.479279192 27.890837013 2.709397
6015 -82.649266146 27.687868300 0.746459
6016 -82.844401149 27.843584472 4.140659
6017 -82.415126832 27.525652879 -0.000000
6018 -82.542648985 27.675780913 1.858872
6019 -82.517650740 27.519460926 -0.000000
6020 -82.444704041 27.519524648 -0.000000
6021 -82.581517402 27.969352723 2.461741
6022 -82.464635512 27.931844763 1.382333
6023 -82.427855798 27.944041023 1.670000
6024 -82.412574122 27.873790011 2.568844
6025 -82.580122007 27.979561074 -2.155337
6026 -82.693652624 27.720867495 -0.609151
6027 -82.618436751 27.855753654 -2.081983
6028 -82.535364148 27.901962282 -1.260445
6029 -82.671084597 27.492619613 -0.000000
6030 -82.417009489 27.905638754 -2.594869
6031 -82.605890230 27.832045716 0.760694
6032 -82.640949834 27.910042991 0.788222
6033 -82.439788283 27.899455046 14.055476
6034 -82.672678201 27.502684051 -0.000000
6035 -82.424021107 27.826760967 3.491195
6036 -82.626691541 27.516257820 -0.000000
6037 -82.420823554 27.519021326 -0.000000
6038 -82.819299603 27.954860714 2.251787
6039 -82.661380239 27.700393432 1.620570
6040 -82.421790835 27.764394239 -2.130442
6041 -82.620221999 27.812335756 -2.552095
6042 -82.496258772 27.821190966 0.768916
6043 -82.488077863 27.733195160 2.870000
6044 -82.713605976 27.933793964 0.829306
6045 -82.650525457 27.907722025 0.761131
6046 -82.801912719 28.045845659 1.760000
6047 -82.418676249 27.928450900 1.296808
6048 -82.589497161 27.593505666 0.987581
6049 -82.466348564 27.839885513 1.386444
6050 -82.725187723 27.521233083 -0.000000
6051 -82.428256715 27.760434343 -0.966444
6052 -82.793715561 27.803396054 1.361313
6053 -82.678711482 27.916140645 1.030690
6054 -82.709632860 27.726562525 0.457020
6055 -82.606526509 27.551176358 1.623154
6056 -82.640826484 27.695301199 3.639824
6057 -82.625207052 27.837825110 -1.167080
6058 -82.510716494 27.499010230 -0.000000
6059 -82.427501406 27.821402651 3.180000
6060 -82.804491763 27.825523704 -1.637320
6061 -82.458753562 27.919583515 -1.542278
6062 -82.624613761 28.004623688 0.632219
6063 -82.505756529 27.794085862 9.403598
6064 -82.806964929 28.022870909 0.747808
6065 -82.766089858 27.810233097 1.424746
6066 -82.507119168 27.826343583 0.636702
6067 -82.626791863 27.988363439 1.007173
6068 -82.512986682 27.829681470 -0.315891
6069 -82.797708439 28.001579007 1.864661
6070 -82.593796686 27.974041545 0.692368
6071 -82.466950052 27.842970659 0.794660
6072 -82.642896755 27.887432030 -0.262683
6073 -82.624560491 27.891267058 1.004706
6074 -82.423258607 27.890487432 2.270164
6075 -82.406144075 27.866799023 0.744345
6076 -82.696542760 27.979757279 -2.555136
6077 -82.723678038 27.697412991 6.152297
6078 -82.604753333 27.778917778 10.318966
6079 -82.540791076 27.944562496 -2.006098
6080 -82.500770217 27.532693956 -0.000000
6081 -82.532017118 27.914296865 3.382280
6082 -82.568588860 27.503163615 -0.000000
6083 -82.543106189 27.713507556 15.068396
6084 -82.666331617 28.004242563 1.987172
6085 -82.705035609 27.699493351 1.506222
6086 -82.521555727 27.829904816 0.777411
6087 -82.511534004 27.819478329 2.858133
6088 -82.627967343 27.799246994 -1.509226
6089 -82.832479774 27.906867817 -1.853855
6090 -82.638737483 27.534739403 -0.000000
6091 -82.411427205 27.775970015 -2.303623
6092 -82.630636327 27.550983909 -0.357852
6093 -82.519459663 27.692844233 -0.394894
6094 -82.556530523 27.902772396 5.835793
6095 -82.644959102 27.484692980 -0.000000
6096 -82.551404225 27.921619634 4.279677
6097 -82.451972854 27.930885449 6.891806
6098 -82.835719353 28.057390313 -0.000000
6099 -82.493065818 27.828579963 -0.543635
6100 -82.423913707 27.930199538 1.979683
6101 -82.831014655 28.015793848 3.149338
6102 -82.571634176 27.571164934 1.351575
6103 -82.718332745 27.949915442 3.011304
6104 -82.595444148 27.859447693 0.953499
6105 -82.602500535 27.575911961 -0.503946
6106 -82.432911774 27.819940616 3.789539
6107 -82.409179702 27.812235925 1.092297
6108 -82.743524323 27.761290607 1.382820
6109 -82.517925783 27.483111418 -0.000000
6110 -82.430900372 27.885566208 3.489348
6111 -82.543695767 27.838103133 3.306703
6112 -82.549423028 27.902754369 4.984810
6113 -82.402315995 27.861543146 0.638154
6114 -82.818427958 27.963114242 3.098064
6115 -82.834727658 27.798023462 6.141349
6116 -82.416021314 27.931521826 0.740000
6117 -82.764731321 27.745940878 4.693870
6118 -82.619306112 27.961774894 4.789999
6119 -82.580682583 27.593404464 0.137179
6120 -82.555601627 27.622074525 -0.693837
6121 -82.628617297 27.740912778 -2.336536
6122 -82.724372662 27.509080496 -0.000000
6123 -82.564193695 27.871382593 6.573178
6124 -82.641949010 27.590228694 3.965376
6125 -82.515664679 27.675008931 1.338364
6126 -82.811409462 27.996696982 0.529909
6127 -82.424683181 27.883762791 0.452106
6128 -82.480395219 27.854181049 0.255045
6129 -82.573994311 27.553507672 0.511250
6130 -82.482911584 27.737386777 2.269696
6131 -82.480889784 27.891808121 1.781122
6132 -82.587482116 27.924057046 4.813968
6133 -82.479368607 27.733037538 2.152059
6134 -82.855096009 27.871298748 -0.000000
6135 -82.839964038 28.025024972 5.246624
6136 -82.600974999 27.829447211 1.176615
6137 -82.823956938 28.009370189 0.332159
6138 -82.807051219 27.818288368 3.226869
6139 -82.553715141 27.941197174 2.573272
6140 -82.447080117 27.755271443 -0.599492
6141 -82.673665297 28.005036189 0.972087
6142 -82.796423251 27.993152175 1.067414
6143 -82.516480327 27.509736991 -0.000000
6144 -82.444609955 27.870379398 6.081054
6145 -82.486402722 27.872020391 0.787011
6146 -82.599107402 27.838911401 -0.405471
6147 -82.387984891 27.851613661 -0.308046
6148 -82.833731621 27.835318161 3.657580
6149 -82.449697598 27.515688052 -0.000000
6150 -82.550786133 27.655391517 0.952093
6151 -82.442850197 27.513884869 -0.000000
6152 -82.693368425 27.722622413 -0.749635
6153 -82.393408020 27.827481108 0.138477
6154 -82.860621942 28.051502087 -0.000000
6155 -82.570465998 27.626743170 1.065575
6156 -82.622249775 27.770870821 7.024359
6157 -82.712132481 27.503247925 -0.000000
6158 -82.712626826 27.947109928 3.530000
6159 -82.845978825 27.852580038 -2.205894
6160 -82.625061463 27.563866685 2.040229
6161 -82.501413499 27.528407658 -0.000000
6162 -82.550201422 27.882685008 5.884780
6163 -82.414813578 27.908273206 -1.860747
6164 -82.715021365 27.955220572 1.327429
6165 -82.441063085 27.904976965 5.052519
6166 -82.718738412 27.494909483 -0.000000
6167 -82.634481743 27.555545766 2.882602
6168 -82.429712254 27.521125620 -0.000000
6169 -82.721556703 27.507952819 -0.000000
6170 -82.694995324 27.726015638 0.722113
6171 -82.680800968 28.017405623 1.881169
6172 -82.417828476 27.835769851 2.891183
6173 -82.593130735 27.582083214 -1.184204
6174 -82.585047921 27.839321567 0.956830
6175 -82.585069019 27.512197538 -0.000000
6176 -82.406903613 27.526984600 -0.000000
6177 -82.627927357 27.754522313 1.133344
6178 -82.692064822 28.031233213 0.129492
6179 -82.675132786 27.919920283 1.199698
6180 -82.626691388 27.708422306 2.485076
6181 -82.483790470 27.905308893 3.057933
6182 -82.632380639 27.708518814 1.292737
6183 -82.685796619 27.962817898 -0.432038
6184 -82.584361776 27.541779205 -0.000000
6185 -82.619464134 27.538790133 -0.000000
6186 -82.402250680 27.863179172 0.429277
6187 -82.647377103 27.542629697 -0.000000
6188 -82.854551988 27.840417280 -0.000000
6189 -82.523388120 27.495632426 -0.000000
6190 -82.702540299 27.968018240 0.597309
6191 -82.667650698 27.688669533 3.029925
6192 -82.550711821 27.834929856 2.140164
6193 -82.580660931 27.510710879 -0.000000
6194 -82.764679186 27.814679355 1.317904
6195 -82.570445469 27.589352960 -1.110630
6196 -82.617025623 27.506963242 -0.000000
6197 -82.615619708 27.852350671 3.476188
6198 -82.605828224 27.506091346 -0.000000
6199 -82.416725744 27.516595321 -0.000000
6200 -82.442595165 27.816268740 8.434634
6201 -82.580280716 27.569099616 0.638666
6202 -82.490776549 27.514340037 -0.000000
6203 -82.631498876 27.575416919 2.581688
6204 -82.403820883 27.524578242 -0.000000
6205 -82.534063775 27.910222022 1.429010
6206 -82.531838857 27.704290676 3.250993
6207 -82.565560828 27.586894667 -0.375593
6208 -82.542608334 27.932062671 1.958385
6209 -82.627720682 27.837820466 -1.724435
6210 -82.692928974 27.715878803 -1.606099
6211 -82.576699580 27.621715169 2.221858
6212 -82.612064841 27.866417857 -0.333781
6213 -82.842293943 28.004286043 4.416247
6214 -82.622387201 27.548138491 -0.000000
6215 -82.448985369 27.761029668 0.790079
6216 -82.540532529 27.843999332 0.478236
6217 -82.459546366 27.706262593 0.958257
6218 -82.699503343 27.513060006 -0.000000
6219 -82.445360370 27.688992063 0.781445
6220 -82.824377401 28.039977495 3.671615
6221 -82.670882017 27.971254531 4.016923
6222 -82.430816796 27.788913227 3.499852
6223 -82.443205346 27.509361636 -0.000000
6224 -82.550141792 27.968453764 0.515579
6225 -82.643444195 27.898422482 0.755118
6226 -82.615698989 27.856391957 -0.375777
6227 -82.781029033 27.703355861 7.597005
6228 -82.480647099 27.890485513 1.152897
6229 -82.465906831 27.831840998 2.792910
6230 -82.782875321 27.802312358 1.756399
6231 -82.675862424 27.928018815 3.189836
6232 -82.759762512 27.825709195 -0.109659
6233 -82.680054701 28.011784015 0.758694
6234 -82.806994879 27.959722395 1.773069
6235 -82.591853778 27.548695809 -0.000000
6236 -82.834531131 27.824942634 3.577224
6237 -82.636503100 27.697817842 2.864043
6238 -82.872457086 27.585409967 -0.000000
6239 -82.594131602 27.577313875 0.552468
6240 -82.495154596 27.711404031 0.690240
6241 -82.415923680 27.903731375 11.829262
6242 -82.608351246 27.523426810 -0.000000
6243 -82.451017126 27.903866243 3.929924
6244 -82.586855834 27.803574370 4.694880
6245 -82.780702387 27.800358470 0.645755
6246 -82.822592028 27.958492607 4.034633
6247 -82.500330181 27.534656806 -0.000000
6248 -82.746328670 27.733256659 -1.963037
6249 -82.744949425 27.742087576 0.680742
6250 -82.638452497 27.692938647 3.096707
6251 -82.572132157 27.594497885 0.261048
6252 -82.446698603 27.691743385 0.813889
6253 -82.470728410 27.825538307 1.066943
6254 -82.825987435 27.922598346 1.802166
6255 -82.538010266 27.678048801 1.269419
6256 -82.794250966 28.016842214 1.627792
6257 -82.709559017 27.930395119 0.731008
6258 -82.450227391 27.931513844 -2.631420
6259 -82.580532562 27.770548931 5.553855
6260 -82.610629245 27.992658728 -0.584429
6261 -82.795354263 28.010432916 1.485215
6262 -82.822424636 27.822287302 0.840605
6263 -82.661854440 27.498354418 -0.000000
6264 -82.669918382 27.988823161 3.889920
6265 -82.628278875 27.710348663 2.247706
6266 -82.423770111 27.916521859 14.549941
6267 -82.411977993 27.836472307 2.080862
6268 -82.533410159 27.827511399 3.235940
6269 -82.399478725 27.888910813 -2.413713
6270 -82.594376710 27.833479000 -1.961122
6271 -82.503008021 27.831949032 0.083317
6272 -82.817175528 27.835063121 0.247164
6273 -82.618390833 27.817377430 -1.907879
6274 -82.454059573 27.696562661 -0.613384
6275 -82.711381782 27.956415421 -0.497646
6276 -82.764004244 27.792519190 2.187424
6277 -82.435169707 27.520079745 -0.000000
6278 -82.534727595 27.874577591 1.005185
6279 -82.451814431 27.715118643 -1.284660
6280 -82.702134880 27.930373075 1.136513
6281 -82.763877266 27.725459313 6.553598
6282 -82.718670479 27.727260206 3.297080
6283 -82.646417416 27.484871434 -0.000000
6284 -82.524304328 27.922507445 -1.532076
6285 -82.546216846 27.855728794 0.726558
6286 -82.621955937 27.521655539 -0.000000
6287 -82.530294155 27.896435122 -1.767770
6288 -82.845481730 28.013964266 5.543134
6289 -82.699521525 27.949095882 3.539868
6290 -82.463059459 27.898171830 2.920048
6291 -82.658294057 27.694046555 3.365534
6292 -82.597394479 27.854616320 -0.442915
6293 -82.802991157 28.029697604 1.738847
6294 -82.549632706 27.500425402 -0.000000
6295 -82.816850970 28.045973593 0.324908
6296 -82.411501619 27.897416334 -0.381526
6297 -82.589778139 27.766962341 5.134109
6298 -82.836647776 27.838161560 -1.497735
6299 -82.669370560 28.008664118 2.922889
6300 -82.447458977 27.520445538 -0.000000
6301 -82.409609103 27.796195974 -4.224353
6302 -82.472011811 27.909300199 2.801751
6303 -82.797860238 27.812304662 1.590116
6304 -82.591046031 27.795262213 4.719407
6305 -82.638235267 27.520108049 -0.000000
6306 -82.493307876 27.717201699 -0.415601
6307 -82.475340435 27.712648432 1.260913
6308 -82.704663773 27.485804840 -0.000000
6309 -82.566192441 27.968333327 -2.317727
6310 -82.417566786 27.761633575 -0.581309
6311 -82.418923246 27.877567790 3.150656
6312 -82.800242740 28.010853198 0.993585
6313 -82.687290979 27.500609843 -0.000000
6314 -82.828739773 27.913696281 -1.319528
6315 -82.607816697 27.801843141 0.343797
6316 -82.585098167 27.942132094 4.992064
6317 -82.593675066 27.538337333 -0.000000
6318 -82.822597032 28.032284248 -1.133869
6319 -82.705428824 27.952630672 3.263234
6320 -82.532859756 27.911220973 2.356751
6321 -82.400468925 27.887063463 -0.744018
6322 -82.586968597 27.737962422 3.714855
6323 -82.750869373 27.707951352 5.825702
6324 -82.834296967 27.907579581 3.744030
6325 -82.806652192 27.736528744 8.028851
6326 -82.563212586 27.576357363 0.795850
6327 -82.678801884 28.012741376 1.936057
6328 -82.514854979 27.699977059 -0.507863
6329 -82.665897247 28.009811280 1.087804
6330 -82.769500288 27.506901946 -0.000000
6331 -82.851500946 27.902481138 -0.000000
6332 -82.662067955 27.496948137 -0.000000
6333 -82.472293538 27.735388226 -0.584885
6334 -82.841159096 27.968658052 4.432114
6335 -82.797092261 28.004274643 1.697056
6336 -82.484007744 27.920586524 2.048018
6337 -82.852661967 27.890005632 -0.000000
6338 -82.580709418 27.981899414 -0.590055
6339 -82.503958214 27.817697275 1.968336
6340 -82.862175523 27.879649070 -0.000000
6341 -82.708300968 27.928073734 -0.760861
6342 -82.841786080 27.838243918 4.173744
6343 -82.466845865 27.848381623 0.830663
6344 -82.614989358 27.511368196 -0.000000
6345 -82.856398722 27.992205473 -0.000000
6346 -82.834892034 27.828644504 3.723578
6347 -82.821173250 27.942496574 1.741295
6348 -82.639766257 27.524848077 -0.000000
6349 -82.665920102 28.020943065 0.754662
6350 -82.427302541 27.862855836 3.861056
6351 -82.713537075 27.506715205 -0.000000
6352 -82.831078568 28.047581073 4.050144
6353 -82.593337340 28.001022663 -2.669861
6354 -82.744441489 27.632335910 2.727938
6355 -82.431469667 27.908217241 12.973752
6356 -82.402017537 27.839031200 0.733373
6357 -82.559229565 27.613120361 0.119494
6358 -82.462287224 27.914118892 0.795200
6359 -82.527371743 27.511848204 -0.000000
6360 -82.832990253 27.903332140 0.723456
6361 -82.408274844 27.868230460 0.731971
6362 -82.615735125 27.756683081 5.585099
6363 -82.714491672 27.503589737 -0.000000
6364 -82.631715454 27.837507240 -1.755264
6365 -82.434434787 27.682888754 -0.594946
6366 -82.414809439 27.832168486 2.570000
6367 -82.844986817 27.802047090 7.113690
6368 -82.593258443 27.966743717 3.712090
6369 -82.796042293 28.049554991 2.490555
6370 -82.635287148 27.889681023 0.470697
6371 -82.414315569 27.902476259 -2.977829
6372 -82.481577243 27.897968783 3.177899
6373 -82.694522799 27.923056576 1.604052
6374 -82.621845147 27.530170167 -0.000000
6375 -82.459714844 27.752388547 0.780000
6376 -82.762443440 27.775261568 1.825871
6377 -82.553891931 27.674909715 4.197920
6378 -82.610797826 27.864764501 1.506028
6379 -82.738252081 27.723499193 1.498708
6380 -82.886730522 27.817757865 -0.000000
6381 -82.439060521 27.762231920 0.610549
6382 -82.463197415 27.519167045 -0.000000
6383 -82.612628917 27.784035873 2.125962
6384 -82.601410403 27.822501721 -1.169561
6385 -82.802888374 27.970024873 0.863798
6386 -82.579694120 27.747111261 4.004972
6387 -82.453960520 27.905213547 3.384573
6388 -82.475269988 27.527330590 -0.000000
6389 -82.824754680 27.920743272 2.380090
6390 -82.731922429 27.753620616 -1.605293
6391 -82.423356533 27.881968463 3.131949
6392 -82.692436920 27.703088839 0.387801
6393 -82.528708102 27.517508203 -0.000000
6394 -82.880108417 27.746212943 -0.000000
6395 -82.512058172 27.492672188 -0.000000
6396 -82.729340975 27.751907319 0.109852
6397 -82.684701562 27.919420037 0.799137
6398 -82.814914292 28.039681721 0.450784
6399 -82.474509372 27.726280206 0.055951
6400 -82.601490163 27.509979195 -0.000000
6401 -82.442394223 27.529738230 -0.000000
6402 -82.435366280 27.887334327 1.420629
6403 -82.709853589 27.944121666 3.900104
6404 -82.465788743 27.743321351 0.100000
6405 -82.565128073 27.976022154 0.217109
6406 -82.589675845 27.980995493 -0.751885
6407 -82.539414665 27.911616407 2.983153
6408 -82.559202290 27.513288601 -0.000000
6409 -82.446459834 27.854271897 6.031878
6410 -82.503650943 27.519200046 -0.000000
6411 -82.493309927 27.822293983 0.682638
6412 -82.458768545 27.930907718 -1.404124
6413 -82.821836209 28.051944885 -0.000000
6414 -82.615427855 27.848500932 1.029727
6415 -82.498797200 27.516967121 -0.000000
6416 -82.666474326 27.915414427 0.823983
6417 -82.724284545 27.945665543 -2.787807
6418 -82.547368238 27.845637161 0.775549
6419 -82.712328806 27.493956613 -0.000000
6420 -82.765924118 27.768775563 -1.134250
6421 -82.817627736 27.960159315 2.189170
6422 -82.460758024 27.936577929 2.733638
6423 -82.417416100 27.945358200 -1.995450
6424 -82.549523431 27.509347563 -0.000000
6425 -82.829890138 27.944541787 2.385149
6426 -82.588163132 27.551893163 3.643714
6427 -82.463625236 27.743093752 -0.301957
6428 -82.728438012 27.492899265 -0.000000
6429 -82.613009413 27.814468540 -1.857316
6430 -82.693066827 27.967127809 -0.390330
6431 -82.411430437 27.528797460 -0.000000
6432 -82.492199027 27.764236159 4.064731
6433 -82.588659190 27.799437386 4.677309
6434 -82.753158512 27.784828545 1.285655
6435 -82.810855351 27.968667465 -2.118005
6436 -82.424878889 27.915012651 14.729089
6437 -82.757723380 27.740645072 -0.113371
6438 -82.592695101 27.849387891 1.047951
6439 -82.684159601 27.923462680 1.562930
6440 -82.845305867 27.856670200 0.095647
6441 -82.571493953 27.936742011 4.151091
6442 -82.774956170 27.793263712 -0.094266
6443 -82.701535730 27.728994515 2.600446
6444 -82.540909715 27.841712039 0.781649
6445 -82.622281176 27.799159760 -1.413780
6446 -82.539421539 27.823876054 4.072839
6447 -82.798302518 28.019158517 2.865445
6448 -82.412438570 27.931980171 -4.023664
6449 -82.849158280 27.810261190 4.987115
6450 -82.618886344 28.009104645 0.099995
6451 -82.650220910 28.010410030 0.792511
6452 -82.727120494 27.501379861 -0.000000
6453 -82.414044505 27.937089191 -0.409470
6454 -82.409639469 27.772134130 -1.670122
6455 -82.422277288 27.926949786 0.597150
6456 -82.408321428 27.850102462 0.614590
6457 -82.594621574 27.990083913 -0.522322
6458 -82.581643745 27.792051439 8.984779
6459 -82.688466496 27.512816948 -0.000000
6460 -82.764151860 27.800433403 1.074442
6461 -82.449808030 27.697249251 0.539038
6462 -82.564149190 27.934674213 3.948123
6463 -82.561941155 27.972181548 -2.917511
6464 -82.619504066 27.533744305 -0.000000
6465 -82.469770151 27.863553293 3.900000
6466 -82.557341941 27.595321428 -0.662305
6467 -82.525321082 27.695415440 1.193125
6468 -82.474504973 27.531090013 -0.000000
6469 -82.842188580 28.055494475 -0.000000
6470 -82.698134808 27.979678243 -1.926704
6471 -82.577631711 27.601027404 0.902823
6472 -82.406897839 27.790045008 0.650839
6473 -82.546550697 27.657628598 0.315525
6474 -82.694435178 27.710910116 0.662156
6475 -82.657528915 27.524544995 -0.000000
6476 -82.668915363 27.696236336 3.131167
6477 -82.541666682 27.663329615 -0.453574
6478 -82.428306464 27.864680075 3.923546
6479 -82.471391172 27.712017152 1.211043
6480 -82.433168660 27.513911099 -0.000000
6481 -82.459569555 27.833162316 5.147794
6482 -82.620943598 27.999244528 -0.681809
6483 -82.597679630 27.576772278 0.926471
6484 -82.541396502 27.884150352 2.868921
6485 -82.680607100 27.493687496 -0.000000
6486 -82.690015227 27.671953196 0.760000
6487 -82.833442249 27.956749510 1.381189
6488 -82.828437028 27.952010944 1.921940
6489 -82.512815523 27.501934520 -0.000000
6490 -82.421075475 27.893173854 1.720358
6491 -82.455560475 27.780777314 5.373936
6492 -82.759119353 27.515513533 -0.000000
6493 -82.539036294 27.922882916 2.965131
6494 -82.709338905 27.491306928 -0.000000
6495 -82.536022713 27.674744271 0.236240
6496 -82.633087120 27.989970400 1.824836
6497 -82.530731704 27.516957101 -0.000000
6498 -82.431384106 27.904988841 14.776465
6499 -82.484705057 27.820657510 1.455020
6500 -82.856617969 27.918097593 -0.000000
6501 -82.409930632 27.875697728 1.886681
6502 -82.639850509 27.704093225 -1.074559
6503 -82.601244450 27.592834890 0.876328
6504 -82.625228065 28.010474846 -0.623568
6505 -82.857437106 27.856336089 -0.000000
6506 -82.623337612 27.698368156 3.245653
6507 -82.568961324 27.563133328 2.035820
6508 -82.615178517 27.507337995 -0.000000
6509 -82.826060472 27.994747817 -0.877018
6510 -82.694174300 27.977351193 -0.395141
6511 -82.834266169 28.055856971 -0.000000
6512 -82.621409811 27.571387779 1.505570
6513 -82.766395371 27.729758301 6.536117
6514 -82.679109129 28.023124239 2.600636
6515 -82.827609952 27.963205513 3.900492
6516 -82.859024463 27.877330753 -0.000000
6517 -82.627338234 27.747093011 1.457796
6518 -82.488074899 27.808872524 3.871771
6519 -82.434181635 27.669071171 -0.502800
6520 -82.561018295 27.970573325 -2.153032
6521 -82.690335172 27.709155641 3.461225
6522 -82.672871088 27.911726594 -0.245540
6523 -82.786277866 27.810494800 -0.342117
6524 -82.801297713 28.027118994 1.761596
6525 -82.685815768 28.029303454 1.400350
6526 -82.449580811 27.764461453 1.350159
6527 -82.397588452 27.843888483 0.628017
6528 -82.455220379 27.510908262 -0.000000
6529 -82.602414260 27.570602428 0.546230
6530 -82.384913616 27.858426143 1.970579
6531 -82.487461678 27.866751773 0.676180
6532 -82.462597167 27.929925660 4.432956
6533 -82.491956889 27.529589225 -0.000000
6534 -82.651171394 28.019013726 -0.621250
6535 -82.713601324 27.586013886 6.942017
6536 -82.596618296 27.558922190 0.592022
6537 -82.658109847 27.551023845 4.754460
6538 -82.479649138 27.879111998 1.815867
6539 -82.573850301 27.639329405 3.989442
6540 -82.710135478 27.527934659 -0.000000
6541 -82.815083709 27.947538007 2.117703
6542 -82.562326437 27.589935285 -0.154086
6543 -82.676787710 27.909113222 -0.915708
6544 -82.838404712 27.900075895 0.337086
6545 -82.684408163 27.725520764 -1.586933
6546 -82.764205533 27.790064367 1.815621
6547 -82.777978653 27.804164969 1.192022
6548 -82.420473622 27.521221804 -0.000000
6549 -82.424113345 27.512779978 -0.000000
6550 -82.551432490 27.660394932 1.420871
6551 -82.420866029 27.794313257 2.078984
6552 -82.640154139 27.597650051 4.430752
6553 -82.446010610 27.517416526 -0.000000
6554 -82.599277331 27.759453267 4.733447
6555 -82.771787378 27.803712644 -1.851791
6556 -82.602337472 27.505369412 -0.000000
6557 -82.590018585 27.509560794 -0.000000
6558 -82.675829807 28.004141422 0.548252
6559 -82.753460492 27.824702631 -1.788343
6560 -82.675731798 28.022573414 2.580003
6561 -82.629138390 27.760652132 7.640766
6562 -82.692446579 27.921973891 -0.962492
6563 -82.809055413 28.036210022 0.938920
6564 -82.684575661 27.695292741 2.995722
6565 -82.813610312 28.012258215 0.778538
6566 -82.600175404 27.506196020 -0.000000
6567 -82.596729065 27.985569924 -0.543468
6568 -82.624943896 27.764476649 -1.488284
6569 -82.745206565 27.760849399 1.503045
6570 -82.544490167 27.856728950 -0.443458
6571 -82.587418996 27.503064296 -0.000000
6572 -82.865129567 28.024271544 -0.000000
6573 -82.850066703 27.893189540 -0.000000
6574 -82.574308400 27.962781239 1.240840
6575 -82.643916558 27.890873035 0.375999
6576 -82.583574482 27.567256404 1.111344
6577 -82.842095877 27.847094919 -0.721050
6578 -82.551668843 27.963705074 0.433789
6579 -82.630217265 28.013832482 -0.193034
6580 -82.576259350 27.558459052 2.161413
6581 -82.509350475 27.678513590 1.037734
6582 -82.426420275 27.763989045 -1.525546
6583 -82.644685545 27.500594841 -0.000000
6584 -82.454525268 27.514585973 -0.000000
6585 -82.640978690 27.892680146 0.631459
6586 -82.718514103 27.492234019 -0.000000
6587 -82.728064142 27.525596445 -0.000000
6588 -82.570645577 27.561655138 0.722802
6589 -82.621861930 27.728792852 1.135409
6590 -82.615888141 27.521237859 -0.000000
6591 -82.575671691 27.571817359 -1.948877
6592 -82.556599867 27.620004553 -0.555521
6593 -82.445980756 27.824029148 10.033844
6594 -82.412258872 27.814363132 1.519182
6595 -82.767585787 27.810528603 1.006054
6596 -82.408968706 27.944326294 0.448441
6597 -82.679325316 27.711793961 -7.618886
6598 -82.446926488 27.937074892 0.044780
6599 -82.777356009 27.748474974 6.114198
6600 -82.795867555 28.002134604 1.641840
6601 -82.623071083 27.730622052 1.157964
6602 -82.466143690 27.706829600 -2.104414
6603 -82.394393421 27.829323050 0.164385
6604 -82.634193818 27.550440156 0.865395
6605 -82.573412393 27.975484547 -0.019013
6606 -82.679391651 27.706867270 -5.073463
6607 -82.421702446 27.812745184 4.140128
6608 -82.408126197 27.864901518 0.868459
6609 -82.615351473 27.881561633 -0.035151
6610 -82.714458011 27.953048770 2.991546
6611 -82.735092875 27.557739577 3.819694
6612 -82.621874244 27.885072330 0.229398
6613 -82.410936731 27.943546689 0.323075
6614 -82.464414881 27.914816008 1.560990
6615 -82.610841017 27.522004122 -0.000000
6616 -82.408616351 27.528483875 -0.000000
6617 -82.668302107 27.699301692 3.597421
6618 -82.760719625 27.830659909 -2.490655
6619 -82.551244371 27.619970939 -0.847755
6620 -82.594990092 27.595554531 0.843527
6621 -82.485980434 27.518095765 -0.000000
6622 -82.450659625 27.886821474 4.038494
6623 -82.616865802 27.880579942 -0.358320
6624 -82.840334683 27.958365306 4.994523
6625 -82.403562804 27.856822779 -8.387774
6626 -82.447675588 27.524209895 -0.000000
6627 -82.611678362 27.528765528 -0.000000
6628 -82.849606905 27.866619602 -2.218749
6629 -82.533289443 27.512989538 -0.000000
6630 -82.849544930 27.876946917 3.653497
6631 -82.525222137 27.704517938 0.733874
6632 -82.755627346 27.740209970 -1.903610
6633 -82.412137172 27.939646224 -2.811264
6634 -82.469011731 27.802298444 14.604107
6635 -82.668628003 28.006771277 2.959780
6636 -82.612632938 27.760596282 7.029776
6637 -82.523598421 27.825378629 2.489638
6638 -82.445049462 27.817015566 9.016467
6639 -82.844490537 27.976149684 5.282803
6640 -82.688555305 27.497677945 -0.000000
6641 -82.620802411 27.793103354 -1.537413
6642 -82.759077856 27.804591917 1.187034
6643 -82.818407634 27.941424661 3.027226
6644 -82.452563330 27.515851800 -0.000000
6645 -82.678097107 27.985959670 2.870296
6646 -82.540191599 27.914468070 3.190107
6647 -82.579929737 27.803759783 5.228984
6648 -82.607589289 27.564229811 1.134189
6649 -82.753034341 27.776490004 2.160509
6650 -82.536963737 27.876681546 1.449451
6651 -82.595092223 27.603240923 2.170199
6652 -82.813480065 27.945695243 -1.754895
6653 -82.848215572 27.882922406 -1.764901
6654 -82.487425258 27.868701794 0.600255
6655 -82.548996420 27.501950566 -0.000000
6656 -82.592655217 27.508406971 -0.000000
6657 -82.390835024 27.835814826 -0.348042
6658 -82.742063980 27.744809798 4.010707
6659 -82.477315098 27.879011803 3.377301
6660 -82.524047077 27.700399349 1.599552
6661 -82.585949952 27.502716250 -0.000000
6662 -82.629646645 27.758698660 6.681333
6663 -82.693348714 27.738064819 0.009724
6664 -82.837263568 27.962888196 4.091187
6665 -82.714244895 27.734988543 2.479395
6666 -82.642498590 27.689660390 2.518877
6667 -82.487820340 27.898488930 0.430833
6668 -82.625449406 27.736516746 5.655767
6669 -82.420339273 27.508909702 -0.000000
6670 -82.790356323 27.566148524 4.044029
6671 -82.628671791 27.843669350 -1.003254
6672 -82.424649654 27.874417777 3.874233
6673 -82.830954719 28.044730060 4.373100
6674 -82.844200050 27.855536161 0.347384
6675 -82.498715747 27.823892444 0.553190
6676 -82.478202447 27.514956947 -0.000000
6677 -82.485626471 27.901318948 0.884996
6678 -82.842239502 27.845039806 -2.410204
6679 -82.791008813 27.522553998 -0.000000
6680 -82.749424730 27.727292855 4.524417
6681 -82.806872134 28.003643947 1.505508
6682 -82.557143443 27.575298174 0.431251
6683 -82.813119433 27.992335272 2.479971
6684 -82.880863257 27.844540899 -0.000000
6685 -82.826243140 27.947961926 2.591626
6686 -82.437268316 27.678756132 -1.005537
6687 -82.809627659 28.044203335 2.158058
6688 -82.511445441 27.525451444 -0.000000
6689 -82.546935112 27.502997148 -0.000000
6690 -82.538516382 27.840241821 0.696142
6691 -82.840975722 27.899594760 1.263009
6692 -82.831885176 27.832053234 -1.624170
6693 -82.598730636 27.856468252 0.351994
6694 -82.411915600 27.794250094 -1.956173
6695 -82.787751330 28.037612365 1.324319
6696 -82.851120129 27.876044035 -0.000000
6697 -82.482713533 27.525295015 -0.000000
6698 -82.651645194 27.911964692 1.099396
6699 -82.731851481 27.527480378 -0.000000
6700 -82.442653635 27.831246750 5.708297
6701 -82.863795955 28.034257683 -0.000000
6702 -82.567844754 27.628464747 0.699368
6703 -82.472271525 27.871911095 3.669165
6704 -82.535981644 27.890085817 6.848682
6705 -82.792334321 28.024859482 1.244080
6706 -82.459239355 27.757099832 1.068352
6707 -82.439065556 27.908114442 13.919540
6708 -82.718125130 27.524056824 -0.000000
6709 -82.546729220 27.919622608 3.816985
6710 -82.603459573 27.831001132 0.945026
6711 -82.690034829 27.505426795 -0.000000
6712 -82.537422503 27.508073430 -0.000000
6713 -82.481042138 27.900811205 3.401974
6714 -82.431398591 27.887014369 4.176727
6715 -82.684765277 27.494986047 -0.000000
6716 -82.455334231 27.525280359 -0.000000
6717 -82.813345814 28.028038979 0.334148
6718 -82.581144373 27.628755483 1.771543
6719 -82.557680780 27.661403056 4.562340
6720 -82.668201570 27.692868910 3.176649
6721 -82.758246529 27.831223636 0.096014
6722 -82.548770080 27.907608878 4.682213
6723 -82.619968531 27.551179113 -0.174018
6724 -82.716629393 27.937670375 0.927979
6725 -82.592708409 27.578539416 -0.481010
6726 -82.660157094 27.995281353 0.774147
6727 -82.425210939 27.885298070 3.144536
6728 -82.429020939 27.907123730 14.259686
6729 -82.654816303 28.017384014 -0.743359
6730 -82.702442155 27.964353623 -0.537293
6731 -82.620062344 27.853272709 3.314652
6732 -82.707849657 27.926646325 -2.453337
6733 -82.467505018 27.775947468 5.087948
6734 -82.444294655 27.522824638 -0.000000
6735 -82.489736649 27.913644506 0.820004
6736 -82.389029885 27.841024565 -3.289400
6737 -82.449154507 27.755094173 -0.513543
6738 -82.594213178 27.551047111 2.915882
6739 -82.622126318 27.814190456 -1.872913
6740 -82.781861731 27.760181853 5.958336
6741 -82.535401316 27.941285822 -0.427596
6742 -82.590765533 27.997786567 -1.545432
6743 -82.799491462 27.818257809 -1.711885
6744 -82.442580407 27.519884028 -0.000000
6745 -82.612511603 27.531542420 -0.000000
6746 -82.494423604 27.528453682 -0.000000
6747 -82.475083659 27.821210916 0.402872
6748 -82.523136851 27.690566924 0.659927
6749 -82.725152417 27.735254209 2.634640
6750 -82.622054503 27.856940840 -0.314996
6751 -82.431889701 27.763992018 -0.868037
6752 -82.526221712 27.502179653 -0.000000
6753 -82.616275517 27.819097787 0.003318
6754 -82.846996391 27.863032286 0.058451
6755 -82.605930825 27.987368869 0.182000
6756 -82.596074863 27.990597427 -0.486509
6757 -82.403014131 27.868642118 0.405896
6758 -82.745505915 27.649600054 0.866033
6759 -82.509064995 27.701097159 0.439260
6760 -82.688781269 27.499887099 -0.000000
6761 -82.645611967 27.697270587 0.853007
6762 -82.565829017 27.970901206 -2.796745
6763 -82.428060294 27.871141763 -0.242947
6764 -82.446070726 27.901873301 4.115170
6765 -82.539141624 27.841556716 0.679998
6766 -82.459422994 27.916426481 -1.691229
6767 -82.572939652 27.503833387 -0.000000
6768 -82.632298705 27.563702833 3.294583
6769 -82.610785194 27.807369954 -1.492628
6770 -82.507567421 27.500041578 -0.000000
6771 -82.551961351 27.512921809 -0.000000
6772 -82.755858120 27.771427332 1.668056
6773 -82.834667284 27.818732207 4.031003
6774 -82.602302662 27.866487184 1.636874
6775 -82.477986494 27.902076766 3.639229
6776 -82.533935672 27.924795986 1.163767
6777 -82.438577833 27.816861428 7.203609
6778 -82.585893338 27.540999706 -0.000000
6779 -82.587112223 27.560809675 3.027384
6780 -82.404245574 27.526797708 -0.000000
6781 -82.589152751 27.503105846 -0.000000
6782 -82.691226033 27.714170785 -1.348567
6783 -82.563971396 27.580167782 -0.388658
6784 -82.499490451 27.529916002 -0.000000
6785 -82.680595679 27.988358939 2.132315
6786 -82.800058249 27.821378649 -1.645553
6787 -82.614269430 27.994771920 -1.984506
6788 -82.665221404 27.522490567 -0.000000
6789 -82.598579028 27.851521660 -0.514869
6790 -82.480461392 27.884161061 0.843636
6791 -82.749152076 27.777682327 3.773395
6792 -82.572518641 27.663761880 6.013401
6793 -82.607004151 28.000590786 -3.018015
6794 -82.584629665 27.598704418 0.905966
6795 -82.819682772 28.056404087 -0.000000
6796 -82.536407924 27.887403623 -2.607378
6797 -82.565573477 27.573671448 1.517037
6798 -82.628886804 27.767922467 7.246397
6799 -82.618853707 27.582444656 2.395114
6800 -82.612027893 27.852670339 2.585299
6801 -82.679477509 27.513919705 -0.000000
6802 -82.815619905 27.830913634 0.800000
6803 -82.789746205 28.052134338 -0.000000
6804 -82.456206450 27.935149650 -1.391871
6805 -82.795247687 28.034070142 1.163624
6806 -82.450319060 27.906283836 3.156522
6807 -82.565644889 27.680703225 6.287208
6808 -82.775722637 27.835081750 0.217305
6809 -82.388908467 27.858517726 1.335032
6810 -82.801397830 27.805798366 0.601805
6811 -82.405808300 27.775682367 -2.137817
6812 -82.663664771 27.694554021 3.179361
6813 -82.424257601 27.865675813 3.860000
6814 -82.555051113 27.615664876 -0.489980
6815 -82.628968575 27.841355200 -0.441007
6816 -82.527994270 27.677684588 -0.574297
6817 -82.857157766 27.928084995 -0.000000
6818 -82.631082289 27.840805040 -1.681919
6819 -82.790627520 27.801156376 2.812857
6820 -82.620506077 27.834710641 -0.032726
6821 -82.648615022 27.930321381 1.709999
6822 -82.739037115 27.750142389 0.117741
6823 -82.816626638 27.934392119 0.697730
6824 -82.794414243 28.002583969 0.902853
6825 -82.619867798 27.884002800 -0.088028
6826 -82.624682432 27.541847721 -0.000000
6827 -82.691228467 27.498577271 -0.000000
6828 -82.618635080 27.509988245 -0.000000
6829 -82.629910037 27.705722312 2.410223
6830 -82.603528357 27.579759763 0.080697
6831 -82.602737796 27.798923391 0.780199
6832 -82.649500432 28.005783188 1.077178
6833 -82.558268683 27.973442222 -1.562643
6834 -82.424162910 27.906903945 -1.487361
6835 -82.773465804 27.799395143 0.850924
6836 -82.764229105 27.828841643 -2.101540
6837 -82.834493064 27.935311002 1.696272
6838 -82.603652850 27.833898067 1.364246
6839 -82.689367632 28.028305829 1.365629
6840 -82.737443935 27.741640389 0.687271
6841 -82.556397941 27.972620139 -1.294932
6842 -82.582711859 27.500383220 -0.000000
6843 -82.551897727 27.877352845 5.613977
6844 -82.664338430 27.517822237 -0.000000
6845 -82.610749885 27.815566070 0.084365
6846 -82.617073259 27.858973247 -0.387851
6847 -82.552194732 27.606118581 1.600392
6848 -82.612593039 27.601705829 3.260622
6849 -82.577525825 27.566467434 2.861055
6850 -82.497479626 27.482390545 -0.000000
6851 -82.722898481 27.507178172 -0.000000
6852 -82.425985147 27.515492576 -0.000000
6853 -82.627955080 27.718254464 1.170643
6854 -82.840178889 27.961945705 4.582543
6855 -82.596931214 27.513845687 -0.000000
6856 -82.678027427 27.921828847 0.934578
6857 -82.844495945 27.851473358 -1.693881
6858 -82.425214003 27.887693616 2.870142
6859 -82.409745713 27.830188225 2.270000
6860 -82.841193752 27.853493598 0.309082
6861 -82.424669522 27.772384781 -1.243372
6862 -82.807705206 28.008566032 0.763762
6863 -82.774587315 27.760798065 4.670656
6864 -82.463435100 27.708295866 1.064825
6865 -82.616338081 28.003628644 0.100001
6866 -82.798076466 27.805457305 -1.160311
6867 -82.752407761 27.549778378 -0.000000
6868 -82.604049974 27.753083399 5.505371
6869 -82.452713579 27.712612872 -0.470847
6870 -82.531505976 27.931517267 -2.870854
6871 -82.463124730 27.715288654 -0.855241
6872 -82.846265963 28.005506085 5.454000
6873 -82.646028735 27.924783079 1.403220
6874 -82.727379250 27.938325456 -2.378595
6875 -82.547369974 27.897123084 5.213010
6876 -82.641247120 27.894635012 0.099766
6877 -82.718854017 27.934176646 -2.675729
6878 -82.606678929 27.929287023 5.090012
6879 -82.497430785 27.719486262 0.777108
6880 -82.454862108 27.751604886 -0.542910
6881 -82.619839632 27.807889082 -1.746181
6882 -82.481605314 27.724640249 1.463857
6883 -82.591319666 27.975471790 1.168425
6884 -82.471149064 27.741089240 -1.557494
6885 -82.537110252 27.512660857 -0.000000
6886 -82.838276909 27.826193222 3.208416
6887 -82.397978222 27.883180931 -0.752040
6888 -82.536821798 27.925886244 2.573189
6889 -82.770527153 27.832350086 0.365269
6890 -82.831692261 28.023465932 3.769005
6891 -82.837019667 27.930402274 0.447024
6892 -82.651333742 27.497556220 -0.000000
6893 -82.620340496 27.566607055 1.174124
6894 -82.625505813 27.799104175 -1.519966
6895 -82.677266990 27.982853467 2.946045
6896 -82.572714869 27.820427624 9.900405
6897 -82.715608961 27.488351863 -0.000000
6898 -82.430913070 27.847282232 6.724162
6899 -82.600190773 27.870817625 1.060244
6900 -82.599013707 27.853234082 -0.370902
6901 -82.716822709 27.723582391 2.108844
6902 -82.626152363 27.697525663 1.713440
6903 -82.876592608 28.007987219 -0.000000
6904 -82.447302872 27.940608246 1.770870
6905 -82.740008098 27.745703663 1.027767
6906 -82.593347438 27.829246291 -0.571218
6907 -82.507405053 27.482848102 -0.000000
6908 -82.628622454 27.993850443 0.739900
6909 -82.800527087 27.681052927 8.506530
6910 -82.728640690 27.747900230 -1.146073
6911 -82.386826715 27.855225518 -0.405348
6912 -82.498543631 27.827515761 -0.177589
6913 -82.651578578 27.915704948 0.965334
6914 -82.751814468 27.829306013 -1.847984
6915 -82.596103681 27.570591893 1.470378
6916 -82.545938179 27.910305852 3.565747
6917 -82.829200755 27.919832990 3.221026
6918 -82.594541291 27.775941763 5.738724
6919 -82.618141050 27.979181819 2.128346
6920 -82.697850916 27.517116399 -0.000000
6921 -82.459254690 27.937397093 -2.476765
6922 -82.622459290 27.758230009 4.008992
6923 -82.391179894 27.816585112 -1.963460
6924 -82.413397130 27.935161893 -0.241678
6925 -82.616025671 27.788805127 4.858653
6926 -82.440803503 27.678696272 -1.391542
6927 -82.522718008 27.514091174 -0.000000
6928 -82.462751795 27.837478592 4.493787
6929 -82.414481454 27.948651211 0.809359
6930 -82.529108120 27.696252326 2.196380
6931 -82.492796206 27.533888312 -0.000000
6932 -82.538857110 27.906611070 1.450393
6933 -82.686769232 27.685350035 0.694449
6934 -82.596844446 27.569296241 1.523815
6935 -82.773612872 27.569223504 6.860997
6936 -82.818455904 27.944146308 3.207197
6937 -82.568504913 27.610191917 -0.566291
6938 -82.525576440 27.822605092 3.234922
6939 -82.459995199 27.717129206 -0.596587
6940 -82.404263241 27.893966154 -0.280053
6941 -82.738139227 27.752511143 -1.823840
6942 -82.698077579 27.714594175 -1.783461
6943 -82.771643124 27.771352003 -1.093216
6944 -82.802165969 28.014087506 1.740022
6945 -82.420866318 27.772519882 0.067201
6946 -82.683082405 27.509440587 -0.000000
6947 -82.514708874 27.702573805 -0.523522
6948 -82.568779248 27.592846396 -0.971649
6949 -82.602877679 27.586000940 1.339161
6950 -82.406257990 27.825756524 0.809663
6951 -82.755991485 27.748943249 -1.504916
6952 -82.436663214 27.842610573 4.121039
6953 -82.482923420 27.909962774 3.025895
6954 -82.546226485 27.807497361 3.871078
6955 -82.534421407 27.727393860 15.074345
6956 -82.402590895 27.894024030 -0.168375
6957 -82.756176522 27.732247693 4.575969
6958 -82.469742439 27.789293380 6.751242
6959 -82.479758200 27.872631418 3.729295
6960 -82.666833442 28.017832006 0.536767
6961 -82.444358209 27.530761888 -0.000000
6962 -82.773218234 27.801440307 -1.047669
6963 -82.388186588 27.822382676 0.696067
6964 -82.747208578 27.518060356 -0.000000
6965 -82.617730006 27.534873682 -0.000000
6966 -82.567665142 27.565640323 0.767223
6967 -82.521242385 27.831719795 0.478168
6968 -82.743726137 27.767176923 0.369649
6969 -82.468992509 27.844807914 0.601993
6970 -82.699901754 27.952723077 3.247680
6971 -82.593802951 27.982959408 -0.677105
6972 -82.562834897 27.835853034 5.194396
6973 -82.448620503 27.922141609 6.465413
6974 -82.687647996 27.503777205 -0.000000
6975 -82.419005165 27.874739163 3.440006
6976 -82.414898683 27.799548534 4.216744
6977 -82.662784172 27.913217693 0.595256
6978 -82.436540977 27.820614877 4.280638
6979 -82.650331471 27.905920632 0.311033
6980 -82.654882963 27.530670365 -0.000000
6981 -82.696090038 27.969530558 0.544610
6982 -82.615276512 27.812695605 -2.068109
6983 -82.439373942 27.819208444 7.702489
6984 -82.413076747 27.904942147 -6.353443
6985 -82.487673503 27.514294591 -0.000000
6986 -82.457794496 27.517605915 -0.000000
6987 -82.591504284 27.537896297 -0.000000
6988 -82.485668666 27.865679876 0.818948
6989 -82.585889128 27.504393763 -0.000000
6990 -82.620793266 27.692757387 4.935245
6991 -82.653803635 27.911366048 0.933210
6992 -82.812358963 27.829205534 0.791296
6993 -82.438889569 27.870930229 3.841046
6994 -82.837062939 27.821800877 3.072905
6995 -82.409696681 27.942208886 0.418301
6996 -82.428809808 27.942236173 1.707678
6997 -82.591943210 27.541729687 -0.000000
6998 -82.629694298 27.549879694 -0.000000
6999 -82.450034384 27.896015341 3.846366
7000 -82.666773973 28.006093148 2.410381
7001 -82.393682450 27.853885088 -0.518808
7002 -82.466682754 27.932635205 1.356801
7003 -82.589973375 27.806337378 3.205323
7004 -82.757937543 27.794994649 0.741088
7005 -82.671257355 27.503467426 -0.000000
7006 -82.539540902 27.938628059 0.835349
7007 -82.753580377 27.730712850 4.695888
7008 -82.644797665 27.691922087 1.316804
7009 -82.437953211 27.856455281 1.695499
7010 -82.730715623 27.729109667 3.480000
7011 -82.652522239 27.499825333 -0.000000
7012 -82.511195626 27.678842802 0.939334
7013 -82.549550907 27.955828336 0.770000
7014 -82.622115142 27.597834599 3.346926
7015 -82.637360009 28.013934523 -1.200397
7016 -82.460845884 27.873800931 2.490578
7017 -82.599771357 27.518377872 -0.000000
7018 -82.649033586 27.528449432 -0.000000
7019 -82.585575739 27.542681816 -0.000000
7020 -82.672393372 27.509739162 -0.000000
7021 -82.813028725 28.031147715 0.322204
7022 -82.678726955 27.674764416 1.330793
7023 -82.406670250 27.773899160 -1.968858
7024 -82.683758325 27.511332972 -0.000000
7025 -82.582287063 27.967402652 2.991210
7026 -82.409417191 27.803134898 -4.399809
7027 -82.637332727 28.009593764 -0.443612
7028 -82.535627510 27.700340647 3.113775
7029 -82.629164464 27.794039585 -1.525416
7030 -82.647619380 27.481747107 -0.000000
7031 -82.798065232 27.990250403 0.697121
7032 -82.652032984 27.485252183 -0.000000
7033 -82.870869119 27.875889125 -0.000000
7034 -82.557996713 27.963794423 1.241159
7035 -82.667040204 27.682736384 2.260113
7036 -82.434409659 27.902107605 2.368001
7037 -82.698477714 27.734109410 2.499930
7038 -82.759877185 27.827924621 -1.995799
7039 -82.574050431 27.618367396 2.608832
7040 -82.397836027 27.840622198 2.118862
7041 -82.600403650 27.529307659 -0.000000
7042 -82.482714403 27.712608001 -0.159698
7043 -82.424752298 27.922987664 9.555630
7044 -82.479598615 27.803829922 7.525087
7045 -82.568778579 27.968435628 -2.203521
7046 -82.626380130 27.532975522 -0.000000
7047 -82.564914855 27.633110483 12.532618
7048 -82.562153493 27.649724939 3.507300
7049 -82.713995680 27.492727229 -0.000000
7050 -82.427067282 27.922511159 11.297508
7051 -82.459073821 27.516199566 -0.000000
7052 -82.831313766 28.030640617 4.464884
7053 -82.402999806 27.529144246 -0.000000
7054 -82.601018449 27.519958532 -0.000000
7055 -82.515313433 27.521603367 -0.000000
7056 -82.581924135 27.986168683 -2.009479
7057 -82.611959253 27.800849107 -1.799951
7058 -82.620978973 27.779551146 1.246569
7059 -82.610503579 27.537285918 -0.000000
7060 -82.572338613 27.657366050 6.171175
7061 -82.573665404 27.801575114 12.933775
7062 -82.730156757 27.497767425 -0.000000
7063 -82.699396738 27.502185153 -0.000000
7064 -82.437243983 27.818785956 7.349192
7065 -82.521849109 27.678389257 0.100747
7066 -82.419572805 27.798949028 2.202494
7067 -82.649056923 27.899824969 0.108634
7068 -82.421990335 27.759074329 -1.270156
7069 -82.401368042 27.888856442 -0.943888
7070 -82.784200469 27.785333796 -1.986206
7071 -82.835846511 28.025064553 4.451132
7072 -82.545317383 27.958419289 -0.782992
7073 -82.646896558 27.500371434 -0.000000
7074 -82.607691398 27.571068990 0.762309
7075 -82.616147178 27.858005768 -0.774713
7076 -82.427339365 27.945729875 1.317873
7077 -82.510200470 27.702124739 0.452232
7078 -82.582245837 27.564004684 2.959087
7079 -82.690915675 27.980750184 -0.392320
7080 -82.512828563 27.509505534 -0.000000
7081 -82.674091229 27.508775180 -0.000000
7082 -82.385345896 27.856596590 -0.289560
7083 -82.588159384 27.560024804 2.563031
7084 -82.685077709 27.612040759 14.963692
7085 -82.629339839 27.542891105 -0.000000
7086 -82.703864792 27.933580249 1.511548
7087 -82.709441053 27.938038866 2.484262
7088 -82.389288443 27.816767642 -0.599647
7089 -82.603537464 27.524167874 -0.000000
7090 -82.594405249 27.991523619 -0.490877
7091 -82.613189229 27.845431603 -0.331298
7092 -82.603244997 27.689470730 5.587497
7093 -82.429256944 27.816489438 4.030619
7094 -82.824435395 27.924151800 0.580620
7095 -82.813575337 28.029622635 0.340745
7096 -82.442527240 27.511056766 -0.000000
7097 -82.563911994 27.631953420 13.012332
7098 -82.527199103 27.928740888 0.847860
7099 -82.785819342 28.047391004 -1.518596
7100 -82.822697087 27.963592428 2.975242
7101 -82.599750393 27.860662093 -1.772531
7102 -82.572456037 27.573137312 -2.526252
7103 -82.826573427 28.057947143 -0.000000
7104 -82.782871989 28.045572131 -1.435569
7105 -82.619515520 27.514913007 -0.000000
7106 -82.406057108 27.806094908 -2.601303
7107 -82.548208958 27.961029039 -0.089144
7108 -82.699306183 27.930855267 1.192571
7109 -82.819184314 27.936921342 2.659713
7110 -82.565170053 27.581848007 0.095807
7111 -82.610627863 27.887545638 1.969100
7112 -82.416470999 27.937908482 0.730000
7113 -82.672149796 27.483684363 -0.000000
7114 -82.479278943 27.525877217 -0.000000
7115 -82.713247978 27.490418110 -0.000000
7116 -82.667569485 27.668122069 2.979126
7117 -82.433474278 27.821479084 3.237912
7118 -82.542811125 27.895836745 2.871198
7119 -82.507686617 27.486309500 -0.000000
7120 -82.807893118 27.965313134 3.684397
7121 -82.817723168 28.052300691 -0.000000
7122 -82.582636282 27.592869410 0.648979
7123 -82.621903132 27.533764912 -0.000000
7124 -82.865617539 27.871383274 -0.000000
7125 -82.475810682 27.710520961 0.616505
7126 -82.660238080 27.696725211 2.492321
7127 -82.543654260 27.501790327 -0.000000
7128 -82.601385226 27.576864525 -0.435574
7129 -82.452988934 27.710402064 1.192239
7130 -82.709486023 27.490213362 -0.000000
7131 -82.555125407 27.601869629 -0.726996
7132 -82.472434556 27.913864971 2.958632
7133 -82.493240280 27.784718134 6.884787
7134 -82.553729676 27.622031757 -0.469607
7135 -82.681676540 27.510814272 -0.000000
7136 -82.573940306 27.614428411 1.270722
7137 -82.715914479 27.525439214 -0.000000
7138 -82.440491899 27.908549999 13.717971
7139 -82.817802751 27.817117793 -1.050498
7140 -82.501853775 27.833574419 -3.044327
7141 -82.524326699 27.512166234 -0.000000
7142 -82.603942043 27.550935059 3.641434
7143 -82.804220276 27.806935931 1.171137
7144 -82.614928961 27.563069356 0.165232
7145 -82.556999834 27.604802591 1.185639
7146 -82.698693587 27.723622436 1.673506
7147 -82.546552766 27.857829663 1.202494
7148 -82.614963722 27.715781799 4.761826
7149 -82.608544429 28.002697608 -1.759196
7150 -82.410395892 27.945402557 -0.826285
7151 -82.830709476 28.051400467 -0.000000
7152 -82.529270167 27.935539064 1.062276
7153 -82.474469751 27.514953310 -0.000000
7154 -82.556780567 27.597065975 -0.205099
7155 -82.758508843 27.801255940 0.674488
7156 -82.629436780 27.770083761 -1.075394
7157 -82.400172723 27.890515550 -1.830784
7158 -82.686574226 27.497215501 -0.000000
7159 -82.660604158 27.912603506 0.613068
7160 -82.475190574 27.529546603 -0.000000
7161 -82.476730102 27.862829778 3.901742
7162 -82.627455694 27.724548108 -1.012432
7163 -82.571633745 27.726101865 4.004535
7164 -82.624689937 27.854594403 -1.686878
7165 -82.784294035 28.045059400 -1.849656
7166 -82.611177111 27.851214166 2.854234
7167 -82.559818735 27.971854321 0.092076
7168 -82.427531207 27.807058344 3.022691
7169 -82.842442923 27.861551832 -1.971550
7170 -82.523041431 27.679724811 0.093722
7171 -82.626165026 27.751238707 0.633844
7172 -82.535590944 27.935502586 1.245359
7173 -82.700842704 27.966853173 0.092934
7174 -82.500356727 27.778464703 6.377628
7175 -82.548224944 27.953964808 0.770000
7176 -82.850279948 27.888063579 -0.000000
7177 -82.765488584 27.816166325 0.621948
7178 -82.630175316 27.545130718 -0.000000
7179 -82.437736075 27.860078258 2.786468
7180 -82.527905432 27.935710192 1.529488
7181 -82.405496390 27.871076157 0.647777
7182 -82.406606705 27.814072760 0.770000
7183 -82.819078889 27.975263530 -2.186003
7184 -82.544814568 27.960358309 -1.863970
7185 -82.839474342 27.905311232 -2.017308
7186 -82.510521975 27.496756576 -0.000000
7187 -82.446729099 27.926534589 2.329954
7188 -82.554607687 27.596986317 -0.240965
7189 -82.560230427 27.572735559 0.549354
7190 -82.683051180 27.522988447 -0.000000
7191 -82.456460798 27.902225849 2.931547
7192 -82.585263699 27.810602994 3.801679
7193 -82.813547275 28.020220193 0.484558
7194 -82.561945535 27.977334259 -1.959363
7195 -82.613119398 27.833332431 -1.285878
7196 -82.509319367 27.488755597 -0.000000
7197 -82.453868265 27.935256640 -1.632508
7198 -82.433863271 27.899631314 -0.768071
7199 -82.828655853 28.035363530 4.402071
7200 -82.712699772 27.736158483 -1.384348
7201 -82.475545841 27.876611031 3.782316
7202 -82.493920032 27.523875259 -0.000000
7203 -82.820102678 27.959069044 2.291437
7204 -82.839745150 27.892171343 3.343463
7205 -82.627275943 27.739098073 -2.103169
7206 -82.639191797 27.545666457 -0.000000
7207 -82.717355254 27.934430513 0.641535
7208 -82.415891544 27.795301214 1.113693
7209 -82.610500963 27.871965014 -0.920463
7210 -82.607866104 27.832628412 -1.325888
7211 -82.733479812 27.755015024 -0.816672
7212 -82.386904044 27.857307246 0.403783
7213 -82.404379570 27.867895217 0.705236
7214 -82.759600564 27.776554129 -1.240347
7215 -82.838441265 27.829654817 3.442395
7216 -82.740235936 27.734233809 -1.067858
7217 -82.827528634 28.018083016 0.798262
7218 -82.613771533 27.531037941 -0.000000
7219 -82.789376246 28.037943435 2.336704
7220 -82.836605539 27.521476665 -0.000000
7221 -82.655671249 27.993190807 1.837050
7222 -82.485442241 27.912131115 2.895471
7223 -82.507113662 27.512041148 -0.000000
7224 -82.724806559 27.939464923 -2.197376
7225 -82.493589257 27.509454043 -0.000000
7226 -82.461275374 27.855685016 3.940305
7227 -82.521425057 27.689831697 -0.447353
7228 -82.792928483 28.020049787 1.354871
7229 -82.577636771 27.591070838 -0.893243
7230 -82.421710019 27.512474547 -0.000000
7231 -82.665844786 27.998968399 0.800000
7232 -82.873516523 27.860354320 -0.000000
7233 -82.700191405 27.627078666 1.742967
7234 -82.751704586 27.763064641 0.100000
7235 -82.568496631 27.606611371 0.315599
7236 -82.793801853 28.007916558 0.841731
7237 -82.788369264 28.042544704 0.842014
7238 -82.863424428 27.780577922 -0.000000
7239 -82.449291590 27.702938532 1.541765
7240 -82.826593188 27.916929491 -0.723056
7241 -82.862575340 27.666459543 -0.000000
7242 -82.524709029 27.680837010 -0.580174
7243 -82.679725022 27.710271434 -2.180764
7244 -82.869414040 27.853619615 -0.000000
7245 -82.610934534 27.548771738 -0.000000
7246 -82.699624786 27.552903396 5.164245
7247 -82.617653132 27.857637740 -1.503189
7248 -82.490146952 27.713513964 1.357087
7249 -82.596183424 27.856655511 0.954737
7250 -82.625187272 27.739856777 1.002206
7251 -82.650201023 27.552910969 4.473970
7252 -82.811258808 28.019564150 0.695615
7253 -82.810297777 28.039143607 1.874049
7254 -82.846993631 27.850395942 2.491832
7255 -82.708801175 27.520203424 -0.000000
7256 -82.613624743 27.562582125 0.289636
7257 -82.488563507 27.819236519 0.988548
7258 -82.605659959 27.548591538 -0.000000
7259 -82.474634988 27.890237219 4.230000
7260 -82.693622320 28.034110042 0.100000
7261 -82.436507913 27.669911964 -0.596543
7262 -82.756857346 27.791736086 1.462154
7263 -82.542126453 27.507470962 -0.000000
7264 -82.614317606 27.878138803 -0.288789
7265 -82.828266999 28.056545186 -0.000000
7266 -82.472472260 27.717859105 1.597833
7267 -82.615415181 27.840184558 -1.048006
7268 -82.758847859 27.736843973 3.256176
7269 -82.488319003 27.531436533 -0.000000
7270 -82.386990691 27.820169039 0.475261
7271 -82.591430600 27.503759649 -0.000000
7272 -82.474448697 27.883479446 3.569809
7273 -82.591936969 27.814716209 -1.713963
7274 -82.616422259 27.551916821 0.132615
7275 -82.815680125 27.938534141 1.930422
7276 -82.784107158 27.810050936 -0.908118
7277 -82.663591689 27.998476098 0.729467
7278 -82.429029463 27.514024591 -0.000000
7279 -82.437525630 27.878834452 2.844799
7280 -82.601814220 27.712314893 3.834051
7281 -82.624336937 27.842401196 -0.348638
7282 -82.615096141 27.894262357 1.594092
7283 -82.839342827 27.832703046 4.297595
7284 -82.403903515 27.776954972 -1.764389
7285 -82.687532230 27.921453499 0.640562
7286 -82.605005060 27.879545261 -0.065045
7287 -82.630560295 27.555135540 0.680100
7288 -82.491424655 27.522809355 -0.000000
7289 -82.824805973 27.793791381 5.411684
7290 -82.399381922 27.773402882 -1.256692
7291 -82.835406537 27.971088691 3.338794
7292 -82.566547293 27.974702398 0.100704
7293 -82.573510853 27.685920590 14.492458
7294 -82.513430900 27.675377648 1.123613
7295 -82.414624603 27.941676455 0.771388
7296 -82.836404259 27.951300829 4.280932
7297 -82.680710923 27.491587933 -0.000000
7298 -82.716728632 27.730132853 3.359374
7299 -82.431066370 27.864008206 -1.033692
7300 -82.463732277 27.813869954 3.023827
7301 -82.398766012 27.829543687 0.770000
7302 -82.751634320 27.779113650 1.947499
7303 -82.443426470 27.911510895 5.530158
7304 -82.614354116 27.802052323 0.841009
7305 -82.518534677 27.712410237 2.703905
7306 -82.739272080 27.739784443 -1.265269
7307 -82.586641921 27.512174685 -0.000000
7308 -82.633914822 27.996815050 0.787058
7309 -82.697047507 27.493604568 -0.000000
7310 -82.427463970 27.918116207 12.058397
7311 -82.621717946 27.711345891 1.454424
7312 -82.499435877 27.520387815 -0.000000
7313 -82.796378575 27.811877974 -1.128560
7314 -82.514203116 27.671091030 0.497891
7315 -82.489752322 27.916969034 0.872896
7316 -82.489801621 27.918727458 0.527479
7317 -82.615135088 27.567419221 -0.906616
7318 -82.756927443 27.532001017 -0.000000
7319 -82.584937128 27.625156570 3.191879
7320 -82.782882861 27.773019100 1.955626
7321 -82.509453362 27.704721564 -0.641783
7322 -82.705044852 27.493177192 -0.000000
7323 -82.610163018 27.841111473 0.492166
7324 -82.622773096 27.674502113 3.810964
7325 -82.415693546 27.929496186 0.717883
7326 -82.531322998 27.885232009 0.713235
7327 -82.607442780 27.546846932 -0.000000
7328 -82.405709957 27.877255849 0.697898
7329 -82.564011810 27.588640139 -0.041033
7330 -82.560634480 27.883153146 3.143304
7331 -82.571270334 27.873293451 1.630468
7332 -82.648371938 27.524674598 -0.000000
7333 -82.833707569 27.906015123 2.023329
7334 -82.631207965 27.839141407 -1.442369
7335 -82.510744758 27.489703756 -0.000000
7336 -82.490066271 27.739081181 1.155550
7337 -82.759746990 27.748880969 1.931270
7338 -82.494797642 27.511037063 -0.000000
7339 -82.514316321 27.496528637 -0.000000
7340 -82.465921113 27.817500718 3.413157
7341 -82.509370891 27.506285981 -0.000000
7342 -82.568763170 27.585848528 -1.146794
7343 -82.621745525 27.755348291 3.898714
7344 -82.471537564 27.883400256 3.920000
7345 -82.419406514 27.905396433 -1.719949
7346 -82.542129227 27.944440629 -1.519439
7347 -82.587138679 27.593767508 0.843218
7348 -82.652903836 27.909724955 0.877675
7349 -82.600630582 27.586637203 1.119068
7350 -82.452259368 27.529961178 -0.000000
7351 -82.459582733 27.878998421 4.040217
7352 -82.561712519 27.641722158 0.842774
7353 -82.634773095 27.706270692 0.942263
7354 -82.408071336 27.895853472 -0.410882
7355 -82.713467885 27.956708161 -0.464533
7356 -82.784324962 27.790308011 -1.078443
7357 -82.593368566 27.730941332 3.608145
7358 -82.410651632 27.522749702 -0.000000
7359 -82.837159435 28.028314366 4.897195
7360 -82.621438985 27.795921514 -0.962623
7361 -82.754315916 27.748000776 -1.227899
7362 -82.431503794 27.937452391 1.519191
7363 -82.509776955 27.712451577 0.972253
7364 -82.837962219 28.032033572 5.074872
7365 -82.578384666 27.568732704 1.276822
7366 -82.449664142 27.708563364 1.486792
7367 -82.755284582 27.827393458 -0.306052
7368 -82.762907768 27.807442890 1.670000
7369 -82.704507290 27.693495398 2.148413
7370 -82.540783287 27.670127249 0.738236
7371 -82.521621044 27.502528901 -0.000000
7372 -82.760929370 27.788463302 2.671278
7373 -82.425459794 27.783566615 -2.100436
7374 -82.883749172 27.567718518 -0.000000
7375 -82.737304840 27.522106761 -0.000000
7376 -82.755193575 27.714451486 6.503904
7377 -82.672708686 27.917848110 1.062139
7378 -82.818147669 27.952317277 2.594740
7379 -82.641903529 27.615614247 8.355472
7380 -82.443425971 27.838740724 6.945932
7381 -82.609331457 27.786591608 1.473531
7382 -82.586910447 27.982650346 -0.538838
7383 -82.636034117 28.011184054 -1.157345
7384 -82.606120659 27.790238794 1.866068
7385 -82.826690375 27.972943351 2.108588
7386 -82.426157549 27.871504468 4.121930
7387 -82.575364735 27.808963883 7.167934
7388 -82.635193246 27.522986531 -0.000000
7389 -82.462824068 27.752236365 0.789505
7390 -82.688249475 27.655697643 2.546407
7391 -82.421820929 27.516982482 -0.000000
7392 -82.558433509 27.876142737 2.885808
7393 -82.497466927 27.484295296 -0.000000
7394 -82.569561636 27.587591583 -0.626021
7395 -82.575469390 27.592011768 -0.749098
7396 -82.493776462 27.710200760 -0.271797
7397 -82.431593889 27.901160861 -2.971215
7398 -82.422099729 27.779725882 -1.697128
7399 -82.525569658 27.921273409 -1.030489
7400 -82.654525747 27.498167357 -0.000000
7401 -82.418151128 27.930358657 1.331861
7402 -82.652850578 27.501849270 -0.000000
7403 -82.546284541 27.827816527 4.436865
7404 -82.567622604 27.507322612 -0.000000
7405 -82.440250586 27.869594334 5.679975
7406 -82.846958855 27.884943235 -1.141382
7407 -82.636861580 27.521486362 -0.000000
7408 -82.696795839 27.712111141 -1.638863
7409 -82.407030233 27.797744582 4.017407
7410 -82.712015045 27.521489119 -0.000000
7411 -82.659196517 27.499060927 -0.000000
7412 -82.605691407 27.518840339 -0.000000
7413 -82.811587978 27.826045214 0.912553
7414 -82.480472700 27.880607532 1.534973
7415 -82.563428178 27.655811119 4.974476
7416 -82.604316729 27.652779753 7.878642
7417 -82.721909671 27.740558677 -1.673290
7418 -82.581987619 27.599225654 1.095616
7419 -82.696435607 27.739097397 -1.763057
7420 -82.626714064 27.892614047 1.062684
7421 -82.786992161 28.057084520 -0.000000
7422 -82.619820912 27.521884251 -0.000000
7423 -82.801582386 27.814862739 2.288516
7424 -82.620563598 27.723891334 1.287563
7425 -82.450939452 27.704179083 -2.100443
7426 -82.550830994 27.893010524 6.286710
7427 -82.597494365 27.534253727 -0.000000
7428 -82.697541556 27.955022766 1.431644
7429 -82.618890162 27.809406673 -1.549446
7430 -82.658930400 27.914047405 1.152017
7431 -82.467653458 27.836585397 1.124068
7432 -82.592040184 27.818223007 -1.269320
7433 -82.644743889 27.903822738 0.448926
7434 -82.622828225 27.843773520 -1.860112
7435 -82.497568425 27.708261418 -0.559059
7436 -82.481291803 27.820651092 0.523323
7437 -82.674836077 27.914286670 2.533302
7438 -82.465484646 27.904560218 2.629997
7439 -82.585187586 27.545748679 -0.000000
7440 -82.468095831 27.821194627 2.111584
7441 -82.572076620 27.973442065 0.661255
7442 -82.648863223 27.537368796 -0.000000
7443 -82.637403138 27.706017848 3.761916
7444 -82.414996764 27.768084833 -0.872610
7445 -82.565647590 27.514428247 -0.000000
7446 -82.691607213 27.728470000 0.100000
7447 -82.831050771 27.953078131 -1.912398
7448 -82.452175196 27.939328217 -2.579420
7449 -82.505177100 27.728175895 3.650204
7450 -82.754970008 27.719924522 6.274893
7451 -82.649247646 27.484446633 -0.000000
7452 -82.488574833 27.817099669 1.049281
7453 -82.823261125 27.836502108 1.039812
7454 -82.666412634 28.027103868 1.317669
7455 -82.603011792 27.888776504 2.157476
7456 -82.820168000 27.950468957 2.427093
7457 -82.421561655 27.766593390 -1.127223
7458 -82.542659217 27.869226490 1.913939
7459 -82.622680430 27.894721877 1.678821
7460 -82.607204268 27.552994248 1.268531
7461 -82.809560552 28.017123539 0.810139
7462 -82.618888675 27.772339276 5.485772
7463 -82.711754510 27.511438026 -0.000000
7464 -82.733860235 27.516672639 -0.000000
7465 -82.394552856 27.824882615 0.536364
7466 -82.430959588 27.519315877 -0.000000
7467 -82.843390124 27.983980847 5.555336
7468 -82.440545277 27.871890889 5.918003
7469 -82.728492660 27.750148891 0.118863
7470 -82.424130358 27.820753904 3.381461
7471 -82.804671255 28.057929432 -0.000000
7472 -82.675967471 27.998901208 0.837743
7473 -82.642801760 27.895784697 -6.100504
7474 -82.738717179 27.549929489 -0.000000
7475 -82.562041291 27.578526764 0.477334
7476 -82.766733145 27.529191828 -0.000000
7477 -82.815255380 28.056267816 -0.000000
7478 -82.598911966 27.524173333 -0.000000
7479 -82.725312731 27.748591921 -2.268900
7480 -82.577135902 27.602653397 -0.189917
7481 -82.819681906 28.037913585 -0.871450
7482 -82.541760721 27.859710315 0.142416
7483 -82.549938227 27.950115709 1.364157
7484 -82.416182273 27.879512462 2.540032
7485 -82.544231982 27.853561936 0.100077
7486 -82.586661632 27.544045195 -0.000000
7487 -82.673689556 27.489466021 -0.000000
7488 -82.469229133 27.915747375 4.219583
7489 -82.792917774 28.015240568 1.248364
7490 -82.458298501 27.754961814 0.777836
7491 -82.687485183 27.701941997 -0.373797
7492 -82.521239284 27.512218537 -0.000000
7493 -82.699919056 27.980360066 -1.178977
7494 -82.683142785 28.025642000 2.287336
7495 -82.606370682 27.991054850 -0.484227
7496 -82.400287354 27.842544573 0.679489
7497 -82.424281454 27.943699611 1.374494
7498 -82.839761445 27.837901583 1.048724
7499 -82.694175372 27.964967889 -0.385149
7500 -82.604119695 27.505951203 -0.000000
7501 -82.621951922 27.789821495 2.464331
7502 -82.750258464 27.751087367 0.689416
7503 -82.574792752 27.505932228 -0.000000
7504 -82.799627016 28.029448119 1.678546
7505 -82.520197549 27.718990834 2.888374
7506 -82.436778217 27.883386525 3.474764
7507 -82.694864799 27.718067449 -1.161819
7508 -82.541769227 27.839561638 2.380754
7509 -82.542558440 27.655763816 -0.627970
7510 -82.434821761 27.843192138 4.000638
7511 -82.463960999 27.527065645 -0.000000
7512 -82.459151581 27.868666304 3.251002
7513 -82.855362074 27.822556458 -0.000000
7514 -82.518585323 27.700790777 0.769596
7515 -82.475752300 27.818826847 1.085181
7516 -82.605118202 27.797761500 1.490858
7517 -82.814823736 28.035108950 0.438775
7518 -82.499692388 27.486455971 -0.000000
7519 -82.433043748 27.937605708 0.997747
7520 -82.645867747 27.901930094 0.845182
7521 -82.594480834 27.803058690 1.596997
7522 -82.880478476 27.946158854 -0.000000
7523 -82.719769980 27.500671136 -0.000000
7524 -82.531961449 27.937635950 0.389747
7525 -82.455507341 27.516623108 -0.000000
7526 -82.577719674 27.616784764 3.147890
7527 -82.546421288 27.823126044 1.795597
7528 -82.472079326 27.738480111 -0.166730
7529 -82.795149227 28.019070782 1.814803
7530 -82.586532773 27.981003755 -0.878520
7531 -82.631191028 27.521671887 -0.000000
7532 -82.706410991 27.526384801 -0.000000
7533 -82.551092414 27.603856785 0.525171
7534 -82.603047539 27.864821573 -0.347338
7535 -82.565342193 27.848523079 6.441324
7536 -82.612436001 27.978405297 1.208174
7537 -82.409227303 27.897194571 -0.855276
7538 -82.498571962 27.535804513 -0.000000
7539 -82.702040550 27.936321873 2.136012
7540 -82.419741696 27.513549283 -0.000000
7541 -82.693088214 27.924029745 0.860824
7542 -82.415111413 27.894843277 0.751085
7543 -82.589300753 27.589293236 -0.126485
7544 -82.769521826 27.830455425 0.250521
7545 -82.861306309 27.512368741 -0.000000
7546 -82.587352061 27.542734371 -0.000000
7547 -82.688543375 27.964919330 0.990090
7548 -82.586639940 27.576979977 -0.736010
7549 -82.414276720 27.522046182 -0.000000
7550 -82.666702893 27.697784937 3.400747
7551 -82.485266323 27.909497120 2.919154
7552 -82.659876707 27.488050318 -0.000000
7553 -82.577075218 27.509181476 -0.000000
7554 -82.569378426 27.836421280 8.940350
7555 -82.445912359 27.766173312 1.210625
7556 -82.627297105 27.793445641 1.202402
7557 -82.523368262 27.793490888 7.858576
7558 -82.617979691 27.805496901 -1.895903
7559 -82.414862055 27.952175713 0.654666
7560 -82.625446503 27.954522222 4.221004
7561 -82.447497233 27.859210400 5.772956
7562 -82.595555518 27.796537730 3.490553
7563 -82.824560349 28.029794562 1.969159
7564 -82.755588818 27.790577720 0.457289
7565 -82.524211363 27.497593110 -0.000000
7566 -82.696168322 27.664456510 0.759994
7567 -82.766172013 27.817883188 0.741376
7568 -82.398814854 27.818281583 0.734226
7569 -82.433226962 27.888643051 6.349031
7570 -82.571533743 27.500763321 -0.000000
7571 -82.598577428 27.563343452 0.208315
7572 -82.723083208 27.553959349 4.653803
7573 -82.474068017 27.929638385 1.589441
7574 -82.438959469 27.878818313 5.460642
7575 -82.590936971 27.841526471 0.904920
7576 -82.815283477 28.018942891 0.431218
7577 -82.694872121 27.975378544 1.027789
7578 -82.577859679 27.604032352 0.671851
7579 -82.539716149 27.872689389 1.724171
7580 -82.512231799 27.496131112 -0.000000
7581 -82.631791476 27.932253242 4.209849
7582 -82.774270719 27.835797940 -1.969332
7583 -82.551924153 27.511194990 -0.000000
7584 -82.664169888 27.700722601 2.419317
7585 -82.600597301 27.866746711 1.551202
7586 -82.431165767 27.688933470 -5.796148
7587 -82.791996453 28.032459009 1.340520
7588 -82.583406037 27.999116901 -2.270707
7589 -82.604662900 28.003580584 -0.563024
7590 -82.664979640 27.994537568 1.100000
7591 -82.416641276 27.786263948 0.535426
7592 -82.729585443 27.709063860 2.751999
7593 -82.595111374 27.987521085 -0.407316
7594 -82.550659459 27.759037925 4.574098
7595 -82.627959553 28.013120756 -0.255643
7596 -82.850042384 27.871905557 -0.000000
7597 -82.437312029 27.524147379 -0.000000
7598 -82.558027386 27.618979171 -0.712567
7599 -82.483232695 27.732003285 2.813887
7600 -82.784256045 28.046592212 -1.241585
7601 -82.755038467 27.832824403 0.100000
7602 -82.653404314 28.013996858 0.867689
7603 -82.410664153 27.791695390 1.624318
7604 -82.597364786 27.504211389 -0.000000
7605 -82.625107758 27.775205686 4.710695
7606 -82.603456804 27.985490335 -1.820748
7607 -82.536455044 27.867040855 -0.354223
7608 -82.620909263 27.994672309 0.054523
7609 -82.496382327 27.510407963 -0.000000
7610 -82.855569978 27.890742556 -0.000000
7611 -82.442191910 27.870601002 14.542309
7612 -82.639408207 27.906531687 0.534914
7613 -82.715009919 27.706172321 -2.289875
7614 -82.606836177 27.765211168 5.977346
7615 -82.568263433 27.594645171 -0.645030
7616 -82.664055144 27.911712962 0.147849
7617 -82.610059856 27.843822451 0.597376
7618 -82.453729283 27.894425950 3.220000
7619 -82.607594030 27.975393433 1.159023
7620 -82.805345761 27.989157239 1.940786
7621 -82.440174552 27.840957567 1.748580
7622 -82.596679029 27.861581321 10.530176
7623 -82.445869109 27.685401255 1.361345
7624 -82.645288663 27.919789932 1.400000
7625 -82.658553588 27.911840191 0.766075
7626 -82.459957620 27.522258509 -0.000000
7627 -82.732156272 27.722842994 -1.086173
7628 -82.489620305 27.915229503 1.079129
7629 -82.439826236 27.906613430 13.159712
7630 -82.675286240 27.669111296 1.717811
7631 -82.596618598 27.814809606 -2.107664
7632 -82.565627023 27.972961989 0.100000
7633 -82.738466255 27.511762382 -0.000000
7634 -82.582215475 27.510610872 -0.000000
7635 -82.683586923 27.706533237 3.630843
7636 -82.588041018 27.981448910 -0.614227
7637 -82.837164506 27.985367213 4.651088
7638 -82.641680363 27.686958683 2.777978
7639 -82.683661393 27.516514335 -0.000000
7640 -82.617539039 27.851611073 3.490000
7641 -82.466997787 27.515991192 -0.000000
7642 -82.483877548 27.922474877 1.093413
7643 -82.469730980 27.727395523 0.097118
7644 -82.504626153 27.502004156 -0.000000
7645 -82.587040556 27.631891781 4.354681
7646 -82.424803383 27.861162731 3.462614
7647 -82.662073864 27.910990328 -0.261090
7648 -82.675589176 27.905246007 -1.936181
7649 -82.510477983 27.827891929 0.506450
7650 -82.591910595 27.513112757 -0.000000
7651 -82.422025839 27.510009719 -0.000000
7652 -82.851820709 27.870342604 -0.000000
7653 -82.513075241 27.498359957 -0.000000
7654 -82.523792484 27.819789602 3.727452
7655 -82.820024920 28.009992415 1.379269
7656 -82.449999132 27.828051987 5.831054
7657 -82.622518620 27.882959017 0.093296
7658 -82.406478022 27.531160329 -0.000000
7659 -82.456052883 27.833476466 5.888650
7660 -82.597840865 27.531094612 -0.000000
7661 -82.726474463 27.725877296 3.475345
7662 -82.852273072 27.872425041 -0.000000
7663 -82.600979614 27.802208717 0.899918
7664 -82.625748694 27.738153810 2.463658
7665 -82.548057087 27.833462687 1.808141
7666 -82.585294118 27.539016092 -0.000000
7667 -82.474312212 27.720523541 0.118845
7668 -82.691100898 27.705785813 1.908101
7669 -82.821144567 27.833160142 1.477240
7670 -82.551570711 27.961792546 0.664019
7671 -82.645173556 27.492433978 -0.000000
7672 -82.702174579 27.735320134 1.776958
7673 -82.423076704 27.782055724 -1.872807
7674 -82.520365651 27.696490402 0.770089
7675 -82.825305565 27.835667153 0.928834
7676 -82.817899578 28.035938825 -0.531627
7677 -82.635483554 27.525590021 -0.000000
7678 -82.602374633 27.557701911 -0.302065
7679 -82.710482430 27.509223047 -0.000000
7680 -82.599649976 27.514102359 -0.000000
7681 -82.518771269 27.506192906 -0.000000
7682 -82.502871257 27.708781156 1.332992
7683 -82.604585779 27.994217577 -1.165852
7684 -82.825551253 27.981928863 -1.286909
7685 -82.629214717 27.764254153 -1.780178
7686 -82.699501889 27.652963358 1.496734
7687 -82.670463203 28.021656484 2.580000
7688 -82.458449253 27.770065978 3.758444
7689 -82.543331690 27.672353779 1.468053
7690 -82.726743837 27.934899559 -0.345653
7691 -82.566206693 27.611842119 -0.455807
7692 -82.635355963 27.690853199 3.448131
7693 -82.558739508 27.590427581 -0.490560
7694 -82.650291496 28.022464469 -0.784020
7695 -82.538326775 27.868597020 1.203043
7696 -82.769937797 27.827045139 0.271328
7697 -82.612603065 27.842613697 0.178397
7698 -82.666022425 27.487873648 -0.000000
7699 -82.752496567 27.757520209 -1.736927
7700 -82.431945991 27.767466085 0.327263
7701 -82.625475781 27.847645301 -2.782009
7702 -82.809597828 27.979535756 0.757609
7703 -82.492375785 27.526827467 -0.000000
7704 -82.836495017 27.925208645 0.417788
7705 -82.544273672 27.862161849 8.604740
7706 -82.631409883 27.796602572 -1.208934
7707 -82.583575719 27.975569502 0.841011
7708 -82.597081063 27.863958303 -2.491529
7709 -82.555189129 27.612952772 -0.594000
7710 -82.658843168 27.483845414 -0.000000
7711 -82.473354870 27.715304645 1.331427
7712 -82.854307134 27.939785114 -0.000000
7713 -82.654638627 27.500776777 -0.000000
7714 -82.404278053 27.793521218 0.490169
7715 -82.878627379 27.696149240 -0.000000
7716 -82.585901380 27.778072834 6.174957
7717 -82.628889346 27.720710797 -1.397610
7718 -82.523194683 27.832454595 0.533723
7719 -82.596907453 27.871558539 1.078694
7720 -82.680986624 27.704676887 3.867680
7721 -82.460965514 27.755080677 1.086431
7722 -82.823927408 28.015561732 0.534415
7723 -82.630400951 27.835829436 0.093472
7724 -82.544623281 27.660476980 0.221972
7725 -82.555585776 27.965604305 0.669521
7726 -82.840676540 27.844133604 -1.531589
7727 -82.556065121 27.508634621 -0.000000
7728 -82.548216766 27.937088447 2.103567
7729 -82.580073811 27.705318960 5.909410
7730 -82.805929263 27.960767217 1.016410
7731 -82.674056896 27.590881814 6.462612
7732 -82.420589910 27.856633734 3.112811
7733 -82.735603993 27.727874118 2.131361
7734 -82.620253115 27.536201416 -0.000000
7735 -82.427743061 27.921119702 12.028648
7736 -82.476818082 27.516303136 -0.000000
7737 -82.434278595 27.846160990 6.113868
7738 -82.565035543 27.964921039 0.849062
7739 -82.634598502 27.901482574 1.026007
7740 -82.658235052 27.909934891 0.230943
7741 -82.627281666 27.528865618 -0.000000
7742 -82.561170302 27.574586387 0.950664
7743 -82.682708633 27.977314576 1.288629
7744 -82.583983145 27.553607629 3.291945
7745 -82.564926281 27.672544753 5.060000
7746 -82.571962169 27.559713642 -1.885716
7747 -82.564065317 27.606649431 0.668710
7748 -82.811980396 28.053393479 -0.000000
7749 -82.487614656 27.914148408 2.581093
7750 -82.618673674 27.819764269 -0.385786
7751 -82.570315993 27.568909308 -1.417758
7752 -82.403729544 27.806354327 -2.953283
7753 -82.587256288 27.968890418 3.172601
7754 -82.544254310 27.694273852 3.281718
7755 -82.698881585 27.710213273 -1.818052
7756 -82.596228212 27.505737952 -0.000000
7757 -82.404346506 27.865776216 0.720761
7758 -82.432444981 27.939294973 1.742079
7759 -82.416730692 27.948029339 -1.524778
7760 -82.550119375 27.963225950 0.220011
7761 -82.514661649 27.503791253 -0.000000
7762 -82.616100713 27.782446797 1.392638
7763 -82.686328612 27.981743915 -0.391903
7764 -82.604183888 27.515770693 -0.000000
7765 -82.490017385 27.716426578 1.346875
7766 -82.667821442 28.016531772 0.659866
7767 -82.697893694 27.968774231 0.545431
7768 -82.756955590 27.753341686 -1.227476
7769 -82.783482340 27.800252909 1.865436
7770 -82.772665329 27.832002016 -1.176769
7771 -82.787897000 27.767606939 5.161063
7772 -82.638260312 27.902827841 -1.144805
7773 -82.614128859 27.748505252 5.827188
7774 -82.428128217 27.885465220 3.189541
7775 -82.455702488 27.800723258 5.417408
7776 -82.418917686 27.784686700 0.764718
7777 -82.625728442 27.725248428 0.980709
7778 -82.420008337 27.808052715 13.018291
7779 -82.508575287 27.519817458 -0.000000
7780 -82.677941301 27.999277860 0.808403
7781 -82.749245290 27.833312587 -0.712488
7782 -82.632806211 27.890668395 -0.083662
7783 -82.730294118 27.746365084 0.577208
7784 -82.565059770 27.508544548 -0.000000
7785 -82.753410024 27.771664171 3.783853
7786 -82.483177751 27.523095773 -0.000000
7787 -82.452174308 27.696754264 -0.394732
7788 -82.586944176 27.573559260 1.092067
7789 -82.780464330 27.806599617 0.828096
7790 -82.821110168 27.962367030 5.162118
7791 -82.468494545 27.841991435 0.519110
7792 -82.808111651 27.807083942 -0.848564
7793 -82.637193162 27.895881629 0.790001
7794 -82.438520620 27.901943048 14.729194
7795 -82.416958778 27.928360846 0.744892
7796 -82.685918654 27.704781559 -0.264655
7797 -82.688140888 27.727125845 -2.021281
7798 -82.613236972 27.765968391 7.926648
7799 -82.621781281 27.516631864 -0.000000
7800 -82.764700377 27.737832511 4.605180
7801 -82.428703793 27.764791864 -1.434164
7802 -82.819805767 27.930872683 0.661375
7803 -82.843828581 28.037889156 5.450000
7804 -82.449780078 27.784632777 4.781237
7805 -82.559573394 27.642908323 2.511058
7806 -82.477298139 27.871989204 3.910000
7807 -82.402505028 27.525730237 -0.000000
7808 -82.504511876 27.710757961 0.185278
7809 -82.787744211 27.809337560 1.545253
7810 -82.839569405 27.966837339 4.832190
7811 -82.710105488 27.492702504 -0.000000
7812 -82.444525906 27.850088065 14.465190
7813 -82.755695284 27.785323612 1.770741
7814 -82.809433892 27.781764282 6.409685
7815 -82.680421529 28.021265021 2.561785
7816 -82.399977080 27.823229990 0.769163
7817 -82.744851929 27.770718060 -1.416709
7818 -82.780118219 27.804656043 1.756617
7819 -82.851512843 27.751745678 -0.000000
7820 -82.819937816 27.984995444 -1.333345
7821 -82.725469859 27.496970502 -0.000000
7822 -82.403818930 27.848227553 0.607869
7823 -82.625073121 27.726886396 0.955620
7824 -82.714304844 27.935246516 1.053399
7825 -82.871827943 27.845557493 -0.000000
7826 -82.610991716 27.819218980 -1.113528
7827 -82.698052815 27.490070799 -0.000000
7828 -82.560258177 27.973285067 -2.483142
7829 -82.803558437 27.984041367 1.850792
7830 -82.511071034 27.698509858 -0.563342
7831 -82.511641595 27.497560356 -0.000000
7832 -82.709261094 27.523907069 -0.000000
7833 -82.862715691 27.862913726 -0.000000
7834 -82.552674136 27.602022881 0.074562
7835 -82.626066094 27.545975500 -0.000000
7836 -82.690093178 27.703236772 0.347368
7837 -82.721559511 27.742946917 0.099907
7838 -82.601789694 27.872181822 2.817446
7839 -82.569563688 27.607987371 1.291200
7840 -82.473882579 27.719052636 1.394027
7841 -82.402775429 27.530697403 -0.000000
7842 -82.453746913 27.518492983 -0.000000
7843 -82.606470428 28.003033576 -1.478449
7844 -82.497825528 27.716338044 0.587688
7845 -82.582984048 27.973044676 0.857890
7846 -82.439896759 27.887732627 14.026931
7847 -82.586558382 27.579289167 -1.058450
7848 -82.691493370 27.964823706 -0.378795
7849 -82.426813367 27.865707751 3.860000
7850 -82.584225259 27.970295870 2.772084
7851 -82.399406925 27.816455892 0.753965
7852 -82.483360688 27.860835891 0.800000
7853 -82.821928365 27.817698470 -1.568769
7854 -82.628990442 28.016316142 -0.356906
7855 -82.660660312 27.531346732 -0.000000
7856 -82.575627278 27.501594319 -0.000000
7857 -82.588240724 27.582356673 -0.548439
7858 -82.452954424 27.513188838 -0.000000
7859 -82.813075362 27.950429003 2.040972
7860 -82.417286935 27.780783664 0.099968
7861 -82.500116054 27.482470324 -0.000000
7862 -82.743429171 27.743282140 0.697101
7863 -82.551817374 27.621857880 -0.549673
7864 -82.451794087 27.509922785 -0.000000
7865 -82.618304180 27.564783696 -0.329902
7866 -82.438381760 27.862759176 2.673042
7867 -82.563111667 27.636106351 -2.025982
7868 -82.753101126 27.780384483 1.970000
7869 -82.484620124 27.811469336 3.697290
7870 -82.589283680 27.809601881 2.424445
7871 -82.444613030 27.512178033 -0.000000
7872 -82.801335828 27.823623108 -1.879624
7873 -82.500946968 27.512408270 -0.000000
7874 -82.708075833 27.724331115 2.225677
7875 -82.454407950 27.712347595 -1.581468
7876 -82.606893999 27.586211512 0.725849
7877 -82.590420132 28.001636420 -1.016323
7878 -82.599645768 27.504012017 -0.000000
7879 -82.622235712 27.846712627 -2.287275
7880 -82.616979129 27.746496497 5.601269
7881 -82.443763851 27.526083141 -0.000000
7882 -82.583235187 27.819005145 4.104833
7883 -82.631850427 27.546758722 -0.000000
7884 -82.489263389 27.711327493 1.288787
7885 -82.858672087 27.891551241 -0.000000
7886 -82.480123569 27.857499452 3.324293
7887 -82.617095806 27.540012666 -0.000000
7888 -82.446830490 27.819828638 14.240004
7889 -82.604695195 27.997909480 0.054590
7890 -82.465388603 27.908473575 2.689704
7891 -82.695738517 27.973687196 0.465121
7892 -82.815830982 27.997119755 3.654563
7893 -82.629809052 27.762552621 -1.765203
7894 -82.507394713 27.706751467 1.058305
7895 -82.639264598 27.894048551 -1.161865
7896 -82.453183349 27.714311200 -1.047419
7897 -82.682671573 27.916837981 0.357004
7898 -82.494406099 27.513173345 -0.000000
7899 -82.717958932 27.935868829 0.697903
7900 -82.849829978 27.859008097 1.934939
7901 -82.843609086 27.887083543 -1.280212
7902 -82.834421358 27.921318875 2.381220
7903 -82.542262804 27.686731890 1.197701
7904 -82.439694100 27.866139647 4.762558
7905 -82.494398137 27.533571319 -0.000000
7906 -82.709482127 27.932488994 0.990107
7907 -82.475188228 27.928048152 0.827752
7908 -82.509700566 27.524782695 -0.000000
7909 -82.412406846 27.782182411 -0.485353
7910 -82.464018028 27.936673716 2.135787
7911 -82.403313559 27.773240929 -2.369282
7912 -82.615993476 27.890082107 1.496364
7913 -82.648625856 27.534028767 -0.000000
7914 -82.467729889 27.858171705 4.280843
7915 -82.471830472 27.893195622 3.514695
7916 -82.622207600 27.736687527 1.071079
7917 -82.650096631 27.559690494 4.790000
7918 -82.746881979 27.770103552 -1.586751
7919 -82.424788077 27.925552152 7.887010
7920 -82.815400805 27.811024916 -1.539155
7921 -82.824739800 27.584849393 8.123170
7922 -82.552642052 27.623824835 -0.709360
7923 -82.489690653 27.511143612 -0.000000
7924 -82.607209572 27.868243379 -2.024045
7925 -82.830656848 27.935572896 1.754887
7926 -82.848693056 28.032576375 6.258049
7927 -82.730256176 27.552222700 3.892447
7928 -82.860390765 27.840318548 -0.000000
7929 -82.420740846 27.515026264 -0.000000
7930 -82.554245673 27.604104277 0.912580
7931 -82.678073455 27.690413621 -0.506666
7932 -82.655104004 27.687268054 2.546969
7933 -82.710149816 27.513733296 -0.000000
7934 -82.426430055 27.873767794 -4.946381
7935 -82.526335887 27.684844465 -0.508594
7936 -82.613603340 27.881554685 -0.004218
7937 -82.791156891 27.748465853 6.467636
7938 -82.614375827 27.587293939 1.781126
7939 -82.761120250 27.807572919 1.668060
7940 -82.603930813 27.893690643 2.290000
7941 -82.509186313 27.676177111 0.430201
7942 -82.853165728 28.045727585 -0.000000
7943 -82.629881798 27.531291970 -0.000000
7944 -82.681186791 27.923035718 1.994079
7945 -82.605639231 27.873261615 -1.480553
7946 -82.826927095 28.016200554 -0.724005
7947 -82.688562075 27.950275071 2.255378
7948 -82.679021473 27.990618982 2.367836
7949 -82.436722435 27.903100487 14.056729
7950 -82.458939745 27.836596967 5.108395
7951 -82.597657616 27.589951945 -0.431693
7952 -82.516505631 27.495679058 -0.000000
7953 -82.810826714 27.951109710 0.994023
7954 -82.603402477 27.977519630 0.747977
7955 -82.805208412 27.819808355 1.535680
7956 -82.645162995 28.010254286 1.070000
7957 -82.568401651 27.637279242 13.723312
7958 -82.694431372 27.713137886 4.998315
7959 -82.811403907 27.960966513 2.176048
7960 -82.517359625 27.832568229 -0.543046
7961 -82.884518435 27.932883860 -0.000000
7962 -82.390446145 27.822166891 0.632658
7963 -82.495878158 27.708322939 0.430351
7964 -82.714854534 27.932670282 0.564316
7965 -82.814429080 27.958362987 2.339309
7966 -82.594637200 27.854178532 0.771288
7967 -82.645769536 28.005955958 1.079343
7968 -82.467612081 27.745211178 -0.345749
7969 -82.424271254 27.766058379 -2.549892
7970 -82.824874994 27.966630620 -1.653216
7971 -82.490089974 27.527451294 -0.000000
7972 -82.642034603 27.627003928 15.562405
7973 -82.670779443 27.704757543 -2.355526
7974 -82.465473263 27.524057696 -0.000000
7975 -82.463984867 27.926121701 4.793130
7976 -82.721700085 27.521109376 -0.000000
7977 -82.619318693 27.778395113 3.706362
7978 -82.485980617 27.512893871 -0.000000
7979 -82.455736171 27.931300094 -1.471658
7980 -82.471206557 27.819176948 1.280601
7981 -82.465713576 27.897727401 2.614276
7982 -82.531850755 27.699321500 2.628771
7983 -82.628937056 27.894459751 0.987537
7984 -82.740120990 27.727822059 1.648829
7985 -82.536343650 27.827973759 3.165760
7986 -82.700678296 27.926139672 0.741657
7987 -82.617518583 27.537317277 -0.000000
7988 -82.522227860 27.693487338 0.650363
7989 -82.706819312 27.958285431 0.327618
7990 -82.616803569 27.973887581 3.475390
7991 -82.662187565 27.658733787 2.982206
7992 -82.512965624 27.523936073 -0.000000
7993 -82.742860700 27.762399384 0.857391
7994 -82.597602337 27.566030204 0.906789
7995 -82.588058032 27.978350736 0.641643
7996 -82.654889134 27.909686749 0.235397
7997 -82.840643078 27.916037467 0.607404
7998 -82.702296599 27.487639153 -0.000000
7999 -82.614019034 27.534218403 -0.000000
8000 -82.673445370 27.704777066 2.101562
8001 -82.706290278 27.717788148 0.545567
8002 -82.645613649 27.487707956 -0.000000
8003 -82.436343324 27.862601461 4.339560
8004 -82.790967675 28.037046986 1.426849
8005 -82.492485209 27.524544035 -0.000000
8006 -82.694743361 27.925072543 0.886750
8007 -82.754836677 27.750963272 -1.552223
8008 -82.686099734 27.495778791 -0.000000
8009 -82.722391330 27.728480000 3.443259
8010 -82.533684261 27.892722326 -1.655723
8011 -82.760356038 27.816438980 0.769948
8012 -82.601296215 27.559979748 -0.113260
8013 -82.626541059 27.836554046 -0.199816
8014 -82.459293959 27.815699514 6.036677
8015 -82.674000600 27.997433889 4.146171
8016 -82.505070159 27.505899691 -0.000000
8017 -82.419741785 27.867166669 3.515865
8018 -82.575434707 27.970518002 1.510775
8019 -82.434512470 27.515343863 -0.000000
8020 -82.595307663 27.584560410 -0.575715
8021 -82.614126923 27.887097117 -0.021770
8022 -82.666942944 27.516787957 -0.000000
8023 -82.454309874 27.826375690 5.252100
8024 -82.556711695 27.796343079 6.436566
8025 -82.830757383 28.026420912 3.981346
8026 -82.575639070 27.549243359 -0.000000
8027 -82.764813136 27.808612839 1.616913
8028 -82.451357727 27.909951456 2.800646
8029 -82.817448948 28.056180071 -0.000000
8030 -82.632844092 27.859014711 -1.187335
8031 -82.455558628 27.844322058 5.679963
8032 -82.565208799 27.511261903 -0.000000
8033 -82.695528771 27.981488865 0.100000
8034 -82.509646492 27.522460152 -0.000000
8035 -82.636500640 27.528321501 -0.000000
8036 -82.641622183 28.022978065 -0.543202
8037 -82.643747269 27.944590792 4.197412
8038 -82.717799625 27.742648935 -0.371705
8039 -82.599053092 27.801574111 1.047408
8040 -82.407596826 27.822107250 0.834117
8041 -82.524772258 27.832544216 0.678252
8042 -82.409232251 27.526389738 -0.000000
8043 -82.589056811 27.890163283 1.369872
8044 -82.409520989 27.893685379 -0.832345
8045 -82.656976890 27.989933207 1.877925
8046 -82.679852201 27.980344718 2.606229
8047 -82.450048933 27.510436274 -0.000000
8048 -82.625438933 27.746097663 -1.421555
8049 -82.612967245 27.593086819 2.533093
8050 -82.747419901 27.750579921 0.645599
8051 -82.726298873 27.942199386 -1.768062
8052 -82.607450828 27.964734554 5.184273
8053 -82.605602717 27.794496922 1.964231
8054 -82.616844099 27.808772356 -1.487442
8055 -82.467567085 27.826046116 2.551121
8056 -82.638389268 27.702690783 3.424117
8057 -82.455461564 27.899639561 3.165623
8058 -82.542045869 27.832090152 3.214810
8059 -82.718406808 27.519751603 -0.000000
8060 -82.422047778 27.785138144 -2.321969
8061 -82.653114983 27.699255582 0.856912
8062 -82.764164723 27.811212697 1.315653
8063 -82.576186789 27.598613591 0.755460
8064 -82.681567621 27.647116970 2.316870
8065 -82.414993557 27.514253697 -0.000000
8066 -82.501586842 27.826046416 -0.392771
8067 -82.662059514 27.520405767 -0.000000
8068 -82.451764290 27.708545030 -0.597345
8069 -82.688645711 28.032000189 0.277478
8070 -82.401006534 27.820089434 0.725127
8071 -82.592035691 27.852314035 1.146681
8072 -82.687901408 27.972534438 -0.400769
8073 -82.466354375 27.747817803 0.253499
8074 -82.633205557 27.887166651 -0.338967
8075 -82.754079064 27.760885850 -2.278851
8076 -82.435123408 27.685168164 -1.082886
8077 -82.749063225 27.693220210 4.968489
8078 -82.541622433 27.750345310 5.079103
8079 -82.428261728 27.895844485 2.291701
8080 -82.587836560 27.971522720 2.339925
8081 -82.547327848 27.865321192 1.977469
8082 -82.590034865 27.995021643 -0.454213
8083 -82.486351760 27.905022945 2.065054
8084 -82.452525373 27.905712109 4.003510
8085 -82.491599882 27.510240195 -0.000000
8086 -82.478177239 27.736143823 1.741381
8087 -82.796001908 27.997989021 1.107353
8088 -82.477158534 27.922529602 2.320000
8089 -82.762229903 27.728798931 6.113678
8090 -82.585011417 27.616084716 3.160004
8091 -82.574106024 27.557204088 -1.290952
8092 -82.521241325 27.702387017 0.752854
8093 -82.547591989 27.773554311 6.977090
8094 -82.637652458 27.523573620 -0.000000
8095 -82.838139502 28.005531169 4.132059
8096 -82.843561874 27.840694952 4.099406
8097 -82.740690290 27.755378335 -1.619817
8098 -82.570523048 27.573042748 0.624387
8099 -82.499335154 27.709670071 0.723309
8100 -82.455093453 27.938691276 -1.639935
8101 -82.822237775 27.560703867 7.417577
8102 -82.671147372 28.014842090 1.233943
8103 -82.389765320 27.844034886 -0.500629
8104 -82.788080848 27.537423212 -0.000000
8105 -82.584775736 27.997711453 -0.367876
8106 -82.631036745 28.017717315 -0.614705
8107 -82.654957468 27.522468822 -0.000000
8108 -82.678523664 28.014645694 2.816093
8109 -82.594633594 28.000318947 -1.720888
8110 -82.594433414 27.514875643 -0.000000
8111 -82.613845264 27.804668230 -1.863783
8112 -82.417311617 27.882422522 2.419182
8113 -82.666993187 27.567858417 5.038546
8114 -82.603558016 27.938991665 5.090325
8115 -82.518722274 27.679267200 0.125912
8116 -82.444935204 27.804335406 5.590007
8117 -82.633461674 27.521951411 -0.000000
8118 -82.461257923 27.908099805 1.269344
8119 -82.743966140 27.701947116 4.784302
8120 -82.623502842 27.512793715 -0.000000
8121 -82.464210293 27.747875601 -0.605661
8122 -82.632816376 27.696193265 3.447942
8123 -82.773406423 27.692930646 6.860719
8124 -82.554725872 27.952094967 2.558603
8125 -82.719503013 27.735348403 1.950282
8126 -82.630754044 27.771474643 4.505711
8127 -82.518585603 27.497805875 -0.000000
8128 -82.532684528 27.821442144 3.901781
8129 -82.842304405 28.032625978 6.054819
8130 -82.590335709 27.638295594 6.045989
8131 -82.646211226 27.532425770 -0.000000
8132 -82.626624433 27.566167097 2.972492
8133 -82.705504501 27.488032684 -0.000000
8134 -82.521009075 27.705450015 1.035382
8135 -82.540488479 27.867753366 2.097339
8136 -82.562340373 27.618224676 -0.484570
8137 -82.653272678 27.494659812 -0.000000
8138 -82.813448325 28.018609711 0.482026
8139 -82.820970392 27.783739931 5.882729
8140 -82.460372219 27.529626586 -0.000000
8141 -82.538014780 27.673637245 0.804282
8142 -82.689084322 27.985071729 -0.415896
8143 -82.446527225 27.762760021 0.824284
8144 -82.712242864 27.509239491 -0.000000
8145 -82.426637133 27.517929334 -0.000000
8146 -82.705962701 27.924240245 -1.484964
8147 -82.671555741 27.501492328 -0.000000
8148 -82.569255790 27.509276918 -0.000000
8149 -82.542878193 27.863706170 2.143131
8150 -82.688434804 27.501935116 -0.000000
8151 -82.597601411 27.963594931 4.679395
8152 -82.693859507 27.517517177 -0.000000
8153 -82.390297411 27.818466941 0.424808
8154 -82.833098346 27.976038782 3.568177
8155 -82.480157683 27.728622817 1.714931
8156 -82.814667526 27.984325297 -1.900616
8157 -82.435594442 27.511290576 -0.000000
8158 -82.675954149 28.032973510 -0.917484
8159 -82.750925033 27.730037034 4.279612
8160 -82.565931130 27.627052996 -0.374935
8161 -82.700325368 27.534230382 -0.000000
8162 -82.539220158 27.940592999 2.556381
8163 -82.487887873 27.507171551 -0.000000
8164 -82.583348814 27.505895160 -0.000000
8165 -82.767970719 27.744122817 4.216945
8166 -82.478528697 27.520088588 -0.000000
8167 -82.446956718 27.908665372 -0.116835
8168 -82.615567501 27.861118959 -0.552928
8169 -82.726337617 27.504893947 -0.000000
8170 -82.847079806 28.055248694 -0.000000
8171 -82.424215794 27.933156388 1.979605
8172 -82.474564630 27.723328608 -0.604050
8173 -82.649000340 27.523197509 -0.000000
8174 -82.785799512 28.059012207 -0.000000
8175 -82.813952807 27.941001387 0.926566
8176 -82.721446211 27.952626298 -0.212646
8177 -82.848914902 27.861800599 -1.852423
8178 -82.804399903 27.816984615 2.756960
8179 -82.683449121 28.019654474 1.101838
8180 -82.694109168 27.736107560 0.521488
8181 -82.579188352 27.592616703 -0.590507
8182 -82.425512472 27.521550330 -0.000000
8183 -82.586844005 27.601067653 1.363105
8184 -82.772187153 27.729656220 7.009753
8185 -82.563244426 27.967479326 -2.131185
8186 -82.539645170 27.675885475 1.182792
8187 -82.760322081 27.741391041 3.541155
8188 -82.718549522 27.947453994 3.014294
8189 -82.689819859 27.928932721 2.696232
8190 -82.589144240 27.572490505 1.514975
8191 -82.519363921 27.510072366 -0.000000
8192 -82.651116714 27.997759539 1.952945
8193 -82.475677526 27.908158928 3.229996
8194 -82.402944140 27.866808096 0.447184
8195 -82.605023289 27.866822693 -0.196680
8196 -82.433115661 27.684399508 -1.079676
8197 -82.565008921 27.584930772 -0.462714
8198 -82.640745243 27.559354515 3.858432
8199 -82.464994663 27.844021216 1.091723
8200 -82.630876134 27.794880639 2.735358
8201 -82.419856097 27.782013879 -0.317391
8202 -82.653514675 27.995213608 1.916627
8203 -82.586000808 27.996355010 -1.222740
8204 -82.489380925 27.517266650 -0.000000
8205 -82.696609518 27.719267862 -1.675339
8206 -82.834659500 27.949034170 -1.611325
8207 -82.603505335 27.581298198 -0.517111
8208 -82.643555662 28.023581521 -0.579537
8209 -82.560426175 27.594884731 -0.186189
8210 -82.478094907 27.818401707 1.014617
8211 -82.595682251 27.981780970 -0.663312
8212 -82.438134791 27.882431200 4.961908
8213 -82.441841189 27.759169773 0.144501
8214 -82.469468135 27.532160655 -0.000000
8215 -82.617140677 27.833243216 -0.376868
8216 -82.673889519 27.518625500 -0.000000
8217 -82.483672026 27.876298240 0.843312
8218 -82.819793983 27.961031605 3.522699
8219 -82.793066569 28.013601969 1.241060
8220 -82.446114401 27.866900473 5.947879
8221 -82.755067838 27.738696683 0.945399
8222 -82.796283523 27.808206282 3.662451
8223 -82.539088080 27.943436381 0.521102
8224 -82.744151600 27.745531050 4.054181
8225 -82.855765430 27.882799858 -0.000000
8226 -82.625009623 27.887702190 -0.108334
8227 -82.754260937 27.699730072 5.634397
8228 -82.584942089 27.606678805 1.584114
8229 -82.713663659 27.950524904 3.452197
8230 -82.596923181 27.850316826 0.336802
8231 -82.540401961 27.830183488 2.748674
8232 -82.573871195 27.555509435 -1.906688
8233 -82.771760434 27.587303330 2.685061
8234 -82.643389198 27.568239304 3.859514
8235 -82.649874213 27.994030872 1.121910
8236 -82.480573506 27.717857116 2.039192
8237 -82.453061242 27.898375397 3.256700
8238 -82.590464398 27.581816232 -0.495074
8239 -82.812203622 28.025150660 0.545975
8240 -82.585514886 27.561149477 3.212380
8241 -82.492865115 27.824557499 -0.743174
8242 -82.605672268 27.535277186 -0.000000
8243 -82.709382346 27.735756910 1.301041
8244 -82.675516224 27.491405702 -0.000000
8245 -82.469710599 27.876593714 3.909457
8246 -82.815766151 27.954664652 1.682907
8247 -82.767562509 27.779743721 -1.693563
8248 -82.646048097 27.493778623 -0.000000
8249 -82.754666200 27.734349334 1.897607
8250 -82.439976767 27.686223352 -0.311884
8251 -82.464798680 27.889592241 2.920000
8252 -82.560314215 27.579767660 -0.439188
8253 -82.725823083 27.938594718 -2.640885
8254 -82.413907168 27.791781889 1.079898
8255 -82.554766616 27.652064377 0.860294
8256 -82.417186056 27.888244439 1.199760
8257 -82.672095054 27.705199900 -2.089953
8258 -82.529860257 27.796644961 7.501255
8259 -82.551927178 27.614983852 -0.299656
8260 -82.656280353 27.500057997 -0.000000
8261 -82.416403359 27.907554155 -3.014412
8262 -82.606120699 27.524364993 -0.000000
8263 -82.691802208 28.034882181 0.110000
8264 -82.809431894 28.030588316 0.554692
8265 -82.603049856 27.823511862 -0.970887
8266 -82.736638677 27.526794720 -0.000000
8267 -82.432258750 27.810481219 4.079496
8268 -82.771703425 27.830277193 -0.549449
8269 -82.727843113 27.482879342 -0.000000
8270 -82.840279564 27.828103256 3.276921
8271 -82.831140256 27.833877664 3.774709
8272 -82.848050288 27.914307853 5.175184
8273 -82.537587176 27.913775456 2.209908
8274 -82.559503824 27.945589835 2.893794
8275 -82.562472544 27.502000854 -0.000000
8276 -82.593561672 27.957672991 4.655100
8277 -82.611293720 27.805171912 3.112756
8278 -82.549762015 27.677620933 3.509160
8279 -82.631927384 27.554362657 0.716193
8280 -82.584473866 27.995517749 -0.756713
8281 -82.696617906 27.721989259 -0.858490
8282 -82.425694620 27.919158933 10.989556
8283 -82.822042255 27.834637015 1.162280
8284 -82.753575007 27.774094513 3.766014
8285 -82.696197081 27.706637919 2.268259
8286 -82.497733041 27.510960150 -0.000000
8287 -82.849490723 27.864291201 -1.921823
8288 -82.446500510 27.759699168 0.690000
8289 -82.636682406 27.890549541 0.710546
8290 -82.603644641 27.559990296 -0.172453
8291 -82.621401957 27.568782692 1.622762
8292 -82.848489064 27.953106651 6.452879
8293 -82.716759465 27.699685754 0.828367
8294 -82.617870590 27.884569895 -0.126711
8295 -82.697820889 27.924756906 0.787279
8296 -82.460586346 27.709572816 0.958185
8297 -82.407539192 27.816821236 1.048801
8298 -82.803230557 27.822964917 -0.141369
8299 -82.408472477 27.877921412 0.762318
8300 -82.439344702 27.776625806 2.823149
8301 -82.469016860 27.827749121 1.356828
8302 -82.591290324 27.721979044 4.654344
8303 -82.425271208 27.938085107 1.986750
8304 -82.662923123 27.996171804 0.800001
8305 -82.759129432 27.755080591 -1.542203
8306 -82.743385435 27.737632959 -1.146945
8307 -82.530455582 27.874681792 -0.641692
8308 -82.807663414 27.815437959 -1.399047
8309 -82.467997142 27.737285462 -0.690504
8310 -82.812696559 27.830412464 0.624266
8311 -82.437501418 27.509682915 -0.000000
8312 -82.418623969 27.925514455 -2.020664
8313 -82.616583545 27.814367801 0.055353
8314 -82.759129942 27.790871880 1.996150
8315 -82.442110119 27.526802249 -0.000000
8316 -82.757671530 27.744470768 -1.315694
8317 -82.757103855 27.738787286 1.076580
8318 -82.652596439 27.533963590 -0.000000
8319 -82.686813207 27.499060567 -0.000000
8320 -82.584665358 27.875619205 3.213801
8321 -82.448497631 27.513141899 -0.000000
8322 -82.532294302 27.509843432 -0.000000
8323 -82.594850686 27.986099734 -0.546391
8324 -82.703316152 27.733255499 2.472656
8325 -82.681935745 28.027805974 2.239762
8326 -82.795147347 28.006056449 1.474273
8327 -82.502014153 27.830039603 -0.253529
8328 -82.690032977 27.691535617 2.335155
8329 -82.663605544 27.485302079 -0.000000
8330 -82.398717279 27.879394435 -0.210326
8331 -82.523546779 27.816025412 4.129997
8332 -82.818551112 27.538461481 -0.000000
8333 -82.553585133 27.512183272 -0.000000
8334 -82.592341511 27.808674265 0.756749
8335 -82.426985888 27.910004433 9.353140
8336 -82.639832712 27.697894298 1.873324
8337 -82.418443573 27.949670944 -0.387988
8338 -82.488987890 27.823377510 -0.319382
8339 -82.643922894 27.910075578 0.169354
8340 -82.600798834 27.800153887 1.214333
8341 -82.731721371 27.488017719 -0.000000
8342 -82.675531322 27.908805245 -0.519953
8343 -82.421824855 27.837643458 3.160503
8344 -82.690095617 27.713039160 -1.254779
8345 -82.840115225 27.839741128 -0.216155
8346 -82.474719441 27.926278151 2.019837
8347 -82.400036022 27.772085304 -2.829186
8348 -82.788931148 27.788427966 1.661125
8349 -82.668262593 27.920477482 1.262729
8350 -82.456266354 27.897176936 2.965290
8351 -82.899999998 27.933102006 -0.000000
8352 -82.618487618 27.882890181 -0.157964
8353 -82.505832013 27.519473721 -0.000000
8354 -82.647024102 27.966201417 3.421733
8355 -82.692280983 27.928491960 1.945326
8356 -82.618625672 27.898401842 1.690000
8357 -82.392316555 27.829471533 -1.147813
8358 -82.595360194 27.568941949 0.970466
8359 -82.509366217 27.752438787 5.693404
8360 -82.463348558 27.859566043 4.187254
8361 -82.638535949 27.521622336 -0.000000
8362 -82.401448214 27.856048466 -8.204450
8363 -82.849531205 27.944405224 6.564554
8364 -82.681020234 27.996682083 0.531653
8365 -82.470356634 27.930821253 1.395884
8366 -82.594747284 27.813208832 0.843776
8367 -82.425847632 27.944611228 1.730035
8368 -82.474385435 27.921269337 2.320000
8369 -82.457591910 27.905188488 4.088634
8370 -82.808346968 28.051962274 -0.000000
8371 -82.546672368 27.835987996 5.079626
8372 -82.847716325 27.965446552 5.909190
8373 -82.408299742 27.530674754 -0.000000
8374 -82.849172386 27.906044988 1.506392
8375 -82.410497856 27.527844780 -0.000000
8376 -82.612883340 27.812022648 0.099107
8377 -82.452035866 27.840987672 5.604476
8378 -82.634951461 27.913970606 1.483156
8379 -82.788881933 27.806564144 1.394522
8380 -82.491504108 27.745734298 2.311124
8381 -82.508855824 27.484802010 -0.000000
8382 -82.427064004 27.826432987 3.730635
8383 -82.663836801 28.002796451 1.293380
8384 -82.439084988 27.806193621 4.818241
8385 -82.554113118 27.497854511 -0.000000
8386 -82.672585055 28.028672199 1.860948
8387 -82.747887461 27.733407558 -1.688698
8388 -82.553472061 27.667034080 3.559864
8389 -82.485677341 27.727631480 1.536701
8390 -82.755840308 27.831203692 0.098674
8391 -82.428647710 27.810391000 3.675204
8392 -82.505086927 27.703917294 0.512991
8393 -82.573484836 27.608893384 0.792148
8394 -82.419442234 27.786838537 -0.451746
8395 -82.628364633 27.856587642 -0.356842
8396 -82.575532438 27.601611595 -0.276208
8397 -82.699848717 27.497138459 -0.000000
8398 -82.503248191 27.828157205 -0.381690
8399 -82.437529031 27.763944737 0.659359
8400 -82.594517619 27.810520355 0.817874
8401 -82.456082538 27.519407696 -0.000000
8402 -82.585770039 27.843490554 2.018657
8403 -82.804011313 27.978821149 1.241492
8404 -82.479696321 27.922820592 2.320456
8405 -82.556851617 27.895044885 4.240898
8406 -82.662119494 28.000054694 0.248612
8407 -82.709756650 27.928740424 -0.422818
8408 -82.560746781 27.511634649 -0.000000
8409 -82.610756878 27.903746252 2.743894
8410 -82.610377475 27.876559254 -0.059704
8411 -82.546266087 27.670983273 1.682426
8412 -82.568568443 27.966410166 -2.354900
8413 -82.828731772 28.019259166 2.901575
8414 -82.512960022 27.515476730 -0.000000
8415 -82.554457068 27.499879563 -0.000000
8416 -82.535248481 27.835771741 -1.729104
8417 -82.468508891 27.709884057 0.596680
8418 -82.837109387 27.895875172 2.079720
8419 -82.440017705 27.861157355 3.446426
8420 -82.667500331 28.002338628 0.846058
8421 -82.615918874 27.564721054 -0.051854
8422 -82.623771693 27.579457412 2.290003
8423 -82.599401205 27.816874908 -1.967026
8424 -82.407692757 27.861588369 0.983212
8425 -82.486868694 27.716589662 1.462022
8426 -82.429886142 27.938507135 1.929025
8427 -82.618212375 28.005135359 0.100000
8428 -82.804837323 28.025817512 1.213241
8429 -82.443598822 27.813566818 8.047976
8430 -82.448506127 27.698351923 0.964383
8431 -82.469592409 27.731296000 -0.573712
8432 -82.577202182 27.982921887 -1.909400
8433 -82.543023523 27.850470468 -0.183120
8434 -82.428846205 27.933974561 1.787246
8435 -82.534241004 27.904926295 1.761817
8436 -82.478594523 27.712907377 -0.487556
8437 -82.629646696 27.857689588 -0.455857
8438 -82.833830652 27.958475409 3.840015
8439 -82.710738668 27.695966422 0.708573
8440 -82.476767869 27.792522849 7.949211
8441 -82.471686336 27.714250088 1.134417
8442 -82.611400977 27.862601557 0.270976
8443 -82.600526840 27.563846245 0.347302
8444 -82.602698461 27.821695252 -0.577741
8445 -82.531444111 27.935606091 1.443028
8446 -82.855171434 27.858270429 -0.000000
8447 -82.653774958 27.908242909 -0.060903
8448 -82.451571582 27.699031212 -0.502743
8449 -82.663495360 27.676073501 2.439985
8450 -82.816445762 28.034177610 0.003397
8451 -82.843823583 27.885083509 4.085053
8452 -82.584548156 27.603774129 0.707969
8453 -82.512643442 27.482713268 -0.000000
8454 -82.568557649 27.512383081 -0.000000
8455 -82.471212670 27.827205535 0.522087
8456 -82.767875734 27.748350917 5.467123
8457 -82.630944845 27.707683413 2.039374
8458 -82.518322732 27.707630862 1.349971
8459 -82.609145491 27.868297358 1.214089
8460 -82.513959651 27.822658515 1.264245
8461 -82.487629960 27.713737429 1.475159
8462 -82.388412792 27.853881122 -0.252346
8463 -82.594897265 27.578936710 0.587138
8464 -82.590045026 27.999795355 0.085033
8465 -82.386794777 27.823615358 0.174653
8466 -82.549017128 27.868767042 6.012303
8467 -82.836847770 27.902050107 1.236184
8468 -82.704693436 27.736291404 1.527582
8469 -82.513940706 27.826045487 0.769478
8470 -82.622057689 27.531622781 -0.000000
8471 -82.432431386 27.935738638 0.464289
8472 -82.848338712 27.880661623 2.374994
8473 -82.827015237 28.054692852 -0.000000
8474 -82.609384869 27.800122469 2.066325
8475 -82.712765008 27.929952076 -1.925875
8476 -82.544036447 27.508336969 -0.000000
8477 -82.699618929 27.928314547 1.033787
8478 -82.602052699 27.732503306 4.634074
8479 -82.668767365 28.027700745 1.768812
8480 -82.460074141 27.905190803 3.047240
8481 -82.494600483 27.507199306 -0.000000
8482 -82.841823252 27.809891815 6.337576
8483 -82.571255040 27.642761867 4.082948
8484 -82.609816238 27.529565322 -0.000000
8485 -82.566547468 27.630524845 2.120195
8486 -82.607210068 27.980039635 0.741699
8487 -82.817053236 27.829692110 1.304200
8488 -82.600107070 27.561891840 -0.342520
8489 -82.600369708 27.855518864 -4.651962
8490 -82.466830207 27.930510519 1.200579
8491 -82.695144731 27.513629341 -0.000000
8492 -82.499726351 27.829836447 0.056396
8493 -82.596409843 27.841957734 -0.664208
8494 -82.722050036 27.747852056 0.100000
8495 -82.579647990 27.604955424 1.564119
8496 -82.444964751 27.832189005 5.784600
8497 -82.415823563 27.774463895 0.070370
8498 -82.615371408 27.785844863 1.437523
8499 -82.658006232 27.696671907 2.020878
8500 -82.429754560 27.821966656 3.487309
8501 -82.655018492 27.557043306 4.972260
8502 -82.645796875 27.700865851 2.003708
8503 -82.670515697 27.923362659 1.795224
8504 -82.514377651 27.482171031 -0.000000
8505 -82.694083900 27.954531101 1.184589
8506 -82.602766177 27.567475768 0.079070
8507 -82.776672856 27.780405457 -1.516033
8508 -82.571124161 27.596061792 -0.784585
8509 -82.639606018 27.999578904 0.780000
8510 -82.475236582 27.851028087 0.707608
8511 -82.522592479 27.708927225 1.919938
8512 -82.726192912 27.514012525 -0.000000
8513 -82.528162318 27.507134169 -0.000000
8514 -82.764178487 27.643028396 5.149649
8515 -82.811937087 27.760773099 6.869686
8516 -82.598526935 27.574798649 0.866036
8517 -82.462894804 27.824894630 3.225372
8518 -82.599806392 27.616067985 4.139747
8519 -82.842596184 27.821273156 5.734026
8520 -82.727287483 27.744715778 0.157876
8521 -82.462740206 27.927846675 4.056398
8522 -82.441395933 27.843465945 5.151488
8523 -82.549199011 27.602535310 0.096614
8524 -82.512610991 27.708551063 1.099990
8525 -82.836692290 27.949311703 3.865849
8526 -82.602427356 27.795788517 1.272410
8527 -82.706351446 27.956632122 1.579568
8528 -82.610763054 27.597411436 2.792255
8529 -82.760448373 27.804079105 1.191962
8530 -82.484658441 27.511640892 -0.000000
8531 -82.397089558 27.846910015 -0.329226
8532 -82.408660810 27.522524706 -0.000000
8533 -82.683956579 27.490885025 -0.000000
8534 -82.543817639 27.666527132 0.680807
8535 -82.649038123 27.672464580 2.866200
8536 -82.575051128 27.510188998 -0.000000
8537 -82.584390532 27.609569124 2.525016
8538 -82.825826639 28.018197452 0.339687
8539 -82.814273011 27.942579967 1.665583
8540 -82.424108267 27.879199477 3.197744
8541 -82.434178422 27.677344659 1.169941
8542 -82.848428935 27.848621035 4.270460
8543 -82.718201257 27.535493818 -0.000000
8544 -82.548185755 27.887849077 5.431308
8545 -82.534344914 27.885936194 -1.308082
8546 -82.827402469 28.025594774 3.338290
8547 -82.598607039 27.798766517 0.789025
8548 -82.386794152 27.818150870 -0.193196
8549 -82.688292565 27.919924699 0.547997
8550 -82.415690213 27.905063625 -2.101758
8551 -82.645205038 27.497079659 -0.000000
8552 -82.826030540 28.000422821 -1.583672
8553 -82.558552777 27.573780793 0.546912
8554 -82.824517478 28.032418511 3.546755
8555 -82.427655064 27.843154726 5.046028
8556 -82.547111086 27.501354679 -0.000000
8557 -82.410772139 27.900518943 -4.764448
8558 -82.777593339 27.603512565 2.875377
8559 -82.607669608 27.970280595 2.011512
8560 -82.499793234 27.707843585 0.638367
8561 -82.501723309 27.519906270 -0.000000
8562 -82.755857277 27.747387772 -1.492430
8563 -82.704109077 27.725934236 1.648048
8564 -82.592307251 27.505691183 -0.000000
8565 -82.598337616 27.849612474 -0.068213
8566 -82.627080369 27.839792711 -0.466168
8567 -82.558038720 27.514405445 -0.000000
8568 -82.636832107 27.910030212 1.119250
8569 -82.756859748 27.832463293 -0.262928
8570 -82.694718815 27.719617562 -0.252902
8571 -82.591393664 27.589556332 1.168203
8572 -82.681874998 27.489938969 -0.000000
8573 -82.442617903 27.885878867 5.551558
8574 -82.460345307 27.920625003 -1.765910
8575 -82.420072244 27.926048167 0.969423
8576 -82.419305731 27.863260664 3.415086
8577 -82.515468202 27.709327538 1.079687
8578 -82.853185400 27.963319607 -0.000000
8579 -82.599682248 27.533364680 -0.000000
8580 -82.708857972 27.511349838 -0.000000
8581 -82.600790721 27.574786052 -0.143185
8582 -82.576684736 27.500126817 -0.000000
8583 -82.684457208 27.709242853 1.908079
8584 -82.824042083 28.031219135 2.021544
8585 -82.816961267 27.824248915 0.715214
8586 -82.810127160 27.983445342 1.958125
8587 -82.560293455 27.505233025 -0.000000
8588 -82.412843788 27.887412451 0.730000
8589 -82.599173728 27.997244069 -2.325258
8590 -82.654164041 27.523827446 -0.000000
8591 -82.524181625 27.490478850 -0.000000
8592 -82.564796908 27.974557702 0.100355
8593 -82.539689191 27.894866207 1.919561
8594 -82.522210034 27.827856260 1.048988
8595 -82.680632506 27.920222900 0.904734
8596 -82.616959941 27.545445122 -0.000000
8597 -82.660310946 27.698793266 2.574588
8598 -82.568501952 27.589250774 -0.716274
8599 -82.746649397 27.735137366 -1.840768
8600 -82.442627147 27.865230873 14.304275
8601 -82.685217232 27.513514569 -0.000000
8602 -82.539968077 27.839760348 0.771050
8603 -82.731641179 27.743454367 0.359094
8604 -82.457111433 27.707926492 -0.798180
8605 -82.624728669 27.558629564 -0.293694
8606 -82.412636913 27.945171492 1.065155
8607 -82.839232753 27.935429012 -1.380189
8608 -82.471294828 27.896669681 2.201812
8609 -82.532316845 27.873687444 0.650215
8610 -82.625594000 27.548388969 -0.000000
8611 -82.542520652 27.938324153 1.080038
8612 -82.441234302 27.912855050 9.883684
8613 -82.435435071 27.761774065 -0.868223
8614 -82.852281425 27.864036849 -0.000000
8615 -82.627750391 27.758625210 6.465992
8616 -82.539725445 27.897913555 1.369638
8617 -82.793164514 28.038614813 1.316012
8618 -82.587024178 27.946989224 4.816742
8619 -82.696438455 27.735599738 1.135635
8620 -82.807805641 27.986815841 1.247163
8621 -82.572405358 27.566660875 2.091427
8622 -82.519543613 27.830528071 0.473809
8623 -82.837560863 28.021869984 4.584000
8624 -82.545897763 27.934133016 1.775679
8625 -82.497842592 27.793871056 10.912230
8626 -82.820678189 28.012116855 0.334844
8627 -82.405818644 27.524295808 -0.000000
8628 -82.667105885 27.524251744 -0.000000
8629 -82.622746492 27.539078739 -0.000000
8630 -82.617553775 27.993216790 -0.633957
8631 -82.461040220 27.746687756 0.215094
8632 -82.676007916 27.685311384 0.643001
8633 -82.645344293 28.022082340 -1.726690
8634 -82.807710775 27.771470606 5.713862
8635 -82.610478745 27.790828311 -1.930531
8636 -82.443679679 27.914694103 13.628637
8637 -82.463695204 27.934600738 1.927916
8638 -82.555310554 27.963656257 0.770008
8639 -82.395978704 27.850024840 -1.394301
8640 -82.404095294 27.814139263 0.708159
8641 -82.497037700 27.710313080 0.619230
8642 -82.751158488 27.777494675 1.953421
8643 -82.732558288 27.749800773 0.499584
8644 -82.561737850 27.652948522 4.347922
8645 -82.726067721 27.730994208 3.166795
8646 -82.429399131 27.826306584 3.480000
8647 -82.587522816 27.644947995 5.466635
8648 -82.410393297 27.898713687 -0.715053
8649 -82.823042776 27.502668686 -0.000000
8650 -82.554464921 27.618370776 -0.331149
8651 -82.612980016 27.787954955 1.303559
8652 -82.623191298 27.563892653 0.999774
8653 -82.722745076 27.486397736 -0.000000
8654 -82.806432345 27.966432528 4.608958
8655 -82.694537267 27.979414633 0.064442
8656 -82.571555607 27.619009154 2.325505
8657 -82.621058771 27.726507303 1.178604
8658 -82.450842580 27.518907174 -0.000000
8659 -82.469092959 27.781845817 5.990000
8660 -82.680778704 27.984316650 2.346399
8661 -82.425900895 27.908568581 4.467888
8662 -82.388629976 27.856144147 0.170754
8663 -82.631062004 27.757780278 -1.159850
8664 -82.620348704 27.989521298 0.770000
8665 -82.533946170 27.938546649 1.206720
8666 -82.600742460 27.797900656 0.987117
8667 -82.627245143 27.796939921 -1.136933
8668 -82.566968828 27.504497803 -0.000000
8669 -82.631433309 27.899529875 0.799801
8670 -82.552412703 27.608103252 0.629828
8671 -82.488600140 27.520472187 -0.000000
8672 -82.630739246 27.888898219 0.096605
8673 -82.438258695 27.671629934 -1.037387
8674 -82.630167035 27.855240978 -0.219464
8675 -82.568272538 27.813478402 6.419273
8676 -82.846992660 27.781975501 7.075819
8677 -82.550415329 27.607655459 0.323654
8678 -82.600977034 27.543646991 -0.000000
8679 -82.734210586 27.732486253 3.162578
8680 -82.808618272 27.994246811 2.557482
8681 -82.818668057 28.005627236 0.184998
8682 -82.542680126 27.845286291 0.561246
8683 -82.624333479 27.732055975 0.760015
8684 -82.556210610 27.500350596 -0.000000
8685 -82.715316503 27.956794007 0.692473
8686 -82.448023673 27.842755489 5.642490
8687 -82.440724763 27.799471004 6.151739
8688 -82.767977523 27.820461148 -0.208341
8689 -82.539077149 27.504106302 -0.000000
8690 -82.427918366 27.908550221 9.812922
8691 -82.420881621 27.907401241 -2.111248
8692 -82.403555149 27.889177134 -1.235748
8693 -82.713446686 27.730668864 2.880824
8694 -82.843912167 27.914199802 -1.119317
8695 -82.587081990 27.807276967 4.055520
8696 -82.462289910 27.845206292 1.741261
8697 -82.844009033 27.853686943 -0.793828
8698 -82.552207973 27.898141684 6.087259
8699 -82.606853727 27.813955235 -1.360213
8700 -82.551272050 27.502948739 -0.000000
8701 -82.703837407 27.489956776 -0.000000
8702 -82.848611678 27.981580807 5.521928
8703 -82.519756838 27.690850048 -0.430912
8704 -82.608671124 28.006320941 -2.038504
8705 -82.486888386 27.910657290 2.201337
8706 -82.452452941 27.817148077 6.915325
8707 -82.411177975 27.773630186 0.087959
8708 -82.685552049 27.988948818 -0.374752
8709 -82.516779392 27.699561680 0.478082
8710 -82.537122886 27.788239848 9.639039
8711 -82.440463220 27.874332232 5.999613
8712 -82.641590713 28.017184464 0.499634
8713 -82.819021381 27.830012807 2.287658
8714 -82.538571434 27.838211382 0.972585
8715 -82.767131363 27.753103074 4.176915
8716 -82.813237089 28.046383380 0.575408
8717 -82.691111403 27.515222299 -0.000000
8718 -82.394190213 27.847632905 0.734029
8719 -82.830491699 27.837620129 0.116111
8720 -82.483878089 27.859012627 0.952019
8721 -82.570349770 27.610061827 0.798353
8722 -82.479314433 27.910031631 3.226574
8723 -82.602527794 27.584305030 -0.235762
8724 -82.719582575 27.742897896 0.099998
8725 -82.671506733 28.030395216 0.978487
8726 -82.826069463 27.964464097 5.249281
8727 -82.671984607 27.991764041 3.929265
8728 -82.761942644 27.827496389 -2.596119
8729 -82.686124179 27.510650659 -0.000000
8730 -82.670100270 27.546419696 -0.000000
8731 -82.573027784 27.569250583 0.629401
8732 -82.581484804 27.642788148 4.582160
8733 -82.593312816 27.599078706 1.281708
8734 -82.730426246 27.523904183 -0.000000
8735 -82.841994250 27.888425505 3.911818
8736 -82.839381907 27.946092286 4.973293
8737 -82.645088016 27.498931461 -0.000000
8738 -82.587763854 27.620293374 3.327762
8739 -82.553079099 27.611520639 -0.536250
8740 -82.440551196 27.814953520 7.631935
8741 -82.536178257 27.673048223 -0.381215
8742 -82.633262559 28.014816364 -0.416445
8743 -82.454254521 27.879182883 4.369340
8744 -82.419335757 27.765548639 0.099734
8745 -82.464990132 27.849560790 1.379980
8746 -82.635752650 27.739176420 3.434268
8747 -82.758374450 27.815498703 -0.360430
8748 -82.793200793 27.800150083 1.190875
8749 -82.706480607 27.927474127 0.571806
8750 -82.483070235 27.709315999 -1.467849
8751 -82.614157474 27.816161030 -1.609240
8752 -82.519752194 27.825470890 1.185762
8753 -82.415948108 27.885111194 1.608712
8754 -82.445097300 27.514735912 -0.000000
8755 -82.570821877 27.852678511 3.291964
8756 -82.457171610 27.775466043 4.445543
8757 -82.587723508 27.590046570 0.544279
8758 -82.475730000 27.911894192 3.220000
8759 -82.427324505 27.775335542 0.961905
8760 -82.546518690 27.914881480 3.500000
8761 -82.478656802 27.755979705 1.445000
8762 -82.746209006 27.726571613 3.184815
8763 -82.707722274 27.953275463 3.230717
8764 -82.700514186 27.955794785 1.686434
8765 -82.720137875 27.951249013 1.914056
8766 -82.524286360 27.503451086 -0.000000
8767 -82.542801855 27.950216370 -2.311182
8768 -82.863319790 27.929851353 -0.000000
8769 -82.416662469 27.514483112 -0.000000
8770 -82.824221270 28.037112623 3.687580
8771 -82.460316685 27.888703129 3.060769
8772 -82.728772793 27.509933809 -0.000000
8773 -82.643774149 27.694947680 3.806861
8774 -82.445792451 27.938626746 9.836141
8775 -82.592577526 27.995890607 -0.611687
8776 -82.649501477 27.502974495 -0.000000
8777 -82.582446607 27.834665573 1.241032
8778 -82.433835956 27.522319504 -0.000000
8779 -82.642938743 28.021671331 -0.753422
8780 -82.822081848 27.948700706 2.600452
8781 -82.704808295 27.497616945 -0.000000
8782 -82.583641195 27.799411663 5.305283
8783 -82.407878681 27.775319366 -1.808447
8784 -82.618031128 27.508239227 -0.000000
8785 -82.480933525 27.856149359 3.404077
8786 -82.435039198 27.678836707 -0.669780
8787 -82.458091744 27.713821337 1.974719
8788 -82.487956615 27.821553208 0.524577
8789 -82.464663404 27.901422772 2.651246
8790 -82.829158427 28.022844218 3.363053
8791 -82.412014871 27.518384298 -0.000000
8792 -82.702973410 27.492245123 -0.000000
8793 -82.531225332 27.504751228 -0.000000
8794 -82.504757565 27.485715946 -0.000000
8795 -82.443349729 27.836514794 7.256714
8796 -82.827122977 27.830677317 1.240882
8797 -82.770426362 27.828747469 -0.106751
8798 -82.613564674 28.004792906 -1.223558
8799 -82.385705603 27.834232319 -0.542500
8800 -82.590011594 27.701722881 4.832415
8801 -82.567388877 27.622765994 0.846900
8802 -82.621878397 27.732242342 0.750696
8803 -82.463187571 27.916348853 3.552145
8804 -82.527878836 27.917351528 -1.085448
8805 -82.627236359 27.854862822 -0.384121
8806 -82.745808008 27.523293329 -0.000000
8807 -82.592398647 27.558533235 1.538624
8808 -82.715036286 27.672244907 0.770000
8809 -82.812245965 27.955484748 3.004830
8810 -82.679416224 27.508237167 -0.000000
8811 -82.426157164 27.761259588 -1.010412
8812 -82.602552246 27.547905414 -0.000000
8813 -82.490680125 27.525121766 -0.000000
8814 -82.611701236 27.891588472 2.009436
8815 -82.828523558 28.049021931 2.828346
8816 -82.515787378 27.498378928 -0.000000
8817 -82.688183490 27.505271805 -0.000000
8818 -82.595044425 27.996707669 -0.563920
8819 -82.669639790 27.701264220 3.996385
8820 -82.775653011 27.795998928 1.764538
8821 -82.616105526 27.905206653 2.590185
8822 -82.570657045 27.503776624 -0.000000
8823 -82.835143521 27.834323182 -2.016176
8824 -82.624623513 27.733447277 0.714524
8825 -82.461392505 27.906671841 2.899507
8826 -82.841761302 27.904522006 -1.343924
8827 -82.563234753 27.586328249 -0.363977
8828 -82.479508471 27.855710808 1.389154
8829 -82.475811117 27.887769760 3.622863
8830 -82.573227374 27.500585455 -0.000000
8831 -82.520478786 27.499669598 -0.000000
8832 -82.618147394 27.896113205 1.690000
8833 -82.724101880 27.505454046 -0.000000
8834 -82.818217685 27.834087113 0.700000
8835 -82.435729232 27.687114676 -2.514874
8836 -82.707148423 27.710586894 0.813863
8837 -82.459992060 27.918653706 -1.987325
8838 -82.647612589 27.684031114 1.870952
8839 -82.802782859 27.990872293 1.352594
8840 -82.697443439 27.927479198 0.907330
8841 -82.578708452 27.609105154 1.548179
8842 -82.632218694 27.570355928 3.006025
8843 -82.853684721 27.874718155 -0.000000
8844 -82.815658463 28.043002947 0.504230
8845 -82.799156528 27.808230255 0.850343
8846 -82.699195365 27.720526470 3.223760
8847 -82.435828980 27.884640025 3.029717
8848 -82.808985203 27.959303615 2.567459
8849 -82.825638540 27.820366307 -1.145053
8850 -82.471133742 27.889403129 4.011759
8851 -82.444488480 27.913017724 4.782166
8852 -82.746683130 27.672618822 2.892748
8853 -82.480929896 27.882007361 0.644616
8854 -82.684616858 27.674739490 2.682763
8855 -82.412457486 27.516684175 -0.000000
8856 -82.763396228 27.778047732 -1.109731
8857 -82.806815598 28.055422170 -0.000000
8858 -82.645972810 27.937188691 2.345529
8859 -82.617301016 27.786878041 1.469741
8860 -82.479328049 27.920593884 2.368008
8861 -82.756020623 27.744616392 -1.544039
8862 -82.768257875 27.828548393 0.541482
8863 -82.757106026 27.722994885 6.123021
8864 -82.433764887 27.686456741 1.823989
8865 -82.416636548 27.783177007 -0.890456
8866 -82.561845122 27.638018631 -3.152472
8867 -82.402179674 27.804741401 -3.118966
8868 -82.601666596 28.002642920 -2.606270
8869 -82.607370578 27.532690375 -0.000000
8870 -82.677757604 27.491499794 -0.000000
8871 -82.508046734 27.805999402 4.837883
8872 -82.823340080 27.961740352 6.549922
8873 -82.576132458 27.976340395 -0.453391
8874 -82.468195740 27.903680085 2.620000
8875 -82.412657164 27.895865165 0.441564
8876 -82.761507217 27.746492374 -0.746358
8877 -82.445690903 27.863183861 6.168787
8878 -82.712144487 27.507617791 -0.000000
8879 -82.521322738 27.488864348 -0.000000
8880 -82.503301104 27.713013628 0.922406
8881 -82.656709316 27.910810700 0.478133
8882 -82.426730495 27.929660429 -1.404403
8883 -82.629206761 27.891816677 0.712394
8884 -82.611331509 27.833760349 0.001327
8885 -82.833401527 27.833415425 -1.197190
8886 -82.769289287 27.680321701 6.223822
8887 -82.804633361 27.986334829 1.770091
8888 -82.425557618 27.841688888 3.904415
8889 -82.634270037 27.708435131 0.765508
8890 -82.439502586 27.506347618 -0.000000
8891 -82.629082856 27.852240918 1.250289
8892 -82.461742093 27.919838313 -1.373662
8893 -82.541834027 27.722022738 7.650352
8894 -82.410831439 27.824411174 2.235911
8895 -82.754995009 27.787650456 1.871048
8896 -82.581960022 27.852314486 11.416804
8897 -82.564055439 27.634582372 13.812452
8898 -82.629384795 27.547019424 -0.000000
8899 -82.529722408 27.898983442 -2.421185
8900 -82.434354875 27.688391843 -6.260981
8901 -82.410039122 27.524368372 -0.000000
8902 -82.782760796 28.047557442 -1.114769
8903 -82.573731305 27.571426368 -2.198235
8904 -82.428328113 27.927936790 10.088886
8905 -82.833833098 28.024202023 4.265490
8906 -82.491036954 27.754218492 1.486538
8907 -82.715162612 27.939904120 2.566011
8908 -82.680838980 27.712747894 -3.831105
8909 -82.432355682 27.889997572 6.305852
8910 -82.561591663 27.962404215 0.770720
8911 -82.615027615 27.863299286 4.438244
8912 -82.829314520 27.963266815 -1.979333
8913 -82.395421135 27.833437294 0.501781
8914 -82.591502629 27.606486887 2.096350
8915 -82.600560605 27.832973873 -0.576450
8916 -82.640748073 28.016210480 0.428205
8917 -82.889807193 27.837412932 -0.000000
8918 -82.447355751 27.515207816 -0.000000
8919 -82.713402425 27.504894933 -0.000000
8920 -82.651201799 28.012601509 0.814418
8921 -82.563757278 27.501367778 -0.000000
8922 -82.587110090 28.000152274 -2.213377
8923 -82.555234069 27.654269926 1.082348
8924 -82.612871564 27.862502952 -0.411290
8925 -82.550477258 27.510535059 -0.000000
8926 -82.652514613 28.005392551 1.189674
8927 -82.632209336 27.552889918 0.655357
8928 -82.476655577 27.798789517 12.198462
8929 -82.835676823 28.019152182 4.157455
8930 -82.818019094 27.957338202 2.955497
8931 -82.517695792 27.674566696 0.932267
8932 -82.744169012 27.748099504 0.774616
8933 -82.614846209 27.704429150 5.244911
8934 -82.539151440 27.805481363 4.341854
8935 -82.441671953 27.880852064 13.640284
8936 -82.655816361 27.493197492 -0.000000
8937 -82.760480864 27.499291845 -0.000000
8938 -82.619820226 27.800762023 -0.549076
8939 -82.459189401 27.708426240 -0.267551
8940 -82.549176897 27.838539715 3.402694
8941 -82.400545971 27.801673033 -2.730291
8942 -82.460561689 27.912643598 -1.651283
8943 -82.558600706 27.649150863 1.711905
8944 -82.614809568 27.551745339 -0.111884
8945 -82.531316864 27.808904351 6.921791
8946 -82.444010899 27.823992868 4.783811
8947 -82.841197739 27.848551041 3.104122
8948 -82.496322985 27.527510864 -0.000000
8949 -82.695250104 28.035561841 0.100000
8950 -82.432599107 27.932462520 10.825503
8951 -82.638562274 27.684487417 3.553222
8952 -82.684362737 28.027910876 2.019704
8953 -82.717836864 27.691070632 1.739310
8954 -82.591490459 27.994280955 -0.800732
8955 -82.811449835 28.026979911 0.501619
8956 -82.646474452 27.905776466 0.526123
8957 -82.719604721 27.730230553 3.465836
8958 -82.622802709 28.011178810 0.100000
8959 -82.631764272 27.857200438 0.036838
8960 -82.828717029 28.007003860 0.619584
8961 -82.579002104 27.589720106 1.027879
8962 -82.693221839 28.036006973 0.100000
8963 -82.627281374 27.530948961 -0.000000
8964 -82.669826406 27.501760961 -0.000000
8965 -82.671222513 27.512715703 -0.000000
8966 -82.826325023 27.968689119 1.893177
8967 -82.660555041 27.535285068 -0.000000
8968 -82.478324586 27.822034889 -0.591912
8969 -82.485288555 27.712255495 0.857119
8970 -82.829816313 28.028862849 4.109940
8971 -82.468764767 27.919322672 2.550528
8972 -82.555260075 27.968221938 0.232968
8973 -82.576893876 27.854220616 2.718357
8974 -82.630282086 27.588390657 4.679282
8975 -82.601167673 27.507972492 -0.000000
8976 -82.685867287 28.022291156 0.598986
8977 -82.419088373 27.839624973 3.170000
8978 -82.530531881 27.938653556 0.096041
8979 -82.554468469 27.863592165 12.455143
8980 -82.455623443 27.714200619 1.550209
8981 -82.831813129 27.947446663 2.205746
8982 -82.603932079 27.836534976 0.751394
8983 -82.433753506 27.890879360 6.222340
8984 -82.599643878 27.885473236 1.999531
8985 -82.847561884 27.887977251 -1.144483
8986 -82.528064035 27.719868243 5.736703
8987 -82.540156943 27.662322693 -0.335002
8988 -82.646325787 28.019949275 -1.654349
8989 -82.667920601 27.484460382 -0.000000
8990 -82.729241956 27.512469081 -0.000000
8991 -82.426810429 27.853043747 4.220769
8992 -82.411468837 27.946877318 -0.958350
8993 -82.704120942 27.686718742 1.473549
8994 -82.565418514 27.652288499 4.860802
8995 -82.510452222 27.495464125 -0.000000
8996 -82.412155687 27.934877049 -6.541150
8997 -82.659857341 27.522639305 -0.000000
8998 -82.481255781 27.877812604 1.327103
8999 -82.620961646 28.005306368 0.104381
9000 -82.557837798 27.606590847 1.240246
9001 -82.441105789 27.878760369 14.508285
9002 -82.426521693 27.924466371 11.644835
9003 -82.429602699 27.688210558 -6.067803
9004 -82.620692102 27.519577864 -0.000000
9005 -82.415503585 27.861784621 2.835875
9006 -82.594153478 27.614225513 3.471403
9007 -82.596412380 27.633075743 5.181454
9008 -82.795089212 28.036235125 0.967857
9009 -82.815962606 28.032114528 -0.339587
9010 -82.507916721 27.702347026 0.629280
9011 -82.797117921 27.818858235 -1.461106
9012 -82.589768732 27.587521530 -0.511792
9013 -82.656412402 27.522998656 -0.000000
9014 -82.478985124 27.513326383 -0.000000
9015 -82.682819220 27.930635552 3.610307
9016 -82.838472155 27.838742927 -1.982741
9017 -82.661661978 27.694138365 3.581843
9018 -82.704634499 27.504663558 -0.000000
9019 -82.443275205 27.900890964 5.229156
9020 -82.423026099 27.816968604 3.742844
9021 -82.641214486 28.012869396 0.982161
9022 -82.793904306 27.810447488 -1.943693
9023 -82.513308788 27.712149973 0.974428
9024 -82.818484555 27.930876552 0.526601
9025 -82.693495407 27.728633728 0.728228
9026 -82.835303923 27.959175235 4.186329
9027 -82.451969108 27.833905866 5.227157
9028 -82.616011296 27.509160265 -0.000000
9029 -82.594261745 27.506564760 -0.000000
9030 -82.486467595 27.862240672 0.694209
9031 -82.624298974 27.992605195 0.701526
9032 -82.675480705 27.516584155 -0.000000
9033 -82.593743595 27.583701233 -2.031255
9034 -82.468664499 27.712815965 -1.013171
9035 -82.431656526 27.773381249 -1.222831
9036 -82.506898593 27.704365273 0.715886
9037 -82.595431348 27.556101690 2.704430
9038 -82.601002989 27.856954204 -3.396040
9039 -82.856898207 28.008946838 -0.000000
9040 -82.606351580 27.583996048 -0.283493
9041 -82.790677670 27.807279996 1.591403
9042 -82.595622606 27.695095118 5.371383
9043 -82.468775565 27.769555397 3.880149
9044 -82.418831090 27.940390921 0.739921
9045 -82.618712866 27.550286036 1.566069
9046 -82.669565607 28.029737542 1.056184
9047 -82.537174509 27.895846534 1.184774
9048 -82.406371396 27.811037738 -3.475231
9049 -82.633913921 27.681402927 4.628630
9050 -82.545310558 27.817772221 4.057787
9051 -82.636309680 27.705305988 0.650426
9052 -82.604991616 27.585630562 1.268372
9053 -82.400433863 27.815517250 0.700960
9054 -82.488267700 27.709489444 0.333594
9055 -82.585237889 27.822385676 1.872334
9056 -82.424727707 27.809287134 3.698472
9057 -82.571942919 27.616928212 2.389394
9058 -82.771326174 27.797595171 1.197653
9059 -82.446593015 27.935356144 11.553962
9060 -82.496276779 27.826110234 -0.234440
9061 -82.649123168 28.000544784 1.864251
9062 -82.673709892 28.007007470 1.736287
9063 -82.564567260 27.591656311 -0.739002
9064 -82.503195227 27.485056798 -0.000000
9065 -82.628439584 27.549048922 -0.000000
9066 -82.552052087 27.950893739 2.327147
9067 -82.622142186 28.002549920 0.071106
9068 -82.537482746 27.503566204 -0.000000
9069 -82.814245425 27.792681327 5.514668
9070 -82.834324571 27.901620730 -1.650555
9071 -82.387003713 27.841363490 -3.357686
9072 -82.446704833 27.880308939 5.077990
9073 -82.442924113 27.784628996 4.450341
9074 -82.619704123 27.512296409 -0.000000
9075 -82.569706790 27.590934599 -1.009826
9076 -82.455800812 27.908158864 3.026981
9077 -82.544995238 27.936980615 1.365504
9078 -82.485979329 27.742801818 0.758761
9079 -82.819890228 27.929243657 0.559019
9080 -82.412022250 27.771468693 -1.678358
9081 -82.716268799 27.549471702 -0.000000
9082 -82.613774432 27.967595454 4.722383
9083 -82.512405972 27.671691345 -0.472961
9084 -82.574919902 27.607751606 0.769972
9085 -82.639264131 27.527497972 -0.000000
9086 -82.630453216 27.694190041 2.721619
9087 -82.752207024 27.783138309 1.216513
9088 -82.479252984 27.887568580 1.871689
9089 -82.578940069 27.560156994 2.883652
9090 -82.832241815 27.950293196 -1.697331
9091 -82.589319559 27.976934054 0.721025
9092 -82.626699611 27.941887025 4.960107
9093 -82.512351561 27.500291770 -0.000000
9094 -82.573309958 27.598957546 -0.562415
9095 -82.628925115 27.696667170 2.577874
9096 -82.830688839 27.836146627 -0.605868
9097 -82.608610422 27.553839532 0.189369
9098 -82.700978819 27.714606588 -1.543495
9099 -82.593386799 27.684785503 7.378650
9100 -82.594220334 27.994810324 0.159553
9101 -82.759846789 27.598614379 -1.088886
9102 -82.826015862 28.035717477 4.041743
9103 -82.588526408 27.823752491 0.770000
9104 -82.692245593 27.729433834 -2.910465
9105 -82.677472224 27.991507842 2.627844
9106 -82.558597221 27.603307550 0.694499
9107 -82.464161401 27.912717493 3.011139
9108 -82.821706812 27.960477195 3.346911
9109 -82.438653572 27.685098836 0.729035
9110 -82.424942622 27.904135654 11.621519
9111 -82.847087900 27.949113470 6.262225
9112 -82.765474495 27.720109035 6.450374
9113 -82.449531538 27.909622244 3.553488
9114 -82.576714956 27.965690099 1.987391
9115 -82.555300456 27.946171111 2.844240
9116 -82.542176508 27.941559845 -1.963292
9117 -82.430233297 27.763434971 -0.553878
9118 -82.795812956 28.023277469 2.069957
9119 -82.565743193 27.957487312 1.388004
9120 -82.852566943 27.881766126 -0.000000
9121 -82.579087690 27.549975136 -0.000000
9122 -82.683955381 27.703126240 6.428934
9123 -82.655598593 27.525283465 -0.000000
9124 -82.632453873 27.619284959 7.498926
9125 -82.614208531 27.722437528 5.546994
9126 -82.512477288 27.828037707 0.651850
9127 -82.707854551 27.931263630 0.988624
9128 -82.676370956 27.704046763 2.614075
9129 -82.583941484 27.692708504 6.241468
9130 -82.821771327 27.926580259 0.286840
9131 -82.575612479 27.974916329 0.679541
9132 -82.698639335 27.926156607 0.871521
9133 -82.825092141 28.055647726 -0.000000
9134 -82.480394235 27.817323240 0.894888
9135 -82.675725822 27.694472992 1.882143
9136 -82.628503117 27.900503891 0.802310
9137 -82.837515962 27.974659468 3.441736
9138 -82.618995312 27.532356110 -0.000000
9139 -82.449068271 27.532390602 -0.000000
9140 -82.536393534 27.837117676 -1.635588
9141 -82.456380461 27.712264966 2.336030
9142 -82.679035739 27.911088121 -1.433480
9143 -82.643596845 28.025675382 -0.604210
9144 -82.842836938 27.895306342 -1.607966
9145 -82.795889135 28.038690053 1.157561
9146 -82.862255695 28.043037009 -0.000000
9147 -82.597257597 27.968875999 3.232747
9148 -82.712837467 27.954810799 2.297844
9149 -82.745330764 27.743626358 0.649378
9150 -82.745810269 27.766706302 -1.671800
9151 -82.835162059 27.957163591 4.249402
9152 -82.687288006 27.958360934 1.713874
9153 -82.692073387 27.736456424 0.145887
9154 -82.842486013 27.886289439 0.602156
9155 -82.673984305 28.013871722 2.338592
9156 -82.579928088 27.505986085 -0.000000
9157 -82.618324047 27.815092679 -2.229923
9158 -82.725066502 27.943985782 -0.221115
9159 -82.430801632 27.903463952 14.907918
9160 -82.750984194 27.774323871 1.941273
9161 -82.394590319 27.817158860 1.047522
9162 -82.688274967 27.705042360 0.513317
9163 -82.592641049 27.519521098 -0.000000
9164 -82.674785778 27.702935363 3.089116
9165 -82.479068761 27.917581637 2.813615
9166 -82.415343112 27.788998217 0.790001
9167 -82.537023869 27.933654475 0.842034
9168 -82.808672092 27.825799917 0.800086
9169 -82.828794586 28.014749892 2.107026
9170 -82.646069442 27.911830850 0.842725
9171 -82.465170578 27.846799452 1.346991
9172 -82.573942398 27.559230556 -1.706895
9173 -82.768654943 27.832209479 0.314331
9174 -82.739019042 27.515481195 -0.000000
9175 -82.447402399 27.688716426 -0.623458
9176 -82.456390428 27.514537678 -0.000000
9177 -82.749639779 27.733871601 -1.916057
9178 -82.427057419 27.766203735 0.100000
9179 -82.758167765 27.817347276 0.278551
9180 -82.529394056 27.830607716 0.786093
9181 -82.808894969 27.957489672 2.296305
9182 -82.615472667 27.578029482 3.373733
9183 -82.621278851 27.777209257 3.627723
9184 -82.526832910 27.927011316 -0.347990
9185 -82.609542475 28.007742476 -1.060457
9186 -82.588381025 27.574338697 0.472234
9187 -82.665038112 27.913507290 0.684734
9188 -82.432289902 27.929145609 11.935882
9189 -82.453996082 27.754567115 0.660187
9190 -82.444517415 27.843415728 14.616150
9191 -82.616998740 27.947995474 4.485143
9192 -82.542237812 27.872216203 2.507750
9193 -82.805458182 27.967997168 5.367922
9194 -82.690366405 27.926656866 1.353797
9195 -82.727657483 27.936719243 1.754983
9196 -82.648952859 27.488440079 -0.000000
9197 -82.749325762 27.749169971 -0.074426
9198 -82.834213254 27.899835478 -1.637298
9199 -82.687970008 27.524885032 -0.000000
9200 -82.816365057 28.054301092 -0.000000
9201 -82.604302188 27.905208971 2.890000
9202 -82.480943161 27.903935763 3.519403
9203 -82.617675321 27.838026728 -1.729758
9204 -82.675086552 27.910224416 -0.353663
9205 -82.390919342 27.842591392 -0.605936
9206 -82.619814972 27.508387378 -0.000000
9207 -82.435014552 27.904802830 3.254634
9208 -82.591402873 27.595864908 1.591848
9209 -82.475202017 27.721798067 -0.663828
9210 -82.467529598 27.850178381 1.175666
9211 -82.603389601 27.885139410 1.990000
9212 -82.808465905 27.970526402 1.098468
9213 -82.822713754 27.927897270 0.582297
9214 -82.412475727 27.928928915 -0.428122
9215 -82.440896713 27.507637351 -0.000000
9216 -82.569746915 27.704345572 6.787389
9217 -82.408989826 27.873236940 1.056094
9218 -82.620108019 27.702620197 3.974111
9219 -82.651703449 28.017165997 0.519687
9220 -82.723773479 27.738749458 0.421332
9221 -82.605602010 27.628996465 6.048930
9222 -82.467938096 27.838278856 1.041613
9223 -82.694868680 27.739235667 0.099992
9224 -82.422950237 27.520973308 -0.000000
9225 -82.538227223 27.681533257 1.282835
9226 -82.673831155 28.002824320 0.841082
9227 -82.485126821 27.903419570 1.492825
9228 -82.671964978 27.511389850 -0.000000
9229 -82.514430122 27.830030684 -0.137800
9230 -82.586498463 27.935158791 5.085256
9231 -82.881098735 27.520865759 -0.000000
9232 -82.694453229 27.930593192 2.174564
9233 -82.425671650 27.913523808 14.726948
9234 -82.513611964 27.520896950 -0.000000
9235 -82.795770203 27.989527547 -2.441379
9236 -82.723937343 27.510623763 -0.000000
9237 -82.590847356 27.514487571 -0.000000
9238 -82.554645849 27.972029260 2.242430
9239 -82.607747687 27.561672987 0.898551
9240 -82.833423589 28.017103000 4.025797
9241 -82.679606673 27.928411560 3.315175
9242 -82.434767767 27.776185651 -2.277331
9243 -82.832846773 27.961298417 3.487076
9244 -82.745595392 27.719546362 4.771076
9245 -82.614515460 27.744017662 5.861705
9246 -82.604352036 27.698030895 4.742927
9247 -82.634449293 27.894483375 1.139719
9248 -82.826477211 27.838229406 0.121610
9249 -82.599044967 27.922213512 5.035375
9250 -82.624034307 27.744125007 1.632958
9251 -82.574994928 27.956688623 3.339006
9252 -82.579308660 27.660115738 6.858183
9253 -82.408343484 27.808522661 -2.706918
9254 -82.572574425 27.969915233 1.095235
9255 -82.809395659 28.028406843 0.571661
9256 -82.634306977 27.738683425 4.277570
9257 -82.839780763 27.902511338 0.249189
9258 -82.415411739 27.781211667 -0.482120
9259 -82.463618221 27.918752931 4.802307
9260 -82.812721218 27.947290029 0.811941
9261 -82.704995804 27.957349117 1.345192
9262 -82.764127674 27.796925791 1.430571
9263 -82.384631726 27.821040057 -2.390043
9264 -82.766934002 27.805514645 1.154460
9265 -82.688583364 27.507094021 -0.000000
9266 -82.630354639 27.917731093 2.696680
9267 -82.593102584 27.873955562 1.649912
9268 -82.623116479 27.569509105 2.167290
9269 -82.790155997 28.042662609 2.090366
9270 -82.692496741 27.714189926 -0.674661
9271 -82.611377598 27.532254385 -0.000000
9272 -82.426501628 27.836220323 3.470000
9273 -82.861738398 27.866977330 -0.000000
9274 -82.567668008 27.655434097 5.401281
9275 -82.684924276 27.508873470 -0.000000
9276 -82.620414597 27.790552296 -0.454273
9277 -82.594881323 27.842884237 0.472879
9278 -82.847137702 27.843034834 4.276400
9279 -82.678201917 27.507254159 -0.000000
9280 -82.421721677 27.845384725 3.789783
9281 -82.849359723 27.845947419 4.623499
9282 -82.706129250 27.736095541 1.834415
9283 -82.719289186 27.531151272 -0.000000
9284 -82.495575106 27.523979108 -0.000000
9285 -82.662637550 27.518964602 -0.000000
9286 -82.828693040 27.825745311 -1.201524
9287 -82.482336890 27.891749855 0.773296
9288 -82.446949423 27.904192803 2.624368
9289 -82.537716821 27.928748233 2.185037
9290 -82.702712478 27.953985581 3.197711
9291 -82.686064319 27.484138630 -0.000000
9292 -82.731000948 27.510925326 -0.000000
9293 -82.617707427 27.731183602 2.885692
9294 -82.881411022 27.719502837 -0.000000
9295 -82.452746011 27.792577997 5.917909
9296 -82.627887100 27.858263187 -0.593053
9297 -82.416472546 27.909277180 -0.453911
9298 -82.596882653 27.587547885 0.828478
9299 -82.502026442 27.705352253 0.347633
9300 -82.695747356 27.947397610 2.625562
9301 -82.587013330 27.598053003 0.964947
9302 -82.502159242 27.517840770 -0.000000
9303 -82.510066770 27.734931926 4.137797
9304 -82.402882202 27.830028527 0.796008
9305 -82.437507420 27.841096945 2.788149
9306 -82.631616410 27.534668037 -0.000000
9307 -82.565332240 27.623974549 -0.582495
9308 -82.624083048 27.565780263 2.320121
9309 -82.837825731 27.756891798 7.462449
9310 -82.811203163 27.948875016 0.332134
9311 -82.427367058 27.916520116 13.158326
9312 -82.550129796 27.507303601 -0.000000
9313 -82.612499147 27.819096832 -1.438585
9314 -82.437977242 27.906574962 11.694981
9315 -82.428904528 27.930200809 7.291372
9316 -82.485067718 27.722498081 0.759809
9317 -82.464604456 27.881597381 4.220000
9318 -82.578671318 27.960276192 3.915329
9319 -82.639116392 27.913730699 1.326394
9320 -82.408076615 27.891737296 -0.393271
9321 -82.688240815 27.487673259 -0.000000
9322 -82.646878424 27.574879295 3.902238
9323 -82.784086248 28.049919141 -2.076210
9324 -82.676408536 27.508285081 -0.000000
9325 -82.702474211 27.718379080 1.212388
9326 -82.554622244 27.623711689 -0.370320
9327 -82.699758807 27.962335320 -0.892162
9328 -82.556885620 27.598799702 -0.295647
9329 -82.542537381 27.861997396 -1.503639
9330 -82.459000999 27.819899894 4.090726
9331 -82.464956768 27.740932834 -1.759579
9332 -82.483685665 27.894599160 1.112525
9333 -82.650805048 28.003118526 1.652460
9334 -82.745193781 27.550707468 0.926463
9335 -82.783933869 28.053039294 -0.000000
9336 -82.635587449 27.759313264 4.573674
9337 -82.760333537 27.810601773 -1.124745
9338 -82.608503055 27.549248070 -0.000000
9339 -82.794103484 28.025372861 1.749871
9340 -82.535213928 27.894123743 1.899902
9341 -82.580561401 27.974558139 0.757369
9342 -82.546829176 27.655096823 -0.340311
9343 -82.431591380 27.690762270 -5.878608
9344 -82.707540934 27.538096234 -0.000000
9345 -82.591076355 27.821536373 1.306995
9346 -82.829368149 27.964293072 6.068182
9347 -82.680657481 27.917724948 0.913956
9348 -82.422111816 27.873433167 3.849958
9349 -82.817678285 27.831718055 0.745080
9350 -82.597869257 27.521287293 -0.000000
9351 -82.598641408 27.561853163 0.329788
9352 -82.826806227 27.775775744 6.896571
9353 -82.800376203 27.784084484 5.455407
9354 -82.680766621 27.709274020 -2.358860
9355 -82.828260130 27.929944841 1.591817
9356 -82.415272415 27.766377569 -1.475841
9357 -82.475052505 27.873271707 4.169400
9358 -82.612807710 27.523238968 -0.000000
9359 -82.567158441 27.776908288 6.302412
9360 -82.850502968 27.880119412 -0.000000
9361 -82.594689305 27.587152861 -0.161859
9362 -82.670802928 27.959752860 4.003438
9363 -82.437557557 27.673514110 1.895482
9364 -82.675822062 28.018834867 2.890026
9365 -82.589097175 27.853995649 2.508414
9366 -82.659410832 27.539845547 -0.000000
9367 -82.754159049 27.829699096 -0.538178
9368 -82.567720190 27.739553723 3.932191
9369 -82.578337953 27.874643778 6.538920
9370 -82.745419193 27.768590266 0.105812
9371 -82.530150412 27.901060253 -1.650785
9372 -82.690964128 27.946363502 2.239431
9373 -82.579277137 27.594741824 -0.358393
9374 -82.572967908 27.632125376 1.345782
9375 -82.800862043 28.059999997 -0.000000
9376 -82.597875809 27.506880205 -0.000000
9377 -82.675719298 27.974539971 3.211491
9378 -82.874404998 27.980917603 -0.000000
9379 -82.655389553 28.002761560 0.667139
9380 -82.826867653 27.924681292 3.186086
9381 -82.557464575 27.614743535 0.100128
9382 -82.425506669 27.927830737 -1.306111
9383 -82.834741128 27.915164740 1.639751
9384 -82.607638779 27.898619095 2.589977
9385 -82.664775508 27.514422804 -0.000000
9386 -82.710149569 27.483266422 -0.000000
9387 -82.401940090 27.892390157 -1.469928
9388 -82.672307085 27.703339172 2.972998
9389 -82.416825286 27.518878765 -0.000000
9390 -82.466492000 27.913911782 5.156485
9391 -82.608637291 27.518126305 -0.000000
9392 -82.856946502 27.829866461 -0.000000
9393 -82.679696174 27.913937881 -0.728223
9394 -82.428812475 27.910394119 14.119214
9395 -82.830840441 27.821546507 3.476031
9396 -82.787073057 28.039116895 -1.120637
9397 -82.802176247 28.004105331 1.475845
9398 -82.433075776 27.934119694 3.922421
9399 -82.530091885 27.714432131 5.861887
9400 -82.419792227 27.950712751 -0.204244
9401 -82.772059721 27.782329906 -0.201729
9402 -82.549535673 27.813252394 2.013047
9403 -82.561326756 27.613300319 0.100000
9404 -82.749005708 27.773850394 0.971457
9405 -82.731405132 27.581512076 7.181128
9406 -82.676748223 28.010039241 1.313820
9407 -82.593148747 27.993962510 -0.951114
9408 -82.690365731 27.501449257 -0.000000
9409 -82.657165528 27.532855043 -0.000000
9410 -82.678128388 27.931803250 3.400581
9411 -82.440287970 27.687837953 1.168437
9412 -82.709142694 27.729719317 0.586601
9413 -82.516094753 27.489908459 -0.000000
9414 -82.740027369 27.757117176 -1.468336
9415 -82.857670827 27.812950439 -0.000000
9416 -82.516152042 27.671357128 0.135681
9417 -82.529371693 27.931107334 -0.938890
9418 -82.868519496 27.906845428 -0.000000
9419 -82.789111817 27.808342098 1.922214
9420 -82.722524576 27.480570527 -0.000000
9421 -82.591039939 27.585687809 -1.084737
9422 -82.850720846 27.873888365 -0.000000
9423 -82.584327856 27.983325974 -0.616965
9424 -82.497445180 27.534257679 -0.000000
9425 -82.514022245 27.484092401 -0.000000
9426 -82.622420671 27.859965752 -0.382613
9427 -82.611205362 27.798336591 -1.732221
9428 -82.829476389 27.909756068 0.602916
9429 -82.634293627 28.004252590 -0.018626
9430 -82.550907721 27.501281116 -0.000000
9431 -82.484012114 27.779301951 5.983304
9432 -82.673265748 27.988459714 4.095727
9433 -82.571266734 27.635864275 1.406944
9434 -82.759990947 27.818247965 -0.229901
9435 -82.598654639 27.809410719 3.464885
9436 -82.756947234 27.820176759 -0.418961
9437 -82.890710268 27.945044713 -0.000000
9438 -82.687504964 27.987626226 -0.372807
9439 -82.499655975 27.815369423 2.067164
9440 -82.610655696 27.812910002 -1.045318
9441 -82.625194366 27.644013869 8.238504
9442 -82.844152921 27.930453624 3.830470
9443 -82.625012543 27.886370454 -0.362115
9444 -82.561264166 27.640004578 1.061226
9445 -82.761316098 27.798412359 0.813736
9446 -82.630238264 27.548440375 -0.000000
9447 -82.622709306 27.768260418 3.953149
9448 -82.607133682 27.841952887 -0.049240
9449 -82.822003626 27.955038735 0.873081
9450 -82.726193662 27.936820575 1.750552
9451 -82.619747502 27.821289062 -0.281565
9452 -82.827858504 27.915359078 1.839549
9453 -82.557546782 27.601519053 0.700516
9454 -82.469775497 27.530694581 -0.000000
9455 -82.509765988 27.722527872 3.849470
9456 -82.523957677 27.692765400 0.806543
9457 -82.598272861 27.749094360 4.530519
9458 -82.818418864 27.736147157 8.212882
9459 -82.623765939 27.899180590 1.225919
9460 -82.482614721 27.512898222 -0.000000
9461 -82.803026712 27.697414121 8.625423
9462 -82.667443445 28.012052401 1.025136
9463 -82.467322444 27.845107641 0.788562
9464 -82.427289459 27.859730315 3.871665
9465 -82.440670924 27.902543658 4.977703
9466 -82.621651183 27.562857815 0.436101
9467 -82.402382618 27.523632885 -0.000000
9468 -82.793364095 28.030819586 1.463572
9469 -82.625349825 27.536170205 -0.000000
9470 -82.665752285 27.917949695 0.788932
9471 -82.446160867 27.837288766 15.490344
9472 -82.799374261 27.994483945 1.208082
9473 -82.480255577 27.885989921 1.012648
9474 -82.644913740 27.562474171 4.568829
9475 -82.473649185 27.821741635 -0.038957
9476 -82.437831618 27.884491100 4.623268
9477 -82.596727250 27.739717586 3.707212
9478 -82.441731130 27.908442066 4.791389
9479 -82.677628601 27.697636747 -1.720878
9480 -82.810879124 27.829948042 0.504046
9481 -82.734032546 27.493856457 -0.000000
9482 -82.585336238 27.967414058 3.315680
9483 -82.467835115 27.514027158 -0.000000
9484 -82.604254955 27.576166596 0.547178
9485 -82.876801120 27.995059008 -0.000000
9486 -82.815799222 27.936139588 1.290796
9487 -82.468066722 27.531166158 -0.000000
9488 -82.433728244 27.894005903 4.157395
9489 -82.556749444 27.910348275 4.887068
9490 -82.573542816 27.628433278 1.979700
9491 -82.823964432 27.972736160 0.727311
9492 -82.535992911 27.930949176 1.093211
9493 -82.447339031 27.700177444 0.849469
9494 -82.514183533 27.486366212 -0.000000
9495 -82.412174380 27.893707961 0.477982
9496 -82.833977823 28.050136655 -0.000000
9497 -82.623821365 27.738045432 1.327474
9498 -82.438493938 27.687476268 1.374627
9499 -82.792379500 27.805634554 3.216245
9500 -82.645274138 27.490649262 -0.000000
9501 -82.682427778 27.709124305 0.933892
9502 -82.548648303 27.855760287 -0.271895
9503 -82.484130306 27.896997387 1.033165
9504 -82.558027404 27.642035958 -0.298054
9505 -82.800135336 27.802323870 -1.388084
9506 -82.600049385 27.557976161 0.562224
9507 -82.540073653 27.919779256 3.122943
9508 -82.446209472 27.690084013 -0.716838
9509 -82.567609797 27.614613230 0.539533
9510 -82.513206127 27.698280719 0.616632
9511 -82.888127162 27.860777830 -0.000000
9512 -82.406318269 27.819222883 1.078143
9513 -82.545157851 27.843308121 1.151567
9514 -82.484833901 27.708756892 -1.242979
9515 -82.660403036 27.991980187 1.185963
9516 -82.627423886 27.771298631 1.683850
9517 -82.502284684 27.526256171 -0.000000
9518 -82.614124413 27.831783986 -1.534212
9519 -82.403802620 27.878798835 0.378078
9520 -82.423677073 27.870960459 3.850200
9521 -82.546135021 27.674853685 1.742495
9522 -82.609865332 27.546713815 -0.000000
9523 -82.856264996 27.887164489 -0.000000
9524 -82.756793040 27.563657996 7.901647
9525 -82.409340204 27.881111028 0.747761
9526 -82.614266889 27.582287924 1.460514
9527 -82.835197916 27.810291766 5.049922
9528 -82.692931741 27.501162294 -0.000000
9529 -82.846227521 27.923700528 5.609417
9530 -82.840891488 28.050470304 -0.000000
9531 -82.681412103 27.701427782 3.202075
9532 -82.875877422 27.775274584 -0.000000
9533 -82.498612223 27.532095253 -0.000000
9534 -82.660236115 27.497747397 -0.000000
9535 -82.646769919 27.491545163 -0.000000
9536 -82.449935669 27.876870336 4.964857
9537 -82.652966610 27.991412291 1.433075
9538 -82.800117775 27.711595290 7.638402
9539 -82.408200816 27.773286672 -1.801369
9540 -82.697876970 27.691571988 5.215040
9541 -82.618515816 27.728404048 1.761654
9542 -82.618154018 27.604862000 3.685115
9543 -82.486887519 27.709552391 0.303514
9544 -82.399211613 27.858291569 -3.602532
9545 -82.668463123 27.500239726 -0.000000
9546 -82.818961514 28.015281788 -0.953065
9547 -82.846946957 27.835478117 4.967978
9548 -82.718608613 27.955100684 0.678336
9549 -82.733229720 27.751617579 0.201716
9550 -82.748231329 27.752950153 0.508455
9551 -82.847001530 27.891410478 0.577859
9552 -82.622551754 27.782807154 4.506701
9553 -82.664902150 27.697860733 3.823704
9554 -82.538347926 27.510538816 -0.000000
9555 -82.654556815 27.917460262 1.120000
9556 -82.619793455 27.720904477 1.272770
9557 -82.608003282 27.530517306 -0.000000
9558 -82.473337419 27.717055003 1.239908
9559 -82.680648299 27.973234051 1.708760
9560 -82.566941908 27.885064109 3.022245
9561 -82.588804007 27.871181932 2.496753
9562 -82.602690974 27.991840329 -0.938575
9563 -82.792002740 28.044260126 1.070703
9564 -82.760260023 27.802064050 0.836619
9565 -82.646321818 27.535282380 -0.000000
9566 -82.837319896 27.904402568 -1.928238
9567 -82.426328762 27.520480957 -0.000000
9568 -82.647259821 28.018090734 -1.337914
9569 -82.548945600 27.859122012 -1.969428
9570 -82.749584163 27.775917889 1.422887
9571 -82.565290511 27.941611674 3.478702
9572 -82.470070955 27.713370938 -0.657422
9573 -82.609685584 27.586715045 0.707481
9574 -82.809893465 27.953424331 1.808860
9575 -82.714365771 27.486301962 -0.000000
9576 -82.635556366 28.001190468 0.690270
9577 -82.674482678 27.923734949 2.091162
9578 -82.430989858 27.942454744 1.324371
9579 -82.533897083 27.831975362 1.512241
9580 -82.712189364 27.734455230 2.242656
9581 -82.544284241 27.849527169 0.161876
9582 -82.797624391 28.034417579 2.164085
9583 -82.861860295 27.887744043 -0.000000
9584 -82.481927812 27.916267567 2.912652
9585 -82.720829479 27.506468584 -0.000000
9586 -82.580757587 27.562574834 2.923076
9587 -82.405753933 27.886738795 0.229542
9588 -82.499081512 27.711669220 0.917677
9589 -82.714426455 27.738772867 2.057655
9590 -82.421880584 27.504264288 -0.000000
9591 -82.783099873 27.723120883 6.919436
9592 -82.529492149 27.922552791 0.113209
9593 -82.393015151 27.816565954 0.525193
9594 -82.457513177 27.705278326 0.968328
9595 -82.539845294 27.693451748 2.837949
9596 -82.643468152 28.012771526 1.069993
9597 -82.422220525 27.946615452 -2.192110
9598 -82.817935243 27.946765575 2.699395
9599 -82.670874019 28.026268647 2.305207
9600 -82.532457514 27.875841523 0.760760
9601 -82.595515175 27.559589652 0.462594
9602 -82.658603614 27.921792733 1.112190
9603 -82.451302745 27.777492583 4.190000
9604 -82.650744637 27.501134971 -0.000000
9605 -82.694055854 27.529644104 -0.000000
9606 -82.675936677 27.679933995 1.033517
9607 -82.758329501 27.675316599 3.787545
9608 -82.569420309 27.620566593 1.562824
9609 -82.441921535 27.823902272 3.161044
9610 -82.697762242 27.937198337 3.385761
9611 -82.596026354 27.868386401 1.235454
9612 -82.398134267 27.855626596 -8.245694
9613 -82.856526909 27.860010321 -0.000000
9614 -82.693553569 27.495477638 -0.000000
9615 -82.839686832 27.927416636 0.517169
9616 -82.413209151 27.520075820 -0.000000
9617 -82.596302274 27.643149994 6.986736
9618 -82.475308603 27.885732649 3.703132
9619 -82.541964856 27.946116304 0.237731
9620 -82.553541945 27.600202492 0.198141
9621 -82.443086678 27.681614918 -3.119854
9622 -82.675610268 27.916621773 0.887514
9623 -82.599500545 27.982411609 -0.268012
9624 -82.450658707 27.513458357 -0.000000
9625 -82.610336792 27.982900267 0.744770
9626 -82.834727424 27.912062056 1.734457
9627 -82.417904833 27.903147657 9.044141
9628 -82.673231725 28.030931546 0.822712
9629 -82.625489929 27.710681014 1.482880
9630 -82.414429456 27.904616879 -2.020590
9631 -82.815337142 27.951537311 2.638520
9632 -82.576890882 27.979088589 -1.194746
9633 -82.809858758 27.826975425 0.776418
9634 -82.621698811 27.513836892 -0.000000
9635 -82.412957877 27.940977114 0.082963
9636 -82.594545929 27.589490793 1.060957
9637 -82.595258018 27.571881403 0.933038
9638 -82.684277817 27.916183690 0.295587
9639 -82.425203974 27.838833118 3.470000
9640 -82.525672145 27.689904992 0.826166
9641 -82.726844314 27.515786115 -0.000000
9642 -82.611971787 27.872729996 -0.284576
9643 -82.607802458 27.528616348 -0.000000
9644 -82.473958930 27.517664207 -0.000000
9645 -82.517602567 27.829689814 0.613868
9646 -82.486362099 27.917636944 2.225955
9647 -82.423786147 27.920585609 10.910833
9648 -82.813844014 27.829677468 -0.299349
9649 -82.549116302 27.848612250 0.780000
9650 -82.552490194 27.907128704 5.058129
9651 -82.692757268 27.925975354 2.109995
9652 -82.628128405 27.743199818 1.364707
9653 -82.564294156 27.637671885 12.403519
9654 -82.599317120 27.725056493 2.890098
9655 -82.749944281 27.747315233 3.943475
9656 -82.570492048 27.507788107 -0.000000
9657 -82.739060816 27.503580405 -0.000000
9658 -82.576851805 27.613578027 2.310591
9659 -82.502689438 27.800499052 3.209752
9660 -82.826687264 27.833542190 3.738142
9661 -82.553528376 27.970287087 -1.898856
9662 -82.600293128 27.590242946 -0.348132
9663 -82.613494755 27.869831007 2.041403
9664 -82.452696973 27.909110603 3.401621
9665 -82.581954958 27.620029218 3.106128
9666 -82.561588223 27.514462012 -0.000000
9667 -82.507701131 27.709939148 0.239167
9668 -82.522613494 27.516095475 -0.000000
9669 -82.805224121 27.963535351 2.871125
9670 -82.643478165 27.524885885 -0.000000
9671 -82.643333773 27.655252939 5.943654
9672 -82.541093699 27.946168745 0.070621
9673 -82.499935609 27.833209244 -2.848379
9674 -82.501587035 27.707271671 0.725694
9675 -82.705266716 27.944298540 3.941940
9676 -82.611051952 27.881087193 -0.026048
9677 -82.607890194 27.706124961 5.305965
9678 -82.629779655 27.716738482 0.843490
9679 -82.428101696 27.771999747 -2.078092
9680 -82.808209767 28.024923895 0.501502
9681 -82.563595946 27.574073267 1.442119
9682 -82.420846694 27.923499305 0.268226
9683 -82.622160368 27.545734376 -0.000000
9684 -82.542729190 27.912857739 3.490000
9685 -82.588107431 27.980005547 -1.330449
9686 -82.850325215 27.910031240 -0.000000
9687 -82.598132003 27.502952135 -0.000000
9688 -82.641199075 27.981390997 2.590000
9689 -82.471749820 27.816845669 0.933149
9690 -82.545481642 27.501569219 -0.000000
9691 -82.448220213 27.910338130 3.459659
9692 -82.626907279 27.925356112 3.747921
9693 -82.433487792 27.517843764 -0.000000
9694 -82.453968270 27.869317834 4.979716
9695 -82.827925006 27.964952456 4.854546
9696 -82.529299984 27.823319555 3.822148
9697 -82.438694009 27.670022790 -1.849699
9698 -82.429014744 27.902409108 -3.239979
9699 -82.626719981 27.520455869 -0.000000
9700 -82.471151123 27.824274671 1.551165
9701 -82.453161697 27.508980262 -0.000000
9702 -82.558289365 27.939481060 3.114854
9703 -82.441106305 27.515392762 -0.000000
9704 -82.532808465 27.680351798 0.759590
9705 -82.472952105 27.532390355 -0.000000
9706 -82.484483417 27.862368426 0.803106
9707 -82.600449280 27.603600964 2.780859
9708 -82.804853352 27.802961981 -2.140372
9709 -82.534405839 27.881089764 1.133390
9710 -82.535399333 27.506218316 -0.000000
9711 -82.643370113 27.906916740 -0.531058
9712 -82.542128273 27.942903221 0.687905
9713 -82.453193569 27.937600243 -2.632204
9714 -82.457457036 27.899497702 2.929982
9715 -82.766475384 27.792602442 2.483016
9716 -82.621772518 27.906442277 2.010057
9717 -82.514746145 27.512599346 -0.000000
9718 -82.656549448 27.908785364 -0.003705
9719 -82.594528713 27.575607866 -0.557101
9720 -82.667743645 27.996707529 1.100859
9721 -82.388311003 27.818180437 -1.062548
9722 -82.606064119 27.512813539 -0.000000
9723 -82.638089162 27.539264965 -0.000000
9724 -82.639134447 27.679204395 4.059484
9725 -82.853101336 27.877589639 -0.000000
9726 -82.461682085 27.517461970 -0.000000
9727 -82.634438961 27.558297491 3.121200
9728 -82.725836999 27.512614742 -0.000000
9729 -82.462900139 27.767500862 3.552952
9730 -82.652760206 27.525809816 -0.000000
9731 -82.452374222 27.756296522 0.686110
9732 -82.628735136 27.897600544 1.030788
9733 -82.778790934 27.797449765 1.832879
9734 -82.614878416 27.695210539 5.054989
9735 -82.495243564 27.830459543 -1.082956
9736 -82.717336405 27.480000006 -0.000000
9737 -82.601594067 27.827010868 0.905833
9738 -82.484220044 27.871790087 1.556745
9739 -82.524919085 27.491924517 -0.000000
9740 -82.806400410 27.974576987 0.927167
9741 -82.561505706 27.958438571 2.004961
9742 -82.678711524 27.909640805 -1.253962
9743 -82.420791423 27.506430326 -0.000000
9744 -82.690154044 27.519345417 -0.000000
9745 -82.389960418 27.852544352 -4.089767
9746 -82.743299460 27.724243149 -1.352757
9747 -82.623485217 27.887689082 -0.052921
9748 -82.840559939 27.671525814 9.191681
9749 -82.650470045 27.524363666 -0.000000
9750 -82.588181024 27.504772023 -0.000000
9751 -82.420180945 27.945712235 -3.309186
9752 -82.462434717 27.746770762 0.129404
9753 -82.605166624 27.565894773 -0.490064
9754 -82.681213558 27.941218972 4.493641
9755 -82.624394653 27.549226540 -0.000000
9756 -82.869957250 27.894040731 -0.000000
9757 -82.439394789 27.764101182 0.694001
9758 -82.772449285 27.664503027 5.800395
9759 -82.464841896 27.870931906 2.245259
9760 -82.519961298 27.689103193 0.078248
9761 -82.804163499 27.970764440 4.317093
9762 -82.625419366 27.514663452 -0.000000
9763 -82.583845740 27.540206815 -0.000000
9764 -82.816184037 27.943047119 -1.765230
9765 -82.575487826 27.508166687 -0.000000
9766 -82.448410819 27.707587103 2.471269
9767 -82.575310237 27.648656252 3.616188
9768 -82.552342293 27.613017690 -0.482070
9769 -82.599219877 27.782134095 10.632221
9770 -82.750713719 27.719310216 5.824355
9771 -82.601155702 27.515924189 -0.000000
9772 -82.508478230 27.831241962 -0.172730
9773 -82.471982409 27.530610963 -0.000000
9774 -82.389742129 27.833340860 -0.581430
9775 -82.578173549 27.979290888 -1.676435
9776 -82.508276353 27.501743508 -0.000000
9777 -82.447874627 27.833864854 6.882337
9778 -82.747384514 27.755396078 0.433898
9779 -82.646643959 27.524245231 -0.000000
9780 -82.419382756 27.880166555 2.927757
9781 -82.554694127 27.646010475 0.718506
9782 -82.469172613 27.846499146 0.738033
9783 -82.439466032 27.524522905 -0.000000
9784 -82.854522064 27.865368113 -0.000000
9785 -82.727619670 27.647622795 1.853098
9786 -82.785608056 28.043930811 -1.829129
9787 -82.826118977 27.962942811 4.199247
9788 -82.443803220 27.857382646 14.506467
9789 -82.851376187 27.861904006 -0.000000
9790 -82.758871542 27.806177840 1.358414
9791 -82.812632469 27.966756710 0.256583
9792 -82.516967643 27.678420883 0.687119
9793 -82.847047362 27.869814424 -2.754197
9794 -82.818939376 28.043869060 -0.079915
9795 -82.809630946 27.949755892 0.685872
9796 -82.505186543 27.708096945 0.623777
9797 -82.689139471 27.678578091 2.004024
9798 -82.447934371 27.798775622 5.168901
9799 -82.629756888 27.722781240 -1.380608
9800 -82.687690155 28.028860670 1.184545
9801 -82.701686605 27.483921783 -0.000000
9802 -82.626675715 27.543332801 -0.000000
9803 -82.423793414 27.509036075 -0.000000
9804 -82.841095844 27.897155352 -1.371038
9805 -82.819537124 27.932394132 1.835380
9806 -82.550210392 27.865267968 4.492869
9807 -82.843519407 27.897991753 -1.019810
9808 -82.465812074 27.920233214 3.875208
9809 -82.432009031 27.513028432 -0.000000
9810 -82.757165290 27.790069495 1.782402
9811 -82.593172644 27.878956527 2.064191
9812 -82.495151234 27.715303437 0.734389
9813 -82.808253224 27.724471136 7.843476
9814 -82.709346202 27.728098340 0.596572
9815 -82.429228862 27.887640129 3.228670
9816 -82.614558180 27.522670072 -0.000000
9817 -82.602086592 27.540140489 -0.000000
9818 -82.466172487 27.736653225 -0.640989
9819 -82.597575202 27.833853214 -0.215889
9820 -82.451782355 27.901296378 3.843884
9821 -82.576946490 27.824042790 2.625449
9822 -82.716227488 27.493649146 -0.000000
9823 -82.681910258 27.969167394 1.561280
9824 -82.546320629 27.860607648 -1.717017
9825 -82.757044606 27.774174485 1.983896
9826 -82.755983199 27.821281861 -1.386406
9827 -82.458670769 27.716067002 -0.808271
9828 -82.604682323 27.557746428 0.093424
9829 -82.820848491 27.927772180 0.419229
9830 -82.559871068 27.514886525 -0.000000
9831 -82.801611587 27.998747901 1.741172
9832 -82.474996465 27.879242571 3.898105
9833 -82.431196923 27.826249221 3.480000
9834 -82.669883924 27.513937796 -0.000000
9835 -82.476875042 27.820117319 0.926865
9836 -82.750852439 27.832138224 -0.749065
9837 -82.588533628 27.965887716 3.872577
9838 -82.864759050 27.849331316 -0.000000
9839 -82.588453457 27.544984757 -0.000000
9840 -82.828450081 27.623909052 5.628703
9841 -82.620910458 28.007929524 0.100000
9842 -82.473305281 27.713025127 1.400480
9843 -82.832517029 27.805188813 4.897636
9844 -82.584535199 27.952078301 5.488958
9845 -82.467784797 27.735146929 -0.457126
9846 -82.615100660 27.837008558 -2.520868
9847 -82.563141309 27.512518796 -0.000000
9848 -82.517867358 27.798305974 5.801437
9849 -82.491350870 27.512755454 -0.000000
9850 -82.546197302 27.839883905 4.467077
9851 -82.563531056 27.973554041 -1.997346
9852 -82.398728147 27.832470820 0.770029
9853 -82.480040210 27.515327694 -0.000000
9854 -82.468232089 27.895451342 2.329015
9855 -82.812928115 27.799847551 4.524348
9856 -82.809335048 28.057795900 -0.000000
9857 -82.717448900 27.737398003 0.882384
9858 -82.603893959 27.600472894 2.470876
9859 -82.567750308 27.618686370 0.740745
9860 -82.619937856 27.857583360 -0.362862
9861 -82.590269180 27.832125170 -0.403409
9862 -82.842258742 27.853651913 3.781066
9863 -82.526851016 27.682020777 0.068878
9864 -82.626721611 27.756512344 1.830227
9865 -82.469291531 27.880194901 3.920000
9866 -82.851681765 27.866128936 -0.000000
9867 -82.469842399 27.815933771 1.560113
9868 -82.885639951 28.016487977 -0.000000
9869 -82.757451052 27.748006411 -1.283318
9870 -82.420189787 27.902899384 4.564614
9871 -82.741973514 27.736358087 -1.307372
9872 -82.673442447 27.510626396 -0.000000
9873 -82.437442707 27.888896109 5.045643
9874 -82.598321784 27.994204881 -2.808183
9875 -82.569941388 27.929228410 5.315095
9876 -82.830325956 27.927694454 2.098359
9877 -82.782328930 27.552182629 7.041974
9878 -82.612747537 27.666953624 7.819053
9879 -82.861239435 28.001592144 -0.000000
9880 -82.665915920 27.911831858 -0.187923
9881 -82.730605412 27.749053758 0.387243
9882 -82.537471387 27.938417121 1.275202
9883 -82.444199108 27.916185449 14.588843
9884 -82.519377344 27.494818449 -0.000000
9885 -82.459930835 27.748055157 0.257079
9886 -82.449293281 27.850074728 5.779320
9887 -82.812859178 27.952772692 2.553651
9888 -82.485099778 27.915394613 2.630004
9889 -82.839053945 28.055222455 -0.000000
9890 -82.703556562 27.958446006 -0.159601
9891 -82.423441941 27.910305594 -3.294150
9892 -82.605306923 27.839494018 -0.005369
9893 -82.451288130 27.761756198 1.089911
9894 -82.465141550 27.829285651 4.317152
9895 -82.484285809 27.918191977 2.563658
9896 -82.715889968 27.502500127 -0.000000
9897 -82.422645741 27.935774849 1.662480
9898 -82.583339903 27.548530264 -0.000000
9899 -82.681122363 27.698122751 3.236084
9900 -82.622650164 27.889808736 -0.020171
9901 -82.583364071 27.562183877 2.981376
9902 -82.530468657 27.507148841 -0.000000
9903 -82.831919078 27.940226217 2.276542
9904 -82.654470395 28.006052369 0.667942
9905 -82.430306271 27.928640461 11.937228
9906 -82.609596577 27.810825502 -1.788529
9907 -82.568462945 27.973846947 -0.584718
9908 -82.514434735 27.694950311 0.424737
9909 -82.661664527 27.698382520 2.861442
9910 -82.856486436 27.835533481 -0.000000
9911 -82.740379709 27.530975858 -0.000000
9912 -82.425238888 27.834453638 3.470000
9913 -82.419365064 27.815891059 4.152339
9914 -82.466946123 27.906402994 2.620000
9915 -82.589683830 27.504113827 -0.000000
9916 -82.685145480 27.937241002 4.522916
9917 -82.630085733 27.700450186 3.442464
9918 -82.674421734 27.994369469 4.297122
9919 -82.434890451 27.906987705 -4.046887
9920 -82.455852346 27.884168931 4.210000
9921 -82.462835615 27.842321964 2.150319
9922 -82.622007078 27.841178118 0.059770
9923 -82.681156802 27.915468435 0.897758
9924 -82.881478597 27.857861415 -0.000000
9925 -82.782174108 27.804314971 3.253490
9926 -82.514328308 27.673054594 0.983765
9927 -82.503963442 27.521460084 -0.000000
9928 -82.611516699 27.544149859 -0.000000
9929 -82.475705424 27.522005561 -0.000000
9930 -82.553930445 27.591960978 -1.196204
9931 -82.518453069 27.681688737 0.319705
9932 -82.679193192 27.489743189 -0.000000
9933 -82.526347674 27.513870952 -0.000000
9934 -82.835900232 27.896885648 1.233157
9935 -82.438157550 27.820394765 4.849108
9936 -82.724036580 27.933823369 -2.181847
9937 -82.794227373 27.772959817 4.702324
9938 -82.681330147 27.993457551 -0.048613
9939 -82.800501271 27.987312218 2.262378
9940 -82.620410907 27.815877769 -2.286134
9941 -82.589280837 27.844054791 1.070190
9942 -82.463749053 27.808432460 7.801999
9943 -82.680078516 27.509926922 -0.000000
9944 -82.584361010 27.964677606 3.855666
9945 -82.743537154 27.763809268 0.554258
9946 -82.709813047 27.502022530 -0.000000
9947 -82.446749372 27.898600674 4.233292
9948 -82.566102353 27.512910787 -0.000000
9949 -82.618146059 27.881314999 -0.477734
9950 -82.571565404 27.510378480 -0.000000
9951 -82.546092045 27.878295772 6.154726
9952 -82.765612016 27.734250313 5.663917
9953 -82.600945276 27.820699064 -1.106516
9954 -82.473232560 27.860971198 3.900000
9955 -82.785616348 28.049407104 0.687675
9956 -82.476019894 27.719559868 -1.216301
9957 -82.611982969 27.622498280 5.616508
9958 -82.846643252 27.847921972 3.860140
9959 -82.476004615 27.814637334 1.606757
9960 -82.473778702 27.865284666 3.877580
9961 -82.397623302 27.815923132 0.894262
9962 -82.837432941 27.959829657 4.241379
9963 -82.631775488 27.717553704 -1.365475
9964 -82.484119820 27.513451044 -0.000000
9965 -82.814213841 27.818431121 1.917522
9966 -82.460534786 27.930594654 -1.347122
9967 -82.429910982 27.834668038 3.648396
9968 -82.535987671 27.917616453 2.837953
9969 -82.510298862 27.700142270 0.476943
9970 -82.493360965 27.504381671 -0.000000
9971 -82.620179954 27.806044193 0.482841
9972 -82.613314973 27.512097376 -0.000000
9973 -82.591818339 27.854953510 1.343460
9974 -82.726530340 27.539700035 -0.000000
9975 -82.669957898 27.496315691 -0.000000
9976 -82.619072651 27.548709929 -0.000000
9977 -82.431689673 27.897357592 2.009264
9978 -82.817675226 27.932266627 0.534792
9979 -82.614783237 27.752677338 5.483893
9980 -82.683047279 27.914831848 -0.336130
9981 -82.869580347 27.946115303 -0.000000
9982 -82.497189561 27.829889889 -0.837313
9983 -82.490141857 27.792635550 10.697711
9984 -82.608216508 27.836997688 -2.576976
9985 -82.412844165 27.942790149 1.061726
9986 -82.849527966 28.010950121 5.426592
9987 -82.681800820 28.014702562 1.132506
9988 -82.867553606 27.880974041 -0.000000
9989 -82.427346926 27.869348246 3.860000
9990 -82.639965004 27.520400729 -0.000000
9991 -82.429758450 27.844447611 4.653063
9992 -82.439321119 27.896491805 14.735651
9993 -82.640362131 27.896902726 0.876339
9994 -82.717920042 27.484926721 -0.000000
9995 -82.807752533 27.954489382 0.580788
9996 -82.847366069 27.858911639 -2.117531
9997 -82.792044042 28.022012718 1.043409
9998 -82.630997874 28.004961000 -1.784012
9999 -82.585842773 27.653805963 7.664766
10000 -82.434443037 27.801695786 4.568174
10001 -82.719488114 27.518983019 -0.000000
10002 -82.722596263 27.492289289 -0.000000
10003 -82.620575700 27.855692340 -2.099446
10004 -82.487726074 27.901654249 0.690240
10005 -82.811391227 28.014710255 0.717759
10006 -82.596273511 27.811656916 0.884198
10007 -82.801624192 27.820228757 -1.814559
10008 -82.537874275 27.830368933 3.245523
10009 -82.597447515 27.838022632 -0.277156
10010 -82.600612459 27.775806120 8.366830
10011 -82.749329902 27.731907968 0.589892
10012 -82.601588349 27.863270542 -4.059527
10013 -82.745472980 27.753232054 -2.020043
10014 -82.541806527 27.864762522 0.829722
10015 -82.539330946 27.684998884 1.493216
10016 -82.827162452 27.966524530 0.732501
10017 -82.821603759 27.929145352 0.559619
10018 -82.553212519 27.871964119 5.865606
10019 -82.648361126 28.008781923 0.764524
10020 -82.821211353 27.836331866 -0.391532
10021 -82.745102223 27.737539533 -1.392279
10022 -82.466285133 27.926607885 2.497316
10023 -82.814643290 27.822439783 1.420792
10024 -82.554397324 27.680543957 5.151137
10025 -82.486658084 27.508567269 -0.000000
10026 -82.787215126 28.044142085 1.136144
10027 -82.624231371 27.591369184 2.829631
10028 -82.620524520 27.838366498 -0.030207
10029 -82.714085700 27.494824873 -0.000000
10030 -82.581776796 27.603217752 1.626994
10031 -82.551885477 27.971048607 -1.740606
10032 -82.578660527 27.981430906 -1.946476
10033 -82.591889201 27.583789019 -2.468332
10034 -82.870035982 28.040297517 -0.000000
10035 -82.887481327 27.907855623 -0.000000
10036 -82.648913501 28.022283744 -1.605250
10037 -82.819727881 27.948270495 2.441500
10038 -82.561818422 27.915692564 4.314867
10039 -82.836776568 27.947290836 1.371355
10040 -82.766413873 27.813736345 -1.549925
10041 -82.678662736 28.001336836 0.320051
10042 -82.471613455 27.763489295 3.111629
10043 -82.574826738 27.597519409 0.357793
10044 -82.700390374 27.726049491 2.354721
10045 -82.833328752 27.972846680 2.858789
10046 -82.478560524 27.880534835 1.710965
10047 -82.472474567 27.849445845 0.775148
10048 -82.620789029 27.788181735 1.585796
10049 -82.648549528 27.907146270 0.937287
10050 -82.624851567 27.779752114 -1.812808
10051 -82.506405272 27.830659027 0.099270
10052 -82.821509044 27.830930271 2.558460
10053 -82.427604662 27.846177089 5.062777
10054 -82.539066530 27.843076820 -0.401191
10055 -82.820717443 27.964272046 -0.515997
10056 -82.692505219 27.969448118 -0.398537
10057 -82.455482719 27.701888467 -0.670430
10058 -82.585431730 27.849752981 3.314844
10059 -82.701423926 27.961522318 -0.740929
10060 -82.721859674 27.504798808 -0.000000
10061 -82.640992045 27.922397831 1.707875
10062 -82.499332125 27.511587532 -0.000000
10063 -82.793510937 28.009830028 1.071213
10064 -82.794561357 27.779588613 4.762868
10065 -82.803654176 28.000507514 1.359614
10066 -82.819126866 27.813643555 -1.968209
10067 -82.839265041 27.964600002 4.130885
10068 -82.629535467 27.745145290 2.105724
10069 -82.839991561 27.846539184 2.581636
10070 -82.696384335 27.971777784 -0.524026
10071 -82.626438421 27.753171747 0.875578
10072 -82.492861580 27.512802571 -0.000000
10073 -82.651928154 27.906109512 0.026598
10074 -82.710715496 27.954738455 2.485613
10075 -82.535228613 27.928305168 1.472234
10076 -82.598759833 27.522600545 -0.000000
10077 -82.473523188 27.887438874 3.946801
10078 -82.798768595 27.988327025 -1.309593
10079 -82.534263187 27.911711168 1.186700
10080 -82.414125105 27.939386927 0.613450
10081 -82.643636730 27.530738952 -0.000000
10082 -82.652070976 28.010370789 0.873575
10083 -82.441824552 27.524705112 -0.000000
10084 -82.546776198 27.924701154 3.541763
10085 -82.442239424 27.527923077 -0.000000
10086 -82.824543980 28.046062815 2.979254
10087 -82.427794987 27.840520356 3.782510
10088 -82.791752718 28.053487496 -0.000000
10089 -82.609930038 27.565251333 0.606832
10090 -82.519528882 27.487167902 -0.000000
10091 -82.538123201 27.669353581 -0.300066
10092 -82.416832640 27.765594147 -1.531416
10093 -82.841357848 27.893447756 2.940439
10094 -82.648641959 27.496718406 -0.000000
10095 -82.486621215 27.520400695 -0.000000
10096 -82.549152459 27.668468261 1.930109
10097 -82.620556576 27.819748777 -0.300742
10098 -82.471250000 27.848627997 0.761389
10099 -82.495226548 27.709639413 0.474342
10100 -82.826639121 27.802583366 4.607468
10101 -82.657525486 27.699868652 1.037199
10102 -82.759356503 27.689198553 5.585619
10103 -82.542545140 27.917226147 3.390434
10104 -82.751083218 27.748635040 4.198378
10105 -82.827177937 28.019721669 0.756733
10106 -82.806355582 27.983934378 1.566739
10107 -82.665752352 27.700091973 3.691230
10108 -82.629309298 27.839414964 -0.172414
10109 -82.455568867 27.710304378 -0.641135
10110 -82.638924709 27.891261445 -2.019397
10111 -82.706938352 27.499508245 -0.000000
10112 -82.618044799 27.910201771 2.875252
10113 -82.445729875 27.531860752 -0.000000
10114 -82.429717985 27.936100164 1.988265
10115 -82.613256450 27.509843313 -0.000000
10116 -82.820668521 27.827962719 -1.676323
10117 -82.607364684 27.515882441 -0.000000
10118 -82.831553272 28.033395482 4.737312
10119 -82.434381900 27.675773427 0.801670
10120 -82.546440217 27.946426355 0.781713
10121 -82.477895807 27.527838799 -0.000000
10122 -82.436379012 27.514049502 -0.000000
10123 -82.457372503 27.763233697 1.116357
10124 -82.671360799 27.487237151 -0.000000
10125 -82.678497529 27.948586388 3.520000
10126 -82.845188207 27.945547911 6.234398
10127 -82.504753105 27.483217123 -0.000000
10128 -82.641516488 27.700190947 1.026595
10129 -82.574498453 27.859907910 4.522317
10130 -82.487242647 27.900095531 0.750089
10131 -82.504550268 27.517281414 -0.000000
10132 -82.688619024 27.711234146 -1.345725
10133 -82.453854054 27.939590156 1.557890
10134 -82.859504822 27.901550918 -0.000000
10135 -82.608877040 27.814587477 -1.018317
10136 -82.412465016 27.933324508 -2.576190
10137 -82.688758037 27.728772766 -1.410289
10138 -82.824056457 27.834072858 1.069783
10139 -82.723397831 27.520119557 -0.000000
10140 -82.571111933 27.598025207 -0.783338
10141 -82.467472326 27.518217251 -0.000000
10142 -82.631285905 27.715653950 3.427937
10143 -82.601019550 27.788883816 4.175729
10144 -82.539034536 27.886015241 -2.478121
10145 -82.551776307 27.857588467 0.020922
10146 -82.526221280 27.677722963 -0.419139
10147 -82.623470316 27.530031850 -0.000000
10148 -82.680371809 28.015698044 1.699844
10149 -82.621817988 27.551806663 -0.380210
10150 -82.599472677 27.807712079 2.887972
10151 -82.444551623 27.834565505 7.274672
10152 -82.835128712 27.903638014 3.422331
10153 -82.583597451 27.803253563 5.215579
10154 -82.670435687 27.523585324 -0.000000
10155 -82.598775309 27.591997846 0.456330
10156 -82.741899584 27.508665040 -0.000000
10157 -82.424151534 27.519454313 -0.000000
10158 -82.665470829 28.025272653 0.925579
10159 -82.587627575 27.996469962 -0.283163
10160 -82.590020247 27.979149117 0.297775
10161 -82.714805872 27.498575064 -0.000000
10162 -82.750383330 27.766061137 -1.500272
10163 -82.427823315 27.856803778 4.142247
10164 -82.616228482 27.862474584 -0.468834
10165 -82.561911535 27.644316899 2.476828
10166 -82.621997102 27.565094199 1.301697
10167 -82.682052232 28.016419616 1.117094
10168 -82.472122557 27.925712691 1.998586
10169 -82.499061177 27.513369627 -0.000000
10170 -82.510348189 27.508065003 -0.000000
10171 -82.874927390 27.955718957 -0.000000
10172 -82.587310636 27.865892963 4.321775
10173 -82.646831150 27.488849625 -0.000000
10174 -82.541860421 27.511107672 -0.000000
10175 -82.855569328 27.848692284 -0.000000
10176 -82.735309905 27.744120644 -1.658467
10177 -82.480221103 27.743507258 0.834080
10178 -82.617511335 27.996815867 0.088465
10179 -82.391935263 27.837943433 -0.247416
10180 -82.612203404 27.876033246 -0.369591
10181 -82.777794575 27.526517938 -0.000000
10182 -82.830455770 27.913385561 -1.417923
10183 -82.696950669 27.731680452 2.609918
10184 -82.461475362 27.921903421 -1.919880
10185 -82.609030589 27.781722183 5.362295
10186 -82.447554236 27.773573088 3.638204
10187 -82.648649984 27.921322725 1.110674
10188 -82.799254849 27.742871645 7.211652
10189 -82.616000869 27.533456073 -0.000000
10190 -82.764982934 27.762912681 2.852246
10191 -82.445296503 27.920341598 0.825056
10192 -82.454916867 27.933219828 -0.440397
10193 -82.465228636 27.516871846 -0.000000
10194 -82.602270382 27.837946497 0.700597
10195 -82.701931292 27.500178551 -0.000000
10196 -82.633535406 27.566578550 3.480028
10197 -82.677489764 27.518827203 -0.000000
10198 -82.655293897 27.911711320 0.803370
10199 -82.760172964 27.809189902 -1.165407
10200 -82.413961652 27.933617262 0.372888
10201 -82.841494480 27.858075196 -3.067094
10202 -82.509288203 27.486824890 -0.000000
10203 -82.619035827 27.697778097 5.653689
10204 -82.588983971 27.555963524 3.802460
10205 -82.542524827 27.843054278 0.780000
10206 -82.802983972 27.971995246 0.703174
10207 -82.592611162 27.571153414 0.138287
10208 -82.454057130 27.908333370 -2.033273
10209 -82.553555035 27.964584905 0.639261
10210 -82.554777285 27.505734084 -0.000000
10211 -82.696341195 27.924006918 0.757038
10212 -82.391428366 27.823977010 -1.909103
10213 -82.600910091 27.537722464 -0.000000
10214 -82.608290101 27.526662411 -0.000000
10215 -82.540568684 27.673204959 0.989456
10216 -82.479326593 27.893027146 3.124793
10217 -82.473825968 27.728192853 -1.880324
10218 -82.816289419 28.017676401 0.483202
10219 -82.607649675 27.815841880 -0.687005
10220 -82.770223541 27.825176457 0.404097
10221 -82.787368347 27.807369371 1.971642
10222 -82.587192371 27.846867686 2.252723
10223 -82.580178391 27.857134832 2.613442
10224 -82.562745683 27.509919698 -0.000000
10225 -82.646023299 27.486482035 -0.000000
10226 -82.528967374 27.924937323 -2.016442
10227 -82.688709423 27.493429846 -0.000000
10228 -82.732752113 27.536859070 -0.000000
10229 -82.597256183 27.572595508 1.124041
10230 -82.396344702 27.827681476 0.476461
10231 -82.877880590 27.907966911 -0.000000
10232 -82.797590490 27.814282201 -0.661438
10233 -82.439758134 27.890528910 14.249628
10234 -82.861720214 27.957004035 -0.000000
10235 -82.706745435 27.733534593 2.256819
10236 -82.635156742 27.905802291 -0.712023
10237 -82.631095868 27.842419507 -1.876665
10238 -82.749541850 27.769485192 -0.870766
10239 -82.616310908 27.523452161 -0.000000
10240 -82.635638269 27.564094742 3.648125
10241 -82.525818528 27.516888516 -0.000000
10242 -82.430047387 27.943904784 1.689643
10243 -82.402528854 27.780074671 -0.996711
10244 -82.388550696 27.832330178 -1.530747
10245 -82.862479997 27.982959770 -0.000000
10246 -82.854361789 27.983079644 -0.000000
10247 -82.620234093 27.761162260 4.781175
10248 -82.442156079 27.679967977 -0.527630
10249 -82.451227716 27.759039415 0.780013
10250 -82.531290380 27.895026085 -1.438978
10251 -82.586748981 27.575236815 -1.079563
10252 -82.447555946 27.870071655 5.418216
10253 -82.613218547 27.847650142 0.596066
10254 -82.750716420 27.760472655 -1.394480
10255 -82.610501984 27.817542894 -0.663135
10256 -82.799736789 27.998459908 2.273277
10257 -82.624942045 27.568291927 2.512638
10258 -82.406248820 27.879941174 0.690004
10259 -82.611710582 27.576067071 1.769990
10260 -82.603027726 27.590394423 0.818863
10261 -82.493100771 27.511576837 -0.000000
10262 -82.816157074 28.036002251 -0.426713
10263 -82.825682062 28.048925902 1.712975
10264 -82.585622948 27.973565567 1.499391
10265 -82.762459805 27.732044826 5.724116
10266 -82.612979229 27.879498957 -0.054919
10267 -82.430306042 27.940570261 1.700000
10268 -82.615472219 27.850634240 3.679814
10269 -82.598750049 27.868302405 1.417991
10270 -82.798180840 28.052817069 -0.000000
10271 -82.701972154 27.731507969 2.652121
10272 -82.684170780 28.021508668 0.855189
10273 -82.596753890 27.519883367 -0.000000
10274 -82.479189196 27.861184440 3.307215
10275 -82.632329566 27.692688131 3.751410
10276 -82.447803550 27.527607694 -0.000000
10277 -82.850892244 27.878159236 -0.000000
10278 -82.843221417 27.937091529 5.652351
10279 -82.407961836 27.524617461 -0.000000
10280 -82.638267391 27.695670289 3.072811
10281 -82.790305175 27.507255673 -0.000000
10282 -82.846289597 27.895353818 -1.198493
10283 -82.674865575 28.029508010 1.192895
10284 -82.472635610 27.918250925 2.660778
10285 -82.801616267 27.533371453 -0.000000
10286 -82.571480664 27.646675113 4.833342
10287 -82.394217951 27.815059633 0.066699
10288 -82.447215913 27.919699613 6.241465
10289 -82.600446494 27.862407741 -1.943694
10290 -82.636097781 28.006933098 -0.621879
10291 -82.663382799 27.699361212 3.024616
10292 -82.549637831 27.672915249 2.814539
10293 -82.838869444 28.036382762 4.895389
10294 -82.711387394 27.532651948 -0.000000
10295 -82.612003956 28.000125565 -0.705784
10296 -82.600749516 27.551241123 0.264400
10297 -82.685346787 27.728595549 -2.171340
10298 -82.484090819 27.718263186 1.374030
10299 -82.650424975 27.566863096 4.473073
10300 -82.621982514 27.715389087 1.493185
10301 -82.824147395 27.946915698 2.448721
10302 -82.729514078 27.504766487 -0.000000
10303 -82.686781580 27.505043888 -0.000000
10304 -82.825729445 28.053429574 -0.000000
10305 -82.664747119 27.701997118 0.611366
10306 -82.819621660 28.035592600 -0.361095
10307 -82.586838476 27.786651428 10.068366
10308 -82.580884757 27.591819250 -0.281549
10309 -82.453171290 27.703069460 -0.769480
10310 -82.619369113 27.860893625 -0.089612
10311 -82.796304651 28.055987113 -0.000000
10312 -82.612189161 27.870863054 -1.585779
10313 -82.685389192 27.507419470 -0.000000
10314 -82.575805764 27.977634501 -0.608685
10315 -82.433347617 27.853505668 5.188043
10316 -82.537158001 27.838990335 0.761060
10317 -82.719271129 27.718403095 1.587200
10318 -82.486839961 27.823431701 -2.765894
10319 -82.608177297 27.544229812 -0.000000
10320 -82.666636463 27.552110731 5.069798
10321 -82.610045960 27.802803949 -1.777619
10322 -82.676983234 27.955803917 3.106203
10323 -82.669123964 27.541342009 -0.000000
10324 -82.485580428 27.907305170 2.782922
10325 -82.477726147 27.856794679 1.107249
10326 -82.465391758 27.711585583 -0.846896
10327 -82.574265869 27.590534460 -1.294591
10328 -82.709866638 27.719864876 1.684391
10329 -82.459814277 27.863260538 4.400575
10330 -82.721375780 27.519692223 -0.000000
10331 -82.485744399 27.921618692 0.793583
10332 -82.401397032 27.880055949 -0.116440
10333 -82.528250888 27.687331912 0.822808
10334 -82.722507479 27.535312686 -0.000000
10335 -82.442864526 27.876102741 5.646345
10336 -82.855966612 27.877335725 -0.000000
10337 -82.439385341 27.526483133 -0.000000
10338 -82.523653089 27.488871278 -0.000000
10339 -82.481849955 27.862455797 1.669566
10340 -82.446601699 27.910713872 -1.699924
10341 -82.815306019 27.828532376 1.883128
10342 -82.428690452 27.824028752 3.831231
10343 -82.569811259 27.566007490 2.471090
10344 -82.653959148 27.617862233 10.009610
10345 -82.615780794 27.806702767 2.781770
10346 -82.827334914 27.836489427 0.631910
10347 -82.445757616 27.525775199 -0.000000
10348 -82.844211366 27.960607436 5.546394
10349 -82.529344244 27.919626806 -1.277629
10350 -82.680519654 28.025653767 2.548872
10351 -82.618053083 27.846964214 0.554436
10352 -82.656322537 27.495843238 -0.000000
10353 -82.485834359 27.898904028 1.443463
10354 -82.591750708 27.511241457 -0.000000
10355 -82.716215738 27.739199812 0.002428
10356 -82.736859454 27.517942184 -0.000000
10357 -82.468336788 27.521679179 -0.000000
10358 -82.609777229 27.751691700 5.362252
10359 -82.634332608 28.013703478 -1.390880
10360 -82.446853006 27.923317576 11.275591
10361 -82.838048848 27.843381319 3.793257
10362 -82.722588271 27.942130244 -1.880842
10363 -82.614242876 27.864362305 -1.066356
10364 -82.785718577 27.796825222 -1.747195
10365 -82.402272906 27.800601796 3.292334
10366 -82.603889519 27.677877014 7.063826
10367 -82.430911104 27.765359611 -2.067936
10368 -82.709928366 27.707094099 1.013523
10369 -82.536409549 27.898888046 1.049980
10370 -82.679315767 27.702737884 -1.710124
10371 -82.616677690 27.736284886 4.810732
10372 -82.615627825 27.859806597 -0.154100
10373 -82.584464187 27.565925978 1.631341
10374 -82.641981543 28.024603947 -0.577364
10375 -82.753948590 27.490128536 -0.000000
10376 -82.684913068 27.584535443 5.988274
10377 -82.485580336 27.867842484 0.855386
10378 -82.414071197 27.782592950 -0.437288
10379 -82.724938293 27.526985468 -0.000000
10380 -82.648737575 28.019857059 -0.584052
10381 -82.770968797 27.756379528 4.812387
10382 -82.872807887 27.868898978 -0.000000
10383 -82.455433169 27.874076858 3.867198
10384 -82.612607025 27.547024383 -0.000000
10385 -82.435805481 27.674840722 1.556120
10386 -82.628205934 28.002789038 0.648303
10387 -82.483803777 27.517365933 -0.000000
10388 -82.469874257 27.831993969 0.526796
10389 -82.441899841 27.508809976 -0.000000
10390 -82.481937465 27.710731719 0.782179
10391 -82.628469227 27.515880801 -0.000000
10392 -82.435225364 27.763458683 -0.923690
10393 -82.453327704 27.694211709 -0.838784
10394 -82.678110072 27.706301996 -1.501084
10395 -82.416406260 27.872778947 3.156660
10396 -82.404786759 27.816515788 0.801763
10397 -82.761500073 27.796088462 1.698915
10398 -82.842248840 28.010209011 4.688063
10399 -82.622477756 28.012797101 -0.513617
10400 -82.649457407 28.017056362 0.510520
10401 -82.824259023 27.955337748 3.524721
10402 -82.460831295 27.748637457 0.541089
10403 -82.604757714 28.001355297 -2.524583
10404 -82.542770575 27.829131449 3.196639
10405 -82.669893059 28.001848246 2.449703
10406 -82.685480199 28.025698908 1.704776
10407 -82.488028017 27.912155492 1.948082
10408 -82.832666535 27.900391316 -1.701658
10409 -82.649134646 27.531160583 -0.000000
10410 -82.386332072 27.821947426 0.907391
10411 -82.671118636 27.698938372 3.350465
10412 -82.430232109 27.858893800 3.887056
10413 -82.616806114 27.778641108 4.371067
10414 -82.814819258 28.006000694 -0.576430
10415 -82.392456753 27.846319888 -0.262406
10416 -82.458228276 27.710668073 -0.599672
10417 -82.459684713 27.750238123 0.573737
10418 -82.471125909 27.852801548 1.714871
10419 -82.600926725 27.523125629 -0.000000
10420 -82.628270320 27.561056795 1.738787
10421 -82.503334562 27.822511146 0.780842
10422 -82.761535017 27.766670717 1.548972
10423 -82.668652374 27.625462317 9.188113
10424 -82.470598441 27.829009173 0.673668
10425 -82.745121352 27.573708625 6.485060
10426 -82.826549888 27.929070459 2.059525
10427 -82.622532745 27.791649399 -1.451320
10428 -82.604673240 27.800392925 0.967625
10429 -82.826314161 28.056384004 -0.000000
10430 -82.844697496 27.849366234 -1.790431
10431 -82.844417389 27.837484719 4.551719
10432 -82.421536801 27.789510277 -1.914890
10433 -82.414968930 27.927551898 0.368112
10434 -82.825165875 28.014811316 0.917985
10435 -82.806546265 27.979145090 3.012237
10436 -82.839496432 27.943562308 4.540795
10437 -82.804321346 27.968769610 4.047670
10438 -82.430421014 27.686818469 -6.941831
10439 -82.572889804 27.676391716 6.048451
10440 -82.646778681 27.694819269 3.666419
10441 -82.650900878 27.492219377 -0.000000
10442 -82.633230637 27.849786859 -0.810075
10443 -82.546245533 27.863058988 -2.737154
10444 -82.412517560 27.930476719 -0.685441
10445 -82.721745324 27.502480653 -0.000000
10446 -82.665669360 27.695424922 3.147216
10447 -82.455341037 27.904969601 3.926254
10448 -82.457291479 27.513045166 -0.000000
10449 -82.442174591 27.889043608 5.760083
10450 -82.441098393 27.839312860 2.050459
10451 -82.436612387 27.517272702 -0.000000
10452 -82.665846384 27.987227262 2.785501
10453 -82.594332058 27.504760939 -0.000000
10454 -82.594414876 27.518279087 -0.000000
10455 -82.868472723 27.887501912 -0.000000
10456 -82.608891598 27.953432077 4.800000
10457 -82.850723535 27.868248833 -0.000000
10458 -82.741487572 27.525406908 -0.000000
10459 -82.404261848 27.796065359 -1.974216
10460 -82.574696179 27.594748977 0.288735
10461 -82.630614413 27.517679485 -0.000000
10462 -82.814716945 28.017287220 0.357721
10463 -82.562401318 27.592178681 -0.553272
10464 -82.754509849 27.737343142 -1.073461
10465 -82.601375744 27.585275810 -0.171457
10466 -82.383840780 27.837779584 -0.178712
10467 -82.597936351 27.598953251 0.964675
10468 -82.543372923 27.840944147 2.413823
10469 -82.415939214 27.523082312 -0.000000
10470 -82.468443175 27.843635755 0.665788
10471 -82.756472357 27.757277908 4.456530
10472 -82.602168973 27.805291582 2.935637
10473 -82.537618083 27.873914520 1.506175
10474 -82.462790298 27.521798558 -0.000000
10475 -82.436926893 27.864630350 1.656718
10476 -82.606062760 27.801574646 1.259458
10477 -82.625864699 28.013753497 -1.456751
10478 -82.488024149 27.903693075 0.899557
10479 -82.625390494 27.665128743 5.979539
10480 -82.766110271 27.550441944 2.750434
10481 -82.583144758 27.960949066 4.515100
10482 -82.671162599 27.494716722 -0.000000
10483 -82.867247494 27.794743506 -0.000000
10484 -82.688933743 27.922926651 -0.503355
10485 -82.468205416 27.908956578 2.576190
10486 -82.419227796 27.872214591 3.448478
10487 -82.759859413 27.752101813 1.995785
10488 -82.841041998 27.841713372 -0.765084
10489 -82.677003293 27.993641622 2.601733
10490 -82.527631729 27.931557214 -0.114045
10491 -82.834753345 27.979848605 4.338793
10492 -82.693600134 27.740078564 -1.250297
10493 -82.425585377 27.946393431 1.136955
10494 -82.847053875 27.839557683 4.626896
10495 -82.557191436 27.864213580 7.540158
10496 -82.396486048 27.855189747 -1.088303
10497 -82.659458952 27.950088461 3.752094
10498 -82.450322883 27.867669214 5.135962
10499 -82.725346869 27.507211284 -0.000000
10500 -82.808202092 27.827538785 0.480927
10501 -82.586086631 27.590700171 0.407754
10502 -82.651310224 27.699637158 0.714025
10503 -82.593237421 27.915290329 3.914241
10504 -82.715777101 27.517099106 -0.000000
10505 -82.595399139 27.848827859 0.712266
10506 -82.476888186 27.525159294 -0.000000
10507 -82.553086293 27.972175768 -1.776827
10508 -82.791582611 28.018695228 1.018869
10509 -82.683396874 27.690614281 2.766419
10510 -82.605268713 27.581939224 0.920739
10511 -82.556164446 27.503537760 -0.000000
10512 -82.543999436 27.951802290 -2.216162
10513 -82.516977829 27.680720170 -0.714963
10514 -82.708272864 27.500562226 -0.000000
10515 -82.603664490 27.866362949 1.041390
10516 -82.861921653 27.827025483 -0.000000
10517 -82.677233796 27.702529784 3.092529
10518 -82.460986388 27.744787583 -0.611716
10519 -82.793493326 28.023410464 1.642208
10520 -82.671175102 28.006408500 2.997228
10521 -82.631579281 27.850758861 -1.319251
10522 -82.795479082 28.045570805 3.432730
10523 -82.849528164 27.890120564 -1.446154
10524 -82.818718045 28.011143669 0.355227
10525 -82.615074157 27.834023654 -0.854361
10526 -82.463560423 27.530982234 -0.000000
10527 -82.531365081 27.677791506 -0.455980
10528 -82.686604450 27.491088800 -0.000000
10529 -82.600678195 27.566078129 0.992420
10530 -82.623178694 27.740390987 0.822155
10531 -82.415509842 27.827327290 2.880090
10532 -82.613093463 27.889106172 1.850325
10533 -82.488608514 27.907144090 0.781487
10534 -82.489749651 27.521586284 -0.000000
10535 -82.585220418 27.982329489 -1.092992
10536 -82.588575015 27.998519354 -2.320096
10537 -82.730836107 27.520979840 -0.000000
10538 -82.789924473 28.049441936 0.939603
10539 -82.620056133 27.564070029 0.342428
10540 -82.465362836 27.520556888 -0.000000
10541 -82.472654471 27.855016299 2.651094
10542 -82.522113615 27.509208139 -0.000000
10543 -82.638800262 27.972855754 3.580498
10544 -82.676359272 27.489307688 -0.000000
10545 -82.635952606 28.012789990 -1.360795
10546 -82.631880143 27.558781850 2.289145
10547 -82.467674630 27.922377594 2.077237
10548 -82.540397757 27.943324322 0.658331
10549 -82.828682638 28.031649311 4.351272
10550 -82.678958988 27.976891764 2.270936
10551 -82.581651589 27.560520109 2.905789
10552 -82.491318669 27.503296919 -0.000000
10553 -82.617519109 27.532774622 -0.000000
10554 -82.478872972 27.898800901 3.786111
10555 -82.473367031 27.748913007 1.646842
10556 -82.824097328 27.943895320 2.650034
10557 -82.620611960 27.532507303 -0.000000
1 3 6700 1 8496
2 3 8496 1 10151
3 3 1 3993 10151
4 3 257 1478 6834
5 3 1478 257 8691
6 3 4565 257 6834
7 3 257 4565 8691
8 3 1815 513 2185
9 3 513 1815 6381
10 3 852 513 9757
11 3 513 852 1877
12 3 513 1877 2185
13 3 513 6381 9757
14 3 769 775 2662
15 3 775 769 8611
16 3 769 7728 9077
17 3 8611 769 9077
18 3 769 3302 7728
19 3 1025 1623 3974
20 3 1623 1025 7637
21 3 1025 3974 6509
22 3 5126 1281 9072
23 3 1281 5126 8935
24 3 1281 4511 9072
25 3 4511 1281 8573
26 3 3639 1537 7838
27 3 1537 3639 5836
28 3 1537 6899 7838
29 3 1793 2922 4149
30 3 2922 1793 3072
31 3 2049 4194 7533
32 3 2049 7533 8523
33 3 2305 7339 7952
34 3 7339 2305 7580
35 3 2305 3515 6395
36 3 4689 2561 9188
37 3 2561 4689 8950
38 3 2817 8776 9604
39 3 2817 3162 8776
40 3 3162 2817 7073
41 3 3581 2817 9604
42 3 2817 3581 7073
43 3 3073 3217 6059
44 3 3217 3073 7093
45 3 3073 6059 8500
46 3 3585 3631 7549
47 3 3631 3585 9389
48 3 3585 7549 10469
49 3 3841 7437 9622
50 3 6053 3841 9622
51 3 3841 6053 9393
52 3 4353 8059 10001
53 3 5001 4353 10504
54 3 4353 5001 8059
55 3 4609 7434 9922
56 3 7434 4609 7879
57 3 7879 4609 10351
58 3 5857 4609 9922
59 3 8532 5377 10279
60 3 5377 8627 10279
61 3 7805 5633 10165
62 3 8452 5889 10030
63 3 6794 5889 8183
64 3 5889 6794 7418
65 3 8183 5889 8452
66 3 7681 8191 10542
67 3 8722 8193 8758
68 3 2 868 1658
69 3 868 2 2445
70 3 2 1658 9936
71 3 2 1949 2445
72 3 1949 2 9936
73 3 2332 258 7063
74 3 258 1667 9528
75 3 5086 258 9528
76 3 258 2298 7063
77 3 2298 258 5086
78 3 1533 258 2332
79 3 258 1533 1667
80 3 514 7940 9384
81 3 514 541 8814
82 3 541 514 9384
83 3 514 3620 7940
84 3 3620 514 8814
85 3 3403 770 10183
86 3 2681 770 8619
87 3 770 2681 10183
88 3 2965 770 4232
89 3 770 2965 8180
90 3 932 770 3403
91 3 770 932 4232
92 3 770 8180 8619
93 3 1026 2293 3320
94 3 1282 4118 4132
95 3 4118 1282 8298
96 3 4862 1282 7955
97 3 1282 4862 8298
98 3 3626 1538 3669
99 3 3669 1538 9990
100 3 1794 9041 9499
101 3 2458 1794 3424
102 3 1794 2458 8379
103 3 1794 8379 9041
104 3 3845 2050 6803
105 3 2050 3845 4325
106 3 2050 4325 5950
107 3 2306 2313 10554
108 3 2313 2306 5764
109 3 5619 2306 10554
110 3 4507 2562 4580
111 3 2562 4507 9716
112 3 2562 4280 9266
113 3 4580 2562 9266
114 3 2562 9716 10112
115 3 6455 3074 8575
116 3 4842 3074 6455
117 3 3074 4842 9682
118 3 3330 5449 9247
119 3 5449 3330 7782
120 3 6370 3330 8289
121 3 6044 3586 7824
122 3 3808 3586 4922
123 3 3586 3808 7824
124 3 5427 3842 10364
125 3 6245 3842 9733
126 3 3842 6245 7769
127 3 4354 5935 10162
128 3 6772 4354 7785
129 3 4354 10162 10238
130 3 4354 5096 5935
131 3 5096 4354 6772
132 3 4610 6916 8760
133 3 4610 9489 9650
134 3 4610 6722 6916
135 3 6722 4610 9650
136 3 9893 4866 10249
137 3 7101 5378 10289
138 3 5378 7622 7708
139 3 5634 9363 10385
140 3 6693 5890 9038
141 3 7862 6658 8224
142 3 8405 7426 8698
143 3 7682 7808 9796
144 3 3 2085 7854
145 3 2952 3 3791
146 3 3791 3 7854
147 3 259 3128 5729
148 3 1356 259 7223
149 3 259 1356 3128
150 3 259 5729 8414
151 3 259 876 5847
152 3 876 259 8414
153 3 259 5847 7223
154 3 515 554 5062
155 3 554 515 4827
156 3 2178 515 5195
157 3 515 2178 4827
158 3 515 3005 5195
159 3 3005 515 5062
160 3 1041 771 3535
161 3 3535 771 6984
162 3 1069 1027 5257
163 3 1027 1069 7056
164 3 1621 1027 7056
165 3 5257 1027 6338
166 3 2118 1283 5750
167 3 1283 4242 5750
168 3 1539 5059 6072
169 3 1539 4579 5059
170 3 1539 2544 4579
171 3 2080 1795 6571
172 3 1795 2435 6661
173 3 6571 1795 6661
174 3 2051 2994 8505
175 3 2994 2051 9152
176 3 2591 2307 5808
177 3 2307 2591 2779
178 3 5808 2307 10426
179 3 2307 3772 10426
180 3 2307 2779 9213
181 3 2307 3323 3772
182 3 3323 2307 9213
183 3 6926 2563 10248
184 3 2847 2563 4706
185 3 2563 2847 2930
186 3 2563 2930 10248
187 3 7702 2819 8586
188 3 2819 7702 10435
189 3 2819 4169 10106
190 3 4169 2819 10435
191 3 8586 2819 10106
192 3 4669 3075 10092
193 3 5382 3331 10310
194 3 3331 5382 9426
195 3 3331 3878 9860
196 3 3878 3331 9426
197 3 4505 3587 9381
198 3 3587 4505 5823
199 3 3587 6357 9381
200 3 6357 3587 9403
201 3 6725 3843 8463
202 3 3843 4803 6173
203 3 4803 3843 6725
204 3 8821 4099 10112
205 3 8409 4099 8821
206 3 4099 8409 9201
207 3 5360 4099 9201
208 3 8817 4355 9265
209 3 4355 8817 10303
210 3 4611 8484 9557
211 3 8869 4611 9557
212 3 8896 4867 10058
213 3 5123 6693 8489
214 3 5123 6292 6693
215 3 6292 5123 6900
216 3 5655 5379 8428
217 3 5379 6524 8428
218 3 8050 5635 10013
219 3 6052 5891 8748
220 3 5891 6866 9505
221 3 6147 8462 9745
222 3 6659 7201 9832
223 3 6915 6934 8358
224 3 6915 9637 10229
225 3 9987 10148 10167
226 3 5936 4 8303
227 3 4 5936 10114
228 3 4 3890 8171
229 3 3890 4 8434
230 3 8303 4 9897
231 3 4 8171 9897
232 3 8434 4 10114
233 3 5912 260 5940
234 3 2395 260 5912
235 3 260 2395 6565
236 3 260 1143 5940
237 3 1143 260 1756
238 3 1756 260 6565
239 3 9221 516 9957
240 3 2577 516 9221
241 3 5148 516 9441
242 3 2718 516 5148
243 3 516 2718 9957
244 3 734 516 2577
245 3 516 734 9441
246 3 772 1638 3899
247 3 3696 772 4522
248 3 772 1204 1638
249 3 1204 772 3696
250 3 4160 1028 9595
251 3 1028 4160 7903
252 3 1028 5200 9595
253 3 1028 2226 2997
254 3 2226 1028 4822
255 3 1028 2997 5200
256 3 4822 1028 10015
257 3 1028 7903 10015
258 3 1284 6294 9430
259 3 1540 1745 9999
260 3 1745 1540 7416
261 3 1540 4840 7416
262 3 1796 8044 9320
263 3 1796 7354 8044
264 3 2064 2052 5977
265 3 4829 2052 7702
266 3 2052 4829 5977
267 3 2052 4598 7702
268 3 2308 9086 10275
269 3 9086 2308 9095
270 3 3744 2308 4630
271 3 2308 3744 6990
272 3 2649 2564 5284
273 3 4899 2820 7261
274 3 7261 2820 8673
275 3 4764 2820 4899
276 3 8673 2820 9363
277 3 6989 3076 9750
278 3 3076 6989 8164
279 3 3292 3076 4625
280 3 3332 6992 9648
281 3 3332 9648 10341
282 3 5758 3588 6625
283 3 7976 3844 10139
284 3 3844 6050 10139
285 3 4548 4100 8972
286 3 4100 4548 5880
287 3 4356 7043 9647
288 3 4356 5063 9682
289 3 4356 4842 7043
290 3 4842 4356 9682
291 3 4612 7379 10344
292 3 5124 9500 10173
293 3 8002 5124 10173
294 3 5636 8261 9297
295 3 5636 5735 8691
296 3 5636 6030 8261
297 3 6030 5636 7345
298 3 7345 5636 8691
299 3 7298 5892 8957
300 3 6148 8823 8885
301 3 6427 6404 9331
302 3 8760 6916 9684
303 3 5 774 6939
304 3 774 5 5551
305 3 5551 5 6871
306 3 261 824 8650
307 3 824 261 7134
308 3 5294 261 8650
309 3 261 5294 6619
310 3 261 6619 7863
311 3 7134 261 7863
312 3 517 5974 9857
313 3 4210 517 6665
314 3 517 4210 5974
315 3 517 2014 6665
316 3 2014 517 9857
317 3 773 968 3045
318 3 773 3045 3179
319 3 2595 1029 6639
320 3 1029 4533 8372
321 3 1975 1029 2595
322 3 1029 1975 4533
323 3 2359 1285 8078
324 3 1285 2359 4316
325 3 1285 2399 3439
326 3 2399 1285 3743
327 3 1285 3439 8078
328 3 3743 1285 4316
329 3 1541 2886 3071
330 3 1541 2294 4614
331 3 1797 10276 10347
332 3 1797 4910 6961
333 3 4910 1797 7881
334 3 1797 3428 10276
335 3 3428 1797 6961
336 3 7881 1797 10347
337 3 2053 2064 7183
338 3 5066 2053 7183
339 3 2053 5066 9491
340 3 2309 3261 5580
341 3 2751 2309 4097
342 3 2309 2751 3261
343 3 2821 4147 8672
344 3 2821 3149 8074
345 3 3149 2821 8672
346 3 7484 3077 8112
347 3 3077 8588 8753
348 3 8112 3077 8753
349 3 3333 8806 10458
350 3 3333 6010 8806
351 3 6010 3333 7318
352 3 5812 3333 9911
353 3 9911 3333 10458
354 3 5917 3845 10538
355 3 3845 5917 9955
356 3 4921 3845 9955
357 3 3845 6803 10538
358 3 4325 3845 4921
359 3 4101 5071 6593
360 3 4357 4382 8275
361 3 4357 8275 8921
362 3 4613 5731 6624
363 3 5043 4613 6624
364 3 4863 4613 5043
365 3 4613 4863 5575
366 3 4931 4869 8102
367 3 4869 5345 8102
368 3 5186 5125 5336
369 3 7197 5381 9713
370 3 5637 7236 8326
371 3 6641 5893 10427
372 3 5893 6641 7360
373 3 8321 6149 9624
374 3 6149 8321 8918
375 3 6149 6644 9624
376 3 6644 6149 8658
377 3 6405 7292 8592
378 3 8504 8453 9425
379 3 6 2128 5233
380 3 6 5233 7081
381 3 6 7081 9324
382 3 2991 6 9324
383 3 6718 262 7645
384 3 262 1178 7645
385 3 5281 262 6718
386 3 1990 262 5281
387 3 262 736 1178
388 3 736 262 1990
389 3 2063 518 5386
390 3 518 2063 8405
391 3 2370 518 6094
392 3 6094 518 8405
393 3 518 2027 5386
394 3 2027 518 2370
395 3 6939 774 9827
396 3 774 8787 9827
397 3 774 2554 8787
398 3 2554 774 5551
399 3 1030 2432 7932
400 3 1030 5090 6291
401 3 1030 3322 5090
402 3 3322 1030 7932
403 3 2360 1286 6816
404 3 6816 1286 10146
405 3 1829 1542 7490
406 3 1542 1829 4003
407 3 1542 1577 2706
408 3 1577 1542 9189
409 3 1542 2706 7490
410 3 1542 4003 9189
411 3 1798 3959 6562
412 3 3959 1798 10484
413 3 2054 5235 9493
414 3 2478 2054 7239
415 3 2054 2478 5235
416 3 2310 5905 8292
417 3 4134 2310 4140
418 3 2310 4134 8578
419 3 4140 2310 8292
420 3 4939 2310 8578
421 3 2310 3734 5905
422 3 3734 2310 4939
423 3 2566 6190 7173
424 3 7474 2822 7927
425 3 3415 2822 9974
426 3 2822 3415 7927
427 3 2982 2822 7474
428 3 2822 2982 10228
429 3 9974 2822 10228
430 3 3605 3078 4518
431 3 3078 4390 4397
432 3 3078 4397 4518
433 3 5605 3334 9378
434 3 4648 3590 8746
435 3 3846 3858 7792
436 3 3858 3846 5572
437 3 3846 5793 8308
438 3 5572 3846 8308
439 3 7681 4102 7761
440 3 4102 4741 7761
441 3 4741 4102 8816
442 3 4102 8127 8816
443 3 8127 4102 8831
444 3 7371 4102 7681
445 3 4102 7371 8831
446 3 4358 4645 5520
447 3 4645 4358 6849
448 3 6849 4358 7365
449 3 5346 4870 9216
450 3 9001 5126 10335
451 3 5126 5298 10335
452 3 5298 5126 9072
453 3 8935 5126 9001
454 3 5638 5794 10029
455 3 5794 5638 10161
456 3 7636 6406 9685
457 3 9685 6406 10160
458 3 6918 9769 10010
459 3 4710 7 4812
460 3 1706 7 4710
461 3 7 1706 4037
462 3 1723 7 5495
463 3 7 1723 4812
464 3 7 4037 5495
465 3 263 6927 9668
466 3 6927 263 7141
467 3 3794 263 10241
468 3 263 3794 9933
469 3 263 5602 10241
470 3 5602 263 9668
471 3 7141 263 9933
472 3 9261 519 9890
473 3 3121 519 9261
474 3 519 3121 9290
475 3 8764 519 9290
476 3 3992 519 8764
477 3 519 3992 9890
478 3 775 808 9116
479 3 808 775 8611
480 3 2662 775 9116
481 3 1031 1292 7479
482 3 1418 1031 7479
483 3 1031 1418 6910
484 3 1287 9786 10026
485 3 7237 1287 10026
486 3 3822 1287 7237
487 3 5648 1543 9709
488 3 1587 1543 3911
489 3 1543 1587 9709
490 3 3911 1543 6650
491 3 3440 1543 5648
492 3 1543 3440 6650
493 3 1799 9512 10396
494 3 1799 5102 8070
495 3 2055 2586 3965
496 3 2055 3965 6561
497 3 2055 6561 7893
498 3 2311 8345 10488
499 3 8096 2311 10488
500 3 2311 6342 8345
501 3 6342 2311 8096
502 3 5422 2567 10365
503 3 2567 5968 10365
504 3 2823 8293 8439
505 3 2823 7613 8293
506 3 7613 2823 10368
507 3 6085 2823 8439
508 3 3079 4874 9601
509 3 3637 3079 9037
510 3 3079 3637 4766
511 3 3079 6536 9037
512 3 6536 3079 9601
513 3 3079 4766 4874
514 3 6156 3591 7462
515 3 3591 6156 9447
516 3 3847 4067 9532
517 3 4067 3847 6394
518 3 4103 5898 8808
519 3 5898 4103 6013
520 3 4431 4103 8808
521 3 4359 5946 6297
522 3 5946 4359 6386
523 3 4359 6297 6554
524 3 4359 6554 9457
525 3 4615 8294 8352
526 3 4615 8352 9949
527 3 6609 4615 6623
528 3 6623 4615 9949
529 3 6151 4871 8754
530 3 4871 6151 9703
531 3 6020 4871 6744
532 3 4871 6020 6553
533 3 4871 6553 8754
534 3 5127 8482 9527
535 3 5127 6994 8519
536 3 5127 6773 6994
537 3 5383 7914 8360
538 3 5639 5816 7654
539 3 5639 7654 8331
540 3 5895 7956 9596
541 3 7096 6151 7871
542 3 7871 6151 8754
543 3 6646 6407 8273
544 3 6407 6646 9684
545 3 9223 6663 10492
546 3 6663 8180 9153
547 3 7536 6919 7990
548 3 8199 9171 9463
549 3 8696 8199 9921
550 3 8199 8696 9171
551 3 350 8 10333
552 3 8 350 2226
553 3 869 8 3143
554 3 8 869 10333
555 3 8 2226 3143
556 3 264 4106 10051
557 3 4106 264 6271
558 3 1827 264 10051
559 3 264 1827 8398
560 3 6271 264 8327
561 3 8327 264 8398
562 3 5726 520 7700
563 3 520 5726 9035
564 3 1175 520 9035
565 3 520 1175 3574
566 3 520 3991 7700
567 3 520 3574 3991
568 3 1862 776 4464
569 3 776 1862 3069
570 3 4464 776 9689
571 3 3503 776 3924
572 3 776 3503 9867
573 3 9689 776 9867
574 3 776 3069 3924
575 3 1032 3604 6070
576 3 3604 1032 9147
577 3 4951 1032 6070
578 3 4809 1032 4951
579 3 1288 6793 7149
580 3 1288 3289 10295
581 3 3289 1288 7149
582 3 5098 1288 10295
583 3 1544 5394 6137
584 3 1544 3945 8626
585 3 3945 1544 6137
586 3 4913 1800 9821
587 3 1800 4913 7882
588 3 1800 5970 6896
589 3 1800 5819 5970
590 3 5819 1800 7882
591 3 1800 6896 9821
592 3 2056 6608 8424
593 3 2056 3286 6608
594 3 3286 2056 5885
595 3 3293 2056 8424
596 3 2056 3293 5885
597 3 3842 2568 9733
598 3 2568 3842 5427
599 3 2744 2568 5427
600 3 2824 7513 10516
601 3 7513 2824 9415
602 3 3080 5656 6424
603 3 3080 6424 9312
604 3 5318 3080 9312
605 3 4557 3592 7204
606 3 3848 6431 8375
607 3 3848 6616 8373
608 3 6616 3848 8375
609 3 4712 4360 9468
610 3 4616 5450 8736
611 3 5450 4616 10126
612 3 4616 9111 10126
613 3 5128 7966 9973
614 3 5128 7249 7966
615 3 5128 5224 6104
616 3 5128 6104 7249
617 3 6739 5896 9940
618 3 5896 9157 9940
619 3 6408 8567 9830
620 3 9666 6408 9830
621 3 8408 6408 9666
622 3 6854 6664 10067
623 3 6664 6854 9962
624 3 8152 6920 8491
625 3 7176 8985 10523
626 3 6412 9 9966
627 3 1435 9 6412
628 3 9 1435 5409
629 3 9 465 9966
630 3 465 9 4594
631 3 4594 9 5409
632 3 389 265 8582
633 3 265 389 2017
634 3 521 6506 9218
635 3 1197 521 9218
636 3 521 1197 4061
637 3 521 3501 6506
638 3 3501 521 5000
639 3 521 4061 5000
640 3 777 7739 8669
641 3 7739 777 10236
642 3 777 4507 4580
643 3 777 8669 9136
644 3 777 4580 10236
645 3 1033 2570 2777
646 3 1033 2777 7004
647 3 1289 2172 7101
648 3 1289 7101 10289
649 3 5972 1545 7407
650 3 7388 1545 8117
651 3 1545 7388 7407
652 3 2303 1545 5972
653 3 6726 1801 9515
654 3 1801 6726 8304
655 3 7590 1801 8304
656 3 2057 5125 5186
657 3 6697 2057 7786
658 3 3689 2057 6697
659 3 2057 3689 4550
660 3 2928 2057 5186
661 3 2057 2928 4074
662 3 2057 4550 5125
663 3 2057 4074 7786
664 3 2313 6775 10554
665 3 5546 2313 5764
666 3 2313 3038 6775
667 3 3038 2313 5546
668 3 3380 2569 8468
669 3 2569 3380 7672
670 3 7972 2825 10344
671 3 10344 2825 10423
672 3 3022 2825 5479
673 3 2825 3022 10423
674 3 3081 6768 10240
675 3 5258 3081 10546
676 3 3081 5258 6768
677 3 3081 9727 10546
678 3 3349 3337 6090
679 3 8035 3337 9085
680 3 4308 3337 8035
681 3 3337 4308 6090
682 3 3593 4283 8229
683 3 4283 3593 6103
684 3 6610 3593 8229
685 3 7437 3849 9622
686 3 3849 7377 9622
687 3 4105 4195 7731
688 3 4195 4105 7084
689 3 4361 6957 8249
690 3 4617 4661 9930
691 3 4873 5280 8841
692 3 5129 8982 10194
693 3 8491 5385 8717
694 3 5385 6459 8717
695 3 7280 5641 9677
696 3 5897 9878 10366
697 3 5897 7324 9878
698 3 7465 6153 10230
699 3 6603 6153 8357
700 3 6153 6603 10230
701 3 7812 6409 9886
702 3 7561 6409 9788
703 3 7200 6665 9580
704 3 8956 7433 9711
705 3 8411 7689 9521
706 3 8713 10052 10116
707 3 2419 10 4414
708 3 10 2419 4477
709 3 1141 10 6245
710 3 10 1141 1249
711 3 10 4477 6245
712 3 10 1249 4414
713 3 266 5171 9496
714 3 3955 266 9496
715 3 266 3955 9530
716 3 266 2042 5171
717 3 2042 266 9530
718 3 1436 522 1985
719 3 522 4265 7041
720 3 1985 522 7041
721 3 778 802 8212
722 3 802 778 7574
723 3 887 778 8212
724 3 778 887 8935
725 3 7574 778 9001
726 3 778 8935 9001
727 3 4244 1034 7068
728 3 1290 8338 10318
729 3 1290 4025 8338
730 3 1546 8193 8722
731 3 6775 1546 9202
732 3 1546 3038 8193
733 3 3038 1546 6775
734 3 4322 1546 8722
735 3 1546 4322 9202
736 3 1802 6513 8184
737 3 3710 1802 5525
738 3 1802 3710 9112
739 3 1802 6281 6513
740 3 6281 1802 9112
741 3 5525 1802 8184
742 3 2058 3357 7350
743 3 2058 3453 4781
744 3 3453 2058 7350
745 3 2058 4781 6716
746 3 4285 2058 6716
747 3 3344 2314 3422
748 3 2314 3344 4760
749 3 2314 4760 8540
750 3 2777 2570 9445
751 3 2826 6012 9709
752 3 4717 3082 8792
753 3 3082 7322 8792
754 3 9640 3338 10333
755 3 3594 9070 10408
756 3 3594 6360 9070
757 3 4071 3594 10408
758 3 5829 4362 9875
759 3 4362 5829 6132
760 3 4618 7748 8370
761 3 4618 8857 9856
762 3 4618 8370 8857
763 3 5635 5130 10013
764 3 5898 6013 9785
765 3 7942 6154 9146
766 3 9302 6410 10131
767 3 8561 6410 9302
768 3 6410 8561 9927
769 3 6410 8353 10131
770 3 8353 6410 9927
771 3 7883 7178 8898
772 3 9195 7690 9450
773 3 8235 8202 9537
774 3 8714 9140 10316
775 3 9482 9837 9944
776 3 6679 11 10281
777 3 11 6679 10285
778 3 7220 11 8332
779 3 11 7220 8649
780 3 8332 11 10285
781 3 11 4607 10281
782 3 4607 11 8649
783 3 6964 267 8806
784 3 8806 267 10458
785 3 5048 267 6964
786 3 267 5048 9174
787 3 7375 267 10356
788 3 267 7375 10458
789 3 267 9174 10356
790 3 4633 523 10115
791 3 523 3033 10115
792 3 3033 523 3480
793 3 779 6461 7787
794 3 5959 779 10393
795 3 779 7787 10393
796 3 779 968 6461
797 3 968 779 3045
798 3 3045 779 5959
799 3 1035 1847 5985
800 3 1847 1035 5613
801 3 1035 5985 9970
802 3 1916 1035 10552
803 3 1035 1916 5608
804 3 1035 5608 5613
805 3 1035 9970 10552
806 3 1339 1291 10308
807 3 3731 1291 8961
808 3 1291 3731 10308
809 3 8730 1547 10323
810 3 2337 1547 8730
811 3 1547 2337 5920
812 3 1547 2632 10323
813 3 2632 1547 3946
814 3 2633 1547 5920
815 3 1547 2633 3946
816 3 7799 1803 9634
817 3 1803 8120 9634
818 3 2059 3773 6220
819 3 7475 2315 8252
820 3 2941 2315 7475
821 3 2315 2941 5275
822 3 5009 2315 5275
823 3 2571 8713 10116
824 3 2571 8487 8713
825 3 8487 2571 10341
826 3 2827 3596 6317
827 3 3083 5511 7256
828 3 3339 4956 8545
829 3 6796 3339 8545
830 3 3339 6796 10144
831 3 3339 3487 4956
832 3 4473 3595 9387
833 3 3595 4473 8692
834 3 7069 3595 8692
835 3 3595 7069 7157
836 3 3857 3851 7192
837 3 3851 3857 6647
838 3 3851 5819 7192
839 3 5819 3851 7387
840 3 3851 6647 7387
841 3 4107 7906 9127
842 3 4475 4363 7465
843 3 4363 4475 7816
844 3 4619 4639 10231
845 3 10035 4619 10231
846 3 8267 5131 8391
847 3 5131 7168 8391
848 3 5899 7179 8419
849 3 5899 7009 7179
850 3 10130 6667 10353
851 3 6923 7088 8153
852 3 7866 7179 8003
853 3 7179 7866 8419
854 3 7435 7963 8641
855 3 7435 8099 8560
856 3 8099 7435 8641
857 3 8971 9808 10547
858 3 4630 12 9049
859 3 12 1087 7692
860 3 1087 12 4630
861 3 1140 12 7692
862 3 12 1140 8951
863 3 12 8951 9049
864 3 6662 268 8615
865 3 268 6662 8663
866 3 268 6177 9864
867 3 4684 268 8663
868 3 268 4429 6177
869 3 4429 268 4684
870 3 8615 268 9864
871 3 2574 524 7315
872 3 524 2574 9646
873 3 524 567 1399
874 3 567 524 9646
875 3 524 1399 7316
876 3 7315 524 7316
877 3 7716 780 10307
878 3 780 6458 10307
879 3 2427 780 7716
880 3 780 2427 4561
881 3 780 4561 6458
882 3 1292 1377 7479
883 3 1548 3885 9569
884 3 1548 1878 3885
885 3 1878 1548 9806
886 3 1548 9824 10443
887 3 1548 9569 9824
888 3 1548 8081 9806
889 3 8081 1548 10443
890 3 1804 3975 5767
891 3 3975 1804 5071
892 3 1804 5767 8706
893 3 3781 1804 8706
894 3 1804 3781 7888
895 3 5071 1804 7888
896 3 2060 6430 10056
897 3 2060 2394 6981
898 3 2394 2060 10056
899 3 2060 3474 6430
900 3 3474 2060 6981
901 3 2316 7096 10389
902 3 9215 2316 10389
903 3 4361 2572 6957
904 3 2572 4361 7268
905 3 5951 2828 7549
906 3 2828 5951 7358
907 3 2972 2828 8901
908 3 2828 7358 8901
909 3 2828 3838 7549
910 3 3340 4686 7078
911 3 3340 7078 9586
912 3 7921 3852 8101
913 3 4108 6243 9820
914 3 4108 6764 9288
915 3 6764 4108 9947
916 3 4364 8460 8469
917 3 9559 5132 9823
918 3 5132 5603 8072
919 3 5132 5877 9823
920 3 5644 8256 8588
921 3 7542 5644 9495
922 3 5900 7586 9343
923 3 7664 6668 9497
924 3 8996 6924 10136
925 3 10136 6924 10200
926 3 13 2567 5422
927 3 5932 13 10459
928 3 13 5422 10459
929 3 269 3849 4033
930 3 3849 269 7377
931 3 269 3144 4270
932 3 3144 269 5312
933 3 269 4270 7377
934 3 269 4033 5312
935 3 3456 525 5309
936 3 525 3456 5858
937 3 3474 525 7499
938 3 525 3474 4524
939 3 5309 525 9327
940 3 525 3543 9327
941 3 3543 525 4524
942 3 525 5858 7499
943 3 3973 781 10027
944 3 781 3973 6799
945 3 781 6799 7938
946 3 2719 781 7938
947 3 781 2719 10027
948 3 1564 1037 7325
949 3 1037 1564 9214
950 3 6448 1037 10444
951 3 1037 6116 7325
952 3 1037 9214 10444
953 3 1293 7546 9839
954 3 1962 1293 6997
955 3 1293 4558 6997
956 3 4558 1293 9839
957 3 1549 3552 9037
958 3 3552 1549 6738
959 3 1805 3618 8579
960 3 3618 1805 3758
961 3 4662 1805 8579
962 3 1805 4662 10213
963 3 3758 1805 8242
964 3 1805 3004 8242
965 3 3004 1805 10213
966 3 2061 3693 5022
967 3 2061 5022 5535
968 3 7975 2317 10022
969 3 2317 7975 8521
970 3 2317 2926 10022
971 3 2926 2317 8490
972 3 6532 2317 8521
973 3 2317 6022 8490
974 3 6022 2317 6532
975 3 5927 2573 7265
976 3 3130 2573 4546
977 3 4546 2573 5927
978 3 2829 3630 7035
979 3 3630 2829 8632
980 3 6191 2829 7035
981 3 5010 3085 10068
982 3 3085 9652 10068
983 3 3085 6121 9652
984 3 3341 5347 6426
985 3 8199 3853 9921
986 3 4472 3853 6049
987 3 3853 4472 9921
988 3 6071 3853 8199
989 3 4365 9163 10454
990 3 5097 4365 10454
991 3 5133 6201 7365
992 3 6771 5389 8333
993 3 5901 6974 8150
994 3 6313 5901 8150
995 3 6363 6157 8919
996 3 8498 6925 8859
997 3 6925 8498 8651
998 3 8205 8281 8846
999 3 8973 10129 10223
1000 3 285 14 320
1001 3 320 14 768
1002 3 270 951 5768
1003 3 270 699 951
1004 3 482 270 5768
1005 3 270 482 699
1006 3 526 820 4920
1007 3 526 4920 5425
1008 3 782 1827 10051
1009 3 1827 782 3521
1010 3 9772 782 10051
1011 3 5044 782 9772
1012 3 3521 782 5044
1013 3 1038 5208 9996
1014 3 5208 1038 6440
1015 3 1038 5216 6440
1016 3 7900 1038 9996
1017 3 1657 1294 7745
1018 3 1294 1657 4256
1019 3 2722 1294 4256
1020 3 1294 2722 3768
1021 3 1294 3768 7745
1022 3 4763 1550 8507
1023 3 3807 1550 4763
1024 3 1550 3807 7070
1025 3 1550 2025 8507
1026 3 2025 1550 7070
1027 3 2075 1806 8365
1028 3 1806 1932 2926
1029 3 1932 1806 10168
1030 3 2062 6958 8659
1031 3 2062 3309 5210
1032 3 3309 2062 8659
1033 3 7031 2318 9235
1034 3 2318 7031 10078
1035 3 2574 7749 9888
1036 3 2574 7315 7628
1037 3 9646 2574 9888
1038 3 2574 7628 7749
1039 3 2830 8250 9411
1040 3 5782 2830 9411
1041 3 4623 3086 6518
1042 3 3086 4623 7044
1043 3 3086 3109 7869
1044 3 6518 3086 7869
1045 3 3342 9511 9924
1046 3 3342 7232 10382
1047 3 7232 3342 9924
1048 3 7757 3598 8194
1049 3 3598 5885 6186
1050 3 5885 3598 7757
1051 3 3854 8247 8856
1052 3 3854 5779 8247
1053 3 4797 3854 8856
1054 3 3854 5593 5779
1055 3 5666 4110 9069
1056 3 9069 4110 9855
1057 3 4366 4491 10284
1058 3 4491 4366 9165
1059 3 4366 8088 8860
1060 3 8088 4366 8368
1061 3 4366 8860 9165
1062 3 8368 4366 10284
1063 3 5333 4878 6417
1064 3 6844 5134 8022
1065 3 5390 8210 9835
1066 3 5902 8341 9481
1067 3 6935 6670 9877
1068 3 8297 7182 10396
1069 3 7182 8640 10396
1070 3 8789 7438 8874
1071 3 8874 7438 9914
1072 3 8206 8981 9090
1073 3 8206 8525 10039
1074 3 15 368 8751
1075 3 368 15 6753
1076 3 15 5770 6753
1077 3 5770 15 9313
1078 3 3225 15 8751
1079 3 15 3225 9313
1080 3 1026 271 2053
1081 3 271 1026 3320
1082 3 2053 271 2064
1083 3 2064 271 2555
1084 3 503 271 3320
1085 3 271 503 2555
1086 3 2612 527 6339
1087 3 527 2888 9439
1088 3 2400 527 2612
1089 3 527 2400 8871
1090 3 527 1152 2888
1091 3 1152 527 8871
1092 3 6339 527 9439
1093 3 800 783 9233
1094 3 783 967 9233
1095 3 7102 1039 8903
1096 3 1039 6591 8903
1097 3 1295 6025 6338
1098 3 4954 1551 9520
1099 3 1551 1974 8017
1100 3 1974 1551 6813
1101 3 2750 1551 4954
1102 3 1551 2750 6813
1103 3 1807 7220 7545
1104 3 7220 1807 8649
1105 3 5476 1807 7545
1106 3 2063 5386 9560
1107 3 7330 2063 9560
1108 3 3551 2319 7294
1109 3 2575 4632 8879
1110 3 2575 8879 10338
1111 3 2831 4409 4682
1112 3 4409 2831 10134
1113 3 2831 4682 9418
1114 3 3343 3641 9273
1115 3 3641 3343 6134
1116 3 4317 3343 9784
1117 3 3343 4317 6134
1118 3 5915 3599 8517
1119 3 3855 5201 10260
1120 3 6503 3855 10260
1121 3 4111 4377 10425
1122 3 4377 4111 6611
1123 3 7474 4111 9334
1124 3 9524 4111 10425
1125 3 6611 4111 7474
1126 3 6867 4111 9524
1127 3 4111 6867 9334
1128 3 4367 6825 8294
1129 3 4367 6612 6825
1130 3 4623 4773 7044
1131 3 4879 8586 8620
1132 3 4879 8156 8586
1133 3 6290 5135 8789
1134 3 7713 5391 8260
1135 3 5647 9778 10013
1136 3 6857 6159 7254
1137 3 6159 6857 8697
1138 3 6815 6671 10237
1139 3 6927 7141 7492
1140 3 7951 9298 9636
1141 3 9662 7951 10155
1142 3 1166 16 6487
1143 3 16 1166 3688
1144 3 3936 272 8129
1145 3 272 3936 6135
1146 3 272 7359 7364
1147 3 272 7364 8129
1148 3 272 6135 7359
1149 3 1834 528 6037
1150 3 528 1834 10157
1151 3 6037 528 7391
1152 3 5569 528 10157
1153 3 528 5569 7391
1154 3 9837 784 9944
1155 3 3713 784 9837
1156 3 784 3713 5548
1157 3 784 5548 10481
1158 3 9944 784 10481
1159 3 1040 9592 10226
1160 3 3967 1040 10226
1161 3 4796 1040 6776
1162 3 1040 4796 9592
1163 3 1296 3121 8527
1164 3 3121 1296 6319
1165 3 1296 2729 8763
1166 3 6319 1296 8763
1167 3 1552 4113 7829
1168 3 2592 1552 4169
1169 3 4169 1552 7829
1170 3 2457 1552 2592
1171 3 1552 1976 4113
1172 3 1976 1552 2457
1173 3 5712 1808 10526
1174 3 1808 5712 7511
1175 3 2195 1808 7511
1176 3 1808 2195 8140
1177 3 1808 3268 10526
1178 3 3268 1808 8140
1179 3 2064 5977 7183
1180 3 2320 3902 4222
1181 3 2320 4222 7317
1182 3 5511 2320 7317
1183 3 3622 2576 4995
1184 3 2832 3837 5863
1185 3 7746 3088 9172
1186 3 4961 3088 6588
1187 3 6588 3088 7746
1188 3 6975 3344 9348
1189 3 3344 3422 9348
1190 3 4760 3344 6311
1191 3 6311 3344 6975
1192 3 3600 7273 8366
1193 3 8334 3600 8400
1194 3 3600 8366 8400
1195 3 7870 3600 8334
1196 3 5685 3856 10420
1197 3 7364 4112 10293
1198 3 6587 4368 6699
1199 3 4368 6587 10379
1200 3 4820 4368 10379
1201 3 4624 6907 8381
1202 3 9808 5392 10547
1203 3 8132 6160 9308
1204 3 6160 8652 9308
1205 3 8797 7696 8862
1206 3 8127 7952 8816
1207 3 7952 8127 9884
1208 3 9143 8208 10374
1209 3 8208 8633 8779
1210 3 17 2835 10258
1211 3 9519 17 10258
1212 3 17 9519 10332
1213 3 17 578 2835
1214 3 578 17 4769
1215 3 4769 17 10332
1216 3 273 4151 7687
1217 3 4151 273 9599
1218 3 273 1624 9599
1219 3 1624 273 5061
1220 3 4553 273 7687
1221 3 273 4553 5061
1222 3 2401 529 3191
1223 3 5234 529 5657
1224 3 3191 529 5234
1225 3 529 1217 5657
1226 3 1217 529 1987
1227 3 1987 529 2401
1228 3 6403 785 9675
1229 3 785 1812 9675
1230 3 785 3879 7087
1231 3 3674 785 6403
1232 3 785 3674 3879
1233 3 785 1701 1812
1234 3 1701 785 7087
1235 3 1041 3494 8557
1236 3 3494 1041 3535
1237 3 3889 1297 9332
1238 3 1297 3889 5619
1239 3 9332 1297 9503
1240 3 1297 6372 9503
1241 3 1297 5619 6372
1242 3 1553 1698 6380
1243 3 3097 1809 7152
1244 3 7524 1809 8978
1245 3 1809 7524 8445
1246 3 7152 1809 8445
1247 3 4638 2065 9312
1248 3 2065 4638 8700
1249 3 2065 5318 9312
1250 3 2065 6655 6689
1251 3 6655 2065 8700
1252 3 2321 2588 3384
1253 3 2321 3363 10141
1254 3 3363 2321 5104
1255 3 2321 3384 5104
1256 3 2321 2491 2588
1257 3 2491 2321 10141
1258 3 9007 2577 9221
1259 3 2577 9007 9617
1260 3 7416 2577 9617
1261 3 3522 2833 6188
1262 3 2833 3522 9281
1263 3 8066 3089 8398
1264 3 8327 3089 8492
1265 3 3089 8327 8398
1266 3 3089 6912 8492
1267 3 6912 3089 8066
1268 3 4909 3345 6189
1269 3 3345 4323 9884
1270 3 3345 5624 6189
1271 3 5624 3345 9884
1272 3 8727 3601 9918
1273 3 3601 8015 9918
1274 3 3857 7192 8695
1275 3 3857 6244 10153
1276 3 6244 3857 8695
1277 3 6647 3857 10153
1278 3 4881 5263 5701
1279 3 5263 4881 7385
1280 3 5393 6718 7319
1281 3 6211 5393 9665
1282 3 5393 7319 9665
1283 3 7030 5649 7451
1284 3 8292 5905 9111
1285 3 5905 8363 9111
1286 3 7185 9257 9566
1287 3 7185 8826 9257
1288 3 7953 9310 9795
1289 3 7953 9574 9887
1290 3 18 2088 4868
1291 3 2088 18 3185
1292 3 1127 18 4868
1293 3 18 1127 6085
1294 3 18 977 3185
1295 3 977 18 6085
1296 3 274 1814 2367
1297 3 1814 274 9379
1298 3 274 2367 9333
1299 3 274 681 9379
1300 3 681 274 8926
1301 3 8926 274 9333
1302 3 530 2757 9967
1303 3 786 4900 10522
1304 3 1129 786 10522
1305 3 786 1129 6046
1306 3 4451 1042 10034
1307 3 1042 2213 10034
1308 3 2213 1042 4608
1309 3 5921 1298 6115
1310 3 1298 5921 8676
1311 3 7289 1298 8139
1312 3 1298 3989 9352
1313 3 3989 1298 8676
1314 3 8139 1298 9352
1315 3 6115 1298 7289
1316 3 3166 1554 9230
1317 3 1554 3166 8114
1318 3 1554 6878 9249
1319 3 6878 1554 8114
1320 3 1554 6132 9230
1321 3 6132 1554 9249
1322 3 7014 1810 9542
1323 3 1810 8049 8528
1324 3 2719 1810 7014
1325 3 1810 2719 8049
1326 3 1810 6848 9542
1327 3 6848 1810 8528
1328 3 2066 4742 6224
1329 3 4742 2066 9661
1330 3 9661 2066 10031
1331 3 2322 7189 7742
1332 3 2322 7742 9681
1333 3 2578 4109 8781
1334 3 2578 2635 4109
1335 3 2635 2578 10195
1336 3 3414 2834 7708
1337 3 2834 3414 5260
1338 3 2834 4018 7708
1339 3 4018 2834 9611
1340 3 2834 4332 9611
1341 3 3090 3127 6482
1342 3 3127 3090 3554
1343 3 3090 6482 9067
1344 3 6062 3090 9067
1345 3 3090 6062 10386
1346 3 3554 3090 10386
1347 3 3346 5203 7959
1348 3 3346 4273 7120
1349 3 3602 5021 9897
1350 3 3858 5572 7920
1351 3 4425 4114 6455
1352 3 4114 4425 6047
1353 3 4114 6047 7401
1354 3 4114 6100 6455
1355 3 4370 9030 9706
1356 3 5307 4370 6988
1357 3 4626 5423 5919
1358 3 5070 4882 8217
1359 3 4882 5070 5241
1360 3 5906 9293 9541
1361 3 6162 6843 9951
1362 3 7186 7580 8995
1363 3 7580 7186 7831
1364 3 7442 7913 9565
1365 3 7913 7442 8318
1366 3 8329 7698 8989
1367 3 6149 19 8658
1368 3 19 6149 8918
1369 3 6553 19 8918
1370 3 6300 19 6553
1371 3 19 6300 8658
1372 3 275 294 3615
1373 3 294 275 672
1374 3 672 275 9470
1375 3 531 1034 4244
1376 3 2365 531 8811
1377 3 531 4244 8811
1378 3 787 2609 5894
1379 3 2609 787 3432
1380 3 3432 787 8045
1381 3 1669 787 5894
1382 3 4773 1043 8440
1383 3 1043 4773 9983
1384 3 1043 7133 9431
1385 3 7133 1043 9983
1386 3 1299 8289 10110
1387 3 1299 3555 8289
1388 3 2544 1299 10110
1389 3 1555 6454 9080
1390 3 1869 1555 9080
1391 3 4947 1811 8991
1392 3 1811 4947 10315
1393 3 1811 2745 8991
1394 3 2745 1811 6898
1395 3 5110 1811 10315
1396 3 1811 5110 6898
1397 3 2067 3914 8384
1398 3 3914 2067 8429
1399 3 5524 2067 8384
1400 3 8429 2067 8740
1401 3 2442 2323 10281
1402 3 2579 5392 9808
1403 3 9259 2579 9808
1404 3 5941 2579 10184
1405 3 8892 2579 9259
1406 3 2579 8892 10184
1407 3 2835 9525 10258
1408 3 3394 3091 9321
1409 3 3091 9291 9321
1410 3 4668 3603 6263
1411 3 6263 3603 6332
1412 3 3603 5062 6332
1413 3 8265 3859 8444
1414 3 4309 3859 8265
1415 3 4115 8518 9006
1416 3 7341 4627 10170
1417 3 4627 5847 10170
1418 3 4883 5064 7372
1419 3 5593 4883 7372
1420 3 5395 5796 9789
1421 3 5796 5395 9613
1422 3 5395 8614 9784
1423 3 8614 5395 9789
1424 3 5907 6708 7137
1425 3 8261 6163 9297
1426 3 7049 6419 10029
1427 3 6675 8066 10421
1428 3 6912 6675 9060
1429 3 6675 6912 8066
1430 3 8075 7699 10254
1431 3 7699 8075 10471
1432 3 9257 8467 9566
1433 3 9566 8467 10152
1434 3 8467 9070 10152
1435 3 20 8220 8600
1436 3 416 20 8600
1437 3 20 416 7405
1438 3 20 7405 7611
1439 3 20 6144 8220
1440 3 6144 20 7611
1441 3 276 5452 8715
1442 3 8305 276 10487
1443 3 276 1416 5452
1444 3 1416 276 4324
1445 3 1235 276 8715
1446 3 276 1235 10487
1447 3 4324 276 8305
1448 3 4721 532 7717
1449 3 532 6853 7717
1450 3 6853 532 9678
1451 3 9678 532 9963
1452 3 2832 788 3837
1453 3 1567 788 2832
1454 3 788 1567 6073
1455 3 2388 788 7420
1456 3 788 2388 3837
1457 3 788 6073 7420
1458 3 1044 5180 9244
1459 3 1044 2116 4775
1460 3 2116 1044 5367
1461 3 1044 4775 5180
1462 3 4623 1300 4773
1463 3 1300 2675 3548
1464 3 4773 1300 9983
1465 3 1300 8625 9983
1466 3 1300 3548 8625
1467 3 2289 1300 4623
1468 3 1300 2289 2675
1469 3 4651 1556 9698
1470 3 1556 6498 9159
1471 3 1556 9159 9698
1472 3 1749 1556 4651
1473 3 1556 1749 6728
1474 3 2018 1556 6728
1475 3 1556 2018 6498
1476 3 1812 3753 9675
1477 3 2068 7695 8135
1478 3 2068 7607 7695
1479 3 2324 9479 9899
1480 3 2324 6564 10509
1481 3 6564 2324 9899
1482 3 2324 9135 9479
1483 3 7931 2324 10509
1484 3 2324 7931 9135
1485 3 2796 2580 5850
1486 3 2836 6516 10336
1487 3 2836 6340 6516
1488 3 3092 5387 10237
1489 3 6671 3092 10237
1490 3 4203 3092 6671
1491 3 3092 4203 4683
1492 3 3348 7526 9665
1493 3 8090 3348 9665
1494 3 3604 4664 6070
1495 3 3604 4250 4664
1496 3 4250 3604 6368
1497 3 6368 3604 9147
1498 3 6086 3860 8594
1499 3 4116 5250 8410
1500 3 4372 4536 6077
1501 3 4884 8036 8779
1502 3 5396 6703 9357
1503 3 7806 5396 9357
1504 3 5652 7618 8350
1505 3 7355 6164 9148
1506 3 6164 7355 8685
1507 3 6164 6610 9148
1508 3 6420 10190 10422
1509 3 9014 6676 9853
1510 3 7967 7956 10019
1511 3 21 1095 4692
1512 3 21 3751 10505
1513 3 3751 21 4692
1514 3 984 21 10505
1515 3 277 2326 4704
1516 3 2326 277 4057
1517 3 277 4704 6599
1518 3 277 3512 7937
1519 3 3512 277 6599
1520 3 4057 277 7937
1521 3 7472 533 7780
1522 3 533 1085 10041
1523 3 1085 533 2698
1524 3 7780 533 10041
1525 3 6000 533 7472
1526 3 2698 533 6000
1527 3 789 7973 9388
1528 3 5530 789 8819
1529 3 789 3816 8819
1530 3 3816 789 9388
1531 3 8563 1045 10044
1532 3 8846 1045 9325
1533 3 1045 7146 10044
1534 3 7146 1045 8846
1535 3 5426 1301 6496
1536 3 1301 3287 6496
1537 3 3287 1301 9688
1538 3 1557 1793 6495
1539 3 1793 1557 3072
1540 3 1841 1557 8741
1541 3 1557 6495 8741
1542 3 7596 1813 9422
1543 3 4828 1813 7596
1544 3 10086 2069 10263
1545 3 2586 2325 3965
1546 3 2325 2586 4086
1547 3 5420 2325 5699
1548 3 2325 5420 8663
1549 3 5699 2325 9336
1550 3 3965 2325 8663
1551 3 2325 4086 9336
1552 3 3119 2581 10362
1553 3 2581 5559 10362
1554 3 2581 2793 5559
1555 3 8646 3093 10342
1556 3 3093 8646 9833
1557 3 6418 3605 9513
1558 3 9513 3605 9850
1559 3 3605 4518 8940
1560 3 3605 8940 9850
1561 3 3861 3866 4859
1562 3 3861 5344 8712
1563 3 3861 4859 5344
1564 3 4117 4964 9341
1565 3 6021 4117 7850
1566 3 7845 4117 9341
1567 3 4117 7845 7850
1568 3 4373 6170 9025
1569 3 5733 4373 10183
1570 3 7784 4629 10224
1571 3 4975 4629 8587
1572 3 4629 4975 10224
1573 3 6001 4629 7784
1574 3 4885 6447 7529
1575 3 5141 7248 7765
1576 3 5141 5747 7248
1577 3 5141 6306 9812
1578 3 6306 5141 7765
1579 3 5397 10191 10288
1580 3 7239 5653 7425
1581 3 5909 7006 9882
1582 3 7006 5909 8162
1583 3 7965 6421 8930
1584 3 7203 6421 8218
1585 3 6421 7203 8930
1586 3 6677 10004 10130
1587 3 6677 10130 10353
1588 3 8328 6933 10509
1589 3 7742 7189 8553
1590 3 22 10035 10231
1591 3 2386 22 7961
1592 3 22 2386 10035
1593 3 22 1620 7961
1594 3 22 650 1620
1595 3 650 22 10231
1596 3 278 2827 3769
1597 3 4662 278 10213
1598 3 278 588 2827
1599 3 588 278 4662
1600 3 278 3769 10213
1601 3 534 3665 10024
1602 3 3665 534 6807
1603 3 4055 534 10024
1604 3 534 757 6807
1605 3 757 534 4055
1606 3 790 8719 9096
1607 3 5700 790 10346
1608 3 3696 1046 8325
1609 3 1046 3696 4522
1610 3 8325 1046 8952
1611 3 1046 4777 8952
1612 3 1302 5449 7782
1613 3 5449 1302 8883
1614 3 3149 1302 7782
1615 3 1302 3149 8672
1616 3 1302 3837 8883
1617 3 3837 1302 8672
1618 3 2368 1558 7957
1619 3 1558 2368 9653
1620 3 4974 1558 9653
1621 3 1558 4974 5827
1622 3 1558 4241 7957
1623 3 1558 2995 4241
1624 3 2995 1558 5827
1625 3 3178 1814 9379
1626 3 2070 2127 2132
1627 3 2127 2070 5064
1628 3 2070 2132 5056
1629 3 2984 2070 7813
1630 3 2070 2984 5064
1631 3 2070 5056 7813
1632 3 2326 4035 4704
1633 3 2326 4057 4657
1634 3 2582 3652 3938
1635 3 3652 2582 9626
1636 3 2582 3938 6324
1637 3 2582 5867 9626
1638 3 5867 2582 6324
1639 3 4887 2838 9562
1640 3 3051 2838 4156
1641 3 3875 3094 7171
1642 3 9946 3350 10514
1643 3 5658 3606 8934
1644 3 6954 3606 9402
1645 3 3606 6954 8934
1646 3 3606 9050 9402
1647 3 5601 4886 8993
1648 3 4886 5601 8808
1649 3 5142 8143 8288
1650 3 5859 5398 8026
1651 3 5398 5859 6129
1652 3 5654 7949 9207
1653 3 7510 5910 7737
1654 3 6898 5910 9991
1655 3 5910 6898 7737
1656 3 6586 6166 10002
1657 3 6166 6586 9822
1658 3 6678 7726 10069
1659 3 9025 7446 9104
1660 3 8214 9454 9487
1661 3 9695 8726 10016
1662 3 9238 9661 10507
1663 3 23 4105 7731
1664 3 816 23 1453
1665 3 23 816 3049
1666 3 23 2193 4105
1667 3 2193 23 3049
1668 3 1453 23 7731
1669 3 279 337 7432
1670 3 337 279 5687
1671 3 279 2401 5687
1672 3 424 279 7432
1673 3 279 424 1987
1674 3 279 1987 2401
1675 3 535 2845 7476
1676 3 2845 535 10480
1677 3 7318 535 7476
1678 3 791 1320 5561
1679 3 1320 791 8688
1680 3 3767 791 5561
1681 3 1047 3351 3810
1682 3 1047 3100 3351
1683 3 3100 1047 8370
1684 3 1047 7471 8857
1685 3 8370 1047 8857
1686 3 1047 5852 7471
1687 3 1047 3810 5852
1688 3 1303 1711 2110
1689 3 1970 1303 2110
1690 3 1303 1970 6083
1691 3 1303 6083 8893
1692 3 5663 1559 7026
1693 3 1559 5663 7106
1694 3 1559 7106 9253
1695 3 5330 1559 9253
1696 3 1559 5330 7026
1697 3 1815 2185 8213
1698 3 1815 5807 6381
1699 3 3347 2071 7444
1700 3 2803 2071 9080
1701 3 8719 2327 9096
1702 3 2327 5528 9096
1703 3 2583 7438 8789
1704 3 2583 8480 8825
1705 3 2583 3120 8480
1706 3 3120 2583 8789
1707 3 5467 2583 8825
1708 3 2583 4012 7438
1709 3 4012 2583 5467
1710 3 4898 2839 5690
1711 3 5690 2839 8589
1712 3 3679 2839 4898
1713 3 2839 3679 5716
1714 3 3095 3341 6235
1715 3 4558 3095 6235
1716 3 3095 4558 9839
1717 3 3351 6369 10270
1718 3 3810 3351 10270
1719 3 7993 3607 9945
1720 3 8207 3863 10510
1721 3 4119 4442 7115
1722 3 4442 4119 7130
1723 3 4968 4119 7115
1724 3 4119 5482 7130
1725 3 4375 4949 9801
1726 3 7495 4887 9562
1727 3 6755 4887 7495
1728 3 4887 6755 7606
1729 3 5143 8704 9185
1730 3 6064 5655 8428
1731 3 6126 5911 7892
1732 3 6679 8104 10285
1733 3 8104 6679 10181
1734 3 9524 6935 10480
1735 3 6935 9877 10480
1736 3 8057 7191 9714
1737 3 8369 7191 10447
1738 3 7971 7703 8813
1739 3 7703 8005 8813
1740 3 24 3336 7924
1741 3 359 24 3730
1742 3 3730 24 8459
1743 3 24 7924 8459
1744 3 280 5406 8024
1745 3 3390 280 8024
1746 3 280 3390 3455
1747 3 280 3455 8675
1748 3 536 7285 8549
1749 3 536 2444 6397
1750 3 536 2760 7285
1751 3 2760 536 6397
1752 3 3401 792 7299
1753 3 2703 792 3401
1754 3 792 2703 6350
1755 3 792 6350 6478
1756 3 3374 1048 3585
1757 3 1048 3386 3585
1758 3 3386 1048 6548
1759 3 3211 1048 3374
1760 3 1048 3211 6548
1761 3 1304 2093 5273
1762 3 2093 1304 2210
1763 3 2210 1304 9022
1764 3 5939 1560 6411
1765 3 1560 7257 8788
1766 3 8338 1560 8788
1767 3 1560 3258 6411
1768 3 3258 1560 8338
1769 3 1816 4484 8936
1770 3 3223 1816 10352
1771 3 1816 3223 3529
1772 3 1816 8936 10352
1773 3 1816 2541 4484
1774 3 2541 1816 3529
1775 3 5295 2072 6870
1776 3 6870 2072 9417
1777 3 2328 7240 9452
1778 3 3511 2328 9452
1779 3 3852 2584 8101
1780 3 2584 3852 4041
1781 3 2584 7220 8332
1782 3 8101 2584 8332
1783 3 2584 4267 7220
1784 3 2584 4041 4267
1785 3 7954 2840 8486
1786 3 2840 3378 8486
1787 3 3378 2840 7606
1788 3 5611 2840 9623
1789 3 2840 5611 7606
1790 3 5871 2840 7954
1791 3 2840 5871 9623
1792 3 3096 3341 6426
1793 3 3341 3096 6235
1794 3 4896 3096 6426
1795 3 6235 3096 6738
1796 3 3096 3552 6738
1797 3 3552 3096 4606
1798 3 4606 3096 4896
1799 3 3352 5948 6150
1800 3 5948 3352 8923
1801 3 3352 4978 8923
1802 3 3608 3838 6017
1803 3 3838 3608 10469
1804 3 3864 5383 6465
1805 3 5383 3864 7914
1806 3 5159 3864 9954
1807 3 3864 5159 7914
1808 3 3864 6465 9954
1809 3 4120 4946 5007
1810 3 4120 5007 9547
1811 3 4376 5921 6367
1812 3 5921 4376 8676
1813 3 4376 7238 8676
1814 3 7238 4376 10483
1815 3 4376 4854 10483
1816 3 8879 4632 10090
1817 3 9730 4888 9749
1818 3 8590 4888 9730
1819 3 5400 6607 7778
1820 3 6607 5400 9913
1821 3 5912 5940 9546
1822 3 5912 8626 10524
1823 3 7192 7870 8695
1824 3 9713 7448 10133
1825 3 9032 8216 10197
1826 3 2329 25 9594
1827 3 400 25 2329
1828 3 150 25 400
1829 3 25 150 8604
1830 3 25 8604 9594
1831 3 281 523 4633
1832 3 523 281 3480
1833 3 537 6918 10010
1834 3 537 6297 6918
1835 3 6297 537 6554
1836 3 6554 537 7614
1837 3 5566 537 10010
1838 3 537 5566 7614
1839 3 1320 793 5045
1840 3 793 1320 3278
1841 3 5050 793 7567
1842 3 793 3278 7567
1843 3 793 4084 5045
1844 3 4084 793 5050
1845 3 1049 5132 9559
1846 3 5132 1049 5603
1847 3 7743 1049 9559
1848 3 5603 1049 7743
1849 3 1305 3329 5381
1850 3 3329 1305 6258
1851 3 1305 5381 7197
1852 3 1305 7197 10192
1853 3 2143 1305 10192
1854 3 1305 2143 6097
1855 3 1305 6097 6258
1856 3 1583 1561 5249
1857 3 1561 1583 5618
1858 3 5029 1561 9748
1859 3 1561 5029 5249
1860 3 1561 3066 9748
1861 3 3066 1561 5618
1862 3 5680 1817 7343
1863 3 1817 3479 7343
1864 3 3479 1817 6362
1865 3 1817 2733 9979
1866 3 2497 1817 5680
1867 3 1817 2497 2733
1868 3 6362 1817 9979
1869 3 6416 2073 9187
1870 3 5312 2073 6416
1871 3 9187 2073 9880
1872 3 2329 10057 10309
1873 3 2329 4700 10057
1874 3 4700 2329 9594
1875 3 2585 3162 7073
1876 3 6583 2585 7073
1877 3 2841 3464 8316
1878 3 3464 2841 8876
1879 3 7337 2841 9869
1880 3 2841 7337 8876
1881 3 3097 7152 7180
1882 3 3353 3901 8460
1883 3 6087 3353 8460
1884 3 3609 8734 10537
1885 3 3609 6587 8734
1886 3 3609 4341 6050
1887 3 4903 4121 9239
1888 3 8290 4121 9828
1889 3 4377 9405 10425
1890 3 4889 5417 10359
1891 3 4889 10359 10545
1892 3 7383 4889 10545
1893 3 6456 5145 7822
1894 3 5145 5486 7822
1895 3 5657 6384 9953
1896 3 6169 6851 9585
1897 3 9397 6681 10065
1898 3 7839 6937 8721
1899 3 7252 7193 8138
1900 3 7193 7576 8138
1901 3 9824 7705 10443
1902 3 8149 7705 9329
1903 3 8351 7961 9437
1904 3 9133 8473 10304
1905 3 8473 9133 10429
1906 3 8985 9551 10523
1907 3 6172 26 8977
1908 3 26 6172 6267
1909 3 3459 26 6267
1910 3 26 1526 8977
1911 3 1526 26 3459
1912 3 282 7709 8739
1913 3 282 8739 9768
1914 3 8259 282 9768
1915 3 599 282 8259
1916 3 282 599 6814
1917 3 282 6814 7709
1918 3 538 3854 4797
1919 3 3854 538 5593
1920 3 538 4883 5593
1921 3 538 2127 4883
1922 3 2127 538 5011
1923 3 538 4797 5011
1924 3 3612 794 7853
1925 3 7853 794 10066
1926 3 1207 794 3612
1927 3 794 1207 3835
1928 3 794 3835 10066
1929 3 1050 1345 3467
1930 3 1345 1050 6111
1931 3 7508 1050 8602
1932 3 8602 1050 8714
1933 3 1050 2264 8714
1934 3 2264 1050 3467
1935 3 6111 1050 7508
1936 3 9816 1306 10239
1937 3 2665 1306 9358
1938 3 9358 1306 9816
1939 3 7221 1562 8045
1940 3 1562 6726 9515
1941 3 8045 1562 9515
1942 3 2280 1562 7221
1943 3 1562 2280 6726
1944 3 1818 2872 8728
1945 3 2872 1818 6618
1946 3 7038 1818 8728
1947 3 2074 2938 10087
1948 3 2938 2074 5357
1949 3 2074 2967 5357
1950 3 2330 4238 9738
1951 3 4238 2330 6959
1952 3 5689 2842 7558
1953 3 7558 2842 10345
1954 3 2842 7304 8111
1955 3 2842 8111 10345
1956 3 3569 2842 5689
1957 3 2842 3569 7304
1958 3 3098 7483 9066
1959 3 8124 3098 9066
1960 3 10252 3354 10498
1961 3 3354 9536 10383
1962 3 5967 3354 10252
1963 3 3354 5967 9536
1964 3 3354 9694 10498
1965 3 9694 3354 10383
1966 3 3610 8515 8634
1967 3 3610 3968 8515
1968 3 3968 3610 9352
1969 3 7814 3610 8634
1970 3 3610 7814 8139
1971 3 3610 8139 9352
1972 3 3866 8633 8988
1973 3 8633 3866 8779
1974 3 4859 3866 8988
1975 3 4721 4378 4727
1976 3 5790 4634 7968
1977 3 4634 5790 10555
1978 3 4890 5453 8197
1979 3 5453 4890 7110
1980 3 5658 8934 8945
1981 3 5914 6780 7807
1982 3 6780 5914 7053
1983 3 1966 27 5072
1984 3 27 2488 5072
1985 3 1788 27 1966
1986 3 1913 283 4944
1987 3 283 1913 10107
1988 3 283 10107 10305
1989 3 539 5913 5999
1990 3 5913 539 6879
1991 3 1470 539 5999
1992 3 795 1330 5938
1993 3 1330 795 2229
1994 3 795 4201 10497
1995 3 2709 795 5938
1996 3 795 2709 4201
1997 3 3234 795 10497
1998 3 2229 795 3234
1999 3 1888 1051 9424
2000 3 1051 1888 7905
2001 3 1051 3718 9424
2002 3 1307 4620 5555
2003 3 1307 1600 9264
2004 3 1307 2250 4620
2005 3 2250 1307 9264
2006 3 1307 1511 1600
2007 3 1511 1307 5555
2008 3 7779 1563 8034
2009 3 1563 7779 8353
2010 3 1563 8353 9927
2011 3 5577 1563 9927
2012 3 1563 3296 8034
2013 3 3296 1563 5577
2014 3 7907 1819 8346
2015 3 2331 9286 9395
2016 3 6262 2331 8849
2017 3 8849 2331 9395
2018 3 2587 4616 8736
2019 3 4616 2587 4863
2020 3 2587 8736 10039
2021 3 8525 2587 10039
2022 3 7296 2587 8525
2023 3 5575 2587 7296
2024 3 4863 2587 5575
2025 3 2843 3728 6081
2026 3 3099 5895 9596
2027 3 3707 3099 9596
2028 3 3099 3707 5344
2029 3 3099 5069 5895
2030 3 5069 3099 5344
2031 3 3355 8705 10407
2032 3 3355 3404 8705
2033 3 3404 3355 3779
2034 3 4730 3611 10048
2035 3 3611 5596 8859
2036 3 4876 3867 9414
2037 3 3867 8097 9414
2038 3 3867 4570 8097
2039 3 4123 6065 8062
2040 3 6065 4123 6595
2041 3 4379 4402 6268
2042 3 4402 4379 9696
2043 3 4379 8128 9696
2044 3 4635 5933 7241
2045 3 4818 4635 7241
2046 3 4891 5725 9234
2047 3 5725 4891 7992
2048 3 5686 5147 6274
2049 3 6274 5147 10393
2050 3 5403 5667 9074
2051 3 5403 6828 9028
2052 3 6828 5403 9074
2053 3 6344 5403 9028
2054 3 6161 5659 9517
2055 3 10148 6171 10167
2056 3 9518 7195 10525
2057 3 7845 7707 10264
2058 3 7707 7845 9341
2059 3 8641 7963 10099
2060 3 28 6674 8697
2061 3 28 1997 6674
2062 3 1997 28 4519
2063 3 28 8697 9862
2064 3 6463 284 6520
2065 3 1415 284 6463
2066 3 284 1415 6762
2067 3 6309 284 6762
2068 3 284 6309 8185
2069 3 284 2763 6520
2070 3 2763 284 8185
2071 3 1116 540 9834
2072 3 3243 540 8022
2073 3 540 3243 9834
2074 3 6670 796 9877
2075 3 5676 796 6670
2076 3 796 5676 8101
2077 3 796 8332 10285
2078 3 796 8101 8332
2079 3 8104 796 10285
2080 3 796 8104 9877
2081 3 6148 1052 8823
2082 3 5645 1052 6148
2083 3 3908 1052 5645
2084 3 1052 3908 4985
2085 3 1308 6942 7408
2086 3 1308 3388 4726
2087 3 2138 1308 7958
2088 3 1308 2138 3388
2089 3 1308 4726 6942
2090 3 1308 7408 7958
2091 3 1564 7325 10433
2092 3 2009 1820 7276
2093 3 2076 3891 6823
2094 3 2076 6823 9486
2095 3 2076 3579 3891
2096 3 3579 2076 7109
2097 3 2332 3732 8397
2098 3 3732 2332 10195
2099 3 2332 7063 10195
2100 3 2588 5058 9644
2101 3 5654 2844 9314
2102 3 2844 5654 9207
2103 3 2844 9207 9919
2104 3 3351 3100 6046
2105 3 3356 3887 8581
2106 3 3887 3356 5304
2107 3 5304 3356 6529
2108 3 3612 8849 9395
2109 3 3612 7853 8849
2110 3 3868 6074 6490
2111 3 4124 4493 8772
2112 3 6122 4124 10499
2113 3 4380 4652 5147
2114 3 4636 4939 8578
2115 3 4939 4636 10234
2116 3 4892 10058 10222
2117 3 4892 8896 10058
2118 3 8402 4892 10222
2119 3 5148 7972 9124
2120 3 6267 6172 6366
2121 3 8343 6172 8977
2122 3 7821 6428 10002
2123 3 8341 6428 9481
2124 3 6428 7062 9481
2125 3 7062 6428 7821
2126 3 8220 10252 10498
2127 3 8600 8220 8877
2128 3 9568 8988 10380
2129 3 9500 9535 10173
2130 3 29 800 6436
2131 3 800 29 9311
2132 3 29 1893 8282
2133 3 1893 29 6266
2134 3 6266 29 6436
2135 3 7310 29 8282
2136 3 29 7310 9311
2137 3 285 320 2955
2138 3 285 2955 9335
2139 3 541 7282 8814
2140 3 1203 797 5336
2141 3 1053 6715 8008
2142 3 4990 1053 10528
2143 3 1053 4990 6715
2144 3 1956 1053 8008
2145 3 1053 1956 10227
2146 3 1053 10227 10528
2147 3 1309 2469 8937
2148 3 1309 1992 3172
2149 3 1992 1309 10375
2150 3 1309 8937 10375
2151 3 1565 3346 7959
2152 3 3346 1565 4273
2153 3 1565 7959 8848
2154 3 2849 1565 6234
2155 3 1565 2849 4273
2156 3 6234 1565 8848
2157 3 1821 6257 7906
2158 3 1821 5856 8475
2159 3 1821 2036 5856
2160 3 2036 1821 7906
2161 3 2077 6739 9940
2162 3 2333 7201 9357
2163 3 6703 2333 9357
2164 3 2333 3274 7201
2165 3 3274 2333 8245
2166 3 2589 2865 9796
2167 3 8392 2589 9036
2168 3 7894 2589 9796
2169 3 2589 7894 9036
2170 3 7476 2845 10181
2171 3 9877 2845 10480
2172 3 8104 2845 9877
2173 3 2845 8104 10181
2174 3 7429 3101 8054
2175 3 8054 3101 10345
2176 3 3101 7558 10345
2177 3 7558 3101 9971
2178 3 6881 3101 7429
2179 3 3101 6881 9971
2180 3 3357 4649 7350
2181 3 4398 3357 10276
2182 3 3357 4398 4649
2183 3 6889 3613 7770
2184 3 4328 4125 6944
2185 3 4381 5413 8027
2186 3 6065 4381 8027
2187 3 4381 6065 6595
2188 3 4637 7698 8329
2189 3 7552 4637 8329
2190 3 4637 4827 7698
2191 3 9295 5149 9798
2192 3 7804 5149 9295
2193 3 5149 7804 9073
2194 3 5149 8687 9798
2195 3 5405 6462 9875
2196 3 5405 5713 6462
2197 3 5917 7099 9955
2198 3 6173 8238 10033
2199 3 9033 6173 10033
2200 3 6429 6982 8376
2201 3 6429 8376 9440
2202 3 6845 6429 9440
2203 3 7453 8283 10020
2204 3 8283 7453 10138
2205 3 7453 7675 10138
2206 3 7965 8246 8809
2207 3 8246 7965 8930
2208 3 8840 8477 9132
2209 3 30 3385 5995
2210 3 3385 30 4008
2211 3 30 7257 7452
2212 3 30 5995 7257
2213 3 3070 30 7452
2214 3 30 3070 4008
2215 3 6169 286 6851
2216 3 6122 286 9236
2217 3 286 6122 6851
2218 3 8965 542 9228
2219 3 9228 542 9872
2220 3 542 2141 9872
2221 3 5279 542 8965
2222 3 542 954 2141
2223 3 954 542 5279
2224 3 798 2896 9891
2225 3 2896 798 8661
2226 3 798 8335 8661
2227 3 798 967 8335
2228 3 967 798 4295
2229 3 1054 5913 6879
2230 3 1054 3650 5913
2231 3 3650 1054 6306
2232 3 1054 4962 6306
2233 3 4962 1054 6879
2234 3 1310 3730 8459
2235 3 3730 1310 6212
2236 3 9663 1310 10312
2237 3 5612 1310 8459
2238 3 1310 5612 10312
2239 3 1566 2446 8374
2240 3 2446 1566 4077
2241 3 6331 1566 8374
2242 3 1566 3031 4077
2243 3 3161 1822 5166
2244 3 2409 1822 3161
2245 3 2078 4369 6752
2246 3 2334 7977 10413
2247 3 7762 2334 10413
2248 3 2334 7058 7977
2249 3 3025 2334 7762
2250 3 2334 3025 5329
2251 3 2334 5329 7058
2252 3 6786 2590 10007
2253 3 2590 7872 8298
2254 3 2590 4862 10007
2255 3 4862 2590 8298
2256 3 2846 3865 10169
2257 3 4977 2846 10169
2258 3 7985 3102 10008
2259 3 3102 4665 10008
2260 3 4665 3102 9579
2261 3 6268 3102 7985
2262 3 5152 3358 7175
2263 3 3358 5152 7483
2264 3 4126 5145 6456
2265 3 4382 5923 5942
2266 3 4382 5942 8275
2267 3 6986 4894 7051
2268 3 6746 5662 8948
2269 3 6784 5662 9533
2270 3 7707 5918 10264
2271 3 5918 7995 9091
2272 3 6430 7499 7848
2273 3 7397 7198 9977
2274 3 7966 8071 9973
2275 3 9502 9569 10145
2276 3 790 31 10346
2277 3 31 790 9096
2278 3 31 3154 10346
2279 3 3154 31 9096
2280 3 287 3178 3708
2281 3 287 3708 5038
2282 3 409 287 5038
2283 3 287 409 2280
2284 3 287 1741 3178
2285 3 1741 287 2280
2286 3 1813 543 9422
2287 3 543 6696 9422
2288 3 543 1897 6630
2289 3 543 6630 6696
2290 3 9262 799 10397
2291 3 3697 799 6276
2292 3 799 5080 10397
2293 3 5398 1055 8026
2294 3 1964 1055 5398
2295 3 1055 1964 9121
2296 3 1311 2051 7947
2297 3 2051 1311 9152
2298 3 3139 1311 7947
2299 3 1311 3139 10125
2300 3 1311 10125 10322
2301 3 1751 1311 10322
2302 3 1311 1751 9152
2303 3 1567 9747 9900
2304 3 1567 8226 9747
2305 3 2702 1567 2832
2306 3 1567 2702 8226
2307 3 6073 1567 9900
2308 3 1823 1828 7079
2309 3 1828 1823 4547
2310 3 4485 1823 7079
2311 3 4547 1823 7763
2312 3 1823 5361 7763
2313 3 2079 4099 5360
2314 3 6878 2079 9249
2315 3 2079 5360 9249
2316 3 5364 2079 6878
2317 3 8462 2335 9745
2318 3 2335 8462 8662
2319 3 2591 5808 9380
2320 3 7094 2591 9380
2321 3 2779 2591 7094
2322 3 5564 3103 6504
2323 3 4597 3103 5564
2324 3 3359 4407 5960
2325 3 4407 3359 8155
2326 3 3359 5960 6399
2327 3 3359 6399 10217
2328 3 3615 4311 9602
2329 3 4311 3615 4541
2330 3 4184 3871 7577
2331 3 3871 6510 7577
2332 3 5025 3871 5138
2333 3 3871 5025 6510
2334 3 4483 4127 7553
2335 3 4639 9418 10231
2336 3 4919 4895 5325
2337 3 6463 5151 9851
2338 3 5151 6463 7828
2339 3 5407 9425 9494
2340 3 7199 10118 10549
2341 3 8984 7455 9211
2342 3 8441 7711 9842
2343 3 3330 32 7782
2344 3 32 3330 6370
2345 3 3149 32 5470
2346 3 32 3149 7782
2347 3 5470 32 6370
2348 3 288 4955 9951
2349 3 288 3440 4955
2350 3 3440 288 6650
2351 3 7579 288 9192
2352 3 288 7579 10473
2353 3 2216 288 9951
2354 3 288 2216 9192
2355 3 6650 288 10473
2356 3 1292 544 1377
2357 3 1377 544 8494
2358 3 544 1709 8494
2359 3 1709 544 5168
2360 3 6436 800 9233
2361 3 5731 1056 9151
2362 3 1056 1166 9151
2363 3 1166 1056 3062
2364 3 1250 1056 5731
2365 3 1056 1250 3062
2366 3 1312 8468 9282
2367 3 1312 3380 8468
2368 3 3380 1312 8324
2369 3 1312 9282 10235
2370 3 1312 4826 8324
2371 3 4826 1312 10235
2372 3 6985 1568 7978
2373 3 1568 3168 7978
2374 3 4851 1824 5781
2375 3 1824 4851 9385
2376 3 2080 6571 6781
2377 3 2336 2424 7176
2378 3 2424 2336 2929
2379 3 6337 2336 7176
2380 3 2336 6337 9523
2381 3 2592 4169 8403
2382 3 5916 2848 8435
2383 3 2848 3894 6932
2384 3 3995 2848 6932
2385 3 2848 3995 8435
2386 3 6968 3360 9370
2387 3 3360 7817 9370
2388 3 3616 9752 10402
2389 3 3616 4675 8121
2390 3 4675 3616 7389
2391 3 3616 8121 9752
2392 3 6428 4128 10002
2393 3 4128 6428 8341
2394 3 8269 4128 8341
2395 3 4128 8269 8653
2396 3 4128 8653 10002
2397 3 4384 6813 7849
2398 3 6350 4384 7849
2399 3 4384 6350 7646
2400 3 10442 4640 10521
2401 3 7483 5152 9066
2402 3 7013 5152 7175
2403 3 5152 8124 9066
2404 3 5408 6375 10417
2405 3 5664 7477 9200
2406 3 6176 8042 10279
2407 3 6780 6176 8627
2408 3 8627 6176 10279
2409 3 6176 6616 8042
2410 3 7456 8780 10037
2411 3 1045 33 9325
2412 3 33 1045 8563
2413 3 8001 33 10328
2414 3 33 8001 9325
2415 3 33 7874 10328
2416 3 7874 33 8563
2417 3 289 415 3591
2418 3 415 289 7798
2419 3 1507 289 3591
2420 3 289 1507 5864
2421 3 289 5864 7798
2422 3 1161 545 7005
2423 3 1514 545 5688
2424 3 545 1514 7005
2425 3 801 2085 8106
2426 3 2085 801 7854
2427 3 2724 801 4274
2428 3 801 2724 6579
2429 3 4274 801 8106
2430 3 801 3791 7854
2431 3 3791 801 6579
2432 3 2670 1057 6222
2433 3 1057 2670 7373
2434 3 1057 8060 10432
2435 3 1057 2699 6222
2436 3 2699 1057 10432
2437 3 1057 7373 8060
2438 3 7619 1313 7954
2439 3 1313 7619 8559
2440 3 1313 4809 7954
2441 3 1722 1569 5454
2442 3 1569 1722 1995
2443 3 1825 3875 6177
2444 3 4429 1825 6177
2445 3 5715 2081 8920
2446 3 5069 2081 5715
2447 3 2081 5069 10400
2448 3 2337 8730 10320
2449 3 2960 2337 10320
2450 3 2593 2726 8710
2451 3 2726 2593 4286
2452 3 4286 2593 8934
2453 3 3549 2593 8258
2454 3 2593 3549 8934
2455 3 2849 6234 7730
2456 3 5763 2849 7730
2457 3 2849 5763 9669
2458 3 4273 2849 9669
2459 3 3105 9012 9421
2460 3 3437 3105 9421
2461 3 4619 3361 4639
2462 3 9756 3361 10455
2463 3 4639 3361 9756
2464 3 3361 4583 10455
2465 3 3873 3981 4009
2466 3 3873 4009 9220
2467 3 4641 6510 8655
2468 3 4641 5016 6510
2469 3 6076 4641 8655
2470 3 6467 4897 6930
2471 3 7610 5153 7885
2472 3 5153 6337 6573
2473 3 6337 5153 7610
2474 3 6422 5409 6921
2475 3 9026 5665 9151
2476 3 5665 9026 9962
2477 3 5665 5731 9151
2478 3 5731 5665 9962
2479 3 5921 6115 6367
2480 3 6689 8556 9690
2481 3 34 1369 2284
2482 3 34 2284 7587
2483 3 290 7231 7277
2484 3 290 7277 8406
2485 3 4815 290 8383
2486 3 290 3281 7231
2487 3 3281 290 4815
2488 3 7460 546 9097
2489 3 5473 546 7460
2490 3 1438 546 5473
2491 3 961 546 1438
2492 3 7279 802 7574
2493 3 1058 2643 2924
2494 3 1058 2024 2643
2495 3 2024 1058 3576
2496 3 3576 1058 9186
2497 3 1787 1058 2924
2498 3 1058 8190 9186
2499 3 5765 1314 8204
2500 3 1314 5765 6621
2501 3 1314 6621 10095
2502 3 8671 1314 10095
2503 3 1570 2848 5916
2504 3 2848 1570 3894
2505 3 3026 1570 5916
2506 3 1570 3026 6205
2507 3 1826 4709 9002
2508 3 2082 5431 6423
2509 3 5431 2082 7295
2510 3 2181 2082 6423
2511 3 2082 2181 9044
2512 3 7797 2338 10137
2513 3 2338 3260 10297
2514 3 3260 2338 7797
2515 3 4893 2594 5208
2516 3 5208 2594 9996
2517 3 2594 6754 8177
2518 3 2767 2594 4893
2519 3 2594 2767 6754
2520 3 2594 7900 9996
2521 3 7900 2594 8177
2522 3 2969 2850 7521
2523 3 2850 2969 5230
2524 3 4554 2850 5230
2525 3 4139 3106 5205
2526 3 3106 4139 8946
2527 3 5205 3106 7888
2528 3 6593 3106 8946
2529 3 5071 3106 6593
2530 3 3106 5071 7888
2531 3 3362 7856 8582
2532 3 3618 3758 5928
2533 3 4857 3618 7041
2534 3 3618 4857 8579
2535 3 3874 7752 8867
2536 3 4130 7237 9269
2537 3 7190 4386 9199
2538 3 4386 5222 9199
2539 3 5248 4642 8706
2540 3 5154 5415 8417
2541 3 5951 5410 7358
2542 3 7358 5410 8532
2543 3 7814 5666 9069
2544 3 5666 7814 9353
2545 3 6690 8714 10316
2546 3 6690 6765 8602
2547 3 6690 8602 8714
2548 3 7024 6946 7135
2549 3 7970 8966 10016
2550 3 8726 7970 10016
2551 3 8226 9443 9747
2552 3 4669 35 6310
2553 3 341 35 4669
2554 3 35 341 4069
2555 3 3971 35 4069
2556 3 3826 35 3971
2557 3 35 3826 6310
2558 3 2112 291 2549
2559 3 291 2112 9472
2560 3 9831 291 10256
2561 3 291 3997 10256
2562 3 3997 291 9472
2563 3 2549 291 9831
2564 3 4244 547 8811
2565 3 547 6040 7969
2566 3 6582 547 7969
2567 3 547 6582 8811
2568 3 4069 547 4244
2569 3 547 4069 6040
2570 3 6407 803 8273
2571 3 1570 803 3894
2572 3 803 1570 6205
2573 3 803 3111 8273
2574 3 3111 803 10079
2575 3 3894 803 6407
2576 3 803 6205 10079
2577 3 1059 7988 9456
2578 3 1059 7227 8703
2579 3 1059 6748 7227
2580 3 6748 1059 9456
2581 3 6093 1059 8703
2582 3 1059 4846 7988
2583 3 4846 1059 6093
2584 3 1315 3332 10341
2585 3 3332 1315 7413
2586 3 2571 1315 10341
2587 3 1315 2571 8585
2588 3 1315 8585 10023
2589 3 2814 1315 10023
2590 3 1315 2814 7413
2591 3 1571 4698 9715
2592 3 1571 4338 4698
2593 3 4338 1571 4351
2594 3 4351 1571 5084
2595 3 5983 1827 6066
2596 3 1827 5983 8398
2597 3 1827 3521 6066
2598 3 4046 2083 7470
2599 3 2083 4046 4229
2600 3 8030 2339 8959
2601 3 5783 2339 8030
2602 3 3533 2595 10246
2603 3 2595 6639 8702
2604 3 2595 8702 10246
2605 3 2851 5441 7045
2606 3 3107 4987 10306
2607 3 5549 3107 10306
2608 3 7641 3363 9483
2609 3 3363 7641 10141
2610 3 3363 5104 9483
2611 3 6672 3619 9348
2612 3 3619 6672 7934
2613 3 9348 3619 9520
2614 3 3619 7386 9520
2615 3 7386 3619 7934
2616 3 3875 7171 10071
2617 3 6177 3875 10071
2618 3 6564 4131 8328
2619 3 4643 5288 7815
2620 3 8179 4643 10272
2621 3 6519 4899 7261
2622 3 8245 5411 9865
2623 3 5411 9317 9865
2624 3 7016 5411 9759
2625 3 5411 7016 7351
2626 3 5411 7351 9317
2627 3 5667 7105 9074
2628 3 6856 6179 9577
2629 3 7377 6179 9622
2630 3 9804 6691 9807
2631 3 7203 8218 9108
2632 3 36 4103 4431
2633 3 4103 36 6013
2634 3 36 4431 4536
2635 3 6013 36 8852
2636 3 36 392 3241
2637 3 392 36 4536
2638 3 36 3241 8852
2639 3 2071 292 7444
2640 3 292 2071 2803
2641 3 292 5591 7444
2642 3 292 2803 4976
2643 3 548 3111 4405
2644 3 3111 548 8273
2645 3 3728 548 4405
2646 3 548 3728 9968
2647 3 548 5599 8273
2648 3 5599 548 9968
2649 3 4785 804 8519
2650 3 804 4785 4946
2651 3 2005 804 4946
2652 3 1060 1426 7441
2653 3 1426 1060 2214
2654 3 2214 1060 9131
2655 3 1060 1448 9131
2656 3 1448 1060 6605
2657 3 3048 1060 7441
2658 3 1060 3048 6605
2659 3 1316 6165 7629
2660 3 3977 1316 9478
2661 3 1316 7138 9478
2662 3 7138 1316 7629
2663 3 6663 1572 10492
2664 3 2139 1572 6663
2665 3 2535 1828 4547
2666 3 5153 2084 7885
2667 3 2084 5491 7885
2668 3 2596 5791 10542
2669 3 2596 2988 8513
2670 3 2988 2596 6359
2671 3 6359 2596 7141
2672 3 7141 2596 10542
2673 3 4856 2596 8513
2674 3 2596 4856 5791
2675 3 3108 4779 7427
2676 3 3108 4289 4779
2677 3 4758 3364 5484
2678 3 3364 4758 9621
2679 3 3364 5105 5484
2680 3 3620 7455 7940
2681 3 7111 3620 8814
2682 3 9092 3876 9191
2683 3 3876 6878 8114
2684 3 3876 5364 6878
2685 3 5595 4132 9168
2686 3 4644 6225 9993
2687 3 4900 9563 10522
2688 3 8617 4900 9145
2689 3 7433 5156 7520
2690 3 5156 7433 8956
2691 3 5668 5691 8241
2692 3 5691 5668 9060
2693 3 5924 6075 7213
2694 3 6075 5924 6361
2695 3 6265 6180 9629
2696 3 6692 8271 8885
2697 3 9557 8484 9643
2698 3 625 37 3705
2699 3 3705 37 5991
2700 3 37 5817 5991
2701 3 293 1317 9232
2702 3 1317 293 9610
2703 3 293 5035 9610
2704 3 293 1474 5035
2705 3 1474 293 2785
2706 3 2785 293 9232
2707 3 3631 549 9616
2708 3 549 3631 9389
2709 3 6199 549 9389
2710 3 549 8791 9616
2711 3 8791 549 8855
2712 3 1744 549 6199
2713 3 549 1744 8855
2714 3 6669 805 9743
2715 3 805 6669 7651
2716 3 2863 805 9803
2717 3 805 2863 4720
2718 3 805 4720 9743
2719 3 805 7651 9803
2720 3 9635 1061 9985
2721 3 1061 6613 9985
2722 3 6613 1061 6995
2723 3 6633 1061 9635
2724 3 7711 1573 9842
2725 3 1573 3918 6307
2726 3 1573 6307 9842
2727 3 2809 1573 7711
2728 3 1573 2809 3918
2729 3 5408 1829 6375
2730 3 6375 1829 7490
2731 3 2341 5238 8236
2732 3 5238 2341 9956
2733 3 2809 2341 3918
2734 3 2341 2809 9956
2735 3 6067 2597 8664
2736 3 5053 2597 6919
2737 3 2597 5053 8664
2738 3 3287 2597 6067
2739 3 2597 3287 5622
2740 3 2597 5622 6919
2741 3 2943 2853 10128
2742 3 2853 4248 10128
2743 3 3109 5173 7869
2744 3 3109 4844 5173
2745 3 7915 3365 9854
2746 3 3365 7915 8850
2747 3 4350 3365 8251
2748 3 3365 4350 9854
2749 3 3621 6402 9873
2750 3 7846 3621 9873
2751 3 3621 5574 9476
2752 3 5574 3621 7846
2753 3 7876 3877 9040
2754 3 3877 7876 9573
2755 3 4222 4133 7317
2756 3 5944 4389 8839
2757 3 4389 5944 9939
2758 3 7031 4389 10078
2759 3 4389 9939 10078
2760 3 5520 4645 8731
2761 3 4645 8621 8731
2762 3 4901 5468 9641
2763 3 5669 9488 9977
2764 3 7198 5669 9977
2765 3 5925 6865 8798
2766 3 6865 5925 8427
2767 3 6181 8083 9227
2768 3 8083 6181 10324
2769 3 6632 6437 8317
2770 3 8489 6693 9038
2771 3 6949 8723 10465
2772 3 7349 6949 10465
2773 3 7250 7205 7664
2774 3 7973 8257 9388
2775 3 335 38 2740
2776 3 2740 38 8376
2777 3 8376 38 9440
2778 3 9440 38 9906
2779 3 3615 294 4541
2780 3 294 2207 4541
2781 3 294 672 2207
2782 3 550 2664 8605
2783 3 2153 550 8605
2784 3 550 1206 2664
2785 3 6167 806 8279
2786 3 8279 806 8927
2787 3 806 5547 6604
2788 3 3285 806 6167
2789 3 806 3285 5547
2790 3 3829 806 6604
2791 3 806 3829 8927
2792 3 1062 3642 8829
2793 3 3642 1062 9088
2794 3 5695 1062 7259
2795 3 1062 5695 6014
2796 3 7259 1062 8829
2797 3 5998 1062 6014
2798 3 1062 5998 9088
2799 3 1318 3167 5945
2800 3 1318 2685 3167
2801 3 2685 1318 6512
2802 3 1574 3700 4540
2803 3 2683 1574 4540
2804 3 1574 1694 3700
2805 3 6174 1830 8777
2806 3 1830 4998 9861
2807 3 1830 5813 8777
2808 3 5813 1830 9861
2809 3 2230 2086 4435
2810 3 2086 2230 4769
2811 3 2810 2086 4769
2812 3 2086 2810 6887
2813 3 2342 7015 10545
2814 3 10359 2342 10545
2815 3 4657 2598 9591
2816 3 9538 2598 9813
2817 3 3257 2598 9538
2818 3 2598 3257 9591
2819 3 2854 5744 6971
2820 3 2854 3065 8211
2821 3 3065 2854 6971
2822 3 5143 3110 8704
2823 3 4214 3110 7149
2824 3 3110 4214 8704
2825 3 3289 3110 5143
2826 3 3110 3289 7149
2827 3 3878 4129 6750
2828 3 4129 3878 9426
2829 3 3878 6750 9860
2830 3 4134 4140 10348
2831 3 8372 4134 10348
2832 3 4134 8372 8578
2833 3 4646 8088 8368
2834 3 8346 4646 10168
2835 3 4902 7855 8967
2836 3 5158 6668 7664
2837 3 7205 5158 7664
2838 3 5670 6925 8651
2839 3 5997 5670 8635
2840 3 8635 5670 8651
2841 3 6694 7208 8254
2842 3 7603 6694 8254
2843 3 8040 6950 8894
2844 3 7974 10357 10540
2845 3 10474 7974 10540
2846 3 39 7756 9029
2847 3 7756 39 9376
2848 3 39 2942 9376
2849 3 2942 39 3577
2850 3 39 1780 3577
2851 3 1780 39 6656
2852 3 6656 39 9029
2853 3 295 1296 8527
2854 3 1296 295 2729
2855 3 7989 295 8527
2856 3 295 1924 2729
2857 3 4879 551 6683
2858 3 551 4879 8620
2859 3 6683 551 8680
2860 3 7620 551 8620
2861 3 2267 551 7620
2862 3 551 2267 8680
2863 3 2109 807 4266
2864 3 4266 807 10454
2865 3 807 6855 8110
2866 3 5097 807 8110
2867 3 807 5097 10454
2868 3 1063 2569 7672
2869 3 3327 1063 7672
2870 3 1319 4153 7263
2871 3 1319 7263 8476
2872 3 4983 1319 8476
2873 3 1319 1427 4153
2874 3 1427 1319 2775
2875 3 2775 1319 4983
2876 3 4434 1575 4653
2877 3 1575 4434 5335
2878 3 2210 1831 8222
2879 3 1831 2210 4821
2880 3 1831 4821 7313
2881 3 6365 2087 8196
2882 3 2087 5349 8196
2883 3 2343 6770 9776
2884 3 2343 3215 6770
2885 3 3215 2343 6058
2886 3 2496 2343 9776
2887 3 2343 2496 6058
2888 3 2599 4108 9820
2889 3 4108 2599 9947
2890 3 8237 2599 9820
2891 3 6999 2599 8237
2892 3 2599 6999 9947
2893 3 3098 2855 7483
2894 3 2971 2855 3098
2895 3 4405 3111 5252
2896 3 5252 3111 10079
2897 3 3367 7502 9550
2898 3 3367 9550 9778
2899 3 3623 8277 10321
2900 3 3623 5253 8277
2901 3 3879 4922 7087
2902 3 3879 4926 8907
2903 3 7535 4135 8755
2904 3 4135 5353 8755
2905 3 6323 4647 8227
2906 3 4647 6323 7376
2907 3 8562 6951 9869
2908 3 6951 7361 8007
2909 3 7361 6951 8562
2910 3 7933 7463 8580
2911 3 7463 7679 8580
2912 3 7679 7463 8144
2913 3 9611 7719 10269
2914 3 8713 8487 9349
2915 3 9536 8743 10383
2916 3 40 2059 9794
2917 3 2059 40 3773
2918 3 40 2069 10086
2919 3 40 1454 2069
2920 3 1454 40 9794
2921 3 3773 40 10086
2922 3 296 5209 7594
2923 3 296 7594 8093
2924 3 296 1202 5209
2925 3 1202 296 9359
2926 3 296 5879 9359
2927 3 5879 296 8093
2928 3 7323 552 7617
2929 3 1693 552 7323
2930 3 552 1693 9448
2931 3 7006 808 8611
2932 3 808 7006 8162
2933 3 808 1896 9116
2934 3 1896 808 8162
2935 3 2488 1064 4043
2936 3 4043 1064 10147
2937 3 1064 6374 10147
2938 3 1354 1320 5045
2939 3 1320 1354 5561
2940 3 3278 1320 8688
2941 3 3159 1576 3780
2942 3 1576 3159 10217
2943 3 2411 1576 2414
2944 3 1576 2411 3780
2945 3 2414 1576 10217
2946 3 2184 1832 9142
2947 3 9142 1832 9742
2948 3 4868 2088 8285
2949 3 2088 3131 8285
2950 3 3131 2088 3185
2951 3 2433 2344 4204
2952 3 7602 2344 8920
2953 3 8920 2344 10082
2954 3 2600 6420 6943
2955 3 6420 2600 10190
2956 3 2600 4469 10190
2957 3 4469 2600 6863
2958 3 3112 9831 10256
2959 3 9831 3112 10065
2960 3 3112 9397 10065
2961 3 3624 5813 9861
2962 3 6906 3624 9861
2963 3 5556 4392 5906
2964 3 4648 8746 9256
2965 3 7988 4904 9456
2966 3 4904 6467 9456
2967 3 5956 5160 8906
2968 3 6300 5416 8658
2969 3 5416 6300 6626
2970 3 5928 9557 9643
2971 3 5928 8869 9557
2972 3 6184 6778 9763
2973 3 6778 6184 7019
2974 3 6696 8843 9422
2975 3 8843 6696 9725
2976 3 9725 6696 10277
2977 3 7720 9531 10370
2978 3 7720 9122 9531
2979 3 7976 10139 10330
2980 3 41 1173 1505
2981 3 4049 41 4714
2982 3 41 1505 4714
2983 3 41 253 1173
2984 3 253 41 4049
2985 3 2713 297 2818
2986 3 297 2713 5704
2987 3 4901 553 5468
2988 3 553 5181 7464
2989 3 5181 553 10537
2990 3 2430 553 7464
2991 3 553 2430 5468
2992 3 2208 553 4901
2993 3 553 2208 10537
2994 3 809 3717 8160
2995 3 809 1446 9307
2996 3 1446 809 8160
2997 3 7240 1065 9452
2998 3 1065 2443 9452
2999 3 1186 1065 6917
3000 3 1065 1186 2443
3001 3 1065 1757 6917
3002 3 1757 1065 7240
3003 3 3630 1321 7035
3004 3 1321 3630 9606
3005 3 7022 1321 9606
3006 3 1321 7022 7630
3007 3 7035 1321 8449
3008 3 1321 7116 8449
3009 3 7116 1321 7630
3010 3 1577 9189 9731
3011 3 6179 1833 9622
3012 3 1833 6179 6856
3013 3 1833 8595 9347
3014 3 6053 1833 9347
3015 3 1833 6053 9622
3016 3 1833 6856 8595
3017 3 4745 2089 10081
3018 3 2345 3361 4619
3019 3 2601 4892 8402
3020 3 6174 2601 8402
3021 3 3625 2601 6174
3022 3 2857 5247 5870
3023 3 3113 4361 8249
3024 3 4571 3113 8249
3025 3 3113 4571 10464
3026 3 3382 3369 10221
3027 3 6523 3369 7276
3028 3 3369 6523 7809
3029 3 3369 7809 10221
3030 3 3625 6174 8777
3031 3 4079 3625 8777
3032 3 3625 4079 4765
3033 3 4545 4137 9243
3034 3 4137 4545 9026
3035 3 8438 4137 9026
3036 3 4393 7564 9810
3037 3 4649 5723 7350
3038 3 6664 4905 10067
3039 3 4905 7810 10067
3040 3 5161 5911 6681
3041 3 5911 5161 10414
3042 3 5161 6681 6862
3043 3 5417 8742 10359
3044 3 8256 5929 8753
3045 3 5929 8112 8753
3046 3 6185 7734 7987
3047 3 7734 6185 8629
3048 3 7887 6185 7987
3049 3 6441 6462 9571
3050 3 6462 6441 9875
3051 3 6953 7222 7551
3052 3 7209 9642 10312
3053 3 8558 8233 9101
3054 3 9513 9850 10468
3055 3 10205 9513 10468
3056 3 42 1949 9936
3057 3 1949 42 4587
3058 3 298 4211 8842
3059 3 628 298 10257
3060 3 298 628 4211
3061 3 298 8132 10257
3062 3 5583 298 8842
3063 3 298 5583 8132
3064 3 4637 554 4827
3065 3 554 3529 5062
3066 3 2541 554 4637
3067 3 554 2541 3529
3068 3 6667 810 10353
3069 3 810 9503 10353
3070 3 810 3996 9503
3071 3 7208 1066 8254
3072 3 8254 1066 9166
3073 3 6551 1066 7208
3074 3 1066 6551 10432
3075 3 3235 1066 10432
3076 3 1066 3235 9166
3077 3 2062 1322 6958
3078 3 1322 2062 5210
3079 3 1322 5210 9295
3080 3 7775 1322 9295
3081 3 4015 1322 7775
3082 3 4117 1578 4964
3083 3 1578 4117 6021
3084 3 4150 1578 7025
3085 3 1578 4150 9114
3086 3 4964 1578 8018
3087 3 1578 6021 7025
3088 3 1578 4278 8018
3089 3 4278 1578 9114
3090 3 1834 9224 10157
3091 3 1834 6037 6548
3092 3 2090 2686 6187
3093 3 2686 2090 7251
3094 3 4342 2090 6187
3095 3 9161 2346 10287
3096 3 5078 2602 7986
3097 3 3624 2858 9103
3098 3 2858 3624 6906
3099 3 9103 2858 9345
3100 3 8458 3114 8577
3101 3 3114 8524 8577
3102 3 3925 3114 6947
3103 3 3114 3925 5743
3104 3 3114 5743 8524
3105 3 3626 3669 6348
3106 3 4674 4138 5975
3107 3 4394 4466 8354
3108 3 4394 8354 10543
3109 3 9688 4394 10543
3110 3 7487 4650 8244
3111 3 5445 4650 6029
3112 3 5837 4650 7487
3113 3 4650 5837 6029
3114 3 5121 4906 8113
3115 3 4906 7731 10376
3116 3 8176 5162 8765
3117 3 5418 8696 9921
3118 3 5674 7139 10066
3119 3 7139 5674 9965
3120 3 7920 5674 10066
3121 3 6698 6991 7348
3122 3 7978 8530 9964
3123 3 9474 8234 10299
3124 3 8234 9322 10299
3125 3 43 3902 10089
3126 3 3902 43 7074
3127 3 5754 43 9753
3128 3 43 5754 7074
3129 3 43 6648 9753
3130 3 6648 43 10089
3131 3 299 7699 10471
3132 3 299 3367 7699
3133 3 299 1850 3367
3134 3 1850 299 8007
3135 3 299 7768 8007
3136 3 7768 299 10471
3137 3 555 1080 10319
3138 3 1080 555 8678
3139 3 945 555 10319
3140 3 555 945 5477
3141 3 555 3004 9817
3142 3 3004 555 5477
3143 3 8678 555 9817
3144 3 811 7910 8637
3145 3 811 4594 6422
3146 3 4594 811 8637
3147 3 4931 1067 7766
3148 3 2209 1067 4931
3149 3 1067 2209 5215
3150 3 1323 6514 7815
3151 3 6514 1323 6560
3152 3 1323 5788 9364
3153 3 6560 1323 9364
3154 3 5288 1323 7815
3155 3 1323 5288 5788
3156 3 4124 1579 10499
3157 3 1579 4124 8772
3158 3 1579 8169 10499
3159 3 8169 1579 10302
3160 3 1835 5448 6535
3161 3 5448 1835 7084
3162 3 4195 1835 10376
3163 3 1835 4195 7084
3164 3 4800 1835 6535
3165 3 1835 4800 10376
3166 3 2091 9998 10386
3167 3 6062 2091 10386
3168 3 2347 5127 9527
3169 3 5127 2347 6773
3170 3 2347 3612 9395
3171 3 6773 2347 9395
3172 3 2603 6786 10007
3173 3 5558 2603 6743
3174 3 3015 2603 10007
3175 3 2603 3015 6743
3176 3 9574 2859 9995
3177 3 2927 2859 9574
3178 3 3115 5134 6844
3179 3 8067 3115 9285
3180 3 3115 6844 9285
3181 3 4045 3115 8067
3182 3 5296 3371 8613
3183 3 3371 5296 5807
3184 3 7489 3627 8219
3185 3 5456 3627 6256
3186 3 6256 3627 7489
3187 3 5109 3627 5456
3188 3 3883 5662 6746
3189 3 6533 3883 6746
3190 3 4749 3883 6533
3191 3 3883 4749 7905
3192 3 4680 4139 5205
3193 3 8946 4139 9609
3194 3 7011 4395 9604
3195 3 6892 4395 7011
3196 3 5163 8031 8377
3197 3 5163 8377 8686
3198 3 5419 5909 9882
3199 3 5533 5419 9882
3200 3 5419 5533 8665
3201 3 7966 5675 8071
3202 3 6438 5675 10505
3203 3 5675 6438 8071
3204 3 5675 8230 10505
3205 3 9752 5931 10518
3206 3 6443 8563 10044
3207 3 44 1574 2683
3208 3 44 327 1574
3209 3 327 44 8095
3210 3 44 2683 10398
3211 3 8095 44 10398
3212 3 1409 300 8805
3213 3 300 1409 3534
3214 3 8395 300 9296
3215 3 300 8395 8805
3216 3 6108 556 7993
3217 3 6039 812 10291
3218 3 812 7584 10291
3219 3 7584 812 10305
3220 3 1068 1799 10396
3221 3 1799 1068 5102
3222 3 2687 1068 10396
3223 3 1068 2687 5102
3224 3 4964 1324 9341
3225 3 2214 1324 4964
3226 3 1324 2214 9131
3227 3 8873 1324 9131
3228 3 5106 1324 8873
3229 3 3987 1580 10274
3230 3 1580 3987 10325
3231 3 2787 1580 10325
3232 3 1580 2787 9954
3233 3 1580 7161 10274
3234 3 7161 1580 9954
3235 3 1836 2083 4229
3236 3 2083 1836 6035
3237 3 1836 4229 10531
3238 3 1836 5597 6035
3239 3 3043 1836 10531
3240 3 1836 3043 5597
3241 3 2092 5939 6042
3242 3 2092 2978 5939
3243 3 2978 2092 9439
3244 3 2302 2092 6042
3245 3 2092 2302 9439
3246 3 2348 8911 10164
3247 3 8911 2348 8924
3248 3 8168 2348 10164
3249 3 2604 6437 6632
3250 3 3600 2860 7273
3251 3 2860 3600 7870
3252 3 7192 2860 7870
3253 3 4006 2860 7192
3254 3 2860 4006 5301
3255 3 2860 5301 7273
3256 3 6242 3116 6615
3257 3 4761 3116 6242
3258 3 6615 3116 9358
3259 3 3372 8589 9874
3260 3 5592 3372 8818
3261 3 3372 5592 8589
3262 3 3628 6731 10003
3263 3 6750 3628 10003
3264 3 7131 3884 9620
3265 3 3884 7131 9453
3266 3 4140 5043 10348
3267 3 7478 4396 10419
3268 3 4396 7089 10419
3269 3 5147 4652 10393
3270 3 4908 5378 7101
3271 3 5378 4908 7622
3272 3 5890 4908 7101
3273 3 4908 6104 7622
3274 3 5164 6847 8670
3275 3 6847 5164 7930
3276 3 7145 5164 9000
3277 3 5164 7145 7930
3278 3 5676 7921 8101
3279 3 7714 5932 10459
3280 3 6188 7928 9910
3281 3 6444 7508 8602
3282 3 7508 6444 10468
3283 3 6444 6765 10054
3284 3 6765 6444 8602
3285 3 6444 10205 10468
3286 3 45 4638 9312
3287 3 4638 45 10210
3288 3 45 7727 10210
3289 3 45 1154 7727
3290 3 1154 45 3037
3291 3 3037 45 9312
3292 3 301 2701 9487
3293 3 2701 301 5712
3294 3 2770 301 9454
3295 3 9454 301 9487
3296 3 557 2336 9523
3297 3 2336 557 2929
3298 3 8225 557 9523
3299 3 557 8225 9120
3300 3 2929 557 9120
3301 3 813 3617 5243
3302 3 813 1114 3617
3303 3 1114 813 8674
3304 3 813 5243 10521
3305 3 8891 813 10521
3306 3 8674 813 8891
3307 3 1325 2608 5959
3308 3 1325 5959 5982
3309 3 2944 1581 6082
3310 3 1581 2944 4094
3311 3 1581 1921 8668
3312 3 1921 1581 5348
3313 3 6082 1581 8668
3314 3 1581 4094 5348
3315 3 4499 1837 7504
3316 3 1837 2466 4712
3317 3 2466 1837 4499
3318 3 1837 3262 7504
3319 3 2690 2093 9499
3320 3 2093 2690 5273
3321 3 2093 2210 8222
3322 3 3091 2349 4375
3323 3 2349 3091 3394
3324 3 4375 2349 4949
3325 3 4949 2349 7827
3326 3 2677 2349 3394
3327 3 2349 2677 7827
3328 3 2605 4432 7210
3329 3 4432 2605 9984
3330 3 3447 2605 8982
3331 3 2605 3447 9984
3332 3 6031 2605 7210
3333 3 2605 6031 6838
3334 3 2605 6838 8982
3335 3 4121 2861 9239
3336 3 2861 4121 8290
3337 3 2861 3445 9753
3338 3 2861 6648 9239
3339 3 6648 2861 9753
3340 3 4135 3117 5353
3341 3 4560 3117 5741
3342 3 3117 4560 5869
3343 3 5353 3117 5869
3344 3 3844 3373 6050
3345 3 3373 3609 6050
3346 3 3609 3373 6587
3347 3 6587 3373 10379
3348 3 4906 3629 8113
3349 3 9569 3885 10145
3350 3 5165 6157 9946
3351 3 5978 5421 7704
3352 3 5421 5978 9876
3353 3 5421 6891 7704
3354 3 5677 8220 10498
3355 3 8220 5677 8877
3356 3 5677 7561 8877
3357 3 7241 5933 9748
3358 3 6701 9146 10034
3359 3 7213 7757 8194
3360 3 7725 8638 10209
3361 3 1579 46 10302
3362 3 46 1579 8772
3363 3 46 8772 9292
3364 3 4208 46 9292
3365 3 46 730 10302
3366 3 730 46 4208
3367 3 302 3536 10177
3368 3 302 6130 8086
3369 3 6130 302 10177
3370 3 4354 558 7785
3371 3 558 4354 10238
3372 3 8284 558 9160
3373 3 7785 558 8284
3374 3 558 5504 9404
3375 3 5504 558 10238
3376 3 9160 558 9404
3377 3 814 7310 8282
3378 3 814 1979 7735
3379 3 1979 814 8282
3380 3 1070 7303 8851
3381 3 1419 1070 10340
3382 3 1070 1419 7303
3383 3 8049 1326 8528
3384 3 1326 1710 3855
3385 3 1710 1326 2010
3386 3 2010 1326 8049
3387 3 1582 7682 9674
3388 3 1582 2644 7682
3389 3 2644 1582 8099
3390 3 8560 1582 9674
3391 3 8099 1582 8560
3392 3 3641 1838 7124
3393 3 2175 1838 6340
3394 3 1838 2175 7124
3395 3 6340 1838 6516
3396 3 2094 4115 8738
3397 3 7319 2094 8738
3398 3 2094 7319 7645
3399 3 2094 7645 9007
3400 3 6185 2350 8629
3401 3 2350 6185 7887
3402 3 2350 4989 5822
3403 3 4989 2350 7887
3404 3 5889 2606 10030
3405 3 2606 5889 7418
3406 3 2606 3545 10030
3407 3 4865 3118 6192
3408 3 6192 3118 7665
3409 3 3249 3118 7403
3410 3 3118 3249 7665
3411 3 3374 3585 10469
3412 3 3608 3374 10469
3413 3 3630 8632 9606
3414 3 4142 5997 8635
3415 3 4142 7384 8053
3416 3 7384 4142 8635
3417 3 4142 4331 5997
3418 3 4331 4142 8053
3419 3 4649 4398 9139
3420 3 4910 6401 6961
3421 3 6401 4910 10085
3422 3 4910 8315 10085
3423 3 4910 7881 8315
3424 3 5166 8745 9171
3425 3 8696 5166 9171
3426 3 5422 7409 10459
3427 3 9417 5678 10490
3428 3 9445 9262 10397
3429 3 47 4363 7816
3430 3 47 7816 8070
3431 3 7568 47 8070
3432 3 47 3326 4363
3433 3 3326 47 7568
3434 3 303 4215 8686
3435 3 4215 303 9471
3436 3 8377 303 8686
3437 3 1767 303 8377
3438 3 303 1767 9471
3439 3 1333 559 7152
3440 3 7152 559 7180
3441 3 1200 815 9286
3442 3 815 1200 8796
3443 3 815 949 9286
3444 3 949 815 4798
3445 3 2492 815 8796
3446 3 815 2492 4798
3447 3 1071 7942 9146
3448 3 6701 1071 9146
3449 3 5074 1071 6701
3450 3 1071 5074 7926
3451 3 1071 5343 7942
3452 3 5343 1071 7926
3453 3 2095 1327 2565
3454 3 1327 2123 2565
3455 3 2123 1327 10161
3456 3 1583 4942 5618
3457 3 1583 4011 4942
3458 3 4011 1583 5249
3459 3 1839 4199 8115
3460 3 1839 5002 7065
3461 3 5002 1839 8115
3462 3 2095 2565 3350
3463 3 6157 2095 9946
3464 3 2095 3350 9946
3465 3 2351 5285 8534
3466 3 5285 2351 10096
3467 3 2351 8411 10096
3468 3 2607 6197 10268
3469 3 2607 5440 6197
3470 3 2607 4198 5440
3471 3 4198 2607 6800
3472 3 6800 2607 7166
3473 3 4585 2607 10268
3474 3 2607 4585 7166
3475 3 4722 3375 10193
3476 3 3375 4722 6382
3477 3 10141 3375 10540
3478 3 3375 10141 10193
3479 3 3375 6382 10540
3480 3 7549 3631 9616
3481 3 3887 8516 8581
3482 3 8516 3887 10229
3483 3 3887 5304 10229
3484 3 4143 6084 7000
3485 3 6084 4143 8420
3486 3 5317 4143 10520
3487 3 4143 5317 10405
3488 3 8420 4143 10405
3489 3 4143 6635 10520
3490 3 6635 4143 7000
3491 3 4399 6955 8986
3492 3 7505 4399 8986
3493 3 6045 4655 10073
3494 3 4655 7348 8447
3495 3 5818 4655 6045
3496 3 4655 5818 7348
3497 3 6928 5423 7950
3498 3 5919 5423 6928
3499 3 5423 6481 7950
3500 3 5679 5724 7786
3501 3 6621 5679 10095
3502 3 5679 6621 10387
3503 3 7234 5935 8075
3504 3 5935 7234 10162
3505 3 328 48 7261
3506 3 48 6519 7261
3507 3 304 1638 10283
3508 3 1638 304 8158
3509 3 9628 304 10283
3510 3 560 2333 6703
3511 3 2333 560 8245
3512 3 5411 560 9759
3513 3 560 5411 8245
3514 3 560 2413 9759
3515 3 2413 560 6703
3516 3 4612 816 6552
3517 3 816 1453 5579
3518 3 3049 816 4612
3519 3 816 6124 6552
3520 3 4127 1072 7553
3521 3 1072 4127 9156
3522 3 1072 7503 9765
3523 3 1072 2671 7503
3524 3 2671 1072 9156
3525 3 7553 1072 9765
3526 3 9360 1328 10277
3527 3 9120 1328 9360
3528 3 1328 9725 10277
3529 3 4110 1584 9855
3530 3 1584 4110 9708
3531 3 3421 1584 7792
3532 3 1584 3421 9855
3533 3 7792 1584 9708
3534 3 1840 9251 9318
3535 3 1840 5196 9251
3536 3 5196 1840 9844
3537 3 1840 9318 10481
3538 3 1840 5548 9844
3539 3 5548 1840 10481
3540 3 2652 2352 5757
3541 3 2352 5221 9815
3542 3 5757 2352 9815
3543 3 2608 3218 5959
3544 3 2864 6742 8464
3545 3 7877 2864 8464
3546 3 2864 3825 6742
3547 3 3825 2864 6353
3548 3 5135 3120 8789
3549 3 9461 3376 9538
3550 3 3632 5732 9455
3551 3 7363 3632 9023
3552 3 3632 5100 5732
3553 3 5100 3632 7363
3554 3 3888 5525 9591
3555 3 4144 6358 9107
3556 3 6358 4144 8942
3557 3 9027 4912 9777
3558 3 7260 5424 8263
3559 3 5424 5740 6178
3560 3 5740 5424 7260
3561 3 5936 8426 10114
3562 3 6192 8371 8940
3563 3 6192 7665 8371
3564 3 6448 10136 10200
3565 3 7728 8624 9077
3566 3 9777 8496 10151
3567 3 290 49 8383
3568 3 49 290 8406
3569 3 563 49 8406
3570 3 305 1683 5703
3571 3 1683 305 3584
3572 3 305 4839 9781
3573 3 4839 305 5703
3574 3 3584 305 9781
3575 3 561 6914 9367
3576 3 7367 561 9367
3577 3 4603 561 7367
3578 3 817 3632 9455
3579 3 817 1106 3632
3580 3 1106 817 7505
3581 3 817 4263 7505
3582 3 4263 817 9455
3583 3 1073 3222 8357
3584 3 1073 2752 3222
3585 3 2856 1329 9859
3586 3 1329 8801 9608
3587 3 1329 9608 9859
3588 3 1329 3060 8801
3589 3 5390 1585 8968
3590 3 1585 5390 9835
3591 3 6747 1585 9835
3592 3 5505 1841 8741
3593 3 2097 3881 7264
3594 3 3881 2097 6623
3595 3 2097 7264 10266
3596 3 2097 6609 6623
3597 3 6609 2097 7936
3598 3 7936 2097 10266
3599 3 2609 3432 10452
3600 3 2609 5225 5894
3601 3 5225 2609 10452
3602 3 2865 7682 9796
3603 3 7682 2865 9674
3604 3 2865 9299 9674
3605 3 8527 3121 9261
3606 3 3121 6319 9290
3607 3 3377 3538 6526
3608 3 3633 5554 7349
3609 3 3633 7349 10465
3610 3 3889 4254 9287
3611 3 4254 3889 9332
3612 3 5619 3889 10216
3613 3 6131 3889 9287
3614 3 3889 6131 10216
3615 3 4145 6293 7504
3616 3 4145 5842 6293
3617 3 7882 4913 9055
3618 3 6257 5169 9127
3619 3 5169 6257 8407
3620 3 5169 6341 8749
3621 3 6341 5169 8407
3622 3 7579 5425 10473
3623 3 6705 9339 10519
3624 3 7217 7946 8538
3625 3 7217 8538 10105
3626 3 8413 7217 10105
3627 3 7729 8800 9129
3628 3 8713 50 10052
3629 3 50 8713 9349
3630 3 8834 50 9349
3631 3 1445 50 8834
3632 3 50 1445 7669
3633 3 50 7669 10052
3634 3 306 5695 7259
3635 3 306 7259 7915
3636 3 306 1385 5695
3637 3 1385 306 5764
3638 3 5764 306 7915
3639 3 5437 562 9410
3640 3 687 562 9754
3641 3 562 687 9410
3642 3 2229 562 5437
3643 3 562 2229 2258
3644 3 562 2258 9754
3645 3 1295 818 6025
3646 3 818 1295 2730
3647 3 818 7707 9341
3648 3 818 2730 7707
3649 3 5966 1074 9755
3650 3 1074 5966 10149
3651 3 1330 5455 5938
3652 3 1330 3481 5455
3653 3 1330 2229 3481
3654 3 1849 1842 5541
3655 3 1842 6480 9809
3656 3 2098 6439 7944
3657 3 9015 2098 9241
3658 3 2098 4471 6439
3659 3 4471 2098 5017
3660 3 5514 2098 7944
3661 3 2098 5514 9241
3662 3 5017 2098 9015
3663 3 4137 2354 9243
3664 3 2354 4137 8438
3665 3 2610 6456 7822
3666 3 2610 4771 6456
3667 3 2610 4044 4935
3668 3 4044 2610 7822
3669 3 3122 3342 10382
3670 3 7033 3122 10382
3671 3 4583 3122 7033
3672 3 8486 3378 9625
3673 3 6755 3378 7606
3674 3 3634 4633 10115
3675 3 9028 3634 10115
3676 3 6508 3634 9028
3677 3 8882 3890 9315
3678 3 6100 3890 8882
3679 3 3890 6100 8171
3680 3 4146 7706 8200
3681 3 7029 4146 8200
3682 3 4146 4225 7706
3683 3 4225 4146 8667
3684 3 8385 4658 8415
3685 3 6009 4914 10185
3686 3 4914 5566 6078
3687 3 4914 6078 10185
3688 3 5426 6496 7308
3689 3 5426 7308 8509
3690 3 5682 7705 9824
3691 3 7490 6706 7721
3692 3 8477 7986 9132
3693 3 9522 9928 10319
3694 3 9928 9522 10384
3695 3 4118 51 4132
3696 3 51 4118 6060
3697 3 51 3052 4132
3698 3 307 6479 9842
3699 3 5753 307 9842
3700 3 563 5038 5244
3701 3 5038 563 8406
3702 3 1380 819 2524
3703 3 819 1380 9447
3704 3 2159 819 2707
3705 3 819 2159 6568
3706 3 2524 819 6568
3707 3 1075 1379 8850
3708 3 1379 1075 2802
3709 3 1075 8850 10077
3710 3 1433 1075 10077
3711 3 1075 1433 7344
3712 3 2802 1075 7344
3713 3 1331 4135 7535
3714 3 1331 3117 4135
3715 3 2826 1587 4303
3716 3 1587 2826 9709
3717 3 1587 3911 4303
3718 3 4159 1843 7771
3719 3 1843 4159 4969
3720 3 1843 6740 7771
3721 3 1843 4969 7937
3722 3 3512 1843 7937
3723 3 1843 3512 6740
3724 3 2099 3624 9103
3725 3 3624 2099 5813
3726 3 4913 2099 9055
3727 3 9055 2099 9103
3728 3 2355 2476 4750
3729 3 2476 2355 4292
3730 3 4292 2355 7997
3731 3 6253 2611 8455
3732 3 2611 8301 8455
3733 3 2611 8055 8301
3734 3 2867 7773 9245
3735 3 7773 2867 10358
3736 3 2867 3040 10358
3737 3 3680 3123 3830
3738 3 3123 3239 6152
3739 3 3239 3123 3680
3740 3 3650 3635 5913
3741 3 8389 3635 9316
3742 3 3891 9805 9978
3743 3 4403 6315 10476
3744 3 10052 4659 10116
3745 3 6352 5171 6673
3746 3 5171 6352 9496
3747 3 6042 5939 6411
3748 3 6195 8598 9075
3749 3 6195 7394 8598
3750 3 6451 8920 10082
3751 3 6707 7629 9314
3752 3 6707 7138 7629
3753 3 8465 6963 10410
3754 3 6963 7270 10410
3755 3 8973 8755 10129
3756 3 3865 52 10169
3757 3 576 52 3865
3758 3 52 576 1616
3759 3 52 1616 5120
3760 3 52 7873 10169
3761 3 52 5120 7873
3762 3 4367 308 6612
3763 3 871 308 9747
3764 3 308 871 6612
3765 3 2559 308 4367
3766 3 308 2559 9747
3767 3 564 823 1862
3768 3 823 564 2693
3769 3 564 1862 1961
3770 3 2693 564 7044
3771 3 564 1961 7044
3772 3 4920 820 6278
3773 3 6278 820 8609
3774 3 1076 2323 2442
3775 3 2323 1076 6330
3776 3 6330 1076 8937
3777 3 1332 2068 8135
3778 3 1332 3681 10014
3779 3 3681 1332 8135
3780 3 2658 1588 9929
3781 3 1588 2658 5334
3782 3 9929 1588 10506
3783 3 1588 5334 6388
3784 3 1588 6388 10506
3785 3 1844 3872 4836
3786 3 1844 3142 3872
3787 3 3142 1844 7223
3788 3 1980 1844 4836
3789 3 1844 1980 5120
3790 3 5293 2100 7445
3791 3 2100 5293 9847
3792 3 9666 2100 9847
3793 3 2356 4364 8469
3794 3 4364 2356 8752
3795 3 2356 3550 8752
3796 3 3550 2356 9645
3797 3 3228 2612 6087
3798 3 2868 7170 7242
3799 3 4735 2868 7242
3800 3 2868 4735 10146
3801 3 4517 2868 10146
3802 3 3124 4564 10028
3803 3 4564 3124 5492
3804 3 7672 3380 8324
3805 3 3636 9353 10064
3806 3 4305 3636 8348
3807 3 3923 3892 7439
3808 3 3892 3923 9898
3809 3 3892 4202 7439
3810 3 6521 4404 10132
3811 3 4997 4404 6521
3812 3 6792 4916 9252
3813 3 8784 6196 9028
3814 3 6196 6508 9028
3815 3 6452 7062 7821
3816 3 6452 8169 10302
3817 3 8244 8870 10544
3818 3 53 1899 3702
3819 3 1899 53 7557
3820 3 53 4460 6063
3821 3 53 3702 4460
3822 3 7557 53 9848
3823 3 53 419 9848
3824 3 419 53 6063
3825 3 309 1105 4471
3826 3 1105 309 9194
3827 3 309 4471 5017
3828 3 309 5017 5338
3829 3 309 5338 8189
3830 3 309 8189 9194
3831 3 565 2449 3146
3832 3 2449 565 5841
3833 3 822 821 8090
3834 3 821 822 5627
3835 3 1088 821 8537
3836 3 821 1088 8090
3837 3 1077 8711 10335
3838 3 1077 7468 8711
3839 3 7468 1077 7611
3840 3 5967 1077 10335
3841 3 1077 5967 6144
3842 3 1077 6144 7611
3843 3 1333 4925 6870
3844 3 4925 1333 8445
3845 3 1333 6870 9417
3846 3 1333 7152 8445
3847 3 1589 1599 8974
3848 3 1599 1589 6124
3849 3 6124 1589 6552
3850 3 3314 1589 8974
3851 3 1589 3314 6552
3852 3 1845 8208 9143
3853 3 8208 1845 8633
3854 3 2101 4916 10439
3855 3 2101 7293 9129
3856 3 7293 2101 10439
3857 3 9099 2101 9129
3858 3 8518 2357 9006
3859 3 3250 2357 8518
3860 3 2357 3250 9707
3861 3 2357 5627 9006
3862 3 5627 2357 8914
3863 3 2357 6651 8914
3864 3 6651 2357 9707
3865 3 4905 2613 7810
3866 3 2613 7291 9137
3867 3 4504 2613 9137
3868 3 2613 4504 6334
3869 3 2613 6334 7810
3870 3 4804 2613 4905
3871 3 2613 4804 7291
3872 3 4362 2869 9875
3873 3 2869 5405 9875
3874 3 2869 3003 5405
3875 3 3003 2869 10038
3876 3 5931 3381 10518
3877 3 3381 5931 6427
3878 3 4416 3381 6427
3879 3 3637 4606 4766
3880 3 9704 4149 10527
3881 3 4405 5252 6081
3882 3 5406 4917 8024
3883 3 4917 5879 8024
3884 3 6197 7640 10268
3885 3 7112 6453 10080
3886 3 6709 8760 10103
3887 3 7734 6965 7987
3888 3 10189 6965 10553
3889 3 8202 7221 9537
3890 3 7221 8045 9537
3891 3 7477 8029 9200
3892 3 7989 8527 9261
3893 3 54 5971 10369
3894 3 54 9047 9340
3895 3 9047 54 10369
3896 3 54 5799 5971
3897 3 4297 54 9340
3898 3 54 4297 5799
3899 3 3410 310 6170
3900 3 310 3410 8281
3901 3 310 5259 6152
3902 3 5259 310 8281
3903 3 3239 310 6152
3904 3 310 3239 6170
3905 3 1504 566 2452
3906 3 566 1504 8890
3907 3 4115 822 8738
3908 3 822 4115 9006
3909 3 822 8090 8738
3910 3 5627 822 9006
3911 3 1078 4690 5815
3912 3 7799 1078 9004
3913 3 1078 2731 9004
3914 3 2731 1078 5815
3915 3 7105 1078 7799
3916 3 2051 1334 7947
3917 3 1334 2051 8505
3918 3 7947 1334 9372
3919 3 2882 1334 8505
3920 3 1334 2882 9300
3921 3 1334 9300 9372
3922 3 1857 1590 4221
3923 3 1590 1857 8320
3924 3 1590 8320 9369
3925 3 1846 5714 6093
3926 3 1846 6093 8703
3927 3 5197 2102 8644
3928 3 4978 2102 8923
3929 3 2243 2102 5197
3930 3 2102 2243 8923
3931 3 2102 7415 8644
3932 3 2358 4130 9269
3933 3 4900 2358 9563
3934 3 2358 4900 8617
3935 3 2358 9269 9563
3936 3 7969 2614 9178
3937 3 5726 2614 9679
3938 3 2614 6861 9679
3939 3 5630 2614 5726
3940 3 2614 5630 9178
3941 3 2870 4358 5520
3942 3 4358 2870 7365
3943 3 2870 5133 7365
3944 3 2870 5520 6591
3945 3 3126 3590 4648
3946 3 3802 3382 4474
3947 3 7514 3638 8709
3948 3 4537 3638 7674
3949 3 9318 4150 10481
3950 3 4150 7025 9944
3951 3 6574 4150 9318
3952 3 4150 6574 9114
3953 3 4150 9944 10481
3954 3 4406 6918 7716
3955 3 6918 4406 9769
3956 3 4406 7716 10307
3957 3 4406 4823 9769
3958 3 7427 4662 8579
3959 3 7694 5174 10036
3960 3 10036 5174 10380
3961 3 5174 6534 10380
3962 3 5430 7204 10093
3963 3 6454 8707 9080
3964 3 6838 6710 8915
3965 3 8705 7222 10407
3966 3 7749 7222 9888
3967 3 7222 7749 10407
3968 3 7551 7222 8705
3969 3 10076 7478 10419
3970 3 8809 8246 9887
3971 3 8246 9631 9887
3972 3 55 786 6046
3973 3 720 55 3795
3974 3 55 720 3317
3975 3 989 55 6046
3976 3 55 989 3795
3977 3 55 227 786
3978 3 227 55 3317
3979 3 311 5138 5603
3980 3 311 1823 4485
3981 3 1823 311 5361
3982 3 311 4485 5138
3983 3 5361 311 5603
3984 3 567 9646 9895
3985 3 567 6336 10331
3986 3 6336 567 9895
3987 3 1862 823 3069
3988 3 823 2693 4622
3989 3 3069 823 4622
3990 3 1079 9225 10015
3991 3 1909 1079 7903
3992 3 7903 1079 10015
3993 3 1335 3635 3650
3994 3 3635 1335 9316
3995 3 1335 3650 7765
3996 3 1335 7765 8425
3997 3 9316 1335 10298
3998 3 1335 8425 10298
3999 3 2728 1591 9567
4000 3 1847 7225 8481
4001 3 7225 1847 8085
4002 3 5985 1847 8481
4003 3 1847 5266 8085
4004 3 5266 1847 5613
4005 3 2103 7764 9771
4006 3 7017 2103 9771
4007 3 2103 7017 7054
4008 3 2983 2103 7054
4009 3 2103 2983 7412
4010 3 2103 7412 7764
4011 3 2936 2359 8078
4012 3 4316 2359 6955
4013 3 2615 3944 8393
4014 3 2615 5787 7136
4015 3 5196 2871 9251
4016 3 2871 5506 9251
4017 3 5506 2871 5775
4018 3 6482 3127 7608
4019 3 7608 3127 9031
4020 3 3127 3554 6908
4021 3 3127 6908 9031
4022 3 3383 7701 7879
4023 3 4279 3383 7879
4024 3 5068 3639 7945
4025 3 3639 5068 5836
4026 3 3895 4753 6962
4027 3 5303 3895 6962
4028 3 4151 4588 7687
4029 3 4588 4151 6560
4030 3 5874 4151 9599
4031 3 4151 5874 6560
4032 3 6882 4407 8155
4033 3 4407 5107 5960
4034 3 4663 7709 9381
4035 3 6357 4663 9381
4036 3 4919 8254 9166
4037 3 4919 7603 8254
4038 3 4919 5119 7603
4039 3 5119 4919 5325
4040 3 5175 6899 7719
4041 3 6899 5175 7838
4042 3 5431 7295 9985
4043 3 8606 5431 9985
4044 3 7170 5943 7242
4045 3 7919 6455 9382
4046 3 6711 8817 9265
4047 3 8759 9035 9679
4048 3 9015 9241 9410
4049 3 9761 56 10437
4050 3 56 3691 9212
4051 3 2931 56 9761
4052 3 56 2931 3691
4053 3 56 4258 9193
4054 3 4258 56 9212
4055 3 56 9193 10437
4056 3 4214 312 8704
4057 3 4060 312 4214
4058 3 7171 568 10071
4059 3 568 5680 7343
4060 3 568 3739 10071
4061 3 568 2497 5680
4062 3 2497 568 4814
4063 3 4814 568 7171
4064 3 568 1785 3739
4065 3 1785 568 7343
4066 3 824 6592 8650
4067 3 824 6120 6592
4068 3 6120 824 7134
4069 3 7258 1080 8812
4070 3 1080 7258 7327
4071 3 1080 7327 10319
4072 3 1080 8678 8812
4073 3 6469 1336 9530
4074 3 1336 6469 8170
4075 3 1636 1336 7942
4076 3 1336 1636 9530
4077 3 1798 1592 10484
4078 3 7285 1592 8549
4079 3 1592 7285 10484
4080 3 1848 3997 5122
4081 3 3997 1848 8087
4082 3 4621 2104 6194
4083 3 3557 2104 4621
4084 3 2104 3557 8011
4085 3 4084 2104 8011
4086 3 2360 4257 5157
4087 3 4257 2360 6816
4088 3 2616 4907 9840
4089 3 2616 4401 4907
4090 3 4401 2616 4420
4091 3 4420 2616 7921
4092 3 2872 6836 8728
4093 3 5729 3128 7779
4094 3 7779 3128 8353
4095 3 8353 3128 10131
4096 3 5390 3640 8210
4097 3 8210 3640 9134
4098 3 6751 3896 9117
4099 3 5114 4152 10104
4100 3 4152 5114 7361
4101 3 6498 4408 9159
4102 3 4408 7036 7397
4103 3 7036 4408 9207
4104 3 4408 7397 9159
4105 3 6070 4664 6883
4106 3 5425 4920 10473
4107 3 4920 6278 10473
4108 3 8234 5176 9322
4109 3 5432 9878 10479
4110 3 5432 7416 9878
4111 3 7620 5944 8839
4112 3 5944 7620 8887
4113 3 6200 8429 8740
4114 3 6200 6638 8429
4115 3 9150 6968 9370
4116 3 8760 9684 10103
4117 3 57 1688 7565
4118 3 57 717 4369
4119 3 717 57 7565
4120 3 313 2206 6434
4121 3 2206 313 7813
4122 3 313 2984 7813
4123 3 2984 313 8895
4124 3 8103 569 9205
4125 3 991 569 10415
4126 3 569 991 9205
4127 3 825 6493 6888
4128 3 2169 825 6208
4129 3 825 2169 10084
4130 3 825 1923 6208
4131 3 1923 825 9289
4132 3 825 2533 6493
4133 3 2533 825 10084
4134 3 825 6888 9289
4135 3 1081 7435 8560
4136 3 2780 1081 8560
4137 3 1349 1337 8492
4138 3 1337 1349 9673
4139 3 1337 6271 8327
4140 3 6271 1337 7140
4141 3 1337 8327 8492
4142 3 7140 1337 9673
4143 3 1593 3893 5714
4144 3 3893 1593 9908
4145 3 1849 7466 9693
4146 3 1849 4762 7466
4147 3 4762 1849 5541
4148 3 2105 3892 9898
4149 3 3892 2105 5347
4150 3 4004 2105 5167
4151 3 2105 4004 5347
4152 3 2361 6685 10301
4153 3 8780 2361 10301
4154 3 2361 5323 6685
4155 3 5849 2361 8780
4156 3 2617 5981 6788
4157 3 4045 2617 6788
4158 3 2617 4045 4506
4159 3 2990 2873 3087
4160 3 2873 2990 4233
4161 3 3129 4120 9547
4162 3 3129 6188 9910
4163 3 3129 9547 10494
4164 3 3129 3522 6188
4165 3 3522 3129 10494
4166 3 5995 3385 6499
4167 3 3385 3982 6499
4168 3 3982 3385 4008
4169 3 3641 7124 9273
4170 3 3897 4365 5097
4171 3 3897 4023 4365
4172 3 4023 3897 9237
4173 3 3897 5097 8110
4174 3 4153 5177 7263
4175 3 4409 8374 9686
4176 3 4409 6331 8374
4177 3 4665 5060 10008
4178 3 9323 4921 9955
4179 3 5689 7558 9971
4180 3 6799 5945 9182
4181 3 5945 6799 8422
4182 3 6756 6457 7090
4183 3 6775 6713 10554
4184 3 6713 6775 9202
4185 3 6969 9463 9782
4186 3 9463 6969 10470
4187 3 7225 8085 10261
4188 3 7338 7225 10261
4189 3 7676 7481 10306
4190 3 1671 58 10243
4191 3 58 1671 2990
4192 3 58 2990 3263
4193 3 314 1858 2166
4194 3 1858 314 6137
4195 3 1392 314 1668
4196 3 314 1392 6137
4197 3 1668 314 2166
4198 3 570 4407 6882
4199 3 4407 570 5107
4200 3 584 570 5238
4201 3 570 584 5107
4202 3 5238 570 5320
4203 3 5320 570 6882
4204 3 2319 826 7941
4205 3 826 2319 3551
4206 3 5786 1082 7623
4207 3 7958 1338 9270
4208 3 6474 1338 7958
4209 3 1338 2299 9270
4210 3 1594 2089 4745
4211 3 2089 1594 9670
4212 3 2909 1594 9779
4213 3 1594 2909 9670
4214 3 1594 3177 9779
4215 3 3177 1594 4745
4216 3 3367 1850 7502
4217 3 5114 1850 8007
4218 3 1850 5114 7502
4219 3 2106 4439 5482
4220 3 2106 5482 8133
4221 3 2106 8133 8701
4222 3 5918 2362 10264
4223 3 2362 5918 9091
4224 3 2362 4664 8080
4225 3 4664 2362 6883
4226 3 2362 8080 10264
4227 3 6883 2362 9091
4228 3 2618 6677 10353
4229 3 9503 2618 10353
4230 3 6372 2618 9503
4231 3 2618 6372 6713
4232 3 2874 5783 8030
4233 3 5366 2874 8030
4234 3 3130 4546 6511
4235 3 3130 5620 7151
4236 3 3585 3386 9389
4237 3 6037 3386 6548
4238 3 5067 3386 6037
4239 3 3386 5067 9389
4240 3 8829 3642 9618
4241 3 3642 9088 9473
4242 3 4563 3642 9473
4243 3 4870 3898 9216
4244 3 3898 7729 9216
4245 3 7705 4154 9329
4246 3 5682 4154 7705
4247 3 4154 5965 7482
4248 3 9754 4410 9916
4249 3 7748 4666 8370
4250 3 4666 5217 8716
4251 3 7712 5178 8363
4252 3 5178 9442 10278
4253 3 5946 6259 6297
4254 3 6970 7428 8764
4255 3 6970 8764 9290
4256 3 8250 9109 9498
4257 3 9411 8250 9498
4258 3 59 1652 9526
4259 3 1652 59 3256
4260 3 59 9182 10259
4261 3 9182 59 9526
4262 3 3063 59 10259
4263 3 59 3063 3256
4264 3 8337 315 9400
4265 3 315 3301 4677
4266 3 3301 315 8337
4267 3 571 4612 6552
4268 3 4612 571 7379
4269 3 571 5996 9124
4270 3 7379 571 9124
4271 3 3314 571 6552
4272 3 4381 827 5413
4273 3 5413 827 9264
4274 3 827 2250 9264
4275 3 2250 827 4734
4276 3 3307 1083 4091
4277 3 4091 1083 9180
4278 3 7122 1339 10308
4279 3 1502 1339 7122
4280 3 1595 3698 8337
4281 3 1595 8337 9400
4282 3 7270 1851 9263
4283 3 1851 7270 8548
4284 3 2107 4010 9342
4285 3 2107 2275 4010
4286 3 2363 6671 6815
4287 3 2363 2945 6671
4288 3 2945 2363 7281
4289 3 2363 6815 8566
4290 3 2363 5545 7281
4291 3 5545 2363 8566
4292 3 2619 2893 6390
4293 3 2893 2619 6396
4294 3 8643 2619 9549
4295 3 2619 8643 9881
4296 3 2619 6390 9549
4297 3 2976 2875 10101
4298 3 2875 2976 8597
4299 3 2875 7126 8499
4300 3 7126 2875 8597
4301 3 3567 2875 8499
4302 3 2875 3567 10101
4303 3 3131 3185 6392
4304 3 3131 6392 7668
4305 3 6000 3387 9226
4306 3 3387 5317 9226
4307 3 5317 3387 10405
4308 3 3643 5430 10093
4309 3 9551 3643 10282
4310 3 3643 9144 10282
4311 3 9144 3643 10093
4312 3 4155 8369 10447
4313 3 4411 4486 5775
4314 3 4411 5775 8274
4315 3 4667 9393 9923
4316 3 4667 9923 9980
4317 3 4923 6504 8958
4318 3 4923 8958 10399
4319 3 5179 8198 9474
4320 3 7251 5179 7917
4321 3 7917 5179 9474
4322 3 5598 5435 8682
4323 3 5691 6411 8241
4324 3 6675 5691 9060
4325 3 5691 6042 6411
4326 3 6042 5691 6675
4327 3 8601 6459 8729
4328 3 8703 7227 9760
4329 3 7772 7739 10236
4330 3 9091 7995 10160
4331 3 7995 9685 10160
4332 3 60 1541 4614
4333 3 1541 60 2886
4334 3 60 4614 9668
4335 3 60 6927 7492
4336 3 6927 60 9668
4337 3 2886 60 7492
4338 3 316 4426 7883
4339 3 4426 316 6604
4340 3 6998 316 9446
4341 3 316 7883 9446
4342 3 6092 316 6998
4343 3 3829 316 6092
4344 3 316 3829 6604
4345 3 572 5159 10541
4346 3 5159 572 7914
4347 3 572 3963 7914
4348 3 10418 572 10541
4349 3 6145 828 9738
4350 3 4631 828 6145
4351 3 828 4631 6654
4352 3 828 1468 9738
4353 3 1468 828 10377
4354 3 828 6654 10377
4355 3 1084 2711 5825
4356 3 1492 1084 5825
4357 3 1084 1492 9972
4358 3 3033 1084 9972
4359 3 10270 1340 10311
4360 3 1340 4716 10311
4361 3 4716 1340 10088
4362 3 6369 1340 10270
4363 3 1340 2534 10088
4364 3 2534 1340 6369
4365 3 1596 2414 7643
4366 3 2414 1596 8431
4367 3 1852 2921 6203
4368 3 2921 1852 8422
4369 3 4211 1852 6203
4370 3 2108 7778 9056
4371 3 2108 4457 7778
4372 3 4457 2108 7066
4373 3 4971 2108 7168
4374 3 7168 2108 9056
4375 3 2364 5721 5923
4376 3 5721 2364 8684
4377 3 4187 2620 7074
4378 3 2620 3063 10259
4379 3 8473 2876 10304
4380 3 2876 8815 10263
4381 3 2876 7151 8815
4382 3 3132 5284 7933
4383 3 4284 3132 7933
4384 3 3597 3388 6210
4385 3 3388 3597 7507
4386 3 4726 3388 7507
4387 3 5187 3644 8161
4388 3 3672 3644 5187
4389 3 3644 3672 7246
4390 3 5480 3644 7246
4391 3 3644 5480 9344
4392 3 8161 3644 9344
4393 3 3900 8999 9841
4394 3 3900 6062 8999
4395 3 4412 4982 6802
4396 3 8310 4412 9648
4397 3 4412 6802 9648
4398 3 7432 4924 9345
4399 3 4924 9055 9103
4400 3 4924 9103 9345
4401 3 5301 4924 7432
4402 3 4924 7882 9055
4403 3 9244 5180 9746
4404 3 5180 6379 9746
4405 3 5436 6948 9075
4406 3 8598 5436 9075
4407 3 5692 7678 9828
4408 3 8255 5948 8923
4409 3 6780 6204 7807
4410 3 6204 6780 8627
4411 3 7807 6204 9467
4412 3 6460 9262 9445
4413 3 7484 8112 9780
4414 3 8881 7740 9718
4415 3 8881 7996 10198
4416 3 7996 8881 9718
4417 3 6543 61 8342
4418 3 61 2713 7648
4419 3 934 61 6543
4420 3 61 934 2713
4421 3 317 8821 9716
4422 3 317 1214 8356
4423 3 1214 317 9459
4424 3 3085 573 6121
4425 3 573 4176 4330
4426 3 573 5501 6121
4427 3 1456 573 3085
4428 3 573 1456 4176
4429 3 573 4330 5501
4430 3 829 2600 6943
4431 3 2600 829 6863
4432 3 6740 829 7771
4433 3 829 6740 6863
4434 3 829 7320 7771
4435 3 2007 829 6943
4436 3 829 2007 7320
4437 3 1085 2698 6558
4438 3 1341 3913 5086
4439 3 2901 1341 6711
4440 3 1341 1989 6711
4441 3 1989 1341 5086
4442 3 1597 9034 9572
4443 3 6479 1597 9572
4444 3 1853 5792 6528
4445 3 5792 1853 10448
4446 3 6584 1853 7858
4447 3 1853 6584 9176
4448 3 1853 9176 10448
4449 3 2109 4266 10273
4450 3 6051 2365 8811
4451 3 2621 4621 6194
4452 3 4621 2621 8062
4453 3 4123 2621 10040
4454 3 2621 4123 8062
4455 3 2621 6194 10040
4456 3 2877 5407 6109
4457 3 4897 3133 6660
4458 3 3133 4897 6467
4459 3 4904 3133 6467
4460 3 3133 4904 7674
4461 3 5160 3389 8761
4462 3 3389 5160 5956
4463 3 3389 5956 10177
4464 3 3389 5193 8761
4465 3 5193 3389 10555
4466 3 3389 4487 10555
4467 3 4487 3389 10177
4468 3 4080 3645 5555
4469 3 8460 3901 8469
4470 3 4157 7196 10202
4471 3 7119 4157 10202
4472 3 8744 4669 10092
4473 3 4925 7172 9167
4474 3 5295 4925 9492
4475 3 4925 5295 6870
4476 3 4925 9167 9492
4477 3 7464 5181 10356
4478 3 5181 7375 10356
4479 3 6231 5437 9410
4480 3 5693 9268 10257
4481 3 9308 5693 10257
4482 3 5693 9308 10166
4483 3 5693 8291 9268
4484 3 5693 6893 8291
4485 3 6893 5693 10166
4486 3 6205 6320 10079
4487 3 7787 6461 8448
4488 3 7943 7741 8963
4489 3 6986 62 7525
4490 3 62 6986 7051
4491 3 7525 62 9176
4492 3 245 62 7051
4493 3 62 245 9176
4494 3 318 2881 7555
4495 3 2881 318 10186
4496 3 587 318 1724
4497 3 318 587 10186
4498 3 2126 318 3313
4499 3 1724 318 2126
4500 3 3313 318 7555
4501 3 911 574 9938
4502 3 574 4294 9938
4503 3 830 3672 5920
4504 3 3672 830 7246
4505 3 830 4757 7246
4506 3 1761 830 5920
4507 3 830 1761 4757
4508 3 1086 1413 7187
4509 3 1503 1086 7187
4510 3 1086 1503 2392
4511 3 1342 3103 4597
4512 3 2091 1342 9998
4513 3 1342 2091 3103
4514 3 3920 1342 4597
4515 3 6028 1598 10369
4516 3 1598 3995 4216
4517 3 3995 1598 6028
4518 3 1598 8616 10369
4519 3 8097 1854 9414
4520 3 2110 3898 4870
4521 3 3898 2110 7163
4522 3 2366 3876 8114
4523 3 3876 2366 9191
4524 3 4957 2366 8114
4525 3 2366 4957 10456
4526 3 9191 2366 10456
4527 3 2622 5225 10452
4528 3 6264 2622 10452
4529 3 2622 6264 9432
4530 3 3814 2622 9432
4531 3 2622 3580 5225
4532 3 6408 2878 8567
4533 3 4038 2878 5139
4534 3 4816 2878 6408
4535 3 2878 4816 5139
4536 3 3134 7035 8449
4537 3 3240 3134 8449
4538 3 3134 3240 5625
4539 3 3134 5872 7035
4540 3 3390 6954 9402
4541 3 3455 3390 9402
4542 3 3390 4286 6954
4543 3 4286 3390 8024
4544 3 3646 6586 10002
4545 3 3646 8653 9994
4546 3 8653 3646 10002
4547 3 3646 4581 6586
4548 3 4581 3646 6897
4549 3 6897 3646 9994
4550 3 4892 4670 8896
4551 3 4670 8755 8973
4552 3 8896 4670 8973
4553 3 6158 4926 6403
4554 3 9547 5182 10431
4555 3 5438 6901 10317
4556 3 6206 7028 7982
4557 3 9571 6462 9702
4558 3 7319 6718 7645
4559 3 8817 6974 10303
4560 3 7230 7540 7929
4561 3 7546 7486 9839
4562 3 8133 7998 8701
4563 3 1613 63 3261
4564 3 3261 63 9346
4565 3 63 8912 9346
4566 3 1499 63 1613
4567 3 4411 319 4486
4568 3 319 4411 8124
4569 3 319 3206 5705
4570 3 3206 319 8124
4571 3 4486 319 9741
4572 3 319 3325 9741
4573 3 3325 319 5705
4574 3 2580 575 2653
4575 3 575 2580 2796
4576 3 2653 575 9896
4577 3 5738 575 7523
4578 3 575 5738 9896
4579 3 575 2796 7523
4580 3 831 4675 7389
4581 3 4967 831 7389
4582 3 831 2977 4675
4583 3 2977 831 4786
4584 3 3498 831 4967
4585 3 831 3498 4786
4586 3 2308 1087 4630
4587 3 1087 2308 10275
4588 3 7692 1087 10275
4589 3 4127 1343 9156
4590 3 1343 8164 9156
4591 3 1599 2921 8974
4592 3 2921 1599 4927
4593 3 1599 4344 4927
4594 3 7231 1855 7277
4595 3 1855 7231 9720
4596 3 7277 1855 8304
4597 3 1855 7590 8304
4598 3 7590 1855 9720
4599 3 2111 2850 4554
4600 3 2111 4554 10150
4601 3 2519 2111 10150
4602 3 2367 9061 9333
4603 3 2367 8192 9061
4604 3 2623 3315 6083
4605 3 3315 2623 4321
4606 3 2879 6877 7899
4607 3 2879 4587 6877
4608 3 6794 3391 7418
4609 3 7805 3647 9504
4610 3 5774 3647 9444
4611 3 7352 3647 7805
4612 3 3647 7352 9444
4613 3 4728 3903 9510
4614 3 3903 7830 9510
4615 3 8515 4159 8634
4616 3 4159 7771 9937
4617 3 4969 4159 8515
4618 3 7424 4415 9556
4619 3 4671 5758 9544
4620 3 5183 5263 7385
4621 3 5183 7385 9491
4622 3 5439 5962 6284
4623 3 6014 5695 10216
4624 3 5951 7549 9616
4625 3 6207 8197 8827
4626 3 7329 6207 8827
4627 3 6463 6520 7167
4628 3 6463 7167 7828
4629 3 6975 9348 10486
4630 3 10395 6975 10486
4631 3 7487 8244 10544
4632 3 7743 9559 10550
4633 3 8046 7743 10550
4634 3 64 9344 10294
4635 3 6540 64 10294
4636 3 64 6540 7532
4637 3 3483 64 7532
4638 3 64 3483 8161
4639 3 64 8161 9344
4640 3 5950 320 7421
4641 3 2955 320 5950
4642 3 7421 320 8174
4643 3 320 768 8174
4644 3 576 3865 6415
4645 3 1616 576 9302
4646 3 4288 576 6415
4647 3 576 4288 9302
4648 3 832 7596 7652
4649 3 832 4527 9793
4650 3 4527 832 10457
4651 3 4828 832 9793
4652 3 832 4828 7596
4653 3 832 7652 10457
4654 3 1088 3348 8090
4655 3 5990 1088 8537
4656 3 5280 1088 5990
4657 3 1344 5457 10232
4658 3 5457 1344 7423
4659 3 2805 1344 10232
4660 3 1344 2805 7423
4661 3 1600 4453 9264
4662 3 4453 1600 5041
4663 3 5041 1600 6460
4664 3 1856 5146 6471
4665 3 2606 1856 3545
4666 3 1856 2606 7418
4667 3 1856 2897 5146
4668 3 2897 1856 7418
4669 3 3545 1856 6471
4670 3 2112 2267 8839
4671 3 2368 3170 4746
4672 3 2368 4746 9653
4673 3 2461 2368 7957
4674 3 2368 2461 3170
4675 3 2912 2624 9581
4676 3 2624 5773 9649
4677 3 7984 2880 9746
4678 3 2880 8762 9746
4679 3 3658 2880 7984
4680 3 2880 4234 8762
4681 3 3136 7197 9713
4682 3 3136 6804 7197
4683 3 3136 5023 6804
4684 3 5023 3136 8100
4685 3 8100 3136 9713
4686 3 4450 3392 9934
4687 3 3836 3392 4450
4688 3 3392 3836 9198
4689 3 3648 6983 9935
4690 3 3648 4680 6983
4691 3 3904 4284 5155
4692 3 3904 5093 6218
4693 3 7754 4160 9595
4694 3 4416 6427 9331
4695 3 6098 5184 6511
4696 3 9988 5696 10455
4697 3 5696 9583 10455
4698 3 6340 5696 9988
4699 3 5952 9106 9453
4700 3 7131 5952 9453
4701 3 5952 7131 7930
4702 3 5952 7145 9106
4703 3 7145 5952 7930
4704 3 6464 6965 7734
4705 3 6965 6464 10553
4706 3 6464 9138 10553
4707 3 9138 6464 10557
4708 3 7123 6464 7734
4709 3 6464 7123 10557
4710 3 6976 7066 7208
4711 3 7488 8971 10284
4712 3 8257 8000 9388
4713 3 8000 9164 9388
4714 3 8588 8256 8753
4715 3 9805 9024 9978
4716 3 9327 65 10059
4717 3 65 5012 10059
4718 3 65 5290 6730
4719 3 3543 65 9327
4720 3 65 3543 5290
4721 3 321 2050 5950
4722 3 2050 321 6803
4723 3 321 3886 4716
4724 3 3886 321 7421
4725 3 321 5950 7421
4726 3 321 4716 10088
4727 3 6803 321 10088
4728 3 5322 577 10006
4729 3 5758 833 9544
4730 3 833 5758 8362
4731 3 833 3754 9612
4732 3 3754 833 8362
4733 3 1703 1089 9184
4734 3 1089 1703 10226
4735 3 1089 2029 5962
4736 3 2029 1089 10226
4737 3 3566 1089 5962
4738 3 1089 3566 9184
4739 3 3467 1345 8058
4740 3 1345 3249 8058
4741 3 3249 1345 8371
4742 3 1345 6111 8371
4743 3 3339 1601 3487
4744 3 1601 3339 10144
4745 3 6484 1601 10144
4746 3 4955 1601 6484
4747 3 1601 3440 5648
4748 3 3440 1601 4955
4749 3 3487 1601 5648
4750 3 1857 4221 8043
4751 3 6035 2113 8382
4752 3 5597 2113 6035
4753 3 3627 2369 8219
4754 3 2369 3627 5109
4755 3 2369 3516 6261
4756 3 3516 2369 5109
4757 3 3137 2625 6477
4758 3 2625 3137 8534
4759 3 3932 2625 7724
4760 3 2625 3932 6477
4761 3 5285 2625 8534
4762 3 2881 3377 6526
4763 3 2881 6526 7555
4764 3 4640 3393 10521
4765 3 4203 3393 4640
4766 3 3393 8891 10521
4767 3 7346 3905 9712
4768 3 5052 4417 8260
4769 3 4417 5052 7411
4770 3 4417 7400 8260
4771 3 7400 4417 10352
4772 3 4673 4916 6792
4773 3 4916 4673 10439
4774 3 4673 7745 10439
4775 3 7045 5441 8412
4776 3 5953 8483 10286
4777 3 9767 5953 10286
4778 3 5953 6539 8483
4779 3 6209 8566 10108
4780 3 9954 6465 9960
4781 3 6721 8390 8569
4782 3 6977 7616 7647
4783 3 7616 6977 9187
4784 3 7159 6977 7647
4785 3 4224 66 6766
4786 3 66 4224 6358
4787 3 66 6358 8942
4788 3 322 5961 7592
4789 3 322 5519 10317
4790 3 322 2454 5961
4791 3 2454 322 10317
4792 3 322 3502 5519
4793 3 3502 322 7592
4794 3 2835 578 9587
4795 3 578 5515 9587
4796 3 578 2230 5515
4797 3 2230 578 4769
4798 3 834 2616 9840
4799 3 2616 834 7921
4800 3 5332 834 9840
4801 3 1090 7474 9334
4802 3 1090 2982 7474
4803 3 2982 1090 5812
4804 3 6867 1090 9334
4805 3 3645 1346 9058
4806 3 1346 3645 4080
4807 3 6835 1346 6962
4808 3 1346 6835 9058
4809 3 1346 4080 6962
4810 3 1602 2059 7481
4811 3 2059 1602 9794
4812 3 2404 1602 7481
4813 3 1602 2404 6398
4814 3 1602 8844 9794
4815 3 1602 6398 8844
4816 3 2166 1858 8960
4817 3 2040 1858 6137
4818 3 1858 2040 8960
4819 3 2370 9489 10038
4820 3 2370 6094 9489
4821 3 2858 2626 5401
4822 3 2626 2858 6906
4823 3 2626 4275 5401
4824 3 4275 2626 5594
4825 3 7428 2882 8505
4826 3 6970 2882 7428
4827 3 6289 2882 6970
4828 3 2882 6289 9300
4829 3 3334 3138 9378
4830 3 3230 3138 3334
4831 3 3138 3230 4636
4832 3 9378 3138 10245
4833 3 3138 3533 10245
4834 3 3650 6306 7765
4835 3 4731 3906 6116
4836 3 6116 3906 7401
4837 3 4418 4718 7275
4838 3 4718 4418 8175
4839 3 5446 4674 6225
4840 3 4674 5975 6225
4841 3 4930 6936 9764
4842 3 6936 4930 9598
4843 3 4930 6541 9598
4844 3 6541 4930 6652
4845 3 5186 7971 8813
4846 3 5186 5336 7971
4847 3 6740 5442 6863
4848 3 6863 5442 10381
4849 3 5990 5698 8841
4850 3 7064 6978 9935
4851 3 7234 8075 10254
4852 3 8002 10173 10225
4853 3 67 8231 10008
4854 3 67 8058 8231
4855 3 67 3467 8058
4856 3 3467 67 5060
4857 3 5060 67 10008
4858 3 323 2341 8236
4859 3 2341 323 3918
4860 3 3918 323 8436
4861 3 1895 323 5531
4862 3 323 1895 8436
4863 3 5531 323 8236
4864 3 2831 579 10134
4865 3 579 2831 9418
4866 3 579 4639 9756
4867 3 4639 579 9418
4868 3 2084 579 5491
4869 3 579 2084 10134
4870 3 5491 579 9756
4871 3 835 3100 8370
4872 3 6687 835 8716
4873 3 835 4666 8716
4874 3 4666 835 8370
4875 3 835 989 3100
4876 3 989 835 6687
4877 3 1091 1895 4168
4878 3 1895 1091 8436
4879 3 1091 5282 8436
4880 3 1628 1347 4193
4881 3 1347 1628 3812
4882 3 4193 1347 10162
4883 3 1347 3030 10162
4884 3 3030 1347 9150
4885 3 1347 3812 9150
4886 3 1859 1603 2883
4887 3 1603 1859 6808
4888 3 1859 4875 7582
4889 3 1859 3613 4875
4890 3 3613 1859 7770
4891 3 1859 2883 7770
4892 3 6808 1859 7582
4893 3 2115 2120 9434
4894 3 9179 2115 9434
4895 3 2371 2566 7173
4896 3 4524 2371 7173
4897 3 2371 4524 7767
4898 3 2627 5677 10498
4899 3 2627 7512 10329
4900 3 7512 2627 9694
4901 3 2627 2672 5677
4902 3 2672 2627 2989
4903 3 2989 2627 10329
4904 3 9694 2627 10498
4905 3 3139 7947 9372
4906 3 3139 9754 10125
4907 3 3139 4410 9754
4908 3 4410 3139 9372
4909 3 3956 3651 10315
4910 3 3651 3956 4048
4911 3 3651 4048 7009
4912 3 4419 6173 9033
4913 3 8020 4419 9033
4914 3 4675 8073 8121
4915 3 5222 5187 9605
4916 3 5187 8161 9605
4917 3 5448 5443 6535
4918 3 6535 5443 9405
4919 3 7526 6211 9665
4920 3 7039 6211 7526
4921 3 7796 7491 9122
4922 3 7491 7796 9162
4923 3 7836 7491 9162
4924 3 2066 68 10031
4925 3 68 1241 10031
4926 3 4766 324 5969
4927 3 324 4042 5969
4928 3 4042 324 10204
4929 3 4606 324 4766
4930 3 324 4606 10204
4931 3 580 2129 8917
4932 3 2129 580 6380
4933 3 5943 836 7242
4934 3 7242 836 9863
4935 3 4995 836 5943
4936 3 836 7935 9863
4937 3 1092 2305 7952
4938 3 2305 1092 3515
4939 3 1092 7952 9884
4940 3 3515 1092 9413
4941 3 1092 2498 9413
4942 3 2498 1092 4323
4943 3 4323 1092 9884
4944 3 1348 2598 4657
4945 3 2598 1348 9813
4946 3 1348 6325 9813
4947 3 6325 1348 10188
4948 3 4057 1348 4657
4949 3 1348 4057 10188
4950 3 9008 1604 9582
4951 3 1604 9008 9145
4952 3 1604 3317 9582
4953 3 2059 1860 7481
4954 3 1860 2059 6220
4955 3 1860 6220 8770
4956 3 1860 5549 7481
4957 3 5549 1860 8770
4958 3 2116 4372 7592
4959 3 4372 2116 8119
4960 3 5961 2116 7592
4961 3 4775 2116 5961
4962 3 2116 5367 8119
4963 3 2372 5493 6567
4964 3 2372 3712 8211
4965 3 3712 2372 9623
4966 3 3065 2372 8211
4967 3 2372 3065 5493
4968 3 2837 2628 9818
4969 3 2628 3509 9818
4970 3 3509 2628 9331
4971 3 2884 4178 9011
4972 3 4178 2884 5810
4973 3 5558 2884 9011
4974 3 2884 5558 6743
4975 3 6105 3140 9484
4976 3 3140 6105 7128
4977 3 3396 3947 7032
4978 3 3396 3484 7710
4979 3 3484 3396 7032
4980 3 4985 3908 6298
4981 3 6445 4164 6894
4982 3 5676 4420 7921
4983 3 5164 4932 9000
4984 3 5444 5911 10414
4985 3 5911 5444 7892
4986 3 8681 5444 10414
4987 3 9248 5700 10346
4988 3 5956 9078 10177
4989 3 5956 8380 9078
4990 3 8380 5956 8906
4991 3 9705 6468 9773
4992 3 6980 8318 9409
4993 3 8191 7492 10542
4994 3 8772 8990 9292
4995 3 69 651 7335
4996 3 651 69 3515
4997 3 3515 69 6395
4998 3 325 4379 6268
4999 3 4379 325 8128
5000 3 4462 325 6446
5001 3 325 4462 8128
5002 3 325 6268 7985
5003 3 325 4498 6446
5004 3 4498 325 7985
5005 3 581 799 9262
5006 3 799 581 6276
5007 3 6276 581 9715
5008 3 837 6680 8159
5009 3 7007 837 8159
5010 3 3727 837 7007
5011 3 837 5795 6680
5012 3 2532 837 3727
5013 3 837 2532 5795
5014 3 6209 1093 8013
5015 3 1093 3193 7723
5016 3 3193 1093 6209
5017 3 1349 8492 9982
5018 3 1605 1920 5925
5019 3 5051 1605 5925
5020 3 3395 1861 6345
5021 3 9039 1861 9986
5022 3 1861 9039 9879
5023 3 6345 1861 9879
5024 3 1861 6872 9986
5025 3 2912 2117 7485
5026 3 2117 2912 8433
5027 3 2117 4276 7485
5028 3 2373 9730 9749
5029 3 2373 3177 7018
5030 3 3177 2373 7332
5031 3 7332 2373 9749
5032 3 2373 3764 9730
5033 3 3764 2373 7018
5034 3 3140 2629 9484
5035 3 2629 3140 6830
5036 3 4703 2629 5227
5037 3 5227 2629 6830
5038 3 2885 4367 8294
5039 3 7912 2885 8021
5040 3 6084 3141 7000
5041 3 3653 8529 9564
5042 3 3653 6642 8529
5043 3 7155 3653 9564
5044 3 7650 3909 9237
5045 3 3909 7650 10354
5046 3 6766 4165 8837
5047 3 4165 6061 8837
5048 3 5459 4421 7497
5049 3 4421 5459 5973
5050 3 9597 4421 9751
5051 3 5189 7857 8238
5052 3 5445 6029 10482
5053 3 6543 5957 9742
5054 3 5957 6543 9204
5055 3 5957 9142 9742
5056 3 6213 8095 10398
5057 3 6872 6213 10398
5058 3 6469 9530 9889
5059 3 70 6681 9397
5060 3 6681 70 6862
5061 3 70 3163 6862
5062 3 3163 70 4858
5063 3 4858 70 9397
5064 3 1551 326 9520
5065 3 326 1551 8017
5066 3 843 326 8017
5067 3 326 843 10486
5068 3 326 9348 9520
5069 3 9348 326 10486
5070 3 3353 582 3901
5071 3 582 3353 3559
5072 3 582 1383 3901
5073 3 1383 582 7649
5074 3 3521 582 6066
5075 3 582 3521 7649
5076 3 582 3559 6066
5077 3 9164 838 9388
5078 3 3816 838 10411
5079 3 838 3816 9388
5080 3 838 5356 10411
5081 3 4589 838 9164
5082 3 838 4589 5356
5083 3 1094 4877 9745
5084 3 2335 1094 9745
5085 3 1094 2335 5811
5086 3 1094 5811 7001
5087 3 1094 1777 4877
5088 3 1777 1094 7001
5089 3 4670 1350 8755
5090 3 1350 7535 8755
5091 3 1350 5748 7535
5092 3 5748 1350 7554
5093 3 1350 4765 7554
5094 3 3107 1606 4161
5095 3 1606 3107 5549
5096 3 4161 1606 6318
5097 3 1606 6004 6318
5098 3 1606 5549 6004
5099 3 1862 4464 9959
5100 3 1961 1862 2296
5101 3 2296 1862 9959
5102 3 2118 4181 7312
5103 3 2374 4681 6493
5104 3 2374 6493 9507
5105 3 5599 2374 9507
5106 3 2374 5599 9968
5107 3 2630 6913 9555
5108 3 2630 6698 6913
5109 3 6698 2630 6991
5110 3 6991 2630 10198
5111 3 3799 2630 9555
5112 3 2630 3799 5111
5113 3 2630 5111 10198
5114 3 2886 7492 8191
5115 3 3071 2886 9717
5116 3 2886 6143 9717
5117 3 6143 2886 8191
5118 3 4627 3142 5847
5119 3 5847 3142 7223
5120 3 6754 3654 8287
5121 3 3654 4492 8287
5122 3 3910 4969 8515
5123 3 4969 3910 10188
5124 3 3910 6325 10188
5125 3 6325 3910 9458
5126 3 4166 5651 8583
5127 3 8958 4422 10399
5128 3 4678 5635 8932
5129 3 4678 5130 5635
5130 3 7700 4934 10367
5131 3 4934 6751 10367
5132 3 5954 5190 9637
5133 3 9637 5190 10229
5134 3 5702 6058 7186
5135 3 8325 7494 10350
5136 3 7494 8325 8952
5137 3 7494 8952 10406
5138 3 7750 9451 10097
5139 3 3996 71 9332
5140 3 71 4254 9332
5141 3 1574 327 1694
5142 3 3741 327 8095
5143 3 327 3741 5081
5144 3 1694 327 8960
5145 3 327 5081 8960
5146 3 583 7970 8726
5147 3 5517 583 8726
5148 3 583 5517 7100
5149 3 583 2293 7970
5150 3 2293 583 7100
5151 3 3853 839 6049
5152 3 839 3853 6071
5153 3 839 6071 7791
5154 3 1095 2242 4692
5155 3 3152 1351 3948
5156 3 1351 3152 4020
5157 3 1351 2450 3948
5158 3 2450 1351 6371
5159 3 3494 1351 4020
5160 3 1351 3494 6371
5161 3 7185 1607 8826
5162 3 3652 1607 3938
5163 3 3938 1607 7185
5164 3 2446 1607 3158
5165 3 1607 2446 8826
5166 3 6437 1863 8187
5167 3 2604 1863 6437
5168 3 1926 1863 2604
5169 3 1863 1926 8316
5170 3 3464 1863 8316
5171 3 1863 3464 8187
5172 3 6798 2119 7156
5173 3 2707 2119 6798
5174 3 7156 2119 9516
5175 3 3587 2375 9403
5176 3 2375 3587 5823
5177 3 2375 5429 9403
5178 3 2375 2704 5429
5179 3 2704 2375 8136
5180 3 2375 5823 8136
5181 3 5752 2631 8880
5182 3 5100 2631 5732
5183 3 2631 5100 8880
5184 3 4144 2887 8942
5185 3 3491 3399 9723
5186 3 3655 3671 6438
5187 3 3671 3655 10222
5188 3 3751 3655 6438
5189 3 3655 9941 10222
5190 3 3911 6278 9600
5191 3 6278 3911 6650
5192 3 4303 3911 9600
5193 3 4423 8465 10410
5194 3 9263 4423 10410
5195 3 6625 4935 8362
5196 3 7449 5191 9303
5197 3 6476 5447 6720
5198 3 5982 5959 10393
5199 3 6215 6526 9893
5200 3 6526 6215 8143
5201 3 6215 9893 10249
5202 3 8143 6215 8288
5203 3 7480 6471 8396
5204 3 6983 7064 9935
5205 3 7683 7495 9562
5206 3 8621 7751 8731
5207 3 7751 8621 10343
5208 3 8775 8818 9100
5209 3 8775 9100 9407
5210 3 8954 8775 9407
5211 3 72 1318 5945
5212 3 1318 72 6512
5213 3 72 5945 8422
5214 3 1852 72 8422
5215 3 628 72 1852
5216 3 72 628 6512
5217 3 328 7261 9697
5218 3 584 5238 9956
5219 3 5107 584 9209
5220 3 9209 584 9956
5221 3 6495 840 8141
5222 3 840 6255 8186
5223 3 966 840 6495
5224 3 840 966 6255
5225 3 8141 840 8186
5226 3 4213 1096 6089
5227 3 1978 1096 4213
5228 3 1096 1978 5867
5229 3 6089 1096 6324
5230 3 1096 5867 6324
5231 3 1352 5456 6447
5232 3 5109 1352 6944
5233 3 1352 5109 5456
5234 3 1608 3649 5342
5235 3 1608 3006 10544
5236 3 3006 1608 5342
5237 3 9932 1608 10544
5238 3 1608 2043 3649
5239 3 2043 1608 9932
5240 3 1864 4464 9689
5241 3 4464 1864 9959
5242 3 1864 4791 7515
5243 3 4791 1864 9689
5244 3 2120 3465 5045
5245 3 4084 2120 5045
5246 3 2120 4084 9434
5247 3 2376 2463 10502
5248 3 2463 2376 4019
5249 3 4019 2376 5979
5250 3 3041 2376 10502
5251 3 2376 3041 5979
5252 3 3275 2632 4902
5253 3 2632 3275 10323
5254 3 2632 2774 4902
5255 3 2774 2632 5934
5256 3 2978 2888 5339
5257 3 2888 2978 9439
5258 3 3144 6416 9470
5259 3 8349 3144 9470
5260 3 4270 3144 8349
5261 3 3144 5312 6416
5262 3 3400 4426 6604
5263 3 5547 3400 6604
5264 3 3400 5629 7206
5265 3 5167 3656 7744
5266 3 3912 5044 5212
5267 3 5044 3912 7649
5268 3 3912 6068 9126
5269 3 7649 3912 9126
5270 3 4168 7042 10390
5271 3 6783 4424 7475
5272 3 4424 6326 7475
5273 3 8040 5192 9512
5274 3 5192 8040 8894
5275 3 5192 8297 9512
5276 3 5448 7084 7233
5277 3 6216 6444 10054
5278 3 6444 6216 10205
5279 3 6216 8682 10205
5280 3 73 1159 4441
5281 3 1159 73 7071
5282 3 7071 73 7359
5283 3 2494 73 4441
5284 3 73 2494 7359
5285 3 1803 329 9762
5286 3 329 1803 7799
5287 3 329 6036 9762
5288 3 4312 329 7799
5289 3 585 8283 10138
5290 3 7669 585 10052
5291 3 585 7669 8283
5292 3 3178 841 3708
5293 3 841 3178 9379
5294 3 1911 1097 9369
5295 3 1097 1911 4082
5296 3 1097 7331 9369
5297 3 1097 4082 10129
5298 3 4853 1097 10129
5299 3 1097 4853 7331
5300 3 5240 1353 5633
5301 3 1353 4839 5633
5302 3 4839 1353 9781
5303 3 1609 2864 7877
5304 3 2864 1609 6353
5305 3 5385 1865 6459
5306 3 6459 1865 8729
5307 3 1865 2901 9265
5308 3 1865 4339 8729
5309 3 4339 1865 9265
5310 3 2121 4374 7605
5311 3 2633 5187 5222
5312 3 3672 2633 5920
5313 3 2633 3672 5187
5314 3 3946 2633 5222
5315 3 4742 2889 6224
5316 3 3401 5137 10412
5317 3 3657 5408 10417
5318 3 9885 3657 10402
5319 3 10402 3657 10417
5320 3 4169 7829 10106
5321 3 8403 4169 10435
5322 3 4425 6455 8575
5323 3 8312 4425 8575
5324 3 6493 4681 6888
5325 3 4681 6776 6888
5326 3 4681 4796 6776
5327 3 7983 5449 8883
5328 3 8604 6217 9594
5329 3 6217 8604 8939
5330 3 9482 7753 9837
5331 3 7850 7753 9482
5332 3 7753 7850 8080
5333 3 9492 9289 10075
5334 3 74 5930 9175
5335 3 690 74 2608
5336 3 74 1466 2608
5337 3 1466 74 9175
5338 3 330 2853 8502
5339 3 2853 330 4248
5340 3 4248 330 6761
5341 3 474 330 8502
5342 3 330 474 6761
5343 3 586 6484 10144
5344 3 1483 586 10144
5345 3 586 1483 3834
5346 3 586 3790 6484
5347 3 3790 586 8544
5348 3 586 5103 8544
5349 3 586 3834 5103
5350 3 2601 842 4892
5351 3 842 2601 3625
5352 3 842 3625 4765
5353 3 842 4670 4892
5354 3 842 1350 4670
5355 3 1350 842 4765
5356 3 1569 1098 5454
5357 3 1098 2255 5454
5358 3 3451 1354 3465
5359 3 3465 1354 5045
5360 3 3282 1354 3451
5361 3 1610 2006 5854
5362 3 1610 5854 6349
5363 3 4699 1866 6697
5364 3 1866 4699 7114
5365 3 3683 1866 7114
5366 3 1866 3689 6697
5367 3 3599 2122 9894
5368 3 4626 2122 5423
5369 3 2122 4626 6229
5370 3 5423 2122 6481
5371 3 2122 6229 9894
5372 3 3029 2122 3599
5373 3 2122 3029 6481
5374 3 6578 2378 10209
5375 3 2553 2378 2889
5376 3 2378 2553 10209
5377 3 7017 2634 7054
5378 3 2689 2634 10076
5379 3 2634 2689 7054
5380 3 2634 9350 10076
5381 3 9449 2890 10401
5382 3 3402 4817 9848
5383 3 3914 8116 8384
5384 3 4421 4170 7497
5385 3 4170 4421 9597
5386 3 7497 4170 8367
5387 3 8367 4170 10493
5388 3 5194 6501 9217
5389 3 6501 5194 8299
5390 3 5194 7328 8299
5391 3 8736 5450 10436
5392 3 6284 5962 7399
5393 3 6920 6218 8491
5394 3 7408 6474 7958
5395 3 6986 7525 8401
5396 3 8345 7498 9016
5397 3 8266 9911 10458
5398 3 5432 75 9441
5399 3 75 5432 10479
5400 3 75 2180 2522
5401 3 2180 75 10479
5402 3 2769 75 9671
5403 3 75 2769 9441
5404 3 75 2522 9671
5405 3 4260 331 10355
5406 3 4577 331 8038
5407 3 331 4577 4860
5408 3 331 4860 10355
5409 3 4174 587 8300
5410 3 587 4174 10186
5411 3 587 1724 8300
5412 3 2202 843 8017
5413 3 843 2202 5845
5414 3 843 10395 10486
5415 3 843 5845 10395
5416 3 5512 1099 9016
5417 3 1099 3210 3504
5418 3 1099 8345 9016
5419 3 1099 3504 8345
5420 3 5436 1355 9063
5421 3 1355 5436 8598
5422 3 1355 6207 7329
5423 3 1355 2455 6207
5424 3 2455 1355 8598
5425 3 1355 7329 9063
5426 3 1611 4404 5651
5427 3 4404 1611 10132
5428 3 4166 1611 5651
5429 3 1611 3510 10132
5430 3 4269 1867 7865
5431 3 1867 2754 6893
5432 3 1867 6893 7865
5433 3 5638 2123 10161
5434 3 4534 2123 5638
5435 3 2379 2879 7899
5436 3 6724 2379 7899
5437 3 2445 2379 3119
5438 3 2379 2445 2879
5439 3 2635 3714 9018
5440 3 3714 2635 10195
5441 3 2891 6580 9089
5442 3 3147 4553 4965
5443 3 4553 3147 6349
5444 3 3403 4373 9025
5445 3 4373 3403 10183
5446 3 5742 3403 9025
5447 3 7738 3659 8910
5448 3 3659 9119 9741
5449 3 8910 3659 9741
5450 3 3659 5327 9119
5451 3 8776 3915 9604
5452 3 3915 7402 9604
5453 3 3915 5883 7402
5454 3 4171 5727 8526
5455 3 6698 4427 6913
5456 3 4993 4427 6698
5457 3 4427 4993 9170
5458 3 5451 5803 9021
5459 3 5570 5451 5994
5460 3 5451 5570 5803
5461 3 6023 5963 10242
5462 3 5963 6023 7076
5463 3 9175 6219 9508
5464 3 6475 9013 9123
5465 3 8011 8747 9179
5466 3 8011 9179 9434
5467 3 9547 10431 10494
5468 3 76 275 3615
5469 3 275 76 9470
5470 3 76 8349 9470
5471 3 76 4590 8349
5472 3 1012 76 3615
5473 3 76 1012 4590
5474 3 332 8010 9340
5475 3 332 2422 6704
5476 3 2422 332 9340
5477 3 453 332 6704
5478 3 332 453 8010
5479 3 2827 588 3596
5480 3 3596 588 4779
5481 3 588 4662 7427
5482 3 4779 588 7427
5483 3 6913 844 9555
5484 3 2437 844 6913
5485 3 844 2437 10187
5486 3 844 970 9555
5487 3 970 844 5358
5488 3 5358 844 10187
5489 3 3827 1100 3840
5490 3 1100 2804 5751
5491 3 3840 1100 5751
5492 3 1844 1356 7223
5493 3 1356 1844 5120
5494 3 3128 1356 10131
5495 3 1356 1616 10131
5496 3 1616 1356 5120
5497 3 1612 3171 3789
5498 3 3171 1612 3296
5499 3 1612 2486 3276
5500 3 2486 1612 3789
5501 3 1612 3276 7908
5502 3 3296 1612 7908
5503 3 1868 5274 8485
5504 3 5274 1868 7097
5505 3 2237 1868 5844
5506 3 5844 1868 8485
5507 3 6097 2124 6258
5508 3 2124 4090 6258
5509 3 2380 5390 8968
5510 3 3640 2380 7436
5511 3 2380 3640 5390
5512 3 2636 8343 8977
5513 3 8343 2636 9639
5514 3 2636 8888 9639
5515 3 4917 2892 5879
5516 3 4778 2892 4917
5517 3 4561 2892 4778
5518 3 5879 2892 9359
5519 3 3376 3148 6227
5520 3 3148 3376 9461
5521 3 6227 3148 8123
5522 3 6909 3148 9461
5523 3 3404 7551 8705
5524 3 7551 3404 10324
5525 3 3660 5643 8478
5526 3 3916 4393 9810
5527 3 8314 3916 9810
5528 3 5064 3916 7372
5529 3 7372 3916 8314
5530 3 4172 5419 6741
5531 3 4428 5424 6178
5532 3 5433 4428 6178
5533 3 5420 4684 8663
5534 3 4940 9633 10500
5535 3 8715 5452 10381
5536 3 5719 5708 5831
5537 3 5708 7860 8201
5538 3 7398 5708 8201
5539 3 6476 6720 10446
5540 3 7550 6476 10446
5541 3 6617 6476 7550
5542 3 6476 6617 10411
5543 3 7244 7825 9838
5544 3 9029 7756 10453
5545 3 8577 8524 9023
5546 3 77 1693 9892
5547 3 1693 77 9448
5548 3 333 816 5579
5549 3 816 333 6124
5550 3 333 1599 6124
5551 3 1599 333 4344
5552 3 333 5579 9322
5553 3 4344 333 9322
5554 3 5473 589 5692
5555 3 589 5473 7142
5556 3 589 7142 10296
5557 3 4164 845 6894
5558 3 845 6088 6894
5559 3 1522 845 4164
5560 3 7369 1101 8993
5561 3 1101 7369 8439
5562 3 1101 5601 8993
5563 3 5601 1101 8953
5564 3 1101 8439 8953
5565 3 6233 1357 6327
5566 3 1357 2545 6327
5567 3 2545 1357 9406
5568 3 2751 1613 3261
5569 3 1613 2751 3546
5570 3 1613 3546 5108
5571 3 1869 2071 3347
5572 3 2071 1869 9080
5573 3 2125 3905 7346
5574 3 3905 2125 4835
5575 3 2125 5245 10120
5576 3 2125 7346 9619
5577 3 4835 2125 10120
5578 3 2381 3383 4279
5579 3 2381 4279 6731
5580 3 2381 2808 3383
5581 3 2808 2381 6731
5582 3 2637 5048 6964
5583 3 5048 2637 10156
5584 3 3149 5470 8074
5585 3 3405 6981 10070
5586 3 6981 3405 7767
5587 3 5003 3661 6959
5588 3 3661 5003 5536
5589 3 4238 3661 4882
5590 3 3661 4238 6959
5591 3 3661 5536 8998
5592 3 3917 4930 9764
5593 3 4930 3917 6652
5594 3 8539 3917 9764
5595 3 6485 4173 7297
5596 3 4173 8533 8572
5597 3 4173 4990 8533
5598 3 7297 4173 8572
5599 3 5251 4173 6485
5600 3 5586 4685 7111
5601 3 4685 5586 9676
5602 3 4941 8452 10030
5603 3 4941 8228 8452
5604 3 8495 4941 10030
5605 3 5698 4941 8495
5606 3 7048 5197 8644
5607 3 5197 7048 8943
5608 3 6125 5709 8931
5609 3 9522 7245 10384
5610 3 9338 7245 9522
5611 3 9276 7501 10048
5612 3 7501 9276 10427
5613 3 8653 8269 9420
5614 3 78 8052 9082
5615 3 78 667 10456
5616 3 667 78 6118
5617 3 6118 78 9082
5618 3 78 4352 8052
5619 3 4352 78 10456
5620 3 334 535 7318
5621 3 535 334 10480
5622 3 334 6867 10480
5623 3 499 334 7318
5624 3 334 499 6867
5625 3 590 6157 6363
5626 3 590 1327 2095
5627 3 1327 590 10161
5628 3 590 2095 6157
5629 3 5738 590 9896
5630 3 590 5738 10161
5631 3 590 6363 9896
5632 3 846 6953 8722
5633 3 6953 846 7222
5634 3 7222 846 9888
5635 3 846 9584 9888
5636 3 5079 846 8722
5637 3 846 5079 9584
5638 3 4551 1102 7190
5639 3 1102 4551 7639
5640 3 1358 2958 5933
5641 3 2958 1358 9840
5642 3 1358 5332 9840
5643 3 6418 1614 9649
5644 3 1614 5435 9581
5645 3 2624 1614 9581
5646 3 1614 2624 9649
5647 3 3458 1614 6418
5648 3 1614 3458 5435
5649 3 3077 1870 9525
5650 3 1870 3077 7484
5651 3 1870 6501 8299
5652 3 1870 8299 9525
5653 3 1870 6024 6501
5654 3 2286 1870 7484
5655 3 1870 2286 6024
5656 3 3574 2126 3745
5657 3 2382 7688 9729
5658 3 2638 5028 5832
5659 3 5028 2638 7909
5660 3 6022 2894 7002
5661 3 2894 6022 8637
5662 3 6712 3150 9710
5663 3 4446 3150 9068
5664 3 3150 4446 9710
5665 3 3150 8689 9068
5666 3 3406 7756 9376
5667 3 6566 3406 9376
5668 3 3406 6566 7878
5669 3 3406 7604 7756
5670 3 7604 3406 7878
5671 3 3918 5088 6307
5672 3 5088 3918 8436
5673 3 7804 4174 9073
5674 3 4174 7804 9603
5675 3 4174 9603 10186
5676 3 4819 4174 8300
5677 3 4174 4819 9073
5678 3 8198 4430 9474
5679 3 4430 8234 9474
5680 3 4686 6576 10373
5681 3 7819 4942 9309
5682 3 5735 5198 8691
5683 3 5710 6952 7510
5684 3 5710 7510 7737
5685 3 5710 5755 6952
5686 3 6214 5966 9755
5687 3 7881 6734 10083
5688 3 6734 7881 10347
5689 3 6990 9734 10203
5690 3 7502 8050 9550
5691 3 8050 7502 9197
5692 3 9197 7502 10104
5693 3 7758 8426 10267
5694 3 9778 9550 10013
5695 3 79 302 8086
5696 3 302 79 3536
5697 3 79 6333 7528
5698 3 3780 79 8086
5699 3 79 3780 6333
5700 3 3536 79 7528
5701 3 335 2507 6769
5702 3 2507 335 2740
5703 3 5651 591 8583
5704 3 4404 591 5651
5705 3 591 4404 4997
5706 3 7796 591 9162
5707 3 591 4997 9162
5708 3 7635 591 7796
5709 3 591 7635 8583
5710 3 847 1568 6985
5711 3 1568 847 7923
5712 3 847 6202 9849
5713 3 847 1729 6202
5714 3 1729 847 6985
5715 3 7923 847 9849
5716 3 1103 1301 5426
5717 3 1301 1103 9688
5718 3 3054 1103 5426
5719 3 1103 3054 5846
5720 3 1359 2838 3051
5721 3 4810 1359 6756
5722 3 1359 4810 9874
5723 3 1359 3051 6756
5724 3 1615 5402 8276
5725 3 5402 1615 8151
5726 3 3713 1615 8276
5727 3 1615 3713 8151
5728 3 6171 1871 10167
5729 3 4643 1871 5288
5730 3 1871 4643 8179
5731 3 5288 1871 6171
5732 3 4883 2127 5064
5733 3 2132 2127 5011
5734 3 2383 3870 5948
5735 3 3870 2383 5352
5736 3 2383 5948 8255
5737 3 2639 4629 6001
5738 3 4629 2639 8587
5739 3 5942 2639 8275
5740 3 2639 5942 8587
5741 3 2895 3338 9640
5742 3 3338 2895 4783
5743 3 2895 6467 6930
5744 3 6467 2895 9456
5745 3 4783 2895 6930
5746 3 9456 2895 9640
5747 3 5670 3151 6925
5748 3 3151 4223 6641
5749 3 3151 6641 9276
5750 3 3570 3151 5670
5751 3 3151 3570 4223
5752 3 5179 3407 8198
5753 3 3407 5821 8198
5754 3 3663 5057 7943
5755 3 4308 3663 7943
5756 3 3663 4308 8035
5757 3 7677 3663 8035
5758 3 3919 8076 8835
5759 3 9109 3919 9498
5760 3 4175 7990 9082
5761 3 8559 4175 9082
5762 3 4175 7536 7990
5763 3 7536 4175 7619
5764 3 7619 4175 8559
5765 3 4536 4431 8953
5766 3 5601 4431 8808
5767 3 4431 5601 8953
5768 3 4687 7839 8721
5769 3 4943 6405 8592
5770 3 5151 4943 9851
5771 3 4943 5151 5543
5772 3 4943 8592 9851
5773 3 4943 5543 7194
5774 3 6736 5199 9205
5775 3 5199 8103 9205
5776 3 5455 5683 5938
5777 3 6144 5967 10252
5778 3 7096 6223 10389
5779 3 8441 6479 9572
5780 3 6479 8441 9842
5781 3 7749 6735 10407
5782 3 7628 6735 7749
5783 3 7996 6991 10198
5784 3 7348 6991 7996
5785 3 642 80 10501
5786 3 80 642 7347
5787 3 80 2799 10501
5788 3 2799 80 7347
5789 3 336 1829 5408
5790 3 1829 336 4003
5791 3 1627 336 5408
5792 3 336 1627 6880
5793 3 4003 336 6880
5794 3 8730 592 10320
5795 3 592 8730 10323
5796 3 592 637 6537
5797 3 637 592 9366
5798 3 592 6537 10320
5799 3 3275 592 10323
5800 3 592 3275 9366
5801 3 848 9048 9253
5802 3 3763 848 7752
5803 3 848 3763 4078
5804 3 7106 848 9253
5805 3 848 7106 7752
5806 3 848 4078 9048
5807 3 1104 7948 9105
5808 3 2408 1104 10489
5809 3 1104 9105 10489
5810 3 1716 1104 2408
5811 3 1104 1716 9938
5812 3 1104 5610 7948
5813 3 5610 1104 9938
5814 3 1360 8450 9009
5815 3 3370 1360 7021
5816 3 2647 1360 9009
5817 3 1360 2647 7021
5818 3 1360 7517 8450
5819 3 1616 9302 10131
5820 3 1872 8284 9160
5821 3 8642 1872 9570
5822 3 1872 9160 9570
5823 3 1872 6649 8284
5824 3 6649 1872 8642
5825 3 2384 5460 7008
5826 3 5460 2384 6015
5827 3 5979 2384 10440
5828 3 2384 7008 10440
5829 3 2384 3322 6015
5830 3 4651 2640 9110
5831 3 2640 4651 9698
5832 3 2640 3280 9110
5833 3 6834 2896 8661
5834 3 3152 7542 8875
5835 3 6296 3152 8875
5836 3 4020 3152 6296
5837 3 3408 6010 7318
5838 3 3408 7318 7476
5839 3 5272 3664 6518
5840 3 3664 5339 6518
5841 3 4176 4648 9256
5842 3 4432 4723 8884
5843 3 4723 4432 9984
5844 3 9736 4688 9994
5845 3 4688 9575 9994
5846 3 5200 6930 7982
5847 3 7028 5200 7982
5848 3 6447 5456 7529
5849 3 5456 6256 7529
5850 3 5968 8941 10365
5851 3 8310 6992 9480
5852 3 6992 8310 9648
5853 3 7765 7248 8461
5854 3 7248 7884 8461
5855 3 3093 81 10342
5856 3 81 8500 10342
5857 3 81 1529 8500
5858 3 1529 81 2518
5859 3 337 5687 7631
5860 3 337 7273 7432
5861 3 7273 337 8366
5862 3 337 7631 8366
5863 3 593 4621 8062
5864 3 3135 593 9337
5865 3 593 3135 3557
5866 3 593 2513 9337
5867 3 2513 593 8062
5868 3 593 3557 4621
5869 3 849 6689 9690
5870 3 849 1427 6689
5871 3 1427 849 4153
5872 3 849 1208 4153
5873 3 1208 849 7127
5874 3 7127 849 9690
5875 3 1105 3949 4471
5876 3 3949 1105 10484
5877 3 3959 1105 9194
5878 3 1105 3959 10484
5879 3 6778 1361 7666
5880 3 1617 4400 6140
5881 3 3195 1617 6140
5882 3 1873 8033 8655
5883 3 1873 5025 7079
5884 3 5025 1873 8655
5885 3 2154 2129 6380
5886 3 5986 2385 9374
5887 3 4752 2385 5020
5888 3 5020 2385 5986
5889 3 2461 2385 4752
5890 3 2385 2461 9433
5891 3 9374 2385 9433
5892 3 2641 5183 7684
5893 3 5183 2641 5263
5894 3 5263 2641 8154
5895 3 8154 2641 10491
5896 3 3391 2897 7418
5897 3 2897 2949 5146
5898 3 2949 2897 9373
5899 3 3153 8279 8927
5900 3 3153 3829 6092
5901 3 3829 3153 8927
5902 3 3409 4702 7500
5903 3 6400 3409 8975
5904 3 3665 6807 7745
5905 3 3768 3665 7745
5906 3 3665 3768 6377
5907 3 3665 6377 10024
5908 3 3921 7497 8367
5909 3 3921 5459 7497
5910 3 3921 6023 6996
5911 3 6023 3921 8367
5912 3 4433 9783 10083
5913 3 4433 6734 6744
5914 3 6734 4433 10083
5915 3 4433 4512 9783
5916 3 9315 4689 9905
5917 3 4689 9188 9905
5918 3 4945 9019 9947
5919 3 6033 4945 9992
5920 3 4945 6033 9019
5921 3 5201 5331 10260
5922 3 5457 6303 10232
5923 3 6462 5713 9702
5924 3 6225 7473 9993
5925 3 6481 7659 7950
5926 3 7405 6993 7468
5927 3 10107 9553 10291
5928 3 82 5708 5719
5929 3 5708 82 7860
5930 3 82 2188 5028
5931 3 2188 82 4307
5932 3 82 5028 9258
5933 3 7860 82 9258
5934 3 4307 82 5719
5935 3 338 526 5425
5936 3 338 5425 7695
5937 3 7607 338 7695
5938 3 594 8240 9901
5939 3 594 1397 4847
5940 3 594 4847 8240
5941 3 3573 594 9901
5942 3 594 3573 4559
5943 3 850 2113 5597
5944 3 850 1631 9912
5945 3 1631 850 5597
5946 3 2757 850 9912
5947 3 3632 1106 9023
5948 3 1106 7305 9023
5949 3 7305 1106 7505
5950 3 1362 4499 5379
5951 3 1362 3236 4499
5952 3 3236 1362 9118
5953 3 4601 1362 5379
5954 3 1362 4601 9118
5955 3 6994 1618 8519
5956 3 1618 4785 8519
5957 3 4785 1618 6886
5958 3 6886 1618 6994
5959 3 4481 1874 6710
5960 3 1874 4481 5606
5961 3 1874 5606 5876
5962 3 1874 5876 9737
5963 3 6136 1874 9737
5964 3 1874 6136 6710
5965 3 2130 2867 9245
5966 3 2867 2130 3040
5967 3 2130 2162 3040
5968 3 2220 2130 9245
5969 3 2386 7961 8351
5970 3 2642 2880 3658
5971 3 2880 2642 4234
5972 3 3213 2642 6248
5973 3 2642 3213 4234
5974 3 2642 4510 6248
5975 3 2898 3116 4761
5976 3 2898 4761 10214
5977 3 8271 3154 9096
5978 3 3154 9660 10346
5979 3 3410 7146 8281
5980 3 4159 3666 8634
5981 3 3666 4159 9937
5982 3 7814 3666 9353
5983 3 3666 7814 8634
5984 3 9353 3666 10064
5985 3 3666 9937 10064
5986 3 3922 9039 9986
5987 3 5510 3922 9986
5988 3 3922 5074 6572
5989 3 5458 5745 9065
5990 3 5745 5458 8610
5991 3 5458 7835 8610
5992 3 8898 5458 9065
5993 3 5970 7387 8675
5994 3 6896 5970 8675
5995 3 6226 7075 7247
5996 3 6482 7608 10178
5997 3 7250 9497 10530
5998 3 7250 7664 9497
5999 3 8212 7506 9476
6000 3 7506 8847 9476
6001 3 8274 9571 9702
6002 3 9042 9099 9129
6003 3 9298 9361 9636
6004 3 83 2227 3094
6005 3 2227 83 6517
6006 3 83 4095 6517
6007 3 339 1043 9431
6008 3 1043 339 8440
6009 3 6958 339 8659
6010 3 339 6958 8440
6011 3 339 1680 8659
6012 3 1680 339 9431
6013 3 5734 595 10300
6014 3 595 5734 7148
6015 3 595 1725 10300
6016 3 1725 595 9556
6017 3 595 1280 9556
6018 3 1280 595 7148
6019 3 851 3112 10256
6020 3 3112 851 6069
6021 3 3930 851 8087
6022 3 851 3930 6069
6023 3 3997 851 10256
6024 3 851 3997 8087
6025 3 1107 5186 8813
6026 3 2928 1107 10534
6027 3 1107 2928 5186
6028 3 1107 7288 10534
6029 3 7288 1107 8813
6030 3 1363 2052 2064
6031 3 1363 2064 2555
6032 3 1363 6435 9212
6033 3 1363 2555 6435
6034 3 2244 1619 7812
6035 3 1619 5588 7812
6036 3 2355 1875 7997
6037 3 1875 2355 4750
6038 3 7997 1875 8694
6039 3 1875 8272 8694
6040 3 1875 4750 9529
6041 3 6525 2131 9800
6042 3 6239 2643 6725
6043 3 2643 6239 9719
6044 3 2924 2643 9719
6045 3 2899 7544 8862
6046 3 7544 2899 9173
6047 3 3417 3155 9917
6048 3 5101 3155 5302
6049 3 3155 5101 5631
6050 3 3155 5631 9917
6051 3 3667 8513 9902
6052 3 8793 3667 9902
6053 3 3667 4856 8513
6054 3 8966 4179 10016
6055 3 4881 4179 8966
6056 3 4179 5580 10016
6057 3 4947 8991 10163
6058 3 4947 10163 10412
6059 3 5895 5715 7956
6060 3 7956 5715 10019
6061 3 5715 6451 10019
6062 3 6451 5715 8920
6063 3 5971 6028 10369
6064 3 5971 8899 9371
6065 3 7251 7917 8501
6066 3 8205 7507 8570
6067 3 10122 8019 10451
6068 3 8019 9693 10451
6069 3 8639 8531 8718
6070 3 8980 8787 9141
6071 3 9141 8787 10416
6072 3 84 1806 2075
6073 3 1806 84 10168
6074 3 84 2075 7573
6075 3 84 7573 7907
6076 3 84 8346 10168
6077 3 84 7907 8346
6078 3 340 769 2662
6079 3 769 340 3302
6080 3 340 2662 4835
6081 3 495 340 4835
6082 3 340 495 3302
6083 3 9497 596 10530
6084 3 2353 596 2947
6085 3 5949 596 7916
6086 3 2947 596 5949
6087 3 596 2233 10530
6088 3 2233 596 2353
6089 3 7916 596 9497
6090 3 2126 852 3745
6091 3 852 2126 3313
6092 3 1877 852 3313
6093 3 3745 852 9757
6094 3 1108 3735 5443
6095 3 3735 1108 9101
6096 3 5324 1108 5443
6097 3 1108 5324 6354
6098 3 1108 1743 9101
6099 3 1743 1108 6354
6100 3 3896 1364 9117
6101 3 1364 4832 9117
6102 3 4832 1364 6051
6103 3 1620 3951 8768
6104 3 2766 1620 8768
6105 3 1620 1752 7961
6106 3 1752 1620 2766
6107 3 1876 5689 9971
6108 3 4026 2132 5011
6109 3 2132 4026 5056
6110 3 2388 7420 8883
6111 3 3837 2388 8883
6112 3 7682 2644 7808
6113 3 5752 2644 9588
6114 3 2644 5752 8880
6115 3 7808 2644 8880
6116 3 2644 8099 9588
6117 3 2900 9252 9999
6118 3 2900 7060 9252
6119 3 3156 3910 8515
6120 3 3910 3156 9458
6121 3 4942 3156 9309
6122 3 3156 4942 9458
6123 3 3968 3156 8515
6124 3 3156 3968 9309
6125 3 3412 3856 5685
6126 3 3856 3412 4970
6127 3 3668 4133 4222
6128 3 9182 3668 10259
6129 3 3924 4622 9942
6130 3 7300 3924 9942
6131 3 9519 4180 10332
6132 3 5204 5884 6041
6133 3 5460 6666 7008
6134 3 6666 5460 7638
6135 3 5460 6015 8838
6136 3 7889 5716 10403
6137 3 6305 5972 7407
6138 3 9578 6996 10242
6139 3 6996 9578 10267
6140 3 9722 7764 10117
6141 3 8901 8532 10279
6142 3 85 2178 6029
6143 3 2178 85 4827
6144 3 427 85 5837
6145 3 85 427 4827
6146 3 5837 85 6029
6147 3 341 4669 8744
6148 3 6040 341 8744
6149 3 4069 341 6040
6150 3 597 8215 10525
6151 3 9846 597 10525
6152 3 4774 597 9203
6153 3 597 1510 8215
6154 3 1510 597 4774
6155 3 9203 597 9846
6156 3 2847 853 9109
6157 3 3919 853 8076
6158 3 853 3919 9109
6159 3 853 6365 8076
6160 3 4088 1109 7465
6161 3 1109 4088 10212
6162 3 7946 1365 9169
6163 3 7217 1365 7946
6164 3 1365 7217 8413
6165 3 1365 6101 9169
6166 3 1365 3319 6101
6167 3 3319 1365 8413
6168 3 5142 1877 8143
6169 3 1877 7555 8143
6170 3 2185 1877 5142
6171 3 1877 3313 7555
6172 3 6699 2133 8266
6173 3 8266 2133 9911
6174 3 2133 2946 9911
6175 3 2946 2133 10228
6176 3 2389 4881 8966
6177 3 4881 2389 7385
6178 3 7385 2389 9491
6179 3 2645 3399 7206
6180 3 3399 2645 9723
6181 3 5464 2645 6187
6182 3 2645 5464 5604
6183 3 2645 5604 9723
6184 3 4342 2645 7206
6185 3 2645 4342 6187
6186 3 2901 6711 9265
6187 3 3157 3954 8033
6188 3 3413 6402 7569
6189 3 6402 3413 9873
6190 3 3413 7569 8983
6191 3 8094 3669 8361
6192 3 8361 3669 9990
6193 3 6348 3669 8094
6194 3 5743 3925 7321
6195 3 3925 7077 7321
6196 3 8561 4181 9927
6197 3 7312 4181 8561
6198 3 4181 4348 9927
6199 3 8788 4437 10318
6200 3 5995 4437 8788
6201 3 4437 5995 6499
6202 3 4949 7998 9801
6203 3 4949 5706 7998
6204 3 5706 4949 7827
6205 3 6638 5205 7888
6206 3 9030 5461 9706
6207 3 7852 5461 8720
6208 3 5461 7852 9706
6209 3 5717 8531 8639
6210 3 8425 7765 8461
6211 3 9553 86 10291
6212 3 86 9553 10446
6213 3 86 6812 9017
6214 3 6812 86 10446
6215 3 86 9909 10291
6216 3 7126 86 9017
6217 3 86 7126 9909
6218 3 342 3248 10541
6219 3 3248 342 4575
6220 3 4801 342 10325
6221 3 2787 342 10541
6222 3 342 2787 10325
6223 3 3328 342 4801
6224 3 342 3328 4575
6225 3 3180 598 9051
6226 3 598 3180 8056
6227 3 5302 598 8056
6228 3 598 2536 9051
6229 3 2536 598 5302
6230 3 854 1138 5747
6231 3 1194 854 5747
6232 3 854 1194 7396
6233 3 1110 8006 9651
6234 3 1110 8355 9232
6235 3 8355 1110 9651
6236 3 1110 2515 8006
6237 3 2515 1110 8840
6238 3 6454 1366 8707
6239 3 1366 6454 9539
6240 3 8783 1366 9539
6241 3 4780 1366 8783
6242 3 1366 4780 6091
6243 3 1366 6091 8707
6244 3 4109 1622 10111
6245 3 2635 1622 4109
6246 3 10111 1622 10514
6247 3 1878 5980 8979
6248 3 5980 1878 9806
6249 3 3711 1878 8979
6250 3 1878 3711 3885
6251 3 4918 2134 8612
6252 3 2134 4918 8636
6253 3 4217 2134 7303
6254 3 2134 4217 8612
6255 3 7303 2134 8851
6256 3 2134 8636 8851
6257 3 2390 3667 8793
6258 3 3933 2646 8739
6259 3 2646 3933 8670
6260 3 4543 2902 10430
6261 3 2902 4543 8947
6262 3 2902 6857 10430
6263 3 3158 8272 9686
6264 3 8272 3158 8694
6265 3 8374 3158 9686
6266 3 3414 5224 5260
6267 3 5224 3414 6104
6268 3 7622 3414 7708
6269 3 6104 3414 7622
6270 3 5697 3670 6150
6271 3 3670 5697 9342
6272 3 6473 3670 9342
6273 3 3926 6949 7349
6274 3 3926 9662 10260
6275 3 5331 3926 10260
6276 3 3926 5331 6949
6277 3 4438 4500 7233
6278 3 4500 4438 8064
6279 3 7084 4438 7233
6280 3 4438 7084 10423
6281 3 5926 4950 7209
6282 3 7209 4950 9642
6283 3 5206 5718 6797
6284 3 5462 6942 9098
6285 3 6942 5462 7408
6286 3 7408 5462 7755
6287 3 5974 9589 10355
6288 3 9857 5974 10355
6289 3 6245 6230 7769
6290 3 6486 8854 9797
6291 3 8464 6742 10536
6292 3 8082 6742 8775
6293 3 9065 6998 9446
6294 3 7254 8542 9958
6295 3 7254 9958 10430
6296 3 9521 8278 10292
6297 3 87 6034 7005
6298 3 87 1514 2128
6299 3 1514 87 7005
6300 3 343 4906 10376
6301 3 343 3629 4906
6302 3 4757 343 4800
6303 3 4800 343 10376
6304 3 343 1761 3629
6305 3 1761 343 4757
6306 3 4948 599 8259
6307 3 599 4948 5294
6308 3 6814 599 8650
6309 3 599 5294 8650
6310 3 5007 855 5182
6311 3 855 4013 5182
6312 3 855 4864 7283
6313 3 4864 855 5007
6314 3 1822 1111 5166
6315 3 5166 1111 8745
6316 3 1111 1384 8745
6317 3 1384 1111 3963
6318 3 3963 1111 7226
6319 3 1697 1111 1822
6320 3 1111 1697 7226
6321 3 3657 1367 5408
6322 3 1367 1627 5408
6323 3 1623 2641 7684
6324 3 2641 1623 10491
6325 3 3974 1623 7684
6326 3 1623 7637 10491
6327 3 1879 4870 5346
6328 3 5170 1879 5346
6329 3 2623 1879 4321
6330 3 3446 1879 5170
6331 3 1879 3446 4321
6332 3 1879 1970 4870
6333 3 1970 1879 2623
6334 3 7264 2135 10266
6335 3 2135 4005 10266
6336 3 4005 2135 8410
6337 3 8410 2135 10180
6338 3 2391 5297 7800
6339 3 5297 2391 8187
6340 3 4076 2391 7268
6341 3 2391 4076 8187
6342 3 7021 2647 7095
6343 3 4544 2647 9009
6344 3 2647 4544 5589
6345 3 2647 5589 7095
6346 3 6948 2903 7615
6347 3 5436 2903 6948
6348 3 2903 5436 9063
6349 3 3359 3159 8155
6350 3 3159 3359 10217
6351 3 3159 3780 6133
6352 3 3159 6133 8155
6353 3 7572 3415 9081
6354 3 3415 7572 7927
6355 3 4867 3671 10058
6356 3 3671 4867 9365
6357 3 6438 3671 8071
6358 3 10058 3671 10222
6359 3 8071 3671 9365
6360 3 4233 3927 4329
6361 3 5646 4183 8216
6362 3 4183 5508 8216
6363 3 5508 4183 10154
6364 3 4183 5888 10154
6365 3 4439 6494 7130
6366 3 5482 4439 7130
6367 3 4695 6712 9554
6368 3 5374 4951 6070
6369 3 5207 5669 7198
6370 3 7794 5207 7949
6371 3 5207 7036 7949
6372 3 7036 5207 7198
6373 3 6033 5207 7794
6374 3 5719 5831 8497
6375 3 6225 5975 7473
6376 3 9241 6231 9410
6377 3 6487 8438 9151
6378 3 7618 6999 8237
6379 3 7410 7255 7832
6380 3 4365 88 9163
6381 3 4023 88 4365
6382 3 540 344 8022
6383 3 344 540 1116
6384 3 344 4851 8022
6385 3 4851 344 9385
6386 3 2739 600 8142
6387 3 600 2739 9438
6388 3 600 1998 8142
6389 3 3897 856 9237
6390 3 856 3897 8110
6391 3 4776 856 8110
6392 3 856 4776 7650
6393 3 856 7650 9237
6394 3 6161 1112 6784
6395 3 1112 5661 8948
6396 3 1112 5662 6784
6397 3 5662 1112 8948
6398 3 1630 1112 6161
6399 3 1112 1630 5661
6400 3 1368 6505 9613
6401 3 2966 1368 9613
6402 3 1368 2966 7833
6403 3 5616 1368 7833
6404 3 1624 7454 8479
6405 3 7454 1624 10158
6406 3 1624 8479 9599
6407 3 1624 5061 10158
6408 3 2959 1880 3368
6409 3 1880 2959 4337
6410 3 3221 1880 7107
6411 3 1880 4337 7107
6412 3 2344 2136 10082
6413 3 2136 2344 2433
6414 3 2136 2433 4691
6415 3 3478 2136 4691
6416 3 2136 3478 3821
6417 3 2136 3821 10082
6418 3 2648 9033 10033
6419 3 2648 8020 9033
6420 3 2648 2748 9361
6421 3 2748 2648 9421
6422 3 9421 2648 10033
6423 3 3607 2904 9945
6424 3 3812 2904 6968
6425 3 2904 3812 9945
6426 3 3160 5141 9812
6427 3 4155 3416 8369
6428 3 3416 4443 8369
6429 3 8707 3928 9080
6430 3 6091 3928 8707
6431 3 3928 4307 8497
6432 3 4307 3928 6091
6433 3 4184 7577 7891
6434 3 4440 8300 9242
6435 3 4440 4819 8300
6436 3 4696 6335 8326
6437 3 6753 4952 7750
6438 3 5464 7442 9565
6439 3 5464 6187 7442
6440 3 6232 7038 8728
6441 3 7512 9694 10383
6442 3 8305 7768 10471
6443 3 7768 8305 10487
6444 3 89 2734 3398
6445 3 2734 89 8778
6446 3 89 3034 8778
6447 3 7795 345 10433
6448 3 2000 345 7795
6449 3 601 4695 9554
6450 3 601 1184 4695
6451 3 1184 601 10174
6452 3 1845 857 8633
6453 3 4064 857 10036
6454 3 857 4064 8633
6455 3 2350 1113 8629
6456 3 1113 2350 5822
6457 3 1113 6826 8629
6458 3 1113 5822 9683
6459 3 1113 2283 6826
6460 3 2283 1113 9683
6461 3 2284 1369 5617
6462 3 5617 1369 8004
6463 3 1625 5078 5373
6464 3 1625 5373 8146
6465 3 1881 7450 8863
6466 3 2451 1881 9112
6467 3 1881 2451 7376
6468 3 1881 7376 7450
6469 3 1881 4347 9112
6470 3 4347 1881 8863
6471 3 3057 2137 3391
6472 3 2602 2393 7986
6473 3 7986 2393 9132
6474 3 2393 8295 9132
6475 3 2393 2684 8295
6476 3 2649 3132 7255
6477 3 3132 2649 5284
6478 3 2649 7255 7410
6479 3 7179 2905 8003
6480 3 4048 2905 7179
6481 3 2905 4048 5137
6482 3 3161 5418 8031
6483 3 5418 3161 8696
6484 3 3161 5166 8696
6485 3 3417 5000 6829
6486 3 5000 3417 9917
6487 3 3673 5556 9541
6488 3 8657 3673 9541
6489 3 7424 3673 8657
6490 3 4441 8025 8970
6491 3 7052 4441 8970
6492 3 4697 6903 9485
6493 3 4953 7195 9518
6494 3 7195 4953 8884
6495 3 5209 5946 6386
6496 3 5209 6386 9368
6497 3 7513 9392 10516
6498 3 90 5415 10326
6499 3 5415 90 8417
6500 3 1597 90 9034
6501 3 90 1597 8417
6502 3 90 627 9034
6503 3 627 90 10326
6504 3 3651 346 10315
6505 3 346 3651 7009
6506 3 1619 346 5588
6507 3 940 346 1619
6508 3 346 940 5110
6509 3 5588 346 7009
6510 3 346 5110 10315
6511 3 602 6811 7284
6512 3 3018 602 7284
6513 3 602 3833 6811
6514 3 858 4903 9239
6515 3 2512 858 9239
6516 3 3617 1114 4770
6517 3 1114 2339 4770
6518 3 2339 1114 8959
6519 3 1114 8674 8959
6520 3 1370 1537 5836
6521 3 1537 1370 6899
6522 3 1370 6774 7585
6523 3 1370 7585 10269
6524 3 1370 4515 6774
6525 3 4515 1370 5836
6526 3 6899 1370 10269
6527 3 1626 2961 9731
6528 3 2961 1626 6737
6529 3 1882 2425 6577
6530 3 2425 1882 4051
6531 3 4543 1882 6577
6532 3 1882 4543 10430
6533 3 4051 1882 9958
6534 3 9958 1882 10430
6535 3 2138 7958 9270
6536 3 3388 2138 6210
6537 3 6210 2138 9270
6538 3 6981 2394 10070
6539 3 2650 6164 8685
6540 3 2650 3010 6164
6541 3 3010 2650 9548
6542 3 2906 6542 7329
6543 3 2906 7329 8827
6544 3 3418 5839 7335
6545 3 4584 3418 9494
6546 3 3418 4584 5839
6547 3 3879 3674 4926
6548 3 4926 3674 6403
6549 3 3930 4768 6600
6550 3 6069 3930 6600
6551 3 4442 6494 7811
6552 3 6494 4442 7130
6553 3 5614 4442 7811
6554 3 4442 5614 7115
6555 3 4698 6546 9715
6556 3 4698 5593 6546
6557 3 5593 4698 5779
6558 3 4954 7386 9989
6559 3 7386 4954 9520
6560 3 5210 6491 7804
6561 3 5210 7804 9295
6562 3 8048 5722 9250
6563 3 5978 7704 7902
6564 3 7327 7258 9338
6565 3 9064 8794 10127
6566 3 6923 91 9593
6567 3 91 6923 8153
6568 3 4628 91 8153
6569 3 91 4538 9161
6570 3 91 9161 9593
6571 3 4088 91 4628
6572 3 91 4088 4538
6573 3 347 6503 10155
6574 3 2215 347 10155
6575 3 347 2215 6620
6576 3 347 6620 10467
6577 3 347 3818 6503
6578 3 3818 347 10467
6579 3 603 1566 6331
6580 3 1566 603 3031
6581 3 603 5153 6573
6582 3 603 6573 10282
6583 3 3031 603 10282
6584 3 859 3340 6849
6585 3 6201 859 7365
6586 3 859 1137 3340
6587 3 1137 859 6201
6588 3 859 6849 7365
6589 3 1115 2659 7048
6590 3 2659 1115 10165
6591 3 2222 1115 7048
6592 3 1371 8205 8846
6593 3 6942 1371 9098
6594 3 1371 4726 8205
6595 3 4726 1371 6942
6596 3 9098 1371 9325
6597 3 1371 8846 9325
6598 3 1883 2593 8710
6599 3 2593 1883 8258
6600 3 1883 1899 7557
6601 3 1899 1883 2183
6602 3 1883 7557 8258
6603 3 2183 1883 8710
6604 3 2139 6663 9153
6605 3 2395 5912 10524
6606 3 2395 5487 6565
6607 3 4986 2395 10524
6608 3 2395 4986 5487
6609 3 5893 2651 10427
6610 3 2651 3253 10427
6611 3 2907 9062 10520
6612 3 4240 2907 5144
6613 3 2907 4240 9062
6614 3 6299 2907 10520
6615 3 2907 4264 5144
6616 3 4125 3163 6944
6617 3 3163 4125 6862
6618 3 3163 6312 6944
6619 3 3163 4858 6312
6620 3 8967 3419 9366
6621 3 3419 8967 9409
6622 3 8318 3419 9409
6623 3 4085 3419 8318
6624 3 3419 4085 9366
6625 3 3675 5890 6693
6626 3 3675 6693 7249
6627 3 3675 4908 5890
6628 3 4908 3675 6104
6629 3 6104 3675 7249
6630 3 3931 8551 8737
6631 3 7073 3931 8737
6632 3 8369 4443 8480
6633 3 4699 6697 7786
6634 3 5724 4699 7786
6635 3 5211 5607 9675
6636 3 8118 5467 8825
6637 3 6491 8756 9603
6638 3 7804 6491 9603
6639 3 7515 6747 9835
6640 3 7003 7870 8334
6641 3 7870 7003 8695
6642 3 7259 8829 10077
6643 3 8850 7259 10077
6644 3 7915 7259 8850
6645 3 8210 7515 9835
6646 3 8795 9471 10151
6647 3 92 108 664
6648 3 108 92 7935
6649 3 92 664 9640
6650 3 92 9640 10333
6651 3 7935 92 10333
6652 3 574 348 4294
6653 3 715 348 5964
6654 3 348 715 4294
6655 3 604 2833 9281
6656 3 2155 604 9281
6657 3 604 2155 10175
6658 3 604 692 2833
6659 3 692 604 10175
6660 3 860 1037 6448
6661 3 1037 860 6116
6662 3 860 6448 10200
6663 3 4731 860 10200
6664 3 860 4731 6116
6665 3 5781 1372 6844
6666 3 6844 1372 9285
6667 3 1628 4193 5350
6668 3 5018 1628 6569
6669 3 3812 1628 5018
6670 3 1628 5350 6569
6671 3 2968 1884 3224
6672 3 1884 2968 7657
6673 3 4945 2140 9992
6674 3 2948 2140 4945
6675 3 2140 2948 10233
6676 3 2140 4813 9992
6677 3 2396 3378 6755
6678 3 3378 2396 9625
6679 3 2396 6755 7495
6680 3 6260 2396 7495
6681 3 2396 5053 9625
6682 3 2652 3868 8079
6683 3 4574 2652 8079
6684 3 9786 2908 10026
6685 3 2908 4502 10026
6686 3 4502 2908 7099
6687 3 7099 2908 7600
6688 3 7165 2908 9786
6689 3 2908 7165 7600
6690 3 3164 6951 8007
6691 3 6951 3164 9869
6692 3 7768 3164 8007
6693 3 3164 7768 10487
6694 3 3164 7337 9869
6695 3 7337 3164 10487
6696 3 4131 3420 8328
6697 3 8328 3420 9540
6698 3 3932 4653 8987
6699 3 6477 3932 8987
6700 3 4434 3932 7724
6701 3 3932 4434 4653
6702 3 5766 4188 7440
6703 3 4444 7214 9825
6704 3 8284 4444 9825
6705 3 6649 4444 8284
6706 3 4956 5218 8545
6707 3 6012 4956 9709
6708 3 5980 8466 10018
6709 3 8466 5980 9806
6710 3 8979 5980 10495
6711 3 6236 6994 9395
6712 3 6236 6346 6886
6713 3 6236 6886 6994
6714 3 6748 9456 9640
6715 3 7260 8263 8962
6716 3 8949 7260 8962
6717 3 7516 8053 8526
6718 3 329 93 6036
6719 3 93 329 4312
6720 3 93 4312 9699
6721 3 93 3053 6036
6722 3 3053 93 9699
6723 3 349 2087 6365
6724 3 349 1637 4158
6725 3 1637 349 8786
6726 3 349 616 8786
6727 3 616 349 6365
6728 3 349 1183 2087
6729 3 1183 349 4158
6730 3 605 5434 9758
6731 3 5434 605 6909
6732 3 3148 605 8123
6733 3 605 3148 6909
6734 3 8886 605 9758
6735 3 8123 605 8886
6736 3 1425 861 8562
6737 3 861 1425 8861
6738 3 861 7361 8562
6739 3 1857 1117 9811
6740 3 1117 1857 8043
6741 3 1117 5471 8984
6742 3 5471 1117 8043
6743 3 5736 1117 8984
6744 3 1117 5736 9811
6745 3 5756 1373 9776
6746 3 1373 5756 7644
6747 3 1373 1434 9776
6748 3 1434 1373 1766
6749 3 1629 2705 6550
6750 3 2705 1629 8388
6751 3 3994 1629 6550
6752 3 1629 5285 10096
6753 3 8388 1629 10096
6754 3 1885 8030 8959
6755 3 8437 1885 8959
6756 3 1885 5366 8030
6757 3 2141 2189 4852
6758 3 7081 2141 9324
6759 3 2141 7081 9872
6760 3 2141 4852 9324
6761 3 2397 9358 9816
6762 3 6590 2397 9816
6763 3 2397 6615 9358
6764 3 5065 2653 6363
6765 3 6363 2653 9896
6766 3 3165 3922 5510
6767 3 3922 3165 5074
6768 3 3165 3936 7926
6769 3 5074 3165 7926
6770 3 3858 3421 7792
6771 3 3421 3858 7920
6772 3 3421 3518 9855
6773 3 3518 3421 3835
6774 3 3835 3421 7920
6775 3 5441 3677 8412
6776 3 4278 3677 5441
6777 3 3677 4278 6574
6778 3 7709 3933 8739
6779 3 3933 5164 8670
6780 3 4663 3933 7709
6781 3 3933 4663 4932
6782 3 3933 4932 5164
6783 3 4189 4879 6683
6784 3 4879 4189 8156
6785 3 4189 7820 8156
6786 3 4702 4445 6198
6787 3 4957 5402 10456
6788 3 8804 5213 10349
6789 3 7046 5469 9469
6790 3 5725 7055 9234
6791 3 6788 5981 8628
6792 3 6237 8336 10280
6793 3 7005 8147 8964
6794 3 7261 8673 9697
6795 3 8450 7517 10262
6796 3 7773 7880 9245
6797 3 9979 7773 10358
6798 3 4155 94 9076
6799 3 94 4155 10447
6800 3 2410 94 8084
6801 3 94 2410 10208
6802 3 9076 94 10208
6803 3 94 6387 8084
6804 3 6387 94 10447
6805 3 3338 350 10333
6806 3 350 3338 4783
6807 3 2226 350 2997
6808 3 2997 350 4783
6809 3 2041 606 8767
6810 3 606 2041 2691
6811 3 862 8478 9477
6812 3 862 3660 8478
6813 3 862 2130 3660
6814 3 2130 862 2162
6815 3 2162 862 9477
6816 3 3450 1118 6978
6817 3 1118 2468 6978
6818 3 1374 9221 9957
6819 3 1374 2772 8518
6820 3 2772 1374 9957
6821 3 1630 6161 9517
6822 3 5661 1630 5750
6823 3 8484 1886 9643
6824 3 1886 2898 10214
6825 3 9643 1886 10214
6826 3 6627 1886 8484
6827 3 2142 9041 9419
6828 3 2142 5273 9041
6829 3 9298 2398 9361
6830 3 2648 2398 8020
6831 3 2398 2648 9361
6832 3 3699 2398 9298
6833 3 5127 2654 8482
6834 3 2654 5127 8519
6835 3 2654 6449 8482
6836 3 2654 3429 6449
6837 3 3468 2910 9838
6838 3 2910 3468 10175
6839 3 2910 3305 6505
6840 3 3305 2910 10175
6841 3 3166 4957 8114
6842 3 6316 3166 9230
6843 3 3166 6316 8618
6844 3 3422 6672 9348
6845 3 6714 3678 9815
6846 3 3678 7774 9815
6847 3 6110 3678 6714
6848 3 5258 3934 6768
6849 3 3934 5258 10420
6850 3 3934 5583 6768
6851 3 6162 4190 6843
6852 3 4190 7330 7392
6853 3 6843 4190 7392
6854 3 4446 5642 9710
6855 3 5499 4446 9068
6856 3 4702 6198 7500
6857 3 4958 6206 6631
6858 3 4958 6631 8511
6859 3 8750 5214 9514
6860 3 5214 8750 10390
6861 3 5214 7042 8969
6862 3 7042 5214 10390
6863 3 9035 5726 9679
6864 3 9860 6750 10003
6865 3 7262 8314 9810
6866 3 7564 7262 9810
6867 3 8542 9281 9958
6868 3 95 180 6559
6869 3 180 95 2517
6870 3 2517 95 7367
6871 3 4603 95 6559
6872 3 95 4603 7367
6873 3 351 1313 8559
6874 3 8052 351 8559
6875 3 351 377 1313
6876 3 377 351 9147
6877 3 2510 351 8052
6878 3 351 2510 8151
6879 3 351 8151 9147
6880 3 607 7527 9050
6881 3 607 4462 6446
6882 3 3561 607 9050
6883 3 607 3561 4462
6884 3 3055 607 6446
6885 3 607 3055 7527
6886 3 3937 863 8858
6887 3 863 3937 7581
6888 3 863 8037 8858
6889 3 863 1162 8037
6890 3 1162 863 9092
6891 3 863 7581 9092
6892 3 1119 1842 1849
6893 3 1842 1119 6480
6894 3 1119 1849 9693
6895 3 6480 1119 8019
6896 3 8019 1119 9693
6897 3 3670 1375 6150
6898 3 1375 3670 6473
6899 3 1375 1904 6150
6900 3 1904 1375 6550
6901 3 3994 1375 6473
6902 3 1375 3994 6550
6903 3 1631 6172 8343
6904 3 1631 3043 6172
6905 3 3043 1631 5597
6906 3 5145 1887 5486
6907 3 5486 1887 6356
6908 3 3459 1887 5145
6909 3 1887 3459 6267
6910 3 5316 1887 6267
6911 3 1887 5316 6356
6912 3 7979 2143 10192
6913 3 3439 2399 5976
6914 3 2399 3743 8359
6915 3 4784 2655 8976
6916 3 2655 4784 10406
6917 3 2911 5151 7828
6918 3 5151 2911 5543
6919 3 6833 2911 7828
6920 3 5945 3167 9182
6921 3 3167 3668 9182
6922 3 5716 3679 8868
6923 3 3935 6763 7386
6924 3 3935 7386 7934
6925 3 6159 4191 7254
6926 3 5216 4191 6159
6927 3 4447 6762 7632
6928 3 4703 5227 10510
6929 3 4959 5480 9081
6930 3 5480 4959 9344
6931 3 4959 5623 9344
6932 3 7455 5471 7940
6933 3 5471 7455 8984
6934 3 8526 5727 8666
6935 3 5727 8547 8666
6936 3 5727 7562 8547
6937 3 8066 5983 10421
6938 3 5983 8066 8398
6939 3 6239 6725 8463
6940 3 6495 8141 8741
6941 3 6751 9117 10367
6942 3 7775 9295 9798
6943 3 8287 8614 9789
6944 3 8614 8287 9866
6945 3 9283 8543 10334
6946 3 6024 96 9217
6947 3 96 2187 9217
6948 3 2187 96 6361
6949 3 926 96 5845
6950 3 96 926 6361
6951 3 5845 96 6024
6952 3 352 7178 7883
6953 3 352 4676 7085
6954 3 352 3491 4676
6955 3 352 7085 7178
6956 3 352 756 3491
6957 3 756 352 7883
6958 3 1040 608 6776
6959 3 608 1040 3967
6960 3 2072 608 3967
6961 3 608 2072 5295
6962 3 634 608 10075
6963 3 608 634 6776
6964 3 608 5295 10075
6965 3 864 4865 5136
6966 3 864 3118 4865
6967 3 3118 864 7403
6968 3 5077 864 5136
6969 3 864 5077 7527
6970 3 7403 864 7527
6971 3 1120 6215 10249
6972 3 6215 1120 8288
6973 3 1617 1120 4400
6974 3 1120 1617 8288
6975 3 2961 1120 10249
6976 3 1120 2961 4400
6977 3 2340 1376 8868
6978 3 1376 3462 7589
6979 3 1376 5019 8868
6980 3 5019 1376 7589
6981 3 1632 2824 10516
6982 3 1632 2129 2154
6983 3 1632 2154 2824
6984 3 1632 1917 2129
6985 3 1917 1632 4093
6986 3 5359 1632 10516
6987 3 4093 1632 5359
6988 3 5662 1888 9533
6989 3 3883 1888 5662
6990 3 1888 3883 7905
6991 3 1888 9424 9533
6992 3 4678 2144 5130
6993 3 2144 4678 6822
6994 3 2144 6822 6941
6995 3 2400 2612 3228
6996 3 2400 3402 8871
6997 3 2400 3204 3402
6998 3 3204 2400 3228
6999 3 2656 3240 8449
7000 3 3240 2656 8535
7001 3 7116 2656 8449
7002 3 2656 7116 7991
7003 3 3820 2656 7991
7004 3 2656 3820 8535
7005 3 8433 2912 9581
7006 3 7978 3168 8530
7007 3 3680 7446 9025
7008 3 6170 3680 9025
7009 3 3680 5229 7446
7010 3 7926 3936 8129
7011 3 4448 6828 9074
7012 3 6828 4448 9206
7013 3 5376 4448 9074
7014 3 4704 5550 6599
7015 3 4960 5248 8014
7016 3 7300 4960 8014
7017 3 4960 7300 9942
7018 3 5264 4960 9942
7019 3 5216 6159 8697
7020 3 6674 5216 8697
7021 3 6440 5216 6674
7022 3 5472 8708 9438
7023 3 7467 5984 7637
7024 3 5984 9137 10491
7025 3 7637 5984 10491
7026 3 6639 5984 7467
7027 3 5984 6639 9137
7028 3 6240 8641 10099
7029 3 7396 6240 10099
7030 3 6496 6908 7308
7031 3 7008 8773 10440
7032 3 7776 8201 8865
7033 3 7776 8060 8201
7034 3 8060 7776 8394
7035 3 9847 8032 10224
7036 3 8800 9042 9129
7037 3 9568 10380 10400
7038 3 9479 97 9899
7039 3 9531 97 10370
7040 3 97 9531 9899
7041 3 10370 97 10517
7042 3 4589 97 9479
7043 3 97 4589 10517
7044 3 7789 353 7818
7045 3 1408 353 7789
7046 3 353 1408 3802
7047 3 7818 353 9925
7048 3 353 3802 9925
7049 3 2963 609 8628
7050 3 1946 609 5934
7051 3 609 1946 10154
7052 3 8628 609 10154
7053 3 609 2774 5934
7054 3 2774 609 2963
7055 3 1683 865 5352
7056 3 865 1683 3584
7057 3 6194 1121 7177
7058 3 2104 1121 6194
7059 3 1121 2104 4084
7060 3 1121 5050 7177
7061 3 1121 4084 5050
7062 3 1633 3243 5646
7063 3 3243 1633 9834
7064 3 1633 2999 9834
7065 3 2999 1633 5279
7066 3 1889 7449 9303
7067 3 7449 1889 9455
7068 3 4263 1889 4532
7069 3 1889 4263 9455
7070 3 4532 1889 9303
7071 3 6514 2145 10350
7072 3 2145 6514 6560
7073 3 3255 2145 5874
7074 3 5874 2145 6560
7075 3 2401 3191 8423
7076 3 2401 3572 5687
7077 3 3572 2401 8423
7078 3 2827 2657 3769
7079 3 3769 2657 8678
7080 3 5315 2657 5673
7081 3 2657 5315 8678
7082 3 2913 7851 9053
7083 3 7851 2913 9961
7084 3 3169 7205 7250
7085 3 3169 5722 9652
7086 3 3765 3169 7250
7087 3 3169 3765 5722
7088 3 3169 6121 7205
7089 3 6121 3169 9652
7090 3 7458 3681 8135
7091 3 6821 3937 8858
7092 3 3937 6821 6873
7093 3 3937 6873 10061
7094 3 4193 7234 10254
7095 3 7234 4193 10162
7096 3 5350 4193 10254
7097 3 4449 5521 6322
7098 3 5521 4449 7163
7099 3 4449 6322 7357
7100 3 4449 7357 8302
7101 3 4705 5059 6575
7102 3 5059 4705 6072
7103 3 4961 6507 10343
7104 3 6507 4961 6588
7105 3 8621 4961 10343
7106 3 6055 5473 7460
7107 3 5473 6055 7142
7108 3 8550 6241 9630
7109 3 6241 6371 9630
7110 3 7265 8473 10429
7111 3 4880 98 6005
7112 3 3358 98 7175
7113 3 98 3358 5308
7114 3 98 5308 6005
7115 3 98 4313 7175
7116 3 4313 98 4880
7117 3 3368 354 7013
7118 3 641 354 3368
7119 3 354 641 1778
7120 3 2993 354 5705
7121 3 354 2993 7013
7122 3 354 1778 5705
7123 3 3588 610 6625
7124 3 610 3706 5903
7125 3 3706 610 8424
7126 3 2246 610 5903
7127 3 610 2246 6625
7128 3 3293 610 3588
7129 3 610 3293 8424
7130 3 2052 866 4598
7131 3 1363 866 2052
7132 3 866 1363 9212
7133 3 866 3691 9740
7134 3 3691 866 9212
7135 3 4598 866 9740
7136 3 1122 4693 7441
7137 3 1391 1122 9254
7138 3 1122 4479 4693
7139 3 1426 1122 7441
7140 3 1122 1426 9254
7141 3 8222 1378 8845
7142 3 1831 1378 8222
7143 3 1378 1831 7313
7144 3 6303 1378 7313
7145 3 1634 7200 9580
7146 3 1634 1891 8243
7147 3 1891 1634 9580
7148 3 1890 3394 9321
7149 3 1890 9321 10528
7150 3 1890 2677 3394
7151 3 2677 1890 2723
7152 3 2723 1890 10227
7153 3 10227 1890 10528
7154 3 3129 2146 4120
7155 3 2146 3129 9910
7156 3 2146 3199 4120
7157 3 3199 2146 9392
7158 3 9392 2146 9910
7159 3 2402 7228 10508
7160 3 7228 2402 9997
7161 3 5058 2658 9929
7162 3 7820 2914 8156
7163 3 4829 2914 5977
7164 3 2914 4829 8156
7165 3 3170 7047 8897
7166 3 4746 3170 8897
7167 3 3170 4752 7047
7168 3 3426 5422 10365
7169 3 4494 3426 5663
7170 3 3426 4494 5422
7171 3 3938 7185 9566
7172 3 4194 6847 7533
7173 3 6847 4194 8677
7174 3 6306 4962 9812
7175 3 4962 7844 9812
7176 3 4962 6879 7844
7177 3 7477 5474 8029
7178 3 8514 5730 9758
7179 3 6758 5730 8514
7180 3 6013 5730 6758
7181 3 5730 6013 8852
7182 3 5730 9607 9758
7183 3 5730 8852 9607
7184 3 6155 5986 9490
7185 3 5986 6155 6702
7186 3 5986 9374 9490
7187 3 8177 6754 8287
7188 3 7733 7010 8679
7189 3 7627 7010 7733
7190 3 7010 7627 7661
7191 3 7010 7661 8645
7192 3 7266 7840 9558
7193 3 7961 7522 9437
7194 3 7522 9981 10171
7195 3 99 1806 2926
7196 3 1806 99 8365
7197 3 99 2926 8490
7198 3 1488 99 8490
7199 3 99 1488 8365
7200 3 355 3088 4961
7201 3 4645 355 8621
7202 3 355 4645 6849
7203 3 355 4961 8621
7204 3 355 2274 3088
7205 3 1008 355 6849
7206 3 355 1008 2274
7207 3 4409 611 4682
7208 3 611 4409 9686
7209 3 4682 611 6500
7210 3 8272 611 9686
7211 3 1390 611 8272
7212 3 611 1390 6500
7213 3 867 1842 9809
7214 3 1842 867 5541
7215 3 5541 867 7278
7216 3 3647 1123 9504
7217 3 1123 3647 5774
7218 3 3365 1379 8251
7219 3 1379 3365 8850
7220 3 1379 2529 8251
7221 3 2529 1379 2802
7222 3 1635 3287 10543
7223 3 3287 1635 5622
7224 3 1635 1774 5622
7225 3 1891 1929 8243
7226 3 1929 1891 3304
7227 3 3596 2403 6317
7228 3 2915 2403 3596
7229 3 6317 2403 6987
7230 3 5633 2659 10165
7231 3 7048 2659 8943
7232 3 4839 2659 5633
7233 3 2659 4839 8943
7234 3 2915 3596 4779
7235 3 4289 2915 4779
7236 3 3789 3171 3839
7237 3 3171 3296 5577
7238 3 3427 8302 9654
7239 3 3427 4795 8302
7240 3 4795 3427 7280
7241 3 3683 7114 10121
7242 3 3939 4119 4968
7243 3 4119 3939 5482
7244 3 4688 3939 9575
7245 3 3939 4688 9386
7246 3 3939 4968 9575
7247 3 7731 4195 10376
7248 3 6154 4451 9146
7249 3 9146 4451 10034
7250 3 8734 4707 10537
7251 3 6699 4707 8734
7252 3 4707 6699 8266
7253 3 4707 5181 10537
7254 3 5181 4707 7375
7255 3 7375 4707 8266
7256 3 5475 7679 8878
7257 3 6624 5731 9962
7258 3 5987 6145 9738
7259 3 6243 6806 8084
7260 3 7400 7011 7713
7261 3 7011 7402 7713
7262 3 7402 7011 9604
7263 3 7267 9203 9846
7264 3 100 2102 4978
7265 3 100 374 6719
7266 3 374 100 4978
7267 3 100 230 2102
7268 3 230 100 6719
7269 3 356 10274 10339
7270 3 356 3987 10274
7271 3 3987 356 7886
7272 3 356 7852 8720
7273 3 7852 356 10339
7274 3 740 356 8720
7275 3 356 740 7886
7276 3 612 6513 9952
7277 3 6513 612 8184
7278 3 612 4035 8184
7279 3 612 3014 4035
7280 3 3014 612 9952
7281 3 868 7224 8253
7282 3 868 8253 9450
7283 3 1658 868 9450
7284 3 868 935 7224
7285 3 935 868 2445
7286 3 1124 6254 9380
7287 3 1124 1199 6917
7288 3 1199 1124 5978
7289 3 1124 2231 5978
7290 3 2231 1124 9380
7291 3 5567 1124 6917
7292 3 1124 5567 6254
7293 3 1380 3591 9447
7294 3 1380 1507 3591
7295 3 1507 1380 2524
7296 3 5343 1636 7942
7297 3 1636 5343 7803
7298 3 1636 2042 9530
7299 3 7228 1892 10508
7300 3 1892 7228 7529
7301 3 6256 1892 7529
7302 3 1892 4333 10508
7303 3 4333 1892 6256
7304 3 5138 2148 5603
7305 3 3871 2148 5138
7306 3 5603 2148 8072
7307 3 3058 2148 3871
7308 3 2148 3058 3575
7309 3 2148 3575 8072
7310 3 2404 7481 7676
7311 3 2404 7676 10262
7312 3 4024 2660 8769
7313 3 2660 4024 7540
7314 3 2916 4156 6567
7315 3 2916 6567 8323
7316 3 7593 2916 8323
7317 3 3247 2916 7593
7318 3 2916 3051 4156
7319 3 3051 2916 3247
7320 3 3172 5902 9481
7321 3 3428 4398 10276
7322 3 3428 6961 10113
7323 3 3428 3962 4398
7324 3 3962 3428 10113
7325 3 6082 3684 8822
7326 3 3684 6082 8668
7327 3 3684 7404 9656
7328 3 7404 3684 8668
7329 3 5416 3940 8658
7330 3 7842 3940 8401
7331 3 3940 7842 8658
7332 3 4285 3940 5416
7333 3 3940 4285 6716
7334 3 5573 3940 6716
7335 3 3940 5573 8401
7336 3 4196 6032 9319
7337 3 6032 4196 8339
7338 3 8339 4196 9170
7339 3 4452 5722 8048
7340 3 5722 4452 9652
7341 3 6517 4452 8048
7342 3 9652 4452 10068
7343 3 5220 10096 10292
7344 3 5220 8388 10096
7345 3 6377 5220 10292
7346 3 6244 6433 8782
7347 3 6244 8782 10153
7348 3 7003 6244 8695
7349 3 8036 8208 8779
7350 3 8208 8036 10374
7351 3 4640 101 4683
7352 3 101 4640 10442
7353 3 101 3882 4683
7354 3 357 3611 4730
7355 3 357 3002 9552
7356 3 3002 357 4730
7357 3 357 3025 3611
7358 3 3025 357 5329
7359 3 5329 357 9552
7360 3 613 3844 7976
7361 3 3943 613 7976
7362 3 613 2194 3844
7363 3 2194 613 4556
7364 3 613 3233 6708
7365 3 3233 613 3943
7366 3 4556 613 6708
7367 3 2441 869 3143
7368 3 869 2038 9863
7369 3 2038 869 2441
7370 3 869 7935 10333
7371 3 7935 869 9863
7372 3 1125 9246 9677
7373 3 8933 1125 9677
7374 3 1381 6601 8683
7375 3 1381 5094 6601
7376 3 8541 1637 8786
7377 3 8282 1893 9647
7378 3 4850 1893 6266
7379 3 2149 7692 10275
7380 3 2149 6237 10280
7381 3 6237 2149 8122
7382 3 2149 6250 7692
7383 3 6250 2149 10280
7384 3 8122 2149 10275
7385 3 2405 2573 3130
7386 3 2573 2405 7265
7387 3 2405 3130 7151
7388 3 2405 2876 8473
7389 3 2876 2405 7151
7390 3 7265 2405 8473
7391 3 6432 2661 8906
7392 3 9997 2917 10519
7393 3 2917 6705 10519
7394 3 6449 3429 9415
7395 3 3429 7513 9415
7396 3 4197 8387 8599
7397 3 8387 4197 9177
7398 3 4453 5413 9264
7399 3 5413 4453 8027
7400 3 4453 7368 8027
7401 3 4709 7050 9002
7402 3 5221 6714 9815
7403 3 6714 5221 7569
7404 3 7569 5221 8909
7405 3 5733 6443 10044
7406 3 6191 5989 6720
7407 3 6720 5989 10446
7408 3 6812 5989 9017
7409 3 5989 6812 10446
7410 3 6757 7213 8194
7411 3 7525 7842 8401
7412 3 8439 8293 8953
7413 3 102 1144 8638
7414 3 1144 102 1778
7415 3 7034 102 8638
7416 3 1954 102 4343
7417 3 1778 102 1954
7418 3 4343 102 7034
7419 3 358 6924 8996
7420 3 358 6453 6924
7421 3 358 362 6453
7422 3 614 10122 10451
7423 3 1692 614 9703
7424 3 870 6728 8690
7425 3 870 2018 6728
7426 3 2018 870 6355
7427 3 870 8690 9394
7428 3 1126 4360 4712
7429 3 2466 1126 4712
7430 3 1126 2466 9339
7431 3 4552 1126 9339
7432 3 1382 1450 9823
7433 3 1450 1382 1520
7434 3 1751 1382 6183
7435 3 1520 1382 1751
7436 3 1382 5877 6183
7437 3 5877 1382 9823
7438 3 4122 1638 8158
7439 3 3899 1638 4122
7440 3 1638 3255 10283
7441 3 1894 8543 9283
7442 3 1894 3983 10294
7443 3 3983 1894 9283
7444 3 5623 1894 10294
7445 3 1894 5623 8543
7446 3 2150 7020 7081
7447 3 2150 5233 5688
7448 3 5233 2150 7081
7449 3 5256 2406 7440
7450 3 2406 5256 7340
7451 3 4831 2406 7340
7452 3 2662 3905 4835
7453 3 3905 2662 9712
7454 3 2662 9116 9712
7455 3 8242 3174 8869
7456 3 5477 3174 8242
7457 3 3174 5477 7059
7458 3 3430 8516 10229
7459 3 5190 3430 10229
7460 3 3430 5190 9719
7461 3 3430 6483 8516
7462 3 3430 4833 6483
7463 3 4833 3430 9719
7464 3 4780 3686 6091
7465 3 4802 3686 5832
7466 3 3686 4802 6091
7467 3 3942 6554 7614
7468 3 6554 3942 6868
7469 3 6868 3942 10358
7470 3 6636 3942 7614
7471 3 4198 4535 5440
7472 3 4710 6700 8496
7473 3 4710 4812 6700
7474 3 5592 4966 5690
7475 3 9199 5222 9605
7476 3 7311 5734 10300
7477 3 6246 7203 9108
7478 3 7270 9263 10410
7479 3 8548 7270 9721
7480 3 3415 103 9081
7481 3 103 3415 9974
7482 3 103 4959 9081
7483 3 4959 103 5623
7484 3 8543 103 10334
7485 3 103 9974 10334
7486 3 5623 103 8543
7487 3 359 3730 6378
7488 3 4807 359 6378
7489 3 615 7738 8412
7490 3 615 3659 7738
7491 3 3659 615 5327
7492 3 615 3677 6574
7493 3 3677 615 8412
7494 3 5327 615 6574
7495 3 871 2423 6612
7496 3 9443 871 9747
7497 3 2823 1127 10368
7498 3 1127 2823 6085
7499 3 1127 8836 10368
7500 3 3771 1127 4868
7501 3 1127 3771 8836
7502 3 8469 1383 9126
7503 3 3901 1383 8469
7504 3 1383 7649 9126
7505 3 1639 1864 7515
7506 3 1864 1639 9959
7507 3 1639 7515 8210
7508 3 4811 1639 8210
7509 3 1639 4811 9959
7510 3 4168 1895 7042
7511 3 1895 5531 7042
7512 3 2151 3433 5292
7513 3 3433 2151 7597
7514 3 3599 2407 8517
7515 3 2407 3599 9894
7516 3 2407 3490 8055
7517 3 3490 2407 9894
7518 3 3137 2663 8534
7519 3 2663 3137 3519
7520 3 2919 6684 7825
7521 3 7232 2919 7244
7522 3 2919 7232 9924
7523 3 7244 2919 7825
7524 3 3175 4138 4674
7525 3 3175 4674 5446
7526 3 4058 3175 5446
7527 3 3175 4058 7067
7528 3 3431 6694 7603
7529 3 3431 3709 6301
7530 3 3709 3431 5027
7531 3 3431 6301 6694
7532 3 4116 3687 7286
7533 3 3687 5414 7286
7534 3 10001 3943 10330
7535 3 3943 7976 10330
7536 3 8059 3943 10001
7537 3 4199 5709 9792
7538 3 8115 4199 9792
7539 3 4455 6486 9797
7540 3 6486 4455 7566
7541 3 9113 4711 9691
7542 3 4711 8167 9691
7543 3 4967 7389 7721
7544 3 7867 5991 8866
7545 3 9662 6503 10260
7546 3 6503 9662 10155
7547 3 7077 6759 9010
7548 3 6759 7077 9969
7549 3 8039 8340 8547
7550 3 1303 104 1711
7551 3 104 1303 8893
7552 3 6955 104 8893
7553 3 2359 104 6955
7554 3 104 2359 2936
7555 3 1711 104 2936
7556 3 572 360 3963
7557 3 360 572 10418
7558 3 360 1384 3963
7559 3 1384 360 9210
7560 3 2925 360 10418
7561 3 360 2925 9210
7562 3 616 6686 8786
7563 3 616 2847 4706
7564 3 616 853 2847
7565 3 853 616 6365
7566 3 616 4706 6686
7567 3 872 2108 4971
7568 3 872 4971 10000
7569 3 2699 872 4245
7570 3 4245 872 10000
7571 3 3200 1128 7216
7572 3 1128 3200 8679
7573 3 4739 1128 4792
7574 3 4792 1128 8679
7575 3 8745 1384 9210
7576 3 1640 7553 8536
7577 3 1640 4483 7553
7578 3 1896 8223 10548
7579 3 9116 1896 9712
7580 3 1896 5351 8223
7581 3 5351 1896 8162
7582 3 9712 1896 10548
7583 3 6965 2152 7987
7584 3 2152 6965 10189
7585 3 7999 2152 10189
7586 3 6008 2152 7999
7587 3 5291 2408 10489
7588 3 2664 3856 4970
7589 3 3856 2664 10420
7590 3 2664 4970 8605
7591 3 4943 2920 6405
7592 3 2920 4943 7194
7593 3 3432 8045 9515
7594 3 3688 4936 7447
7595 3 8393 3944 9084
7596 3 4377 4200 9405
7597 3 4200 6535 9405
7598 3 4456 6922 10247
7599 3 4968 6897 9575
7600 3 6897 4968 7115
7601 3 5711 5480 7246
7602 3 5480 5711 9081
7603 3 7943 5992 9306
7604 3 7046 5992 7943
7605 3 5992 7046 9469
7606 3 8387 6248 8599
7607 3 6827 6760 9408
7608 3 6760 8150 9408
7609 3 7512 7016 9759
7610 3 7016 7512 10383
7611 3 7351 7016 10383
7612 3 8032 7784 10224
7613 3 8296 8939 10416
7614 3 5404 105 10021
7615 3 105 8306 10021
7616 3 8306 105 9871
7617 3 4510 105 5404
7618 3 105 2470 9871
7619 3 2470 105 4510
7620 3 361 8754 8918
7621 3 5466 361 8321
7622 3 8321 361 8918
7623 3 2186 361 5466
7624 3 361 2186 7871
7625 3 361 7871 8754
7626 3 617 8512 9641
7627 3 8512 617 9728
7628 3 617 5468 8990
7629 3 5468 617 9641
7630 3 4493 617 8990
7631 3 617 4493 9728
7632 3 5639 873 5816
7633 3 4364 873 8460
7634 3 873 4364 8752
7635 3 5816 873 8752
7636 3 1781 873 5639
7637 3 873 1781 8460
7638 3 1129 3351 6046
7639 3 3351 1129 6369
7640 3 6369 1129 10522
7641 3 2306 1385 5764
7642 3 1385 2306 5619
7643 3 5695 1385 10216
7644 3 1385 5619 10216
7645 3 1641 5155 8580
7646 3 5475 1641 7679
7647 3 4529 1641 5475
7648 3 1641 3532 5155
7649 3 3532 1641 4529
7650 3 7679 1641 8580
7651 3 1897 5300 6630
7652 3 5163 2409 8031
7653 3 2409 5163 9886
7654 3 2409 3161 8031
7655 3 3116 2665 9358
7656 3 2921 4927 6203
7657 3 2921 3973 8974
7658 3 3973 2921 8422
7659 3 3177 4745 7018
7660 3 3177 7332 9779
7661 3 3945 7655 8626
7662 3 4201 5202 10497
7663 3 5202 4201 8037
7664 3 8037 4201 8858
7665 3 6976 4457 7066
7666 3 5641 4713 7148
7667 3 7937 4969 10188
7668 3 5225 5681 5894
7669 3 7741 5481 8963
7670 3 5481 7046 8963
7671 3 7873 5737 10062
7672 3 6249 7862 9149
7673 3 6505 8446 9613
7674 3 8773 6761 10440
7675 3 9512 8297 10396
7676 3 9574 8809 9887
7677 3 2891 106 6580
7678 3 8091 106 8232
7679 3 2223 106 2891
7680 3 106 2223 2276
7681 3 6580 106 8091
7682 3 106 2276 8232
7683 3 6453 362 10080
7684 3 362 6633 10080
7685 3 4676 618 7085
7686 3 618 5992 9469
7687 3 618 6826 9802
7688 3 6826 618 8629
7689 3 7085 618 9802
7690 3 8629 618 9469
7691 3 2798 618 4676
7692 3 618 2798 5992
7693 3 874 2640 9698
7694 3 8079 874 9977
7695 3 874 2484 2640
7696 3 2484 874 8079
7697 3 7397 874 9698
7698 3 874 7397 9977
7699 3 8983 1130 9488
7700 3 1130 2352 2652
7701 3 2352 1130 5221
7702 3 1130 2652 4574
7703 3 5221 1130 8909
7704 3 8909 1130 8983
7705 3 1130 4574 9488
7706 3 1386 1819 3145
7707 3 1819 1386 8346
7708 3 4646 1386 8088
7709 3 1386 4646 8346
7710 3 2304 1386 3145
7711 3 1386 2304 8088
7712 3 4867 1642 9365
7713 3 1642 4867 8896
7714 3 1642 3438 9365
7715 3 3438 1642 4582
7716 3 1642 8896 10223
7717 3 1642 4082 4582
7718 3 4082 1642 10223
7719 3 1898 2871 5196
7720 3 1898 5196 9844
7721 3 8618 1898 9844
7722 3 6316 1898 8618
7723 3 5305 2410 8084
7724 3 2410 9664 10208
7725 3 5708 2666 5831
7726 3 2666 5708 7398
7727 3 5831 2666 6945
7728 3 2666 6861 6945
7729 3 6861 2666 8759
7730 3 2922 5157 10527
7731 3 4149 2922 10527
7732 3 5381 3434 9713
7733 3 3434 7448 9713
7734 3 3434 3564 7448
7735 3 4386 3946 5222
7736 3 7486 4202 9839
7737 3 7015 5994 10545
7738 3 5994 7027 7383
7739 3 5994 7383 10545
7740 3 9218 6506 10203
7741 3 6506 6990 10203
7742 3 7530 7636 9685
7743 3 8042 8901 10279
7744 3 3593 107 6103
7745 3 107 4017 8765
7746 3 3010 107 3593
7747 3 107 3010 4017
7748 3 6103 107 8765
7749 3 363 2308 6990
7750 3 2308 363 9095
7751 3 6506 363 6990
7752 3 363 6506 6902
7753 3 363 6902 9095
7754 3 4891 619 7992
7755 3 619 4891 8034
7756 3 6688 619 7908
7757 3 7908 619 8034
7758 3 1799 875 9512
7759 3 875 1799 8070
7760 3 875 6950 8040
7761 3 875 8040 9512
7762 3 7816 875 8070
7763 3 875 4271 6950
7764 3 4271 875 7816
7765 3 1131 6657 9774
7766 3 3704 1131 9774
7767 3 1131 3704 8799
7768 3 4261 1131 8799
7769 3 1131 4261 5116
7770 3 1387 4656 6329
7771 3 1387 1654 6299
7772 3 1654 1387 6329
7773 3 1387 6299 6635
7774 3 1387 6635 7000
7775 3 1387 2030 4656
7776 3 2030 1387 7000
7777 3 7245 1643 10384
7778 3 3423 1643 3541
7779 3 2204 1643 3423
7780 3 1643 2204 8944
7781 3 1643 2753 10384
7782 3 1643 1738 2753
7783 3 1738 1643 8944
7784 3 3541 1643 7245
7785 3 3702 1899 5976
7786 3 1899 2183 5976
7787 3 7254 2155 8542
7788 3 8542 2155 9281
7789 3 4191 2155 7254
7790 3 2155 3305 10175
7791 3 2411 2414 8431
7792 3 3780 2411 6333
7793 3 6443 2667 10271
7794 3 5733 2667 6443
7795 3 2667 5733 10183
7796 3 2667 3443 10271
7797 3 3443 2667 7037
7798 3 7037 2667 10183
7799 3 4649 2923 5723
7800 3 2923 4649 9139
7801 3 3179 3218 6252
7802 3 4163 3435 10057
7803 3 10057 3435 10309
7804 3 3957 3435 4163
7805 3 3435 3957 8448
7806 3 3947 7030 7451
7807 3 7032 3947 7451
7808 3 4203 4640 4683
7809 3 5497 4459 10391
7810 3 4459 5313 10391
7811 3 4715 7243 9354
7812 3 5131 4971 7168
7813 3 5227 8207 10510
7814 3 5227 6830 8207
7815 3 7257 5995 8788
7816 3 6507 6966 10343
7817 3 7386 6763 9989
7818 3 7019 7486 7546
7819 3 9525 8299 10258
7820 3 9991 8555 10053
7821 3 8888 8555 10087
7822 3 108 836 4995
7823 3 836 108 7935
7824 3 664 108 2475
7825 3 2475 108 4995
7826 3 3740 364 9412
7827 3 364 3740 8693
7828 3 364 6054 9814
7829 3 9412 364 9814
7830 3 364 733 6054
7831 3 733 364 1010
7832 3 1010 364 8693
7833 3 620 5429 7691
7834 3 5429 620 9403
7835 3 5947 620 7691
7836 3 891 620 5532
7837 3 620 891 9403
7838 3 5532 620 5947
7839 3 7080 876 9717
7840 3 5847 876 7080
7841 3 876 8414 9717
7842 3 1132 6217 8939
7843 3 8296 1132 8939
7844 3 1906 1132 8296
7845 3 3602 1388 3906
7846 3 1388 3602 9897
7847 3 4114 1388 6100
7848 3 1388 4114 7401
7849 3 3906 1388 7401
7850 3 6100 1388 8171
7851 3 8171 1388 9897
7852 3 3092 1644 5387
7853 3 1644 3092 4683
7854 3 3882 1644 4683
7855 3 1900 7260 8949
7856 3 1900 5740 7260
7857 3 3203 2156 10454
7858 3 4266 2156 10273
7859 3 2156 4266 10454
7860 3 3673 2412 5556
7861 3 2412 3673 7424
7862 3 5556 2412 9125
7863 3 2412 7424 9556
7864 3 3433 2668 8778
7865 3 2668 3433 7597
7866 3 2668 6277 8778
7867 3 4512 2668 7597
7868 3 2924 5190 5954
7869 3 5190 2924 9719
7870 3 7443 3180 9051
7871 3 3180 6502 8056
7872 3 3436 6482 10178
7873 3 5834 3436 10178
7874 3 3692 7996 9718
7875 3 7996 3692 8447
7876 3 6063 4460 8625
7877 3 7133 4460 7174
7878 3 4460 7133 8625
7879 3 4972 5634 10385
7880 3 6686 4972 8786
7881 3 4972 8541 8786
7882 3 8541 4972 10119
7883 3 10119 4972 10385
7884 3 9019 6764 9947
7885 3 7020 9228 9872
7886 3 7081 7020 9872
7887 3 9186 7788 10251
7888 3 8190 7788 9186
7889 3 2720 109 2944
7890 3 109 2720 3513
7891 3 109 3513 7570
7892 3 365 1744 8065
7893 3 1744 365 8855
7894 3 7468 621 8711
7895 3 6993 621 7468
7896 3 3469 621 6993
7897 3 621 3013 8711
7898 3 2756 877 3828
7899 3 877 6110 6714
7900 3 3828 877 6714
7901 3 1133 7191 8369
7902 3 3120 1133 8480
7903 3 1133 8369 8480
7904 3 1389 1626 9731
7905 3 5587 1389 9189
7906 3 9189 1389 9731
7907 3 1645 1861 3395
7908 3 1861 1645 6872
7909 3 1645 6213 6872
7910 3 1645 2501 6213
7911 3 2617 1901 5981
7912 3 1901 2617 4506
7913 3 1901 5247 5981
7914 3 5247 1901 5870
7915 3 1901 4506 8997
7916 3 5870 1901 8997
7917 3 9965 2157 10023
7918 3 2157 2814 10023
7919 3 2814 2157 5595
7920 3 3583 2157 9965
7921 3 5396 2413 6703
7922 3 2413 5396 9960
7923 3 6465 2413 9960
7924 3 2413 4526 9759
7925 3 4526 2413 6465
7926 3 7178 2669 8898
7927 3 5458 2669 7835
7928 3 2669 5458 8898
7929 3 7835 2669 9802
7930 3 7085 2669 7178
7931 3 2669 7085 9802
7932 3 2925 10047 10098
7933 3 2925 5988 10047
7934 3 5988 2925 10418
7935 3 3181 4112 10118
7936 3 7199 3181 10118
7937 3 8238 3437 10033
7938 3 7857 3437 8238
7939 3 3437 9421 10033
7940 3 4002 3693 5384
7941 3 3693 4002 5022
7942 3 7285 3949 10484
7943 3 4471 3949 6439
7944 3 5664 4205 7748
7945 3 4205 5664 9200
7946 3 4205 4666 7748
7947 3 4666 4205 5217
7948 3 7121 4205 9200
7949 3 8836 4461 10368
7950 3 4461 5519 7613
7951 3 4461 7613 10368
7952 3 8933 4973 9218
7953 3 5229 7797 10137
7954 3 7834 7533 7930
7955 3 8455 8301 10424
7956 3 110 4378 4721
7957 3 110 4721 9799
7958 3 5953 366 8732
7959 3 366 5953 9767
7960 3 366 2900 9999
7961 3 2900 366 9767
7962 3 8647 366 9999
7963 3 366 8647 8732
7964 3 5393 622 6718
7965 3 622 5393 6211
7966 3 622 3979 9490
7967 3 3979 622 6211
7968 3 5281 622 9490
7969 3 622 5281 6718
7970 3 878 6441 9571
7971 3 2871 878 5775
7972 3 1898 878 2871
7973 3 5775 878 9571
7974 3 878 1491 6441
7975 3 1491 878 1898
7976 3 1134 7689 8411
7977 3 1134 2351 8534
7978 3 2351 1134 8411
7979 3 2663 1134 8534
7980 3 1134 2663 7370
7981 3 1134 7370 7689
7982 3 1390 1875 9529
7983 3 1875 1390 8272
7984 3 1390 1939 6500
7985 3 1939 1390 3246
7986 3 3246 1390 9529
7987 3 2898 1646 3116
7988 3 1646 2665 3116
7989 3 3109 1902 4844
7990 3 1902 4811 4844
7991 3 2296 1902 3109
7992 3 1902 2296 4811
7993 3 6158 2158 8229
7994 3 5607 2158 6158
7995 3 4349 2158 5607
7996 3 2414 5728 7643
7997 3 5728 2414 10217
7998 3 3461 2670 4440
7999 3 3182 7282 8832
8000 3 7282 3182 7912
8001 3 5014 3182 5875
8002 3 5875 3182 8832
8003 3 5128 3438 5224
8004 3 3438 5128 9973
8005 3 9365 3438 9973
8006 3 3438 4582 5224
8007 3 7983 3694 9732
8008 3 3694 4799 9732
8009 3 4799 3694 9459
8010 3 7420 3694 7983
8011 3 4370 3950 6988
8012 3 3950 4370 9706
8013 3 3950 9706 10339
8014 3 5194 4206 7328
8015 3 4718 8539 9764
8016 3 4718 5513 7275
8017 3 5513 4718 6643
8018 3 4718 8175 8539
8019 3 6643 4718 9764
8020 3 8866 4974 9653
8021 3 4974 8866 9444
8022 3 7352 4974 9444
8023 3 5827 4974 7352
8024 3 5230 8334 8400
8025 3 5486 6356 7496
8026 3 5742 9025 9104
8027 3 5998 6014 6228
8028 3 6254 7094 9380
8029 3 8218 7790 9108
8030 3 7790 8872 9108
8031 3 9070 9198 10408
8032 3 111 2316 8311
8033 3 614 111 10122
8034 3 111 614 1692
8035 3 111 1692 2316
8036 3 8157 111 8311
8037 3 111 8157 10122
8038 3 3676 367 6238
8039 3 367 3676 5332
8040 3 639 367 5332
8041 3 6434 623 9087
8042 3 2206 623 6434
8043 3 623 2206 5056
8044 3 623 4026 7868
8045 3 4026 623 5056
8046 3 623 1015 9087
8047 3 1015 623 7868
8048 3 1031 879 8520
8049 3 879 1031 6910
8050 3 879 3505 8520
8051 3 3505 879 7783
8052 3 879 6910 7783
8053 3 1135 2096 4164
8054 3 2851 1391 5441
8055 3 5441 1391 9254
8056 3 1647 4368 4820
8057 3 1647 4820 10334
8058 3 9974 1647 10334
8059 3 1647 9974 10228
8060 3 1903 3336 8195
8061 3 3336 1903 7924
8062 3 4515 1903 8195
8063 3 1903 4515 5836
8064 3 5068 1903 5836
8065 3 1903 5068 7924
8066 3 2159 5707 7685
8067 3 2159 2707 5707
8068 3 3695 2415 8860
8069 3 2415 3695 6336
8070 3 9584 2415 9895
8071 3 8860 2415 9165
8072 3 2415 6336 9895
8073 3 9165 2415 9584
8074 3 2927 7953 9795
8075 3 7953 2927 9574
8076 3 3439 7594 8078
8077 3 7594 3439 8093
8078 3 5428 3695 8404
8079 3 6336 3695 7642
8080 3 8404 3695 8860
8081 3 3951 4682 6500
8082 3 3951 6817 8768
8083 3 4207 5466 8321
8084 3 4207 8321 9624
8085 3 4610 4463 9489
8086 3 9489 4463 10038
8087 3 4719 6525 9800
8088 3 6525 4719 8952
8089 3 8952 4719 10406
8090 3 4975 8408 10224
8091 3 4975 5371 7727
8092 3 5371 4975 8587
8093 3 7023 8783 9539
8094 3 7837 112 8724
8095 3 1225 112 7417
8096 3 112 1225 4860
8097 3 112 4577 8724
8098 3 4577 112 4860
8099 3 7417 112 7837
8100 3 8313 368 9157
8101 3 6273 368 6753
8102 3 368 6273 9157
8103 3 368 1243 8751
8104 3 1243 368 8313
8105 3 3862 624 5720
8106 3 9043 624 9729
8107 3 624 9043 10042
8108 3 5720 624 10042
8109 3 624 958 9729
8110 3 958 624 3862
8111 3 4643 880 10272
8112 3 880 4643 7815
8113 3 7494 880 10350
8114 3 880 6514 10350
8115 3 6514 880 7815
8116 3 880 4784 10272
8117 3 4784 880 7494
8118 3 1136 8999 9067
8119 3 6482 1136 9067
8120 3 3436 1136 6482
8121 3 1136 3436 6865
8122 3 1136 6865 8427
8123 3 1136 8427 8999
8124 3 3945 1392 7655
8125 3 1392 3945 6137
8126 3 1392 4986 7655
8127 3 4986 1392 8681
8128 3 1392 1668 8681
8129 3 2112 1648 2267
8130 3 1648 2112 2549
8131 3 2267 1648 8680
8132 3 1904 3352 6150
8133 3 3352 1904 4978
8134 3 3081 2160 9727
8135 3 2160 3081 10240
8136 3 2160 4430 8198
8137 3 4430 2160 10240
8138 3 5821 2160 8198
8139 3 2160 5821 9727
8140 3 3104 2416 7556
8141 3 2416 3104 8667
8142 3 2416 4146 7029
8143 3 4146 2416 8667
8144 3 2416 7029 7556
8145 3 5677 2672 7561
8146 3 8671 2928 10534
8147 3 2928 8671 10095
8148 3 4074 2928 10095
8149 3 3184 3900 9841
8150 3 6504 3184 8958
8151 3 4016 3184 9841
8152 3 3184 4016 8958
8153 3 3952 7974 10474
8154 3 3952 7511 7974
8155 3 3960 3952 5008
8156 3 5008 3952 7626
8157 3 7626 3952 10474
8158 3 4208 4521 7633
8159 3 5843 4208 7633
8160 3 4720 9590 9743
8161 3 4976 5831 6945
8162 3 5831 4976 8497
8163 3 6732 5232 8749
8164 3 5232 5373 8749
8165 3 5373 5232 8146
8166 3 6736 5488 9071
8167 3 6000 7472 8015
8168 3 8291 6512 9268
8169 3 6768 10196 10240
8170 3 7024 8601 8729
8171 3 7536 8486 9625
8172 3 7536 7619 8486
8173 3 9888 9584 9895
8174 3 4112 113 10293
8175 3 3181 113 4112
8176 3 113 3181 4465
8177 3 113 4465 5171
8178 3 1168 113 5171
8179 3 113 1168 10293
8180 3 369 4371 4386
8181 3 4371 369 5508
8182 3 369 4386 7190
8183 3 1102 369 7190
8184 3 369 1102 10197
8185 3 5508 369 10197
8186 3 625 3705 8897
8187 3 625 7047 7097
8188 3 7047 625 8897
8189 3 881 2572 10265
8190 3 2572 881 6957
8191 3 881 3727 6957
8192 3 8089 881 10265
8193 3 881 3496 3727
8194 3 3496 881 8089
8195 3 3340 1137 4686
8196 3 4686 1137 6576
8197 3 1137 2716 6576
8198 3 1393 3958 4391
8199 3 1649 7588 8105
8200 3 1649 8105 8280
8201 3 1905 8994 9274
8202 3 1905 9767 10286
8203 3 1905 2900 9767
8204 3 2900 1905 7060
8205 3 7060 1905 9274
8206 3 1905 2222 8994
8207 3 2222 1905 10286
8208 3 2161 5711 7246
8209 3 4757 2161 7246
8210 3 2161 4757 4800
8211 3 2417 3860 6086
8212 3 2417 7718 8041
8213 3 2417 6967 7718
8214 3 2417 6086 6967
8215 3 7191 2673 10447
8216 3 6243 2673 9820
8217 3 2673 6243 8084
8218 3 4335 2673 7191
8219 3 2673 4335 9820
8220 3 6387 2673 8084
8221 3 2673 6387 10447
8222 3 3441 4894 6986
8223 3 3441 6986 8401
8224 3 3441 5573 7626
8225 3 5573 3441 8401
8226 3 3697 6276 6546
8227 3 3697 6546 7372
8228 3 3697 7372 8314
8229 3 3953 7199 10549
8230 3 7199 3953 9102
8231 3 6004 3953 8554
8232 3 3953 6004 9102
8233 3 8970 4209 10549
8234 3 4209 4988 5937
8235 3 5171 4465 6673
8236 3 4721 7717 9799
8237 3 10062 4977 10169
8238 3 8286 4977 10062
8239 3 7609 4977 8286
8240 3 5489 6204 8627
8241 3 6204 5489 9467
8242 3 7404 6001 7784
8243 3 6001 7404 8668
8244 3 7906 6257 9127
8245 3 6513 8089 10265
8246 3 9952 6513 10265
8247 3 7025 9482 9944
8248 3 7025 7850 9482
8249 3 7434 7281 9922
8250 3 7895 7793 9993
8251 3 561 114 6914
8252 3 114 561 4603
8253 3 370 3337 3349
8254 3 3337 370 9085
8255 3 370 3349 10081
8256 3 2089 370 10081
8257 3 1760 370 2089
8258 3 370 1760 9085
8259 3 626 8469 9126
8260 3 626 2356 8469
8261 3 2225 626 9229
8262 3 626 2225 2356
8263 3 626 6068 9229
8264 3 6068 626 9126
8265 3 9783 882 10337
8266 3 2151 882 7597
8267 3 7597 882 9783
8268 3 5747 1138 7884
8269 3 1138 2523 7884
8270 3 6538 1394 8998
8271 3 1394 6538 7414
8272 3 1650 2846 4977
8273 3 1650 4977 7609
8274 3 7338 1650 7609
8275 3 1650 7338 7898
8276 3 3176 1906 8296
8277 3 1906 3176 6864
8278 3 3040 2162 9457
8279 3 9457 2162 9477
8280 3 6937 2418 7691
8281 3 2418 6937 7839
8282 3 2418 5947 7691
8283 3 7235 2418 7839
8284 3 2418 3540 5947
8285 3 3540 2418 7235
8286 3 2820 2674 9363
8287 3 2674 2820 4764
8288 3 9363 2674 10385
8289 3 2930 3364 9621
8290 3 2930 9621 10248
8291 3 3186 3896 6751
8292 3 3896 3186 4738
8293 3 4934 3186 6751
8294 3 3186 4934 10392
8295 3 4738 3186 10392
8296 3 3442 8168 10164
8297 3 6423 3698 9751
8298 3 3698 6423 7759
8299 3 3698 7759 8337
8300 3 6470 3954 7493
8301 3 6076 3954 6470
8302 3 3954 6076 8033
8303 3 4210 6665 7200
8304 3 5974 4210 9589
8305 3 5681 4466 5894
8306 3 6382 4722 9726
8307 3 5234 5657 9953
8308 3 7856 5746 8582
8309 3 6002 7182 9048
8310 3 7182 6002 8640
8311 3 7282 7912 8814
8312 3 9550 8050 10013
8313 3 9586 9901 10551
8314 3 115 530 3366
8315 3 530 115 2757
8316 3 115 3366 3716
8317 3 850 115 2113
8318 3 115 850 2757
8319 3 115 398 2113
8320 3 398 115 3716
8321 3 6182 371 8457
8322 3 371 6182 8889
8323 3 371 3417 6829
8324 3 371 6829 8457
8325 3 7353 371 8889
8326 3 371 2536 3417
8327 3 2536 371 7353
8328 3 627 2852 2987
8329 3 2852 627 3284
8330 3 5269 627 10326
8331 3 627 2987 9034
8332 3 3284 627 5269
8333 3 6749 883 8645
8334 3 883 7010 8645
8335 3 7010 883 8679
8336 3 4009 883 6749
8337 3 883 4792 8679
8338 3 973 883 4009
8339 3 883 973 4792
8340 3 1139 5178 10278
8341 3 5178 1139 8363
8342 3 1139 5450 10126
8343 3 8363 1139 10126
8344 3 4293 1139 10278
8345 3 1139 4293 5450
8346 3 1395 3160 9812
8347 3 3160 1395 6240
8348 3 6240 1395 8641
8349 3 1395 5752 9588
8350 3 5752 1395 7844
8351 3 7844 1395 9812
8352 3 8641 1395 9588
8353 3 1651 3867 4876
8354 3 3867 1651 4570
8355 3 4570 1651 5647
8356 3 1651 5362 5647
8357 3 1907 3640 7436
8358 3 3640 1907 9134
8359 3 3982 1907 7436
8360 3 1907 3982 4008
8361 3 1907 4008 5055
8362 3 1907 5055 9134
8363 3 2163 6286 7422
8364 3 3990 2163 7422
8365 3 2419 4414 6547
8366 3 4477 2419 7818
8367 3 2419 6547 7818
8368 3 2888 2675 5339
8369 3 3548 2675 9659
8370 3 2931 9761 10206
8371 3 3691 2931 9740
8372 3 3187 3616 10402
8373 3 3616 3187 7389
8374 3 3187 10402 10417
8375 3 6375 3187 10417
8376 3 3187 6375 7389
8377 3 3443 8324 10271
8378 3 3443 7672 8324
8379 3 5554 3699 9298
8380 3 9530 3955 9889
8381 3 3955 5184 9889
8382 3 4211 6203 8842
8383 3 4467 5297 8187
8384 3 6117 4467 8876
8385 3 7695 4979 8135
8386 3 4979 7458 8135
8387 3 7458 4979 9192
8388 3 5425 4979 7695
8389 3 4979 5425 7579
8390 3 4979 7579 9192
8391 3 5235 6461 8430
8392 3 6461 5235 8448
8393 3 5491 9756 10455
8394 3 9583 5491 10455
8395 3 7885 5491 9583
8396 3 7248 5747 7884
8397 3 6050 6003 10139
8398 3 6297 6259 7716
8399 3 8726 6515 9787
8400 3 6515 8726 9695
8401 3 9346 6515 9695
8402 3 8912 6515 9346
8403 3 7583 6771 8333
8404 3 8609 8307 9600
8405 3 9267 116 9811
8406 3 116 9267 9561
8407 3 116 1857 9811
8408 3 1857 116 8320
8409 3 8320 116 9561
8410 3 372 1326 3855
8411 3 1326 372 8528
8412 3 372 4542 8528
8413 3 4542 372 9858
8414 3 3818 372 3855
8415 3 372 3818 9858
8416 3 9268 628 10257
8417 3 628 1852 4211
8418 3 6512 628 9268
8419 3 884 7199 9102
8420 3 8770 884 9102
8421 3 6220 884 8770
8422 3 4465 884 5534
8423 3 5534 884 6220
8424 3 884 2749 7199
8425 3 2749 884 4465
8426 3 1140 6666 7638
8427 3 6250 1140 7692
8428 3 1140 5780 6666
8429 3 5780 1140 6250
8430 3 1140 7638 8951
8431 3 1396 2938 5357
8432 3 1396 2177 2938
8433 3 2177 1396 9967
8434 3 1652 7938 9526
8435 3 7938 1652 9573
8436 3 1652 3877 9573
8437 3 1652 3256 3877
8438 3 3232 1908 6497
8439 3 1908 3232 4767
8440 3 1908 3061 6497
8441 3 2164 4071 10408
8442 3 3836 2164 10408
8443 3 2420 4139 4680
8444 3 4139 2420 9609
8445 3 2420 3648 5188
8446 3 3648 2420 4680
8447 3 2420 5188 9609
8448 3 2676 3125 4557
8449 3 2676 5430 8735
8450 3 5430 2676 7204
8451 3 2676 4557 7204
8452 3 3044 2676 8735
8453 3 2676 3044 3125
8454 3 2932 7007 8159
8455 3 2932 3986 7007
8456 3 3986 2932 5516
8457 3 2932 3539 5516
8458 3 3539 2932 9177
8459 3 9177 2932 10011
8460 3 2932 8159 10011
8461 3 6924 3188 10200
8462 3 6453 3188 6924
8463 3 3188 6453 7112
8464 3 3188 4731 10200
8465 3 3444 7784 8032
8466 3 3444 7404 7784
8467 3 7404 3444 8148
8468 3 4540 3700 6101
8469 3 6101 3700 9169
8470 3 5137 3956 10412
8471 3 4947 3956 10315
8472 3 3956 4947 10412
8473 3 4048 3956 5137
8474 3 4432 4212 7210
8475 3 4212 4432 8884
8476 3 4953 4212 8884
8477 3 4468 5684 7601
8478 3 4468 7601 8390
8479 3 4468 8390 9367
8480 3 5039 4724 7162
8481 3 7162 4724 7777
8482 3 6973 4980 10360
8483 3 10191 4980 10288
8484 3 8771 5236 9920
8485 3 7351 5236 9317
8486 3 5236 7351 9920
8487 3 6972 5748 7554
8488 3 6004 8770 9102
8489 3 6318 6004 8554
8490 3 6772 8284 9825
8491 3 6772 7785 8284
8492 3 8052 8559 9082
8493 3 8564 9029 10453
8494 3 5679 117 5724
8495 3 117 5679 10387
8496 3 5724 117 8166
8497 3 3736 117 9853
8498 3 117 3736 8166
8499 3 117 3750 9853
8500 3 3750 117 10387
8501 3 373 8351 9437
8502 3 629 1598 4216
8503 3 1598 629 8616
8504 3 629 7118 8616
8505 3 629 6875 7118
8506 3 629 6112 6875
8507 3 885 1137 6201
8508 3 1137 885 2716
8509 3 1141 6245 9733
8510 3 2589 1653 2865
8511 3 1653 2589 8392
8512 3 2865 1653 9299
8513 3 2516 1909 3804
8514 3 3804 1909 7903
8515 3 6745 2165 7218
8516 3 2165 6745 9271
8517 3 2165 3477 7218
8518 3 3477 2165 7999
8519 3 2421 6532 8521
8520 3 6532 2421 9966
8521 3 4007 2421 8521
8522 3 2421 4326 9966
8523 3 7309 2677 9614
8524 3 2677 7309 7827
8525 3 2677 2723 9614
8526 3 2933 5223 5325
8527 3 3189 4884 8779
8528 3 3861 3189 3866
8529 3 3866 3189 8779
8530 3 3445 8506 9753
8531 3 8506 3445 10529
8532 3 3445 8443 10529
8533 3 6915 3701 9637
8534 3 3701 6915 8358
8535 3 3701 5954 9637
8536 3 5954 3701 10207
8537 3 3957 5686 6274
8538 3 3957 4163 5686
8539 3 3957 7787 8448
8540 3 3957 6274 7787
8541 3 5452 4469 10381
8542 3 4469 5452 10190
8543 3 4469 6863 10381
8544 3 4725 7738 8910
8545 3 7738 4725 8185
8546 3 7034 4725 8910
8547 3 8794 4981 10127
8548 3 4981 7119 8381
8549 3 4981 6907 10127
8550 3 6907 4981 8381
8551 3 9061 5237 9333
8552 3 6832 5237 7967
8553 3 5237 6832 9333
8554 3 6567 5493 8323
8555 3 5749 9091 10160
8556 3 5749 6883 9091
8557 3 6994 6773 9395
8558 3 8006 7541 9651
8559 3 9818 8309 9845
8560 3 9716 8821 10112
8561 3 118 4406 10307
8562 3 4406 118 4823
8563 3 3747 118 6304
8564 3 493 118 3747
8565 3 118 493 4823
8566 3 5628 118 10307
8567 3 118 5628 6304
8568 3 1904 374 4978
8569 3 374 1904 6550
8570 3 374 2705 6719
8571 3 2705 374 6550
8572 3 1809 630 8978
8573 3 630 1809 3097
8574 3 886 3345 4909
8575 3 3345 886 4323
8576 3 886 4909 9739
8577 3 8591 886 9739
8578 3 1142 1560 5939
8579 3 1560 1142 7257
8580 3 7257 1142 7452
8581 3 2978 1142 5939
8582 3 1142 2806 7452
8583 3 2806 1142 2978
8584 3 1398 7543 9012
8585 3 7543 1398 8757
8586 3 1654 2732 6299
8587 3 2732 1654 9462
8588 3 1910 5013 7960
8589 3 5013 1910 9645
8590 3 1910 8622 9645
8591 3 2166 5081 8552
8592 3 5081 2166 8960
8593 3 9047 2422 9340
8594 3 8593 2422 9047
8595 3 3834 2422 8593
8596 3 3124 2678 5492
8597 3 2934 5169 8749
8598 3 5886 2934 8749
8599 3 3190 5649 7030
8600 3 5649 3190 6283
8601 3 3190 6095 6283
8602 3 4055 3446 5170
8603 3 3446 3804 7754
8604 3 3804 3446 4055
8605 3 4321 3446 7754
8606 3 4460 3702 7174
8607 3 4214 7149 7843
8608 3 4726 7507 8205
8609 3 5238 5320 8236
8610 3 5494 5694 8767
8611 3 5494 8767 10512
8612 3 8083 6006 10478
8613 3 7853 6262 8849
8614 3 7534 6774 10515
8615 3 8875 7542 9495
8616 3 119 4424 6783
8617 3 936 119 6783
8618 3 119 2783 4424
8619 3 8001 375 9325
8620 3 375 9098 9325
8621 3 428 375 8001
8622 3 375 428 8836
8623 3 3771 375 8836
8624 3 375 3771 9098
8625 3 631 2620 4187
8626 3 2620 631 3063
8627 3 2629 631 9484
8628 3 631 2629 4703
8629 3 631 4187 9484
8630 3 3063 631 4703
8631 3 1281 887 8573
8632 3 887 1281 8935
8633 3 887 8212 9476
8634 3 5574 887 9476
8635 3 887 5574 8573
8636 3 1143 1756 10462
8637 3 10218 1143 10462
8638 3 4972 1655 5634
8639 3 1655 4972 6686
8640 3 1911 9561 10172
8641 3 1911 8320 9561
8642 3 8320 1911 9369
8643 3 4082 1911 10172
8644 3 5971 2167 6028
8645 3 2167 5971 9371
8646 3 2167 3207 8435
8647 3 6028 2167 8435
8648 3 2167 2467 3207
8649 3 2467 2167 9371
8650 3 6685 2679 10301
8651 3 10301 2679 10556
8652 3 2679 4259 6425
8653 3 4259 2679 6685
8654 3 5049 2679 6425
8655 3 2679 5049 10556
8656 3 7866 2935 8419
8657 3 2935 7904 8600
8658 3 3565 2935 8600
8659 3 2935 3565 8419
8660 3 5129 3447 8982
8661 3 3447 5129 9892
8662 3 3703 6938 9696
8663 3 6938 3703 7654
8664 3 8128 3703 9696
8665 3 7654 3703 8331
8666 3 7541 3959 9651
8667 3 6562 3959 7541
8668 3 3959 9194 9651
8669 3 7380 4215 9471
8670 3 5851 4215 7380
8671 3 4215 5851 9190
8672 3 8686 4215 9190
8673 3 5239 6764 9019
8674 3 6764 5239 9288
8675 3 5495 8946 9609
8676 3 5751 6182 8457
8677 3 5824 5751 8457
8678 3 5751 5824 6265
8679 3 6903 6007 9485
8680 3 6007 6903 9868
8681 3 6263 6332 9534
8682 3 7543 8571 9012
8683 3 9829 9079 10017
8684 3 3073 120 7093
8685 3 120 3073 6106
8686 3 4755 120 5955
8687 3 120 4755 7093
8688 3 120 5030 5955
8689 3 120 2260 5030
8690 3 2260 120 6106
8691 3 3198 376 8576
8692 3 376 3198 7646
8693 3 376 986 7732
8694 3 986 376 7646
8695 3 5375 376 7732
8696 3 376 5375 8576
8697 3 632 3904 6218
8698 3 3904 632 4284
8699 3 632 6218 6920
8700 3 632 1472 4284
8701 3 1472 632 3277
8702 3 3277 632 6920
8703 3 5711 888 9081
8704 3 2161 888 5711
8705 3 888 7572 9081
8706 3 888 1973 4200
8707 3 1973 888 2161
8708 3 2252 888 4200
8709 3 888 2252 7572
8710 3 1144 6578 10209
8711 3 6578 1144 7670
8712 3 8638 1144 10209
8713 3 1144 1778 7670
8714 3 3694 1400 7459
8715 3 1400 3694 7420
8716 3 1400 5014 7459
8717 3 5014 1400 6073
8718 3 6073 1400 7420
8719 3 1656 4184 7891
8720 3 2394 1656 10070
8721 3 1656 7891 10070
8722 3 1656 3058 4184
8723 3 6230 1912 7769
8724 3 4474 1912 6230
8725 3 1912 2458 3424
8726 3 2458 1912 4474
8727 3 4998 2168 6270
8728 3 2168 3805 5958
8729 3 3805 2168 4998
8730 3 5881 2168 5958
8731 3 2168 5881 6270
8732 3 7176 2424 8985
8733 3 2424 2929 6653
8734 3 2424 7406 8985
8735 3 2424 6653 7406
8736 3 5122 2680 6142
8737 3 2680 5122 9472
8738 3 5814 2680 7031
8739 3 2680 5814 6142
8740 3 2936 5209 9368
8741 3 5209 2936 7594
8742 3 7594 2936 8078
8743 3 3772 3192 9355
8744 3 3448 6404 6427
8745 3 6404 3448 7968
8746 3 7968 3448 8073
8747 3 3448 5931 9752
8748 3 5931 3448 6427
8749 3 8073 3448 8121
8750 3 8121 3448 9752
8751 3 3704 9774 10244
8752 3 3960 4186 8140
8753 3 4472 5370 6928
8754 3 5370 4472 6049
8755 3 5988 4984 10047
8756 3 5240 5633 7805
8757 3 5240 7805 9504
8758 3 10125 5496 10322
8759 3 5496 9362 10322
8760 3 6264 8727 9432
8761 3 8005 7288 8813
8762 3 7544 8268 8797
8763 3 7544 8797 8862
8764 3 1079 121 9225
8765 3 121 6255 9225
8766 3 6255 121 8186
8767 3 121 6018 8186
8768 3 1020 121 1079
8769 3 121 1020 6018
8770 3 1032 377 9147
8771 3 377 1032 4809
8772 3 1313 377 4809
8773 3 2377 633 2452
8774 3 633 2377 5784
8775 3 2452 633 8311
8776 3 633 5784 8157
8777 3 633 8157 8311
8778 3 9144 889 9804
8779 3 889 9144 10093
8780 3 889 2011 9804
8781 3 1265 889 10093
8782 3 889 1265 2011
8783 3 1145 5507 7518
8784 3 5507 1145 7393
8785 3 3472 1145 7518
8786 3 1145 3472 7861
8787 3 6850 1145 7861
8788 3 1145 6850 7393
8789 3 3103 1401 6504
8790 3 2091 1401 3103
8791 3 1401 2091 6062
8792 3 3900 1401 6062
8793 3 3184 1401 3900
8794 3 1401 3184 6504
8795 3 4673 1657 7745
8796 3 1657 4673 6792
8797 3 4256 1657 4315
8798 3 4315 1657 6792
8799 3 1913 4944 5530
8800 3 1913 5530 8819
8801 3 6617 1913 8819
8802 3 1913 6617 10107
8803 3 2169 6208 8624
8804 3 2489 2169 8624
8805 3 2169 2489 2495
8806 3 2169 2495 10084
8807 3 2425 6016 6678
8808 3 6577 2425 6678
8809 3 2425 4051 6016
8810 3 7037 2681 8619
8811 3 2681 7037 10183
8812 3 2937 4697 9485
8813 3 4697 2937 9879
8814 3 2937 9378 10245
8815 3 9378 2937 9485
8816 3 6345 2937 10245
8817 3 2937 6345 9879
8818 3 3193 6209 10108
8819 3 7334 3193 10108
8820 3 3193 6364 7723
8821 3 6364 3193 7334
8822 3 5659 3449 9517
8823 3 3839 3449 5659
8824 3 3705 5991 7867
8825 3 3705 7867 8897
8826 3 3961 5194 9217
8827 3 3961 4206 5194
8828 3 4206 3961 5271
8829 3 6940 4473 6956
8830 3 6956 4473 9387
8831 3 4473 5246 8692
8832 3 7774 4729 9815
8833 3 4729 5757 9815
8834 3 5757 4729 6858
8835 3 5241 5987 9738
8836 3 6307 5753 9842
8837 3 5753 6307 7125
8838 3 6009 7762 10413
8839 3 6009 6383 7762
8840 3 6383 6009 10185
8841 3 6983 6777 7064
8842 3 7124 7033 10382
8843 3 7289 8139 9069
8844 3 9117 7801 10367
8845 3 8237 8057 8350
8846 3 8350 8057 9714
8847 3 9849 10072 10261
8848 3 122 2082 9044
8849 3 2082 122 7295
8850 3 7295 122 10080
8851 3 7112 122 9044
8852 3 122 7112 10080
8853 3 4368 378 6699
8854 3 378 2133 6699
8855 3 2133 378 10228
8856 3 1647 378 4368
8857 3 378 1647 10228
8858 3 6776 634 6888
8859 3 6888 634 10075
8860 3 1369 890 8004
8861 3 890 1196 8004
8862 3 6242 1146 8262
8863 3 1146 2983 7089
8864 3 2983 1146 7412
8865 3 1146 7089 8262
8866 3 3500 1402 6987
8867 3 1402 3500 6997
8868 3 1402 6317 6987
8869 3 7690 1658 9450
8870 3 3993 1914 8795
8871 3 1914 2046 8795
8872 3 5656 2170 6424
8873 3 6424 2170 8925
8874 3 7951 2426 9298
8875 3 2426 7951 9662
8876 3 2426 3926 7349
8877 3 3926 2426 9662
8878 3 2426 5554 9298
8879 3 5554 2426 7349
8880 3 5277 2682 6629
8881 3 2938 9272 9639
8882 3 2938 9639 10087
8883 3 3194 8039 8547
8884 3 7562 3194 8547
8885 3 3194 3271 7521
8886 3 3271 3194 7562
8887 3 3450 6106 7117
8888 3 3706 4497 5903
8889 3 4398 3962 9139
8890 3 5185 4218 6536
8891 3 4218 4845 9506
8892 3 4845 4218 5185
8893 3 4474 6230 9925
8894 3 5487 4986 10414
8895 3 7655 4986 10524
8896 3 4986 8681 10414
8897 3 5435 5242 9581
8898 3 5242 5435 5598
8899 3 5242 8433 9581
8900 3 8506 5754 9753
8901 3 6529 5754 8506
8902 3 6010 6964 8806
8903 3 6778 7019 7546
8904 3 6778 7666 9763
8905 3 7725 7034 8638
8906 3 7802 9024 9805
8907 3 9024 7802 9079
8908 3 8231 8058 10404
8909 3 2564 123 10504
8910 3 123 2564 2649
8911 3 123 2649 7410
8912 3 123 5001 10504
8913 3 5001 123 5809
8914 3 5809 123 7410
8915 3 379 2655 10406
8916 3 4719 379 10406
8917 3 3201 379 4719
8918 3 635 7429 8054
8919 3 635 5204 7429
8920 3 5204 635 5884
8921 3 635 2740 6982
8922 3 2740 635 8054
8923 3 5884 635 6982
8924 3 4663 891 4932
8925 3 891 4663 6357
8926 3 891 1936 4932
8927 3 1936 891 5532
8928 3 891 6357 9403
8929 3 8315 1147 10085
8930 3 1147 5776 10337
8931 3 5776 1147 8315
8932 3 2850 1403 7521
8933 3 2111 1403 2850
8934 3 1403 3194 7521
8935 3 3194 1403 8039
8936 3 1677 1403 2111
8937 3 1403 1677 8039
8938 3 1659 3330 9247
8939 3 3330 1659 8289
8940 3 8289 1659 10110
8941 3 7793 1659 9247
8942 3 1659 7793 7895
8943 3 1659 7895 10110
8944 3 3749 1915 4717
8945 3 1915 3749 7309
8946 3 1915 2248 4717
8947 3 2248 1915 8397
8948 3 7080 2171 10170
8949 3 2171 7341 10170
8950 3 2171 4569 7761
8951 3 4569 2171 7080
8952 3 3809 2171 7761
8953 3 2892 2427 9359
8954 3 2427 2892 4561
8955 3 6259 2427 7716
8956 3 2683 4540 9240
8957 3 2683 4291 10398
8958 3 8929 2683 9240
8959 3 5721 2939 10511
8960 3 2939 5721 8684
8961 3 8415 2939 8684
8962 3 3451 6232 8728
8963 3 3451 3465 6232
8964 3 8712 3707 8916
8965 3 9021 3707 9596
8966 3 5803 3707 9021
8967 3 3707 5803 8916
8968 3 5344 3707 8712
8969 3 3963 7226 8360
8970 3 7914 3963 8360
8971 3 4219 4489 9629
8972 3 4219 7311 10300
8973 3 7311 4219 9629
8974 3 4475 7465 10230
8975 3 4475 5862 7816
8976 3 5862 4475 10230
8977 3 7676 4987 8450
8978 3 4987 7676 10306
8979 3 5243 10442 10521
8980 3 6952 5755 9305
8981 3 7621 5755 8522
8982 3 5755 7621 9305
8983 3 6848 6011 9542
8984 3 6267 6366 6859
8985 3 9137 7291 10045
8986 3 7803 8129 10293
8987 3 7803 7926 8129
8988 3 6916 124 9684
8989 3 124 6407 9684
8990 3 124 3894 6407
8991 3 3894 124 6932
8992 3 124 4216 6932
8993 3 208 124 6916
8994 3 124 208 4216
8995 3 380 7955 8178
8996 3 380 3015 10007
8997 3 3015 380 8178
8998 3 380 4862 7955
8999 3 4862 380 10007
9000 3 636 8206 9090
9001 3 4936 636 9090
9002 3 636 7296 8206
9003 3 3062 636 4936
9004 3 636 3062 7296
9005 3 892 2935 7866
9006 3 2935 892 7904
9007 3 892 7866 10475
9008 3 8044 1148 9495
9009 3 6296 1148 7537
9010 3 1148 6296 8875
9011 3 1148 8875 9495
9012 3 7354 1148 8044
9013 3 1148 7354 7537
9014 3 1404 3355 10407
9015 3 6735 1404 10407
9016 3 1660 3517 5057
9017 3 1660 1775 3517
9018 3 2172 5890 7101
9019 3 2172 4592 5890
9020 3 2588 2428 3384
9021 3 2428 2588 9644
9022 3 2428 2771 3384
9023 3 2771 2428 7153
9024 3 3558 2428 9644
9025 3 2428 3558 7153
9026 3 8295 2684 10211
9027 3 2684 4231 10211
9028 3 2940 4239 8913
9029 3 2940 3222 4239
9030 3 3222 2940 8357
9031 3 2940 6603 8357
9032 3 3196 4073 5811
9033 3 5217 3452 8716
9034 3 4205 3452 5217
9035 3 3452 4205 7121
9036 3 3452 6295 8716
9037 3 5038 3708 5244
9038 3 3964 6485 7297
9039 3 3964 7297 9932
9040 3 8870 3964 9932
9041 3 4220 6452 10302
9042 3 6452 4220 7062
9043 3 4476 5089 10234
9044 3 5089 4476 9981
9045 3 9981 4476 10171
9046 3 5500 8378 9266
9047 3 8378 5500 9319
9048 3 6770 5756 9776
9049 3 7949 7036 9207
9050 3 7036 7198 7397
9051 3 7292 7632 8592
9052 3 8060 8394 10432
9053 3 698 125 9939
9054 3 9939 125 10078
9055 3 3898 381 7729
9056 3 381 3898 7163
9057 3 381 4449 8302
9058 3 4449 381 7163
9059 3 381 4795 7729
9060 3 4795 381 8302
9061 3 637 2686 6537
9062 3 2686 637 4085
9063 3 4085 637 9366
9064 3 893 7230 7929
9065 3 893 6549 7230
9066 3 893 3755 6549
9067 3 3755 893 6852
9068 3 893 5569 6852
9069 3 5569 893 7391
9070 3 7391 893 7929
9071 3 1149 3400 5547
9072 3 3400 1149 5629
9073 3 1149 3285 3407
9074 3 3285 1149 5547
9075 3 1405 1660 7531
9076 3 1660 1405 1775
9077 3 1775 1405 9699
9078 3 10274 1661 10339
9079 3 7161 1661 10274
9080 3 4605 1661 7161
9081 3 6684 1917 7825
9082 3 1917 6684 8917
9083 3 2129 1917 8917
9084 3 1917 4093 7825
9085 3 2173 8743 9536
9086 3 8743 2173 9920
9087 3 9072 2173 9536
9088 3 4511 2173 9072
9089 3 2173 4511 6622
9090 3 2173 6622 9920
9091 3 2429 5936 8303
9092 3 5936 2429 8426
9093 3 2429 3921 6996
9094 3 2429 6996 10267
9095 3 8426 2429 10267
9096 3 2429 3823 3921
9097 3 3823 2429 8303
9098 3 3668 2685 4133
9099 3 3167 2685 3668
9100 3 2754 2685 6512
9101 3 5275 2941 7742
9102 3 6326 2941 7475
9103 3 2941 6326 7742
9104 3 3197 3841 9393
9105 3 5957 3197 9142
9106 3 5723 3453 7350
9107 3 4781 3453 5615
9108 3 3709 7714 10459
9109 3 6301 3709 7409
9110 3 3709 5027 7714
9111 3 7409 3709 10459
9112 3 6662 3965 8663
9113 3 6561 3965 6662
9114 3 4221 5386 5768
9115 3 4221 5768 8043
9116 3 4477 6230 6245
9117 3 6230 4477 9925
9118 3 4477 7818 9925
9119 3 4733 5678 7098
9120 3 5678 4733 10490
9121 3 5822 4989 8596
9122 3 6121 5501 7205
9123 3 6013 6758 9785
9124 3 7069 6269 7157
9125 3 6321 6269 7069
9126 3 6781 9750 9915
9127 3 8829 9618 10077
9128 3 4100 126 8972
9129 3 126 7725 8972
9130 3 126 4725 7034
9131 3 126 7034 7725
9132 3 2763 126 4100
9133 3 126 2763 4725
9134 3 382 6153 7465
9135 3 1109 382 7465
9136 3 382 1109 10212
9137 3 4708 382 10212
9138 3 382 905 6153
9139 3 905 382 4708
9140 3 4202 638 7439
9141 3 638 4202 7486
9142 3 7019 638 7486
9143 3 894 3618 5928
9144 3 3618 894 7041
9145 3 3454 894 5928
9146 3 894 3454 3788
9147 3 894 1985 7041
9148 3 1985 894 3788
9149 3 6530 1150 7212
9150 3 1150 6809 7212
9151 3 2058 1406 3357
9152 3 1406 2058 4285
9153 3 3357 1406 10276
9154 3 1406 5416 6626
9155 3 1406 4285 5416
9156 3 1406 6626 10276
9157 3 8450 1662 9009
9158 3 4987 1662 8450
9159 3 4496 1918 9412
9160 3 3746 1918 4496
9161 3 1918 3746 4826
9162 3 1918 4826 10235
9163 3 1918 3304 9412
9164 3 3304 1918 10235
9165 3 2174 4999 8326
9166 3 4999 2174 6824
9167 3 6335 2174 8326
9168 3 2174 6335 6600
9169 3 2174 6600 6824
9170 3 8990 2430 9292
9171 3 5468 2430 8990
9172 3 2430 4208 9292
9173 3 4208 2430 4521
9174 3 4521 2430 7464
9175 3 6537 2686 7251
9176 3 2686 4085 6187
9177 3 6566 2942 8975
9178 3 2942 6566 9376
9179 3 2942 5337 6400
9180 3 2942 3577 5337
9181 3 2942 6400 8975
9182 3 4384 3198 6813
9183 3 3198 4384 7646
9184 3 3454 5928 9643
9185 3 3454 9643 10214
9186 3 7089 3454 8262
9187 3 3788 3454 7089
9188 3 3888 3710 5525
9189 3 3710 3888 4539
9190 3 3710 4539 9112
9191 3 3966 5682 9824
9192 3 3966 4154 5682
9193 3 4154 3966 5965
9194 3 5965 3966 6570
9195 3 6570 3966 7147
9196 3 7147 3966 9824
9197 3 6302 4478 10485
9198 3 4478 8874 9914
9199 3 4478 9914 10485
9200 3 8533 4990 10528
9201 3 8692 5246 9587
9202 3 5502 6420 10422
9203 3 7214 5502 9825
9204 3 5502 6772 9825
9205 3 5502 5578 6420
9206 3 5578 5502 6376
9207 3 6376 5502 7214
9208 3 5758 6625 8362
9209 3 6014 6131 6228
9210 3 6131 6014 10216
9211 3 6270 6906 9861
9212 3 7555 6526 8143
9213 3 7550 9553 10107
9214 3 9553 7550 10446
9215 3 8837 8574 8892
9216 3 8892 8574 10184
9217 3 155 127 9740
9218 3 127 155 254
9219 3 127 8403 10435
9220 3 127 4598 9740
9221 3 4598 127 10435
9222 3 127 254 8403
9223 3 383 4219 10300
9224 3 1176 383 1725
9225 3 383 1176 6853
9226 3 1725 383 10300
9227 3 383 1532 4219
9228 3 1532 383 6853
9229 3 4635 639 5933
9230 3 639 1358 5933
9231 3 1358 639 5332
9232 3 3361 895 4583
9233 3 2345 895 3361
9234 3 895 2345 3685
9235 3 3122 895 3685
9236 3 895 3122 4583
9237 3 1151 6724 8907
9238 3 2379 1151 3119
9239 3 1151 2379 6724
9240 3 1151 1424 3119
9241 3 1424 1151 8907
9242 3 1407 5228 6413
9243 3 5228 1407 7121
9244 3 1407 3452 7121
9245 3 5509 1407 6413
9246 3 1407 1454 3452
9247 3 1454 1407 5509
9248 3 8964 1663 9545
9249 3 1663 1673 9545
9250 3 1673 1663 2262
9251 3 8147 1663 8964
9252 3 4124 1919 4493
9253 3 1919 4124 6122
9254 3 4493 1919 9728
9255 3 1919 6122 9236
9256 3 7033 2175 9988
9257 3 2175 7033 7124
9258 3 2175 6340 9988
9259 3 5059 2431 6575
9260 3 2431 4579 6585
9261 3 4579 2431 5059
9262 3 4391 2687 8640
9263 3 3958 2687 4391
9264 3 2687 3958 9053
9265 3 8640 2687 10396
9266 3 5102 2687 9053
9267 3 4591 2943 10128
9268 3 4120 3199 4946
9269 3 7513 3199 9392
9270 3 5075 3455 5136
9271 3 3455 5075 8675
9272 3 3455 5077 5136
9273 3 5077 3455 9402
9274 3 3711 8979 10495
9275 3 3885 3711 10145
9276 3 3711 5741 10145
9277 3 3711 4560 5741
9278 3 4560 3711 5869
9279 3 5869 3711 10495
9280 3 6641 4223 7360
9281 3 4693 4479 9907
9282 3 4735 7242 9863
9283 3 4735 6816 10146
9284 3 5400 4991 9913
9285 3 4991 5400 6594
9286 3 5192 4991 6594
9287 3 5867 5503 9626
9288 3 5759 6251 10460
9289 3 5759 7395 10327
9290 3 7395 5759 10460
9291 3 7040 6527 7496
9292 3 8656 7039 9057
9293 3 7039 7136 9057
9294 3 7136 7039 7526
9295 3 7295 9635 9985
9296 3 9635 7295 10080
9297 3 6946 128 7135
9298 3 128 8810 9943
9299 3 7135 128 9943
9300 3 3404 384 10324
9301 3 384 3404 3779
9302 3 6006 384 10533
9303 3 384 6006 8083
9304 3 384 8083 10324
9305 3 384 3779 10533
9306 3 7517 640 10262
9307 3 640 2404 10262
9308 3 2404 640 6398
9309 3 979 640 7517
9310 3 640 979 1261
9311 3 640 1261 6398
9312 3 1084 896 2711
9313 3 896 1084 3033
9314 3 896 4177 9722
9315 3 2711 896 10117
9316 3 896 3033 4177
9317 3 896 9722 10117
9318 3 1152 2675 2888
9319 3 2675 1152 9659
9320 3 1152 8871 9659
9321 3 1408 1820 2009
9322 3 1408 2009 3802
9323 3 5657 1664 6384
9324 3 4275 1664 5657
9325 3 1664 4275 5594
9326 3 1664 5594 9737
9327 3 6384 1664 8265
9328 3 5876 1664 9737
9329 3 1664 5876 8265
9330 3 1920 5830 5925
9331 3 5830 1920 6450
9332 3 2176 3171 5577
9333 3 3171 2176 3839
9334 3 3449 2176 9517
9335 3 2176 3449 3839
9336 3 2176 4348 9517
9337 3 4348 2176 5577
9338 3 3134 2432 5872
9339 3 2432 3134 5625
9340 3 2432 5625 7932
9341 3 3409 2688 8975
9342 3 2688 3409 7500
9343 3 6556 2688 7500
9344 3 2688 6556 6566
9345 3 2688 6566 8975
9346 3 7733 3200 7984
9347 3 3200 7733 8679
9348 3 3658 3200 7216
9349 3 3200 3658 7984
9350 3 5871 3712 9623
9351 3 3968 3989 9309
9352 3 3989 3968 9352
9353 3 6358 4224 8803
9354 3 4736 5916 8435
9355 3 5801 5248 8706
9356 3 5248 5801 8014
9357 3 7918 5504 10238
9358 3 8206 7296 8525
9359 3 7710 7552 8329
9360 3 7808 9667 9796
9361 3 2090 129 7251
9362 3 129 2090 4342
9363 3 129 5179 7251
9364 3 129 3407 5179
9365 3 129 1149 3407
9366 3 1149 129 5629
9367 3 129 4342 5629
9368 3 385 2637 6964
9369 3 385 3408 6492
9370 3 3408 385 6010
9371 3 6010 385 6964
9372 3 385 1239 2637
9373 3 1239 385 6492
9374 3 1880 641 3368
9375 3 641 1880 3221
9376 3 641 3221 7670
9377 3 1778 641 7670
9378 3 897 946 8209
9379 3 946 897 10463
9380 3 4915 1153 5093
9381 3 1153 3291 5093
9382 3 4841 1153 4915
9383 3 2298 1153 4841
9384 3 1409 1704 3534
9385 3 1704 1409 7164
9386 3 7164 1409 8805
9387 3 2152 1665 7987
9388 3 1665 2152 6008
9389 3 1665 3752 7887
9390 3 1665 7887 7987
9391 3 2639 1921 8275
9392 3 1921 2639 6001
9393 3 8275 1921 8921
9394 3 1921 6001 8668
9395 3 1921 5348 8921
9396 3 2938 2177 9272
9397 3 2177 2757 9272
9398 3 2757 2177 9967
9399 3 2689 10076 10419
9400 3 2689 2983 7054
9401 3 2983 2689 10419
9402 3 2945 7434 7879
9403 3 7701 2945 7879
9404 3 2945 4203 6671
9405 3 4203 2945 7701
9406 3 2945 7281 7434
9407 3 3201 4719 9800
9408 3 6839 3201 9800
9409 3 3457 5156 8956
9410 3 6979 3457 10049
9411 3 4992 3457 6979
9412 3 3457 3783 5156
9413 3 3783 3457 4992
9414 3 3457 8956 10049
9415 3 5548 3713 8276
9416 3 6368 3713 9837
9417 3 3713 6368 8151
9418 3 3969 4696 4911
9419 3 4696 3969 6335
9420 3 4858 3969 4911
9421 3 3969 4858 9397
9422 3 6088 4225 8667
9423 3 6031 4481 6710
9424 3 4914 4737 5566
9425 3 5566 4737 7614
9426 3 7614 4737 7798
9427 3 4993 6045 10049
9428 3 5818 4993 6698
9429 3 4993 5818 6045
9430 3 5249 9538 9813
9431 3 5249 9461 9538
9432 3 8141 5505 8741
9433 3 7825 5761 9838
9434 3 6273 6753 7750
9435 3 9157 6273 9940
9436 3 7297 8572 9932
9437 3 8536 7553 9765
9438 3 7809 9419 10221
9439 3 9089 9586 10551
9440 3 4912 130 9777
9441 3 130 4912 7656
9442 3 130 8496 9777
9443 3 130 4710 8496
9444 3 130 1706 4710
9445 3 1706 130 7656
9446 3 3656 386 7744
9447 3 386 3656 4458
9448 3 1170 386 2891
9449 3 386 2223 2891
9450 3 2223 386 4458
9451 3 2137 642 7122
9452 3 642 2137 3057
9453 3 1502 642 10501
9454 3 642 1502 7122
9455 3 642 3057 7347
9456 3 898 1058 1787
9457 3 1058 898 8190
9458 3 1154 5139 7727
9459 3 5139 1154 8333
9460 3 1154 7583 8333
9461 3 1154 3037 7583
9462 3 8244 1410 8870
9463 3 1410 2737 8870
9464 3 3819 1410 8244
9465 3 1410 3819 5777
9466 3 1666 2073 5312
9467 3 4033 1666 5312
9468 3 6212 1922 6378
9469 3 4701 1922 6212
9470 3 1922 4701 10363
9471 3 8924 1922 10363
9472 3 6378 1922 8442
9473 3 8442 1922 8924
9474 3 2178 5195 9975
9475 3 6029 2178 10482
9476 3 2178 9975 10482
9477 3 2434 5658 8945
9478 3 4462 2434 8128
9479 3 2434 3703 8128
9480 3 2434 3561 5658
9481 3 3561 2434 4462
9482 3 9041 2690 9499
9483 3 5273 2690 9041
9484 3 2946 2982 5812
9485 3 2982 2946 10228
9486 3 2946 5812 9911
9487 3 4632 3202 10090
9488 3 3475 3202 4632
9489 3 3202 3568 10090
9490 3 3458 6418 9513
9491 3 5435 3458 8682
9492 3 8682 3458 9513
9493 3 3714 4915 9018
9494 3 7063 3714 10195
9495 3 3714 4841 4915
9496 3 4841 3714 7063
9497 3 4401 3970 4907
9498 3 3970 4401 8558
9499 3 4226 5927 7265
9500 3 7103 4226 7265
9501 3 6181 4482 10324
9502 3 4482 6953 7551
9503 3 4482 7551 10324
9504 3 8613 4738 10392
9505 3 4994 6211 7039
9506 3 4994 7039 8656
9507 3 4994 8656 9608
9508 3 5762 7428 8505
9509 3 7689 6018 9521
9510 3 6018 7689 10215
9511 3 8186 6018 10215
9512 3 7787 6274 10393
9513 3 7082 6530 7212
9514 3 541 131 7282
9515 3 131 541 9384
9516 3 317 131 8821
9517 3 131 317 8356
9518 3 7282 131 8832
9519 3 131 8356 8832
9520 3 131 8409 8821
9521 3 8409 131 9384
9522 3 387 1083 3307
9523 3 2417 387 3860
9524 3 387 2417 8041
9525 3 401 387 8041
9526 3 387 401 461
9527 3 387 461 1083
9528 3 387 3307 3860
9529 3 6254 643 7094
9530 3 643 6254 6389
9531 3 899 5499 9068
9532 3 3760 899 8689
9533 3 8689 899 9068
9534 3 1155 1982 4291
9535 3 1982 1155 6135
9536 3 6135 1155 8623
9537 3 8467 1411 9070
9538 3 1411 3392 9198
9539 3 9070 1411 9198
9540 3 6544 1411 8467
9541 3 1667 6827 9528
9542 3 6827 1667 9614
9543 3 1923 9289 9492
9544 3 9167 1923 9492
9545 3 2361 2179 5323
9546 3 2179 2361 5849
9547 3 4501 2179 5849
9548 3 2179 4501 4595
9549 3 5323 2179 5565
9550 3 2179 4595 5565
9551 3 2435 3796 6661
9552 3 2691 9619 9672
9553 3 2947 5949 10371
9554 3 9163 3203 10454
9555 3 4126 3459 5145
9556 3 4152 3715 10104
9557 3 3715 9655 10104
9558 3 5908 3971 7068
9559 3 3971 4069 7068
9560 3 4227 4337 7184
9561 3 4337 4227 7107
9562 3 4739 6840 7306
9563 3 6275 7355 9148
9564 3 6275 9148 10074
9565 3 6531 6988 10377
9566 3 6654 6531 10377
9567 3 8630 6787 10178
9568 3 7050 7043 9002
9569 3 7043 7919 9002
9570 3 8835 8864 8900
9571 3 132 7983 9732
9572 3 5449 132 9247
9573 3 132 5449 7983
9574 3 8669 132 9732
9575 3 132 4843 9247
9576 3 4843 132 8669
9577 3 7696 388 8862
9578 3 388 7696 10220
9579 3 661 388 5561
9580 3 388 3767 5561
9581 3 3767 388 10220
9582 3 454 388 661
9583 3 388 454 8862
9584 3 644 7780 10041
9585 3 644 3508 7780
9586 3 900 4104 6929
9587 3 4104 900 8992
9588 3 900 8606 8992
9589 3 2761 900 6929
9590 3 900 2761 8606
9591 3 3377 1156 3538
9592 3 2382 1156 7688
9593 3 1156 2382 10123
9594 3 3538 1156 10123
9595 3 1412 1549 9037
9596 3 1549 1412 5887
9597 3 1412 4218 9506
9598 3 4218 1412 6536
9599 3 6536 1412 9037
9600 3 1668 5444 8681
9601 3 1668 2166 8552
9602 3 1924 6275 10074
9603 3 2729 1924 10074
9604 3 2436 5246 9320
9605 3 5246 2436 9587
9606 3 3046 2436 9320
9607 3 2436 3046 8588
9608 3 8239 2692 8955
9609 3 2692 5600 9680
9610 3 2786 2692 9680
9611 3 2692 2786 8955
9612 3 4083 2948 4945
9613 3 10233 2948 10449
9614 3 3204 5639 8331
9615 3 3849 3460 4033
9616 3 3972 6798 7156
9617 3 5276 3972 7156
9618 3 3972 4806 6798
9619 3 4228 7734 8629
9620 3 4228 5469 7123
9621 3 5469 4228 9469
9622 3 4228 8629 9469
9623 3 4228 7123 7734
9624 3 4740 7586 9003
9625 3 7586 4740 9343
9626 3 7230 4996 7651
9627 3 6549 4996 7230
9628 3 7651 4996 9803
9629 3 6320 5252 10079
9630 3 8216 5508 10197
9631 3 5764 7915 8608
9632 3 6734 6020 6744
9633 3 6300 6020 6734
9634 3 6020 6300 6553
9635 3 6546 6276 9715
9636 3 6835 133 9058
9637 3 133 762 8820
9638 3 762 133 6835
9639 3 133 4351 9058
9640 3 4351 133 8820
9641 3 5746 389 8582
9642 3 2017 389 5483
9643 3 4615 645 8294
9644 3 2885 645 8021
9645 3 645 2885 8294
9646 3 1189 645 4615
9647 3 645 1189 5586
9648 3 645 5586 8021
9649 3 4106 901 10051
9650 3 901 9772 10051
9651 3 1157 3075 4669
9652 3 1157 4669 6310
9653 3 1413 6973 10360
9654 3 1413 3173 7187
9655 3 3173 1413 10360
9656 3 4394 1669 4466
9657 3 4466 1669 5894
9658 3 1925 8461 8969
9659 3 7042 1925 8969
9660 3 1925 5531 10298
9661 3 5531 1925 7042
9662 3 1925 8425 8461
9663 3 8425 1925 10298
9664 3 2181 6423 9751
9665 3 4421 2181 9751
9666 3 2181 4421 5973
9667 3 2181 5973 9044
9668 3 4427 2437 6913
9669 3 3227 2437 4427
9670 3 2437 3227 7624
9671 3 2437 7624 10187
9672 3 4622 2693 6634
9673 3 2693 7044 8928
9674 3 5146 2949 8063
9675 3 10043 2949 10460
9676 3 8063 2949 10043
9677 3 3756 2949 9373
9678 3 2949 3756 10460
9679 3 3205 4110 5666
9680 3 4110 3205 9708
9681 3 3205 9505 9708
9682 3 4454 3205 5666
9683 3 3205 4454 5073
9684 3 3205 5073 9505
9685 3 8759 3461 9035
9686 3 9035 3461 9242
9687 3 3461 4440 9242
9688 3 3717 5844 8160
9689 3 8974 3973 10027
9690 3 6799 3973 8422
9691 3 4485 5025 5138
9692 3 5025 4485 7079
9693 3 4741 6489 7761
9694 3 6489 4741 9093
9695 3 7653 4741 8816
9696 3 4741 7653 9093
9697 3 4997 6521 7668
9698 3 4997 7668 9162
9699 3 5253 6769 8277
9700 3 7025 6021 7850
9701 3 9693 6277 10451
9702 3 6533 7703 7971
9703 3 6533 6746 7703
9704 3 8230 6789 8565
9705 3 9304 7301 9852
9706 3 134 2876 10263
9707 3 2876 134 10304
9708 3 134 161 10304
9709 3 161 134 732
9710 3 732 134 10263
9711 3 390 3141 6084
9712 3 390 4815 8383
9713 3 4815 390 6084
9714 3 1284 646 4658
9715 3 646 1284 9430
9716 3 4658 646 8415
9717 3 646 2939 8415
9718 3 646 1940 2939
9719 3 1940 646 8700
9720 3 8700 646 9430
9721 3 2200 902 10050
9722 3 902 2200 7058
9723 3 902 5329 9552
9724 3 5329 902 7058
9725 3 902 5590 10050
9726 3 5590 902 9552
9727 3 5713 1158 9702
9728 3 1158 2489 7728
9729 3 2489 1158 5713
9730 3 3302 1158 7728
9731 3 1158 3302 6139
9732 3 1158 6139 9702
9733 3 1414 6805 9582
9734 3 1726 1414 3262
9735 3 3262 1414 9582
9736 3 3720 1670 10219
9737 3 1670 10135 10219
9738 3 6845 1670 10255
9739 3 1670 6845 10135
9740 3 8316 1926 8861
9741 3 2182 2346 9161
9742 3 2346 2182 9961
9743 3 2182 7568 9961
9744 3 4538 2182 9161
9745 3 2182 3326 7568
9746 3 3326 2182 4538
9747 3 2438 7236 10063
9748 3 7236 2438 8326
9749 3 2438 4696 8326
9750 3 6261 2438 10063
9751 3 2438 4050 4696
9752 3 4050 2438 6261
9753 3 3684 2694 8822
9754 3 2694 3684 9656
9755 3 6767 2694 7503
9756 3 2694 6767 8822
9757 3 2694 3242 7503
9758 3 3242 2694 9656
9759 3 8471 2950 10114
9760 3 2950 8471 9398
9761 3 2950 8434 10114
9762 3 8950 2950 9398
9763 3 3462 4060 7589
9764 3 3718 7538 9424
9765 3 3974 7684 7820
9766 3 4230 5504 7918
9767 3 7817 4230 7918
9768 3 4230 4572 5504
9769 3 4486 5506 5775
9770 3 5506 4486 9119
9771 3 9119 4486 9741
9772 3 8972 4742 9661
9773 3 4998 6270 9861
9774 3 5254 7475 8252
9775 3 5254 6783 7475
9776 3 6288 5510 9986
9777 3 6022 7002 8490
9778 3 6278 8609 9600
9779 3 6278 6650 10473
9780 3 6534 9219 10400
9781 3 10380 6534 10400
9782 3 7046 7943 8963
9783 3 8139 7814 9069
9784 3 8913 135 9852
9785 3 6356 135 7040
9786 3 2791 135 8913
9787 3 135 2791 4087
9788 3 135 5866 9852
9789 3 5866 135 6356
9790 3 135 4087 7040
9791 3 391 3681 7458
9792 3 8081 391 8466
9793 3 391 1984 8466
9794 3 1984 391 7458
9795 3 391 2816 3681
9796 3 2816 391 8081
9797 3 647 3990 7422
9798 3 647 2731 6590
9799 3 2731 647 7422
9800 3 647 6590 10239
9801 3 5910 903 9991
9802 3 903 2074 10087
9803 3 2074 903 2967
9804 3 903 8555 9991
9805 3 8555 903 10087
9806 3 2967 903 5538
9807 3 5538 903 5910
9808 3 4441 1159 8025
9809 3 1159 7071 8905
9810 3 1159 6890 8025
9811 3 6890 1159 8905
9812 3 1415 6463 9851
9813 3 6762 1415 7632
9814 3 7632 1415 9851
9815 3 3927 1671 7284
9816 3 2990 1671 3927
9817 3 3018 1671 10243
9818 3 1671 3018 7284
9819 3 7691 1927 9509
9820 3 5429 1927 7691
9821 3 2704 1927 5429
9822 3 2183 3439 5976
9823 3 3439 2183 8093
9824 3 2726 2183 8710
9825 3 2183 2726 8093
9826 3 8986 2439 9399
9827 3 6955 2439 8986
9828 3 2439 6955 8893
9829 3 2439 4252 9399
9830 3 4252 2439 6083
9831 3 6083 2439 8893
9832 3 5402 2695 8276
9833 3 4957 2695 5402
9834 3 3166 2695 4957
9835 3 2695 3166 8618
9836 3 2695 8618 9844
9837 3 2695 5548 8276
9838 3 5548 2695 9844
9839 3 5878 2951 9045
9840 3 3207 4736 8435
9841 3 5229 3463 7446
9842 3 3463 5229 10137
9843 3 3931 3719 8551
9844 3 3719 3931 10094
9845 3 3719 3787 8248
9846 3 3787 3719 10094
9847 3 4101 3975 5071
9848 3 3975 4101 7656
9849 3 5767 3975 8023
9850 3 3975 7656 8023
9851 3 4231 6373 10211
9852 3 4487 4634 10555
9853 3 4999 5637 8326
9854 3 5255 8718 10415
9855 3 5511 7317 8421
9856 3 5511 7144 7256
9857 3 7144 5511 8421
9858 3 5915 5767 8023
9859 3 5767 5915 9330
9860 3 5767 5801 8706
9861 3 5801 5767 9330
9862 3 6996 6023 10242
9863 3 7076 6023 8367
9864 3 6791 8642 9570
9865 3 8071 9365 9973
9866 3 281 136 3480
9867 3 3480 136 4445
9868 3 136 256 4445
9869 3 392 4372 8119
9870 3 4372 392 4536
9871 3 8077 392 8119
9872 3 3241 392 8077
9873 3 648 4108 9288
9874 3 4108 648 6243
9875 3 6243 648 6806
9876 3 2736 648 9288
9877 3 648 2736 6806
9878 3 5207 904 5669
9879 3 904 5207 6033
9880 3 904 6033 9992
9881 3 4813 904 9992
9882 3 904 4813 5669
9883 3 1295 1160 2730
9884 3 7530 1160 10535
9885 3 5452 1416 10190
9886 3 1416 3721 10190
9887 3 3721 1416 4324
9888 3 1672 8032 9948
9889 3 1672 3444 8032
9890 3 3226 1672 8454
9891 3 1672 3226 3444
9892 3 1672 2764 8454
9893 3 2764 1672 9948
9894 3 4173 1928 4990
9895 3 1928 4173 5251
9896 3 4990 1928 6715
9897 3 4667 2184 9393
9898 3 2184 3197 9393
9899 3 3197 2184 9142
9900 3 4131 2440 7491
9901 3 2440 4131 6564
9902 3 9531 2440 9899
9903 3 7491 2440 9122
9904 3 9122 2440 9531
9905 3 2440 6564 9899
9906 3 2696 5585 9995
9907 3 5585 2696 9181
9908 3 2952 7595 10477
9909 3 2952 3791 7595
9910 3 4467 3464 8876
9911 3 3464 4467 8187
9912 3 3976 8733 9208
9913 3 8183 3976 9301
9914 3 4488 4723 9984
9915 3 6298 5512 9016
9916 3 6501 6024 9217
9917 3 7108 6280 8477
9918 3 7060 6792 9252
9919 3 7048 8644 8994
9920 3 7560 9092 9191
9921 3 777 137 4507
9922 3 137 777 9136
9923 3 317 137 9459
9924 3 137 317 9716
9925 3 4507 137 9716
9926 3 4799 137 9136
9927 3 137 4799 9459
9928 3 1025 393 7637
9929 3 393 1025 4336
9930 3 393 7467 7637
9931 3 393 1645 3395
9932 3 1645 393 2501
9933 3 2501 393 4336
9934 3 393 1765 7467
9935 3 1765 393 3395
9936 3 4361 649 7268
9937 3 649 8221 8317
9938 3 8221 649 10464
9939 3 3113 649 4361
9940 3 649 3113 10464
9941 3 7268 649 8317
9942 3 6153 905 8357
9943 3 905 1073 8357
9944 3 1161 7005 8964
9945 3 1417 1685 7712
9946 3 1685 1417 6817
9947 3 6817 1417 8768
9948 3 1417 2766 8768
9949 3 2045 1417 7712
9950 3 1417 2045 2766
9951 3 5195 1673 9975
9952 3 1673 2262 9975
9953 3 9282 1929 10235
9954 3 1929 3304 10235
9955 3 2185 4022 8213
9956 3 4022 2185 5142
9957 3 2441 3143 9704
9958 3 2697 4131 7491
9959 3 2697 7491 7836
9960 3 2697 3420 4131
9961 3 2697 3185 3420
9962 3 3185 2697 6392
9963 3 6392 2697 7836
9964 3 5923 2953 5942
9965 3 5942 2953 8587
9966 3 2953 5721 10511
9967 3 5721 2953 5923
9968 3 5371 2953 10511
9969 3 2953 5371 8587
9970 3 3209 4121 4903
9971 3 3209 3762 4121
9972 3 5935 3721 8075
9973 3 8075 3721 10471
9974 3 10190 3721 10422
9975 3 3721 4324 10471
9976 3 5096 3721 5935
9977 3 3721 5096 10422
9978 3 4233 4329 7290
9979 3 4489 6265 9629
9980 3 7018 4745 10409
9981 3 8131 4745 10081
9982 3 4745 8131 10409
9983 3 5257 6338 10032
9984 3 8432 5257 10032
9985 3 6025 9775 10032
9986 3 6338 6025 10032
9987 3 6513 6281 8089
9988 3 6537 7251 8501
9989 3 7843 6793 10403
9990 3 6793 7889 10403
9991 3 7149 6793 7843
9992 3 9822 7049 10029
9993 3 8458 7305 8511
9994 3 7305 8458 8577
9995 3 7305 8577 9023
9996 3 7817 7918 9370
9997 3 7466 138 9693
9998 3 6277 138 8778
9999 3 138 6277 9693
10000 3 2734 138 7466
10001 3 138 2734 8778
10002 3 394 5685 10546
10003 3 394 3412 5685
10004 3 1451 394 10546
10005 3 394 1451 7287
10006 3 4682 650 9418
10007 3 1620 650 3951
10008 3 3951 650 4682
10009 3 9418 650 10231
10010 3 906 5385 8491
10011 3 3291 906 8491
10012 3 906 1245 5385
10013 3 1162 5202 8037
10014 3 7560 1162 9092
10015 3 6910 1418 7469
10016 3 5537 1674 10529
10017 3 1674 5537 7994
10018 3 1674 5621 5904
10019 3 5621 1674 7994
10020 3 4607 2442 10281
10021 3 2698 6000 9226
10022 3 6558 2698 9226
10023 3 7703 2954 8005
10024 3 2954 5661 9284
10025 3 5661 2954 8948
10026 3 7202 2954 9284
10027 3 2954 7202 8005
10028 3 6746 2954 7703
10029 3 2954 6746 8948
10030 3 3504 3210 5042
10031 3 5042 3210 10361
10032 3 9404 3466 9570
10033 3 3466 5582 9570
10034 3 4572 3466 9404
10035 3 8215 3722 10525
10036 3 3722 9518 10525
10037 3 4234 6680 8762
10038 3 4490 5457 7423
10039 3 5793 4490 7423
10040 3 4746 7867 9653
10041 3 7867 4746 8897
10042 3 5002 5943 7170
10043 3 7065 5002 7170
10044 3 5002 8115 9931
10045 3 5685 5258 10546
10046 3 5258 5685 10420
10047 3 5514 6231 9241
10048 3 6231 5514 9577
10049 3 6856 5514 7944
10050 3 5514 6856 9577
10051 3 8009 6282 8957
10052 3 6282 7298 8957
10053 3 6538 6659 10046
10054 3 7414 6538 10046
10055 3 6794 8183 9301
10056 3 8620 8586 10106
10057 3 139 8964 9545
10058 3 139 1161 8964
10059 3 3050 139 9545
10060 3 1153 395 3291
10061 3 395 1153 2298
10062 3 395 906 3291
10063 3 906 395 1245
10064 3 1245 395 3913
10065 3 395 2298 3913
10066 3 651 3418 7335
10067 3 651 1965 3418
10068 3 1965 651 3515
10069 3 1102 907 10197
10070 3 907 1102 7639
10071 3 4253 907 6801
10072 3 907 4253 10197
10073 3 1163 4993 10049
10074 3 4993 1163 9170
10075 3 1163 8339 9170
10076 3 8339 1163 9711
10077 3 8956 1163 10049
10078 3 1163 8956 9711
10079 3 1419 3520 7303
10080 3 3520 1419 3977
10081 3 8167 1419 10340
10082 3 1675 4436 7747
10083 3 3540 1675 7747
10084 3 2568 1931 9733
10085 3 1931 2568 2744
10086 3 1931 6442 8820
10087 3 1931 8820 9733
10088 3 1931 3229 6442
10089 3 1931 2744 3229
10090 3 2187 5924 7181
10091 3 5924 2187 6361
10092 3 2187 3961 9217
10093 3 3961 2187 7181
10094 3 6314 2443 10182
10095 3 2443 6314 9452
10096 3 2699 4245 6222
10097 3 6551 2699 10432
10098 3 4325 2955 5950
10099 3 2955 4325 9335
10100 3 7764 3723 9771
10101 3 3723 7764 9722
10102 3 5337 3723 6400
10103 3 3723 5337 7680
10104 3 3723 7680 9771
10105 3 3979 6155 9490
10106 3 4994 3979 6211
10107 3 4618 4235 7748
10108 3 4235 4618 9856
10109 3 5664 4235 7477
10110 3 4235 5664 7748
10111 3 4491 5079 8758
10112 3 5079 4491 9165
10113 3 4491 7132 10284
10114 3 7132 4491 8758
10115 3 4747 10043 10460
10116 3 4747 8508 10140
10117 3 4747 6251 8508
10118 3 6251 4747 10460
10119 3 4747 9094 10043
10120 3 9094 4747 10140
10121 3 7201 5003 9357
10122 3 5003 6959 7806
10123 3 5003 7806 9357
10124 3 5536 5003 7201
10125 3 5259 6026 6152
10126 3 5515 7069 8692
10127 3 5515 6321 7069
10128 3 5515 8692 9587
10129 3 5771 7145 9000
10130 3 7145 5771 9106
10131 3 6731 6027 10003
10132 3 6027 7247 9860
10133 3 6027 6226 7247
10134 3 6027 9860 10003
10135 3 8843 9725 10336
10136 3 140 7071 8623
10137 3 7071 140 8905
10138 3 140 8623 8929
10139 3 140 6890 8905
10140 3 5882 140 8929
10141 3 140 5882 6890
10142 3 9219 396 10400
10143 3 396 2081 10400
10144 3 2081 396 8920
10145 3 396 7602 8920
10146 3 3295 396 9219
10147 3 396 3295 7602
10148 3 652 7685 7893
10149 3 652 2159 7685
10150 3 6561 652 7893
10151 3 652 1191 2159
10152 3 1191 652 5118
10153 3 5118 652 6561
10154 3 4698 908 5779
10155 3 5779 908 9401
10156 3 908 4763 9401
10157 3 908 3229 4763
10158 3 3229 908 4338
10159 3 4338 908 4698
10160 3 1164 9323 9955
10161 3 1164 7600 8902
10162 3 1164 7099 7600
10163 3 7099 1164 9955
10164 3 2625 1420 7724
10165 3 1420 2625 5285
10166 3 1420 1629 3994
10167 3 1629 1420 5285
10168 3 1420 3994 7724
10169 3 1676 8573 10449
10170 3 2948 1676 10449
10171 3 1676 2948 4083
10172 3 1676 4511 8573
10173 3 4511 1676 6622
10174 3 1676 4830 6622
10175 3 1676 4083 4830
10176 3 2926 1932 10022
10177 3 1932 2499 10547
10178 3 2499 1932 10168
10179 3 5028 2188 5832
10180 3 2188 4802 5832
10181 3 2188 4307 4802
10182 3 2444 5005 6397
10183 3 7229 2700 7395
10184 3 3759 2700 7229
10185 3 7395 2700 10327
10186 3 2956 7543 8757
10187 3 7543 2956 8571
10188 3 2956 3273 8571
10189 3 3273 2956 6048
10190 3 4360 3212 9468
10191 3 3212 7587 9468
10192 3 5761 3468 9838
10193 3 3468 5761 7928
10194 3 6723 3724 9045
10195 3 3724 6723 10149
10196 3 3724 5966 6214
10197 3 5966 3724 10149
10198 3 9045 3724 9976
10199 3 5855 3724 6214
10200 3 3724 5855 9976
10201 3 3980 6175 7307
10202 3 3980 4236 4625
10203 3 4236 3980 7307
10204 3 4492 4527 6628
10205 3 4492 6628 8287
10206 3 4748 9014 9853
10207 3 6694 5004 7208
10208 3 5004 6976 7208
10209 3 6301 5004 6694
10210 3 5772 7956 7967
10211 3 7532 6540 7832
10212 3 7052 8970 10549
10213 3 10118 7052 10549
10214 3 8509 7308 9576
10215 3 8076 8196 8864
10216 3 8835 8076 8864
10217 3 5918 141 7995
10218 3 7995 141 9685
10219 3 141 7530 9685
10220 3 141 1160 7530
10221 3 1160 141 2730
10222 3 2730 141 5918
10223 3 5717 397 8531
10224 3 397 5717 7822
10225 3 397 5486 7496
10226 3 5486 397 7822
10227 3 6527 397 7496
10228 3 397 6527 8531
10229 3 5414 653 5736
10230 3 653 7719 9267
10231 3 653 9267 9811
10232 3 5175 653 5414
10233 3 653 5175 7719
10234 3 5736 653 9811
10235 3 8801 909 9608
10236 3 909 4994 9608
10237 3 3979 909 6155
10238 3 909 3979 4994
10239 3 909 1446 6155
10240 3 1446 909 8801
10241 3 1165 2839 5716
10242 3 2839 1165 8589
10243 3 1165 5716 7889
10244 3 6249 1421 7862
10245 3 1421 1449 7862
10246 3 1449 1421 5626
10247 3 2509 1421 5082
10248 3 1421 2509 5626
10249 3 5082 1421 6249
10250 3 1677 2111 2519
10251 3 4053 1677 10472
10252 3 1677 4053 7663
10253 3 1677 2519 10472
10254 3 1677 7663 8039
10255 3 2399 1933 5976
10256 3 1933 2399 8359
10257 3 2661 1933 8359
10258 3 1933 3702 5976
10259 3 2189 4253 6801
10260 3 5557 2189 6801
10261 3 4852 2189 5557
10262 3 2701 5712 10526
10263 3 2980 2701 10526
10264 3 2957 6196 8784
10265 3 2957 8784 9206
10266 3 3213 6248 8387
10267 3 3213 8387 10011
10268 3 4065 3213 10011
10269 3 3213 4065 4234
10270 3 4872 3725 8660
10271 3 3725 7743 8046
10272 3 3725 8046 8660
10273 3 3725 5361 7743
10274 3 5361 3725 7763
10275 3 8717 4237 9744
10276 3 6459 4237 8717
10277 3 4237 6459 8601
10278 3 4237 4551 9744
10279 3 4551 4237 7639
10280 3 7639 4237 8601
10281 3 8772 4493 8990
10282 3 4749 6931 7905
10283 3 5463 4749 6533
10284 3 4749 5032 6931
10285 3 5032 4749 5463
10286 3 7897 5005 9638
10287 3 5517 8726 9787
10288 3 7100 5517 8872
10289 3 6285 6570 7147
10290 3 6285 7147 9502
10291 3 6541 6652 9260
10292 3 8077 8227 10102
10293 3 8077 8119 8227
10294 3 142 6008 7059
10295 3 142 1665 6008
10296 3 1665 142 3752
10297 3 945 142 7059
10298 3 142 945 3752
10299 3 2113 398 8382
10300 3 8382 398 8646
10301 3 3299 398 3716
10302 3 398 3299 8646
10303 3 654 855 7283
10304 3 855 654 4013
10305 3 4013 654 6342
10306 3 6342 654 7498
10307 3 654 3288 7498
10308 3 3737 910 10378
10309 3 910 3737 4586
10310 3 910 8865 10378
10311 3 910 7591 8865
10312 3 910 1476 7591
10313 3 1476 910 4586
10314 3 1166 6487 9151
10315 3 1166 3062 3688
10316 3 5710 1422 5755
10317 3 1422 1619 2244
10318 3 5755 1422 8522
10319 3 1422 2244 8522
10320 3 3868 1678 6074
10321 3 2652 1678 3868
10322 3 1678 2652 5757
10323 3 1678 5757 6858
10324 3 6074 1678 6858
10325 3 1934 2235 9805
10326 3 2235 1934 4030
10327 3 3579 1934 9805
10328 3 1934 3579 4714
10329 3 4895 2190 5325
10330 3 2190 2933 5325
10331 3 2446 3158 8374
10332 3 2446 4077 8826
10333 3 2702 2832 5863
10334 3 8226 2702 9443
10335 3 5933 2958 9748
10336 3 8428 3214 9680
10337 3 4704 3470 5550
10338 3 3470 5769 8165
10339 3 5550 3470 8165
10340 3 4035 3470 4704
10341 3 6147 3726 8462
10342 3 3726 6911 8462
10343 3 4660 3982 7436
10344 3 3982 4660 6499
10345 3 4238 4882 5241
10346 3 4238 5241 9738
10347 3 4494 5663 7026
10348 3 5422 4494 7409
10349 3 4566 4494 7026
10350 3 4494 4566 7409
10351 3 4750 7704 9615
10352 3 4750 9442 9529
10353 3 9442 4750 9615
10354 3 8461 5006 8969
10355 3 5006 9054 9543
10356 3 7884 5006 8461
10357 3 5006 7884 9054
10358 3 5324 5262 9785
10359 3 5262 5324 7233
10360 3 5368 5262 7686
10361 3 5262 5368 9785
10362 3 8866 5774 9444
10363 3 6030 6241 8550
10364 3 6241 6030 9627
10365 3 6030 7345 9627
10366 3 7422 6286 9004
10367 3 9063 6542 10463
10368 3 7329 6542 9063
10369 3 9013 8590 9123
10370 3 9123 8590 9730
10371 3 301 143 5712
10372 3 143 301 2770
10373 3 5712 143 7511
10374 3 7511 143 7974
10375 3 143 983 7974
10376 3 983 143 2770
10377 3 399 1821 8475
10378 3 1821 399 6257
10379 3 6257 399 8407
10380 3 655 1309 3172
10381 3 1309 655 2469
10382 3 2637 655 10156
10383 3 655 3172 9657
10384 3 2469 655 2637
10385 3 655 9657 10156
10386 3 911 1716 8364
10387 3 1716 911 9938
10388 3 2902 1167 4141
10389 3 1167 2902 8947
10390 3 4661 1423 9930
10391 3 3039 1423 4661
10392 3 4609 1679 10351
10393 3 1679 4609 5857
10394 3 1679 7267 7697
10395 3 7091 1679 7697
10396 3 1679 5857 7267
10397 3 1935 2830 5782
10398 3 2830 1935 5105
10399 3 5484 1935 7623
10400 3 1935 4302 7623
10401 3 5105 1935 5484
10402 3 3914 2191 8116
10403 3 3766 2191 4642
10404 3 6727 2447 6858
10405 3 2447 5560 6858
10406 3 6127 2447 6727
10407 3 2703 3401 10412
10408 3 6350 2703 9464
10409 3 9464 2703 10412
10410 3 2959 3368 7013
10411 3 4313 2959 7013
10412 3 4337 2959 7072
10413 3 5702 3215 6058
10414 3 5949 3471 10371
10415 3 6957 3727 7007
10416 3 5907 3983 9283
10417 3 3983 5907 7137
10418 3 3983 6540 10294
10419 3 6657 4239 9774
10420 3 4495 9735 9982
10421 3 5668 4495 9060
10422 3 4495 5668 6099
10423 3 4495 4672 9735
10424 3 4672 4495 6099
10425 3 4495 6912 9060
10426 3 6912 4495 9982
10427 3 5007 5182 9547
10428 3 5701 5263 10045
10429 3 5263 8154 10045
10430 3 8274 5775 9571
10431 3 6031 6710 6838
10432 3 6543 8342 9204
10433 3 7938 6799 9526
10434 3 6799 9182 9526
10435 3 8661 8335 8690
10436 3 8690 8335 9394
10437 3 144 4185 10496
10438 3 9612 144 10496
10439 3 144 4001 4185
10440 3 3754 144 9612
10441 3 144 3754 4001
10442 3 7425 400 10309
10443 3 400 2329 10309
10444 3 2239 400 7425
10445 3 400 2239 8068
10446 3 656 5426 8509
10447 3 656 3054 5426
10448 3 3054 656 5372
10449 3 1270 656 8509
10450 3 656 1270 5372
10451 3 5905 912 8363
10452 3 912 7712 8363
10453 3 3734 912 5905
10454 3 912 3734 5089
10455 3 912 2045 7712
10456 3 2045 912 5089
10457 3 1168 1636 7803
10458 3 1636 1168 2042
10459 3 1168 7803 10293
10460 3 2042 1168 5171
10461 3 1424 2581 3119
10462 3 2581 1424 2793
10463 3 4926 1424 8907
10464 3 6733 1680 9043
10465 3 1680 6733 8659
10466 3 1680 5797 9043
10467 3 1680 5037 5797
10468 3 5037 1680 9431
10469 3 4932 1936 9000
10470 3 1936 5771 9000
10471 3 2192 2905 5137
10472 3 2905 2192 8003
10473 3 3524 2448 3682
10474 3 2448 3524 7841
10475 3 3312 2704 8136
10476 3 3629 2960 8113
10477 3 4808 2960 10320
10478 3 2960 4808 8113
10479 3 3216 5522 5922
10480 3 5522 3216 7032
10481 3 3216 3484 7032
10482 3 3728 4405 6081
10483 3 3984 6557 6656
10484 3 4318 3984 8564
10485 3 3984 6656 8564
10486 3 4240 5144 9406
10487 3 6054 4496 9814
10488 3 4496 6054 7874
10489 3 4496 7874 8563
10490 3 4496 9412 9814
10491 3 5274 4752 8485
10492 3 4752 5274 7047
10493 3 4752 5020 8485
10494 3 5008 5573 6716
10495 3 5573 5008 7626
10496 3 5520 8731 8903
10497 3 6591 5520 8903
10498 3 5776 9783 10337
10499 3 9783 5776 10083
10500 3 5776 8315 10083
10501 3 6032 8568 9319
10502 3 6032 8339 9711
10503 3 6032 7612 8568
10504 3 7612 6032 9711
10505 3 6288 9986 10398
10506 3 6544 8467 9257
10507 3 6691 6544 9257
10508 3 7568 7851 9961
10509 3 3334 145 10171
10510 3 145 3334 5605
10511 3 145 7522 10171
10512 3 7522 145 9437
10513 3 145 373 9437
10514 3 461 401 2531
10515 3 2067 657 8740
10516 3 657 2067 5524
10517 3 657 6777 8740
10518 3 657 5524 5955
10519 3 5030 657 5955
10520 3 657 5030 6777
10521 3 913 3078 3605
10522 3 913 6418 9649
10523 3 913 3605 6418
10524 3 913 1439 3078
10525 3 1439 913 9649
10526 3 1169 3849 7437
10527 3 1169 3460 3849
10528 3 3460 1169 6522
10529 3 2795 1169 7437
10530 3 1169 2795 6522
10531 3 1425 2841 8316
10532 3 2841 1425 9869
10533 3 1425 8562 9869
10534 3 1425 8316 8861
10535 3 1681 4896 6426
10536 3 4896 1681 10204
10537 3 1681 4247 10204
10538 3 4004 1681 6426
10539 3 1681 4004 7744
10540 3 4374 1937 9516
10541 3 4167 1937 4374
10542 3 1937 7156 9516
10543 3 7156 1937 8126
10544 3 4105 2193 7084
10545 3 2193 10344 10423
10546 3 7084 2193 10423
10547 3 2193 3049 10344
10548 3 2449 8224 8932
10549 3 2449 3024 3146
10550 3 3024 2449 4306
10551 3 2449 5841 8224
10552 3 4306 2449 8932
10553 3 2705 2722 6719
10554 3 2722 2705 8388
10555 3 9731 2961 10249
10556 3 4400 2961 6737
10557 3 7470 3217 9020
10558 3 6059 3217 7470
10559 3 3473 3927 7284
10560 3 3927 3473 4329
10561 3 6811 3473 7284
10562 3 4329 3473 7911
10563 3 4865 3985 5136
10564 3 5136 3985 5568
10565 3 5568 3985 6972
10566 3 4555 3985 4865
10567 3 7957 4241 9433
10568 3 6539 4241 8483
10569 3 4241 6539 9433
10570 3 4838 4497 5375
10571 3 5375 4497 9005
10572 3 4753 6835 6962
10573 3 5009 5275 6682
10574 3 5265 5529 7604
10575 3 5265 7604 9687
10576 3 6322 5521 6386
10577 3 6386 5521 9368
10578 3 5521 7163 9368
10579 3 9019 6033 9465
10580 3 6033 7794 9465
10581 3 7057 8474 10321
10582 3 8474 7057 9427
10583 3 7569 8909 8983
10584 3 8081 8466 9806
10585 3 8616 8593 9047
10586 3 146 4391 8640
10587 3 146 1393 4391
10588 3 1393 146 4290
10589 3 6002 146 8640
10590 3 4078 146 6002
10591 3 146 4078 4290
10592 3 5692 402 7678
10593 3 402 589 10296
10594 3 589 402 5692
10595 3 402 1412 9506
10596 3 1412 402 5887
10597 3 7678 402 9506
10598 3 5887 402 10296
10599 3 6988 658 10377
10600 3 3950 658 6988
10601 3 1468 658 2114
10602 3 658 1468 10377
10603 3 658 1257 2114
10604 3 1257 658 3950
10605 3 914 2387 2887
10606 3 2387 914 8118
10607 3 914 5467 8118
10608 3 1968 914 2887
10609 3 914 1968 5467
10610 3 1170 2891 9089
10611 3 1170 9089 10551
10612 3 4834 1170 10551
10613 3 1426 8018 9254
10614 3 1426 2214 8018
10615 3 3332 1682 6992
10616 3 1682 3332 7413
10617 3 1682 4940 9480
10618 3 4940 1682 9633
10619 3 6992 1682 9480
10620 3 1682 7413 9633
10621 3 1938 4171 8526
10622 3 4171 1938 10143
10623 3 8053 1938 8526
10624 3 7384 1938 8053
10625 3 1938 7384 10143
10626 3 2194 3373 3844
10627 3 3373 2194 10379
10628 3 2450 6241 9627
10629 3 6241 2450 6371
10630 3 3948 2450 4327
10631 3 4327 2450 9627
10632 3 2706 6706 7490
10633 3 2706 3507 6706
10634 3 3507 2706 5231
10635 3 7055 2962 9234
10636 3 6430 3474 7499
10637 3 3474 6981 7767
10638 3 4524 3474 7767
10639 3 3730 6212 6378
10640 3 6957 3986 8249
10641 3 3986 6957 7007
10642 3 3986 5516 8249
10643 3 5661 4242 9284
10644 3 4242 5661 5750
10645 3 8231 4498 10008
10646 3 4498 8231 10404
10647 3 4498 7985 10008
10648 3 6165 4754 7629
10649 3 4754 6165 9465
10650 3 5654 4754 7949
10651 3 4754 5654 9314
10652 3 4754 7794 7949
10653 3 7794 4754 9465
10654 3 7629 4754 9314
10655 3 5266 5613 8163
10656 3 5266 7923 8085
10657 3 5922 5522 9196
10658 3 5522 7032 7451
10659 3 7924 5778 8459
10660 3 7005 6034 8147
10661 3 7981 6290 8789
10662 3 6802 8487 10341
10663 3 8487 6802 9349
10664 3 9648 6802 10341
10665 3 7977 7058 9183
10666 3 7314 9083 9926
10667 3 9416 7314 9926
10668 3 8082 8775 8954
10669 3 8338 8788 10318
10670 3 1414 147 6805
10671 3 147 1414 1726
10672 3 7587 147 9468
10673 3 147 1726 9468
10674 3 147 2284 6805
10675 3 2284 147 7587
10676 3 403 5219 8535
10677 3 5219 403 8838
10678 3 403 700 8838
10679 3 700 403 9724
10680 3 445 403 8535
10681 3 403 445 9724
10682 3 8228 659 8452
10683 3 3011 659 8914
10684 3 659 3011 8183
10685 3 659 8183 8452
10686 3 4966 915 8109
10687 3 915 4966 5592
10688 3 915 5592 8818
10689 3 3825 915 8818
10690 3 915 3825 8109
10691 3 6480 1171 9809
10692 3 5784 1171 8157
10693 3 2471 1171 6480
10694 3 1171 2471 8157
10695 3 1427 2065 6689
10696 3 2065 1427 5318
10697 3 1427 2775 5318
10698 3 1683 2383 8255
10699 3 2383 1683 5352
10700 3 4782 1683 8255
10701 3 1683 4782 5703
10702 3 1939 3951 6500
10703 3 3951 1939 6817
10704 3 1939 3246 6817
10705 3 3952 2195 7511
10706 3 2195 3952 3960
10707 3 2195 3960 8140
10708 3 4647 2451 4787
10709 3 2451 4647 7376
10710 3 4539 2451 9112
10711 3 2451 4539 4787
10712 3 5707 2707 6798
10713 3 5981 2963 8628
10714 3 5247 2963 5981
10715 3 5560 3219 6074
10716 3 6074 3219 6490
10717 3 3219 3547 8256
10718 3 3547 3219 5560
10719 3 4604 3219 8256
10720 3 3219 4604 6490
10721 3 7229 3731 8961
10722 3 3731 7229 8181
10723 3 3731 8181 10308
10724 3 3987 7886 10325
10725 3 6742 4243 10536
10726 3 4243 6742 8082
10727 3 4243 10159 10536
10728 3 5379 4499 6524
10729 3 6524 4499 7504
10730 3 4755 5955 8267
10731 3 4755 8267 8391
10732 3 5267 6282 8009
10733 3 6282 5267 6901
10734 3 7661 5267 8009
10735 3 6901 5267 10317
10736 3 7946 5523 8538
10737 3 5523 7946 10434
10738 3 7722 5523 10434
10739 3 8247 5779 9401
10740 3 7126 6291 8499
10741 3 6291 7126 9017
10742 3 7571 8488 9351
10743 3 7571 8443 8488
10744 3 148 5914 7807
10745 3 4520 148 7807
10746 3 577 404 10006
10747 3 404 577 9435
10748 3 404 5230 8400
10749 3 404 4554 5230
10750 3 4554 404 9435
10751 3 404 8400 10006
10752 3 1038 660 5216
10753 3 660 1038 7900
10754 3 660 4191 5216
10755 3 660 2155 4191
10756 3 2155 660 3305
10757 3 2807 660 7900
10758 3 660 2807 3305
10759 3 916 3107 4161
10760 3 3107 916 4987
10761 3 916 1662 4987
10762 3 1172 7775 9798
10763 3 2191 1172 8116
10764 3 1172 2191 3766
10765 3 8116 1172 9798
10766 3 1172 3766 7775
10767 3 4240 1428 9062
10768 3 1428 6141 9062
10769 3 6141 1428 6558
10770 3 4402 1684 6268
10771 3 4255 1684 9180
10772 3 1684 1996 6268
10773 3 1996 1684 4255
10774 3 4091 1684 4402
10775 3 1684 4091 9180
10776 3 1940 4638 10210
10777 3 4638 1940 8700
10778 3 2939 1940 10511
10779 3 1940 10210 10511
10780 3 2196 3423 3541
10781 3 2708 7330 9560
10782 3 7330 2708 7392
10783 3 6123 2708 7331
10784 3 2708 6123 7392
10785 3 2964 3511 6314
10786 3 3680 3476 5229
10787 3 3476 3680 3830
10788 3 8248 3988 9535
10789 3 3988 5299 10441
10790 3 5262 4500 7686
10791 3 4500 5262 7233
10792 3 4500 7390 7686
10793 3 7390 4500 8064
10794 3 5955 5524 8267
10795 3 6666 5780 7008
10796 3 7008 5780 8773
10797 3 5780 6056 8773
10798 3 6056 5780 6250
10799 3 6693 6292 7249
10800 3 7249 6292 7966
10801 3 7197 6804 10192
10802 3 8547 8340 8666
10803 3 149 5005 7897
10804 3 5005 149 6397
10805 3 8595 149 9347
10806 3 1229 149 8595
10807 3 149 1229 6397
10808 3 149 7897 9347
10809 3 3663 405 5057
10810 3 405 3663 7677
10811 3 7531 405 8117
10812 3 1660 405 7531
10813 3 405 1660 5057
10814 3 405 7388 8117
10815 3 7388 405 7677
10816 3 1354 661 5561
10817 3 661 1354 3282
10818 3 4923 917 6504
10819 3 917 4923 10477
10820 3 7595 917 10477
10821 3 917 5564 6504
10822 3 5564 917 7595
10823 3 3192 1173 7925
10824 3 1173 5049 9903
10825 3 1505 1173 3192
10826 3 7925 1173 9903
10827 3 2158 1429 8229
10828 3 9148 1429 10074
10829 3 1429 6610 8229
10830 3 6610 1429 9148
10831 3 1429 1518 10074
10832 3 1518 1429 2158
10833 3 1685 5178 7712
10834 3 5178 1685 9442
10835 3 3246 1685 6817
10836 3 1685 3246 9442
10837 3 4902 1941 7855
10838 3 2857 1941 5247
10839 3 1941 2857 7855
10840 3 1941 2963 5247
10841 3 2774 1941 4902
10842 3 1941 2774 2963
10843 3 9100 2197 9407
10844 3 2474 2197 9100
10845 3 2197 2474 4810
10846 3 2197 4810 7090
10847 3 2453 2663 3519
10848 3 2663 2453 7370
10849 3 7370 2453 10091
10850 3 4201 2709 8858
10851 3 2709 6821 8858
10852 3 8180 2965 9153
10853 3 7670 3221 7760
10854 3 3477 7999 10189
10855 3 3733 5400 7778
10856 3 4457 3733 7778
10857 3 3733 3778 5400
10858 3 3778 3733 5330
10859 3 5149 4245 8687
10860 3 8687 4245 10000
10861 3 4501 9449 10401
10862 3 4595 4501 10401
10863 3 5671 5269 6871
10864 3 6293 6524 7504
10865 3 6524 6293 8428
10866 3 6805 9008 9582
10867 3 7829 8887 10106
10868 3 8085 9849 10261
10869 3 150 400 8068
10870 3 8604 150 10109
10871 3 150 7129 10109
10872 3 7129 150 8068
10873 3 406 5131 8267
10874 3 406 4971 5131
10875 3 4971 406 10000
10876 3 5524 406 8267
10877 3 406 5524 8384
10878 3 406 8384 10000
10879 3 662 4390 5321
10880 3 3117 662 5741
10881 3 1331 662 3117
10882 3 662 5321 5741
10883 3 662 1019 4390
10884 3 1019 662 1331
10885 3 918 6246 9108
10886 3 8872 918 9108
10887 3 7193 1174 7576
10888 3 1174 4516 5140
10889 3 4516 1174 7193
10890 3 5478 1430 8418
10891 3 8418 1430 9934
10892 3 5434 1686 9758
10893 3 1686 8514 9758
10894 3 1686 3970 8514
10895 3 1994 1686 5434
10896 3 1686 1994 3970
10897 3 4970 1942 8605
10898 3 1942 2019 8605
10899 3 4097 2198 4804
10900 3 2198 5701 10045
10901 3 7291 2198 10045
10902 3 4804 2198 7291
10903 3 5961 2454 7627
10904 3 5267 2454 10317
10905 3 2454 5267 7661
10906 3 7627 2454 7661
10907 3 3706 2710 4497
10908 3 2710 3706 8424
10909 3 4497 2710 9005
10910 3 6608 2710 8424
10911 3 3343 2966 9784
10912 3 2966 3343 9273
10913 3 2966 5395 9784
10914 3 5395 2966 9613
10915 3 7833 2966 9273
10916 3 4239 3222 9774
10917 3 3478 4691 9904
10918 3 8926 3478 9904
10919 3 3821 3478 8926
10920 3 3734 4939 10234
10921 3 5089 3734 10234
10922 3 7461 4246 10005
10923 3 7252 4246 7461
10924 3 4246 7252 8138
10925 3 4246 8138 10462
10926 3 5917 4502 7099
10927 3 5014 6073 9900
10928 3 5014 5875 7459
10929 3 6291 5526 8499
10930 3 6038 8246 8930
10931 3 6038 7378 8246
10932 3 6294 6655 9430
10933 3 151 839 7791
10934 3 839 151 6049
10935 3 6049 151 9222
10936 3 407 1177 8761
10937 3 1177 407 5037
10938 3 5797 407 10042
10939 3 5037 407 5797
10940 3 2996 407 8761
10941 3 407 2996 10042
10942 3 3342 663 9511
10943 3 3122 663 3342
10944 3 663 3122 3685
10945 3 6925 919 8859
10946 3 3611 919 10048
10947 3 919 3611 8859
10948 3 919 9276 10048
10949 3 3151 919 6925
10950 3 919 3151 9276
10951 3 1175 9035 9242
10952 3 1175 2126 3574
10953 3 8300 1175 9242
10954 3 1175 1724 2126
10955 3 1724 1175 8300
10956 3 1431 5907 9283
10957 3 2194 1431 10379
10958 3 1431 2194 4556
10959 3 1431 4556 5907
10960 3 4820 1431 9283
10961 3 1431 4820 10379
10962 3 1828 1687 7079
10963 3 1687 1828 2535
10964 3 1687 3907 4654
10965 3 1687 1873 7079
10966 3 1687 2535 3907
10967 3 1943 8002 10225
10968 3 6095 1943 10225
10969 3 2199 4933 8991
10970 3 2745 2199 8991
10971 3 2199 2745 10053
10972 3 2199 2295 9280
10973 3 2295 2199 10053
10974 3 7342 2455 7394
10975 3 7394 2455 8598
10976 3 9391 2711 10117
10977 3 4417 3223 10352
10978 3 3223 4417 7411
10979 3 3529 3223 9534
10980 3 3223 7411 9534
10981 3 6922 3479 10247
10982 3 3479 6922 7343
10983 3 3479 4509 10247
10984 3 4509 3479 6362
10985 3 5443 3735 9405
10986 3 9405 3735 10425
10987 3 3991 4934 7700
10988 3 5641 4503 9677
10989 3 4503 5641 7148
10990 3 5734 4503 7148
10991 3 4503 4973 8933
10992 3 4503 8933 9677
10993 3 7688 4759 9729
10994 3 4759 7688 8756
10995 3 4759 6733 9043
10996 3 4759 9043 9729
10997 3 9792 5015 10513
10998 3 8597 6039 9909
10999 3 9909 6039 10291
11000 3 8716 6295 8844
11001 3 8844 6295 9794
11002 3 7066 6551 7208
11003 3 7745 6807 10439
11004 3 6807 7293 10439
11005 3 7319 8738 9665
11006 3 7684 152 7820
11007 3 5183 152 7684
11008 3 5977 152 7183
11009 3 2914 152 5977
11010 3 152 2914 7820
11011 3 152 5066 7183
11012 3 5066 152 5183
11013 3 408 6663 9223
11014 3 6663 408 8180
11015 3 408 5085 8619
11016 3 5085 408 7419
11017 3 8180 408 8619
11018 3 7419 408 9223
11019 3 6748 664 7227
11020 3 664 6748 9640
11021 3 664 2475 3815
11022 3 664 3815 7227
11023 3 920 2107 9342
11024 3 5697 920 9342
11025 3 1176 4415 4724
11026 3 1176 4724 5039
11027 3 1176 5039 7717
11028 3 1176 1725 4415
11029 3 6853 1176 7717
11030 3 6677 1432 9227
11031 3 1432 6181 9227
11032 3 6181 1432 9202
11033 3 1432 6713 9202
11034 3 2618 1432 6677
11035 3 1432 2618 6713
11036 3 1688 3310 7565
11037 3 5424 1944 8263
11038 3 4428 1944 5424
11039 3 1944 4428 8069
11040 3 7058 2200 9183
11041 3 2200 2263 9183
11042 3 2456 8035 9085
11043 3 6348 2456 9085
11044 3 2456 6348 8094
11045 3 2456 7677 8035
11046 3 7677 2456 8094
11047 3 2712 5434 6909
11048 3 2958 2712 9748
11049 3 2712 5029 9748
11050 3 5029 2712 6909
11051 3 2968 3224 6825
11052 3 6612 2968 6825
11053 3 8352 3224 9949
11054 3 6825 3224 8352
11055 3 3480 3803 4177
11056 3 3803 3480 4445
11057 3 3736 6676 7736
11058 3 6676 3736 9853
11059 3 4248 6761 8773
11060 3 4248 8336 10128
11061 3 6056 4248 8773
11062 3 4248 6056 8336
11063 3 6639 4504 9137
11064 3 4760 6311 9780
11065 3 6510 5016 7577
11066 3 5272 6518 7869
11067 3 5528 5645 6148
11068 3 6040 7457 7969
11069 3 7457 6040 8744
11070 3 6296 7537 8648
11071 3 8138 7576 10462
11072 3 7576 10218 10462
11073 3 8088 8404 8860
11074 3 153 2974 6572
11075 3 2974 153 6903
11076 3 2213 153 6572
11077 3 153 2213 4608
11078 3 6903 153 9868
11079 3 153 4608 9868
11080 3 409 4525 6726
11081 3 4525 409 5038
11082 3 2280 409 6726
11083 3 665 8046 10550
11084 3 9377 665 10550
11085 3 665 6895 8046
11086 3 3580 665 9377
11087 3 2857 921 7855
11088 3 921 6980 9409
11089 3 7855 921 9409
11090 3 2504 921 2857
11091 3 921 2504 2511
11092 3 921 2511 6980
11093 3 1177 6432 8906
11094 3 1177 5160 8761
11095 3 5160 1177 8906
11096 3 1177 5037 6432
11097 3 7272 1433 9618
11098 3 1433 7272 7344
11099 3 9618 1433 10077
11100 3 2830 1689 8250
11101 3 1689 2830 5105
11102 3 2847 1689 2930
11103 3 1689 2847 9109
11104 3 3364 1689 5105
11105 3 8250 1689 9109
11106 3 2930 1689 3364
11107 3 5649 1945 7451
11108 3 1945 5649 6283
11109 3 1945 6283 10225
11110 3 1945 5522 7451
11111 3 5522 1945 9196
11112 3 10173 1945 10225
11113 3 9196 1945 10173
11114 3 6208 2201 8624
11115 3 2201 8611 9077
11116 3 8624 2201 9077
11117 3 2457 2592 5518
11118 3 2713 2818 7648
11119 3 2969 7003 8334
11120 3 5230 2969 8334
11121 3 2969 5838 7003
11122 3 5838 2969 7521
11123 3 6429 3225 8751
11124 3 3225 6429 6845
11125 3 7826 3225 10255
11126 3 3225 7826 9313
11127 3 3225 6845 10255
11128 3 3481 4590 5455
11129 3 7909 3737 10378
11130 3 3993 8795 10151
11131 3 4249 6784 9533
11132 3 6080 4249 9533
11133 3 4963 4505 7598
11134 3 4505 4963 5823
11135 3 5338 5017 9015
11136 3 7756 5529 10453
11137 3 7604 5529 7756
11138 3 5785 8787 8980
11139 3 8787 5785 9827
11140 3 6918 6297 7716
11141 3 8754 6553 8918
11142 3 7212 6809 8662
11143 3 7321 9010 9036
11144 3 7894 7321 9036
11145 3 154 1838 3641
11146 3 1838 154 6516
11147 3 154 3641 6134
11148 3 6516 154 10336
11149 3 154 8843 10336
11150 3 154 6134 8843
11151 3 556 410 3238
11152 3 410 556 6108
11153 3 410 1651 4876
11154 3 1651 410 5362
11155 3 3238 410 4876
11156 3 410 6108 6569
11157 3 5362 410 6569
11158 3 2083 666 7470
11159 3 666 2083 6035
11160 3 666 6035 8382
11161 3 666 6059 7470
11162 3 6059 666 10342
11163 3 666 8382 10342
11164 3 922 8983 9488
11165 3 922 3413 8983
11166 3 3413 922 9873
11167 3 2140 922 4813
11168 3 922 2140 10233
11169 3 9873 922 10233
11170 3 4813 922 9488
11171 3 8130 1178 8647
11172 3 8647 1178 8732
11173 3 7645 1178 8130
11174 3 2171 1434 7341
11175 3 1434 2171 3809
11176 3 1434 2496 9776
11177 3 2496 1434 3809
11178 3 1434 1766 7341
11179 3 1690 7302 8642
11180 3 6791 1690 8642
11181 3 1690 4287 7302
11182 3 1946 4371 5508
11183 3 1946 5508 10154
11184 3 2202 8017 8576
11185 3 2202 8576 9005
11186 3 2710 2202 9005
11187 3 3382 2458 4474
11188 3 2458 3382 10221
11189 3 8379 2458 10221
11190 3 2714 4891 9234
11191 3 4891 2714 8034
11192 3 2714 5729 7779
11193 3 2714 7779 8034
11194 3 2970 6176 6780
11195 3 2970 6780 7053
11196 3 2970 2985 6176
11197 3 2985 2970 7658
11198 3 3524 2970 7053
11199 3 2970 3524 7658
11200 3 3444 3226 8148
11201 3 8148 3226 9950
11202 3 7195 3482 10525
11203 3 3482 7195 8884
11204 3 4723 3482 8884
11205 3 3482 9846 10525
11206 3 3994 6473 7724
11207 3 4664 4250 8080
11208 3 7753 4250 9837
11209 3 4250 7753 8080
11210 3 4250 6368 9837
11211 3 5018 7993 9945
11212 3 5018 6108 7993
11213 3 6108 5018 6569
11214 3 7047 5274 7097
11215 3 5930 5786 9175
11216 3 6554 6868 9457
11217 3 9505 6810 9708
11218 3 6866 6810 9505
11219 3 6810 6866 8845
11220 3 6810 7143 9708
11221 3 8738 8090 9665
11222 3 2931 155 9740
11223 3 460 155 2931
11224 3 155 460 937
11225 3 254 155 937
11226 3 5239 411 9288
11227 3 1419 411 3977
11228 3 411 1419 8167
11229 3 411 2736 9288
11230 3 2736 411 8167
11231 3 1273 411 5239
11232 3 411 1273 3977
11233 3 667 7560 9191
11234 3 667 6118 7560
11235 3 667 9191 10456
11236 3 923 8804 10349
11237 3 923 5873 8804
11238 3 1179 2869 4362
11239 3 2869 1179 10038
11240 3 1179 2370 10038
11241 3 1179 2027 2370
11242 3 5409 1435 6804
11243 3 1435 7979 10192
11244 3 5490 1435 6412
11245 3 1435 5490 7979
11246 3 6804 1435 10192
11247 3 1691 3655 3751
11248 3 3655 1691 9941
11249 3 1691 4692 9277
11250 3 1691 7575 9941
11251 3 1691 3751 4692
11252 3 4855 1691 9277
11253 3 1691 4855 7575
11254 3 3703 1947 8331
11255 3 2434 1947 3703
11256 3 1947 2434 8945
11257 3 1947 2483 8331
11258 3 2483 1947 8945
11259 3 2203 4141 6860
11260 3 2203 2902 4141
11261 3 2902 2203 6857
11262 3 6857 2203 8697
11263 3 2203 6860 9862
11264 3 8697 2203 9862
11265 3 6534 2459 9219
11266 3 2459 3295 9219
11267 3 3295 2459 6729
11268 3 6933 2715 10509
11269 3 2715 7931 10509
11270 3 7931 2715 8632
11271 3 2971 3098 9115
11272 3 5047 2971 9115
11273 3 2971 5047 6139
11274 3 3302 2971 6139
11275 3 3227 4427 9170
11276 3 4196 3227 9170
11277 3 3483 5798 9605
11278 3 8161 3483 9605
11279 3 5092 3483 7532
11280 3 3739 6177 10071
11281 3 6177 3739 9864
11282 3 4216 3995 6932
11283 3 3995 6028 8435
11284 3 4251 7182 8297
11285 3 5192 4251 8297
11286 3 4251 5192 6594
11287 3 4251 6107 7182
11288 3 6107 4251 6594
11289 3 4763 8507 9401
11290 3 5716 5019 10403
11291 3 5019 5716 8868
11292 3 5019 7589 10403
11293 3 6682 5275 8553
11294 3 5275 7742 8553
11295 3 5531 8236 10298
11296 3 7599 6043 8389
11297 3 6043 6130 7336
11298 3 6130 6043 7599
11299 3 6635 6299 10520
11300 3 7023 6811 8783
11301 3 7323 7617 7697
11302 3 156 5772 7967
11303 3 156 1699 5772
11304 3 1699 156 1791
11305 3 1270 156 7967
11306 3 156 1270 8509
11307 3 1791 156 8509
11308 3 412 2326 4657
11309 3 2326 412 4035
11310 3 412 4657 9591
11311 3 5525 412 9591
11312 3 412 5525 8184
11313 3 4035 412 8184
11314 3 2101 668 4916
11315 3 668 2101 9099
11316 3 668 9099 10366
11317 3 4840 668 10366
11318 3 668 1523 4916
11319 3 1523 668 4840
11320 3 3135 924 3557
11321 3 3557 924 8747
11322 3 7977 1180 10413
11323 3 1180 7977 9183
11324 3 1436 4396 7478
11325 3 1436 1985 4396
11326 3 1692 6151 7096
11327 3 6151 1692 9703
11328 3 2316 1692 7096
11329 3 3269 1948 3796
11330 3 3796 1948 8164
11331 3 8164 1948 9156
11332 3 2460 5892 8125
11333 3 5892 2460 8957
11334 3 8009 2460 8645
11335 3 2460 8009 8957
11336 3 2460 6749 8645
11337 3 2460 4861 6749
11338 3 4861 2460 8125
11339 3 2972 8042 8375
11340 3 8042 2972 8901
11341 3 3793 2972 8375
11342 3 3484 7552 7710
11343 3 3484 4484 7552
11344 3 3996 9332 9503
11345 3 4958 4252 6206
11346 3 4252 4958 9399
11347 3 7533 4508 8523
11348 3 4508 7533 7834
11349 3 5020 6702 8485
11350 3 5020 5986 6702
11351 3 5276 7156 8126
11352 3 5532 5947 7747
11353 3 5788 6171 10148
11354 3 8108 5788 10148
11355 3 6626 6300 6734
11356 3 9878 7324 10479
11357 3 7653 7580 7831
11358 3 8604 10109 10416
11359 3 8939 8604 10416
11360 3 7488 157 9390
11361 3 6302 157 7132
11362 3 157 6302 10485
11363 3 157 2776 9390
11364 3 2776 157 10485
11365 3 7132 157 7488
11366 3 413 2851 7045
11367 3 4447 413 6762
11368 3 413 4447 4479
11369 3 413 1122 1391
11370 3 1122 413 4479
11371 3 413 1391 2851
11372 3 413 6309 6762
11373 3 6309 413 7045
11374 3 4868 669 7755
11375 3 669 4868 8285
11376 3 669 6474 7408
11377 3 669 722 6474
11378 3 722 669 8285
11379 3 669 7408 7755
11380 3 3852 925 4041
11381 3 925 3676 6238
11382 3 925 6238 7374
11383 3 4041 925 7374
11384 3 1181 5891 6052
11385 3 5891 1181 6866
11386 3 2093 1181 9499
11387 3 1181 2093 8222
11388 3 1181 6052 9499
11389 3 6866 1181 8222
11390 3 1437 9260 9310
11391 3 1437 6541 9260
11392 3 7859 1437 9310
11393 3 1693 3447 9892
11394 3 3447 1693 9984
11395 3 4488 1693 7323
11396 3 1693 4488 9984
11397 3 2879 1949 4587
11398 3 2445 1949 2879
11399 3 6360 2205 10152
11400 3 2461 7957 9433
11401 3 3170 2461 4752
11402 3 3229 3807 4763
11403 3 3229 4338 6442
11404 3 6935 3485 8233
11405 3 3485 6935 9524
11406 3 8233 3485 9101
11407 3 3485 9524 10425
11408 3 3485 3735 9101
11409 3 3735 3485 10425
11410 3 5122 3997 9472
11411 3 4253 9032 10197
11412 3 4509 6362 6636
11413 3 4509 5864 10247
11414 3 5864 4509 6636
11415 3 5021 7112 9044
11416 3 5326 5021 9044
11417 3 5021 5326 9897
11418 3 5533 5840 7172
11419 3 5840 5533 9882
11420 3 5789 6691 9804
11421 3 5789 6544 6691
11422 3 6045 6979 10049
11423 3 6979 6045 10073
11424 3 6656 6557 10354
11425 3 7325 7795 10433
11426 3 7325 7401 7795
11427 3 10357 10141 10540
11428 3 158 4888 8590
11429 3 8107 158 8590
11430 3 7433 414 9711
11431 3 414 4644 7772
11432 3 7612 414 7772
11433 3 414 7612 9711
11434 3 3007 414 7433
11435 3 414 3007 4644
11436 3 1712 670 2387
11437 3 670 1712 3416
11438 3 926 2710 6608
11439 3 926 2202 2710
11440 3 2202 926 5845
11441 3 6361 926 6608
11442 3 6668 1182 9497
11443 3 3729 1182 6668
11444 3 1182 3729 8824
11445 3 2462 1182 8824
11446 3 1182 2462 7916
11447 3 1182 7916 9497
11448 3 1438 5692 9828
11449 3 1438 5473 5692
11450 3 3762 1438 9828
11451 3 2040 1694 8960
11452 3 1950 6923 9593
11453 3 1950 9593 10287
11454 3 5056 2206 7813
11455 3 2462 5949 7916
11456 3 2462 3471 5949
11457 3 3471 2462 8802
11458 3 2462 8683 8802
11459 3 8683 2462 8824
11460 3 2718 5148 9124
11461 3 5996 2718 9124
11462 3 9039 2974 9879
11463 3 3922 2974 9039
11464 3 2974 3922 6572
11465 3 2974 4697 9879
11466 3 4697 2974 6903
11467 3 3230 3334 10171
11468 3 4636 3230 10234
11469 3 4476 3230 10171
11470 3 3230 4476 10234
11471 3 6179 3486 9577
11472 3 3486 6179 7377
11473 3 3486 8503 9577
11474 3 3486 8349 8503
11475 3 3486 4270 8349
11476 3 4270 3486 7377
11477 3 3742 5672 8239
11478 3 3742 8239 8955
11479 3 6717 3742 8955
11480 3 6938 3998 9696
11481 3 3998 4402 9696
11482 3 6637 3998 6938
11483 3 3998 4091 4402
11484 3 4510 5404 8599
11485 3 6248 4510 8599
11486 3 4874 4766 8807
11487 3 4766 5969 8807
11488 3 6279 5022 7896
11489 3 5535 5022 6279
11490 3 7453 5278 7675
11491 3 5278 9248 10346
11492 3 7675 5278 10346
11493 3 5790 7968 8073
11494 3 8193 6302 8758
11495 3 6302 7132 8758
11496 3 7709 6814 9381
11497 3 7070 7356 8348
11498 3 9339 9118 10519
11499 3 4138 159 5975
11500 3 159 511 5975
11501 3 3591 415 7462
11502 3 4737 415 7798
11503 3 415 694 7462
11504 3 694 415 4737
11505 3 2615 671 5787
11506 3 671 2615 8393
11507 3 671 4687 8721
11508 3 5787 671 8721
11509 3 927 2396 6260
11510 3 2396 927 5053
11511 3 927 6260 6787
11512 3 927 6787 8630
11513 3 927 8630 8664
11514 3 5053 927 8664
11515 3 3078 1439 4390
11516 3 4390 1439 5321
11517 3 5321 1439 9649
11518 3 1695 5996 9542
11519 3 6011 1695 9542
11520 3 1695 2718 5996
11521 3 2718 1695 9957
11522 3 2772 1695 6011
11523 3 1695 2772 9957
11524 3 3104 1951 5893
11525 3 1951 3104 7556
11526 3 1951 2651 5893
11527 3 2207 6977 7159
11528 3 4541 2207 7430
11529 3 2207 7159 7430
11530 3 2719 7938 8049
11531 3 2719 7014 10027
11532 3 2975 5641 7280
11533 3 3427 2975 7280
11534 3 2975 3427 9654
11535 3 2975 4713 5641
11536 3 3012 2975 9654
11537 3 6190 3231 7173
11538 3 3231 5290 7173
11539 3 5290 3231 6730
11540 3 3487 5648 9709
11541 3 4956 3487 9709
11542 3 3743 4532 9303
11543 3 3743 4316 4532
11544 3 3999 5481 7741
11545 3 5481 3999 10147
11546 3 3999 4043 10147
11547 3 4043 3999 4047
11548 3 4047 3999 7741
11549 3 4255 5363 9579
11550 3 4767 6629 8322
11551 3 5409 5023 6921
11552 3 5023 5409 6804
11553 3 5791 7681 10542
11554 3 5791 7371 7681
11555 3 7371 5791 8766
11556 3 7401 6047 7795
11557 3 8566 6815 10108
11558 3 6815 6818 10108
11559 3 6818 6815 10237
11560 3 7327 9522 10319
11561 3 7327 9338 9522
11562 3 9442 8607 10278
11563 3 2683 160 4291
11564 3 160 2683 8929
11565 3 1155 160 8623
11566 3 160 1155 4291
11567 3 8623 160 8929
11568 3 3850 416 7904
11569 3 416 3850 7405
11570 3 7904 416 8600
11571 3 672 6416 9187
11572 3 6416 672 9470
11573 3 6977 672 9187
11574 3 2207 672 6977
11575 3 5729 928 8414
11576 3 2962 928 9234
11577 3 928 2714 9234
11578 3 2714 928 5729
11579 3 2256 928 2962
11580 3 928 2256 8414
11581 3 4695 1184 7263
11582 3 1184 1969 7263
11583 3 1969 1184 10174
11584 3 1440 8214 9487
11585 3 2701 1440 9487
11586 3 1440 2701 2980
11587 3 1696 6771 7583
11588 3 2170 1696 8925
11589 3 1696 7583 8925
11590 3 1952 2340 8868
11591 3 1952 3679 4898
11592 3 3679 1952 8868
11593 3 2208 3609 10537
11594 3 3609 2208 4341
11595 3 5743 2464 8524
11596 3 2464 5743 7321
11597 3 2464 7321 7894
11598 3 2464 5026 8524
11599 3 5026 2464 9667
11600 3 2464 7894 9667
11601 3 2720 2944 6082
11602 3 3513 2720 8822
11603 3 2720 6082 8822
11604 3 2976 6039 8597
11605 3 5640 3232 6497
11606 3 5277 3232 5640
11607 3 3232 5277 6629
11608 3 4767 3232 6629
11609 3 3488 4149 9704
11610 3 6255 3488 9225
11611 3 5897 3744 7324
11612 3 5542 3744 5897
11613 3 3744 5542 6990
11614 3 3817 3744 4630
11615 3 3744 3817 7324
11616 3 7272 4000 7344
11617 3 7344 4000 9865
11618 3 4512 7597 9783
11619 3 6600 4768 6824
11620 3 5024 6692 8885
11621 3 5040 5024 8885
11622 3 5024 5040 6346
11623 3 5280 5990 8841
11624 3 6659 5536 7201
11625 3 6538 5536 6659
11626 3 5536 6538 8998
11627 3 7328 9519 10258
11628 3 8299 7328 10258
11629 3 7584 10107 10291
11630 3 10107 7584 10305
11631 3 10431 8096 10494
11632 3 161 9133 10304
11633 3 3523 161 6413
11634 3 161 3523 5571
11635 3 161 5571 9133
11636 3 161 732 6413
11637 3 417 3842 7769
11638 3 3842 417 10364
11639 3 1912 417 7769
11640 3 752 417 1912
11641 3 417 752 10364
11642 3 673 9168 9633
11643 3 673 5595 9168
11644 3 5595 673 7413
11645 3 7413 673 9633
11646 3 929 6242 6615
11647 3 929 1146 6242
11648 3 1146 929 7412
11649 3 929 1494 9391
11650 3 1494 929 6615
11651 3 7412 929 9391
11652 3 5191 1185 9303
11653 3 1185 3743 9303
11654 3 3743 1185 8359
11655 3 1185 1999 8359
11656 3 1999 1185 3279
11657 3 3279 1185 5191
11658 3 1441 4187 7074
11659 3 1441 5754 6529
11660 3 5754 1441 7074
11661 3 1697 1822 2409
11662 3 1697 2989 7226
11663 3 1953 5433 6839
11664 3 1953 4428 5433
11665 3 4428 1953 8069
11666 3 2131 1953 9800
11667 3 1953 2131 8069
11668 3 1953 6839 9800
11669 3 2209 4931 8102
11670 3 2209 2530 5215
11671 3 2530 2209 8102
11672 3 7262 2465 8314
11673 3 2465 5485 7004
11674 3 5485 2465 7262
11675 3 5080 2465 7004
11676 3 2721 3695 5428
11677 3 3695 2721 7642
11678 3 4675 2977 8073
11679 3 2977 5790 8073
11680 3 2977 4786 5790
11681 3 3233 3943 8059
11682 3 5001 3233 8059
11683 3 3233 5001 5809
11684 3 3233 5809 6708
11685 3 6197 3489 7640
11686 3 5440 3489 6197
11687 3 3489 6731 7640
11688 3 3489 6027 6731
11689 3 6027 3489 6226
11690 3 4535 3489 5440
11691 3 3489 4535 6226
11692 3 8399 3745 9757
11693 3 4001 5717 8639
11694 3 4185 4001 8639
11695 3 4001 4044 5717
11696 3 5157 4257 10527
11697 3 6165 4513 9465
11698 3 4513 9019 9465
11699 3 4513 5239 9019
11700 3 6510 5025 8655
11701 3 9374 5281 9490
11702 3 7571 5537 8443
11703 3 8443 5537 10529
11704 3 5793 8178 8308
11705 3 5793 7423 8178
11706 3 6305 8361 9990
11707 3 6305 7407 8361
11708 3 6561 6662 8615
11709 3 8865 9258 10378
11710 3 9559 9377 10550
11711 3 4882 162 8217
11712 3 3661 162 4882
11713 3 162 3661 8998
11714 3 418 422 4685
11715 3 422 418 9211
11716 3 2219 418 7286
11717 3 418 2219 9211
11718 3 1467 418 4685
11719 3 418 1467 7286
11720 3 674 5749 10160
11721 3 1187 674 5744
11722 3 674 1187 5374
11723 3 674 4040 5744
11724 3 4040 674 10160
11725 3 674 5374 5749
11726 3 930 3157 8033
11727 3 930 1509 1586
11728 3 1509 930 8033
11729 3 1199 1186 6917
11730 3 1186 1199 7902
11731 3 1186 4292 9383
11732 3 4292 1186 7902
11733 3 8197 1442 8827
11734 3 5453 1442 8197
11735 3 1698 2154 6380
11736 3 4854 1698 10483
11737 3 1954 3325 5705
11738 3 3325 1954 4343
11739 3 4821 2210 9022
11740 3 2466 3236 9339
11741 3 3236 2466 4499
11742 3 2722 4256 6719
11743 3 3768 2722 8388
11744 3 3664 2978 5339
11745 3 5496 3234 10497
11746 3 8055 3490 8301
11747 3 3746 6443 10271
11748 3 6443 3746 8563
11749 3 8324 3746 10271
11750 3 3746 4496 8563
11751 3 4826 3746 8324
11752 3 4002 5384 5785
11753 3 4002 5785 8980
11754 3 5022 4002 7896
11755 3 7896 4002 8980
11756 3 4258 5319 9193
11757 3 5319 4258 9212
11758 3 5143 4514 8798
11759 3 4514 5925 8798
11760 3 4514 5051 5925
11761 3 8524 5026 9023
11762 3 5026 7363 9023
11763 3 7363 5026 9667
11764 3 5538 5910 7510
11765 3 5802 5538 7510
11766 3 5794 6166 9822
11767 3 5794 9822 10029
11768 3 6818 7334 10108
11769 3 9003 7586 10438
11770 3 5667 163 7105
11771 3 1078 163 4690
11772 3 163 1078 7105
11773 3 1492 163 5667
11774 3 163 1492 4690
11775 3 419 3402 9848
11776 3 3402 419 8871
11777 3 8871 419 9659
11778 3 419 6063 9659
11779 3 4454 675 5073
11780 3 675 3272 8748
11781 3 3272 675 4305
11782 3 4305 675 4454
11783 3 5073 675 8748
11784 3 931 4397 5748
11785 3 4397 931 4518
11786 3 931 5748 6972
11787 3 3985 931 6972
11788 3 931 3985 4555
11789 3 4518 931 4555
11790 3 1187 2854 8211
11791 3 2854 1187 5744
11792 3 3712 1187 8211
11793 3 2472 1187 3712
11794 3 1187 2472 5374
11795 3 8307 1443 9600
11796 3 1443 4303 9600
11797 3 7027 1699 10290
11798 3 4028 1699 7027
11799 3 1699 4028 5772
11800 3 1699 1791 10290
11801 3 1955 6242 8262
11802 3 3454 1955 8262
11803 3 1955 3454 10214
11804 3 1955 4761 6242
11805 3 4761 1955 10214
11806 3 2211 3602 3906
11807 3 3602 2211 5021
11808 3 2211 3906 4731
11809 3 3188 2211 4731
11810 3 2211 3188 7112
11811 3 5021 2211 7112
11812 3 7371 2979 8831
11813 3 2979 5624 8831
11814 3 5624 2979 7565
11815 3 7591 3235 8394
11816 3 3235 7591 9166
11817 3 8394 3235 10432
11818 3 3747 6304 7562
11819 3 5587 4003 6880
11820 3 4003 5587 9189
11821 3 6425 4259 8981
11822 3 5323 4259 6685
11823 3 4515 8195 10515
11824 3 6774 4515 10515
11825 3 5027 5498 7714
11826 3 8214 5283 9454
11827 3 5283 9705 9773
11828 3 9454 5283 9773
11829 3 5539 6948 7615
11830 3 6251 5539 8508
11831 3 5795 7450 9770
11832 3 7450 5795 8863
11833 3 8099 8641 9588
11834 3 9194 8355 9651
11835 3 164 3636 10064
11836 3 3636 164 8348
11837 3 164 7070 8348
11838 3 2279 164 10064
11839 3 164 2025 7070
11840 3 2025 164 2279
11841 3 5392 420 10547
11842 3 420 7975 10022
11843 3 1932 420 10022
11844 3 420 1932 10547
11845 3 2520 420 5392
11846 3 420 2520 7975
11847 3 676 3868 6490
11848 3 676 2484 3868
11849 3 2484 676 3280
11850 3 3280 676 4327
11851 3 2268 676 6490
11852 3 676 2268 4327
11853 3 932 3403 5742
11854 3 3028 932 5742
11855 3 5913 1188 5999
11856 3 1188 5191 7449
11857 3 5999 1188 7449
11858 3 1461 1188 5913
11859 3 5672 1444 8239
11860 3 1444 2692 8239
11861 3 2692 1444 5600
11862 3 4516 1444 5672
11863 3 4282 1444 4516
11864 3 1444 4282 5600
11865 3 1700 2322 9681
11866 3 4413 1700 5718
11867 3 5718 1700 6797
11868 3 6797 1700 9681
11869 3 6640 1956 7158
11870 3 7158 1956 8008
11871 3 2212 3436 5834
11872 3 3436 2212 6865
11873 3 2212 5834 10295
11874 3 6865 2212 8798
11875 3 3289 2212 10295
11876 3 2212 3289 8798
11877 3 2468 3648 9935
11878 3 6978 2468 9935
11879 3 5417 2724 8742
11880 3 2724 5417 6579
11881 3 2724 4274 8742
11882 3 3236 9118 9339
11883 3 3492 6810 8845
11884 3 6810 3492 7143
11885 3 5202 3748 10497
11886 3 3748 5202 8354
11887 3 4466 3748 8354
11888 3 3748 5287 10497
11889 3 4004 5167 7744
11890 3 5347 4004 6426
11891 3 9589 4260 10355
11892 3 4772 8247 9401
11893 3 8507 4772 9401
11894 3 5578 4772 6943
11895 3 4772 5578 8247
11896 3 9258 5028 10378
11897 3 5028 7909 10378
11898 3 5796 7900 9789
11899 3 8446 5796 9613
11900 3 7998 6308 9801
11901 3 6308 7998 8133
11902 3 6564 8328 10509
11903 3 7076 8367 10493
11904 3 8173 7332 9749
11905 3 8100 9713 10133
11906 3 2885 165 4367
11907 3 165 2885 7912
11908 3 1713 165 7912
11909 3 165 1713 2559
11910 3 165 2559 4367
11911 3 421 3876 9092
11912 3 3876 421 5364
11913 3 7581 421 9092
11914 3 421 7581 9692
11915 3 5364 421 9692
11916 3 4514 677 5051
11917 3 3493 677 4514
11918 3 933 3869 5228
11919 3 3869 933 6795
11920 3 8029 933 9200
11921 3 933 5228 7121
11922 3 6795 933 8029
11923 3 933 7121 9200
11924 3 1189 4615 6609
11925 3 1189 6609 7936
11926 3 5586 1189 7936
11927 3 8283 1445 10020
11928 3 7669 1445 8283
11929 3 1701 4107 7086
11930 3 1812 1701 3753
11931 3 3753 1701 7539
11932 3 1701 7086 7539
11933 3 4113 1957 7829
11934 3 1957 5944 8887
11935 3 5944 1957 9939
11936 3 7829 1957 8887
11937 3 2213 6701 10034
11938 3 2213 6572 6701
11939 3 2469 3042 8937
11940 3 2725 9278 10494
11941 3 2725 6016 9278
11942 3 6016 2725 8096
11943 3 8096 2725 10494
11944 3 2981 3622 4995
11945 3 3622 2981 9931
11946 3 2981 4995 5943
11947 3 5002 2981 5943
11948 3 2981 5002 9931
11949 3 3237 5912 9546
11950 3 5912 3237 8626
11951 3 3589 3493 9185
11952 3 3493 5143 9185
11953 3 3493 4514 5143
11954 3 3749 4717 8792
11955 3 7309 3749 7827
11956 3 4005 5250 9676
11957 3 5250 4005 8410
11958 3 4005 9676 10266
11959 3 5116 4261 10466
11960 3 7044 4773 8928
11961 3 4773 8440 8928
11962 3 5249 5029 9461
11963 3 5029 6909 9461
11964 3 9043 5797 10042
11965 3 6053 9347 9923
11966 3 9393 6053 9923
11967 3 7738 6309 8412
11968 3 6309 7738 8185
11969 3 6309 7045 8412
11970 3 7321 7077 9010
11971 3 7589 7843 10403
11972 3 7850 7845 10264
11973 3 7216 166 9871
11974 3 1128 166 7216
11975 3 166 1128 4739
11976 3 166 4739 7306
11977 3 5626 166 7306
11978 3 166 5626 9871
11979 3 7455 422 9211
11980 3 3620 422 7455
11981 3 422 3620 7111
11982 3 4685 422 7111
11983 3 678 5965 6570
11984 3 678 4573 5965
11985 3 3582 678 6570
11986 3 678 3582 4276
11987 3 934 6543 9742
11988 3 2713 934 5704
11989 3 7446 1190 9104
11990 3 1190 5742 9104
11991 3 3463 1190 7446
11992 3 1190 3028 5742
11993 3 6155 1446 6702
11994 3 6702 1446 8160
11995 3 1446 8801 9307
11996 3 2144 1702 5130
11997 3 1702 4570 5130
11998 3 4570 1702 8097
11999 3 6229 1958 9894
12000 3 8301 1958 10424
12001 3 3490 1958 8301
12002 3 1958 3490 9894
12003 3 2271 1958 10388
12004 3 1958 2271 10424
12005 3 2214 4964 8018
12006 3 2470 7216 9871
12007 3 2470 3658 7216
12008 3 2470 2642 3658
12009 3 2642 2470 4510
12010 3 2726 4286 8024
12011 3 5879 2726 8024
12012 3 2726 5879 8093
12013 3 3494 4020 8557
12014 3 3494 3535 6371
12015 3 3750 4748 9853
12016 3 4748 3750 9460
12017 3 9460 3750 9964
12018 3 4006 4924 5301
12019 3 4924 4006 7882
12020 3 5819 4006 7192
12021 3 4006 5819 7882
12022 3 8000 4262 9164
12023 3 4262 9128 9164
12024 3 4518 6192 8940
12025 3 4518 4555 6192
12026 3 4774 9203 10028
12027 3 6777 5030 7064
12028 3 5542 5897 10366
12029 3 6990 5542 9734
12030 3 7092 5542 10366
12031 3 5798 6920 8152
12032 3 5798 8152 9744
12033 3 9199 5798 9744
12034 3 5798 9199 9605
12035 3 9586 7078 9901
12036 3 8573 7846 10449
12037 3 7846 9873 10233
12038 3 7846 10233 10449
12039 3 9784 8614 9866
12040 3 8870 9932 10544
12041 3 167 3847 9532
12042 3 1553 167 1698
12043 3 7238 167 9532
12044 3 167 7238 10483
12045 3 1698 167 10483
12046 3 423 5176 8234
12047 3 4430 423 8234
12048 3 423 4430 10240
12049 3 8842 423 10196
12050 3 10196 423 10240
12051 3 5218 679 8545
12052 3 679 5218 7326
12053 3 766 679 2866
12054 3 679 766 8545
12055 3 935 3119 10362
12056 3 935 2445 3119
12057 3 935 5083 7224
12058 3 5083 935 10362
12059 3 4456 1191 5118
12060 3 2159 1191 6568
12061 3 2524 1191 4456
12062 3 1191 2524 6568
12063 3 1447 7524 8978
12064 3 7524 1447 8665
12065 3 1447 2539 8665
12066 3 1703 3967 10226
12067 3 7098 1703 9184
12068 3 1703 2026 3967
12069 3 2026 1703 7098
12070 3 1959 6963 8465
12071 3 2215 7951 9636
12072 3 7951 2215 10155
12073 3 3273 2215 9636
12074 3 2215 3273 6620
12075 3 2471 6480 8019
12076 3 2471 8019 10122
12077 3 8157 2471 10122
12078 3 6676 2727 7736
12079 3 2727 3558 7736
12080 3 3558 2727 7153
12081 3 7089 2983 10419
12082 3 3239 3680 6170
12083 3 3751 6438 10505
12084 3 7975 4007 8521
12085 3 4263 4399 7505
12086 3 4399 4263 4532
12087 3 5180 4775 6379
12088 3 4775 5961 7627
12089 3 6379 4775 7627
12090 3 6433 5031 8782
12091 3 5031 6458 8782
12092 3 6304 5031 6433
12093 3 5031 5628 6458
12094 3 5628 5031 6304
12095 3 5287 5496 10497
12096 3 5496 5287 9362
12097 3 5971 5799 8899
12098 3 6287 5799 10250
12099 3 5799 6287 8899
12100 3 7258 6055 9338
12101 3 7142 6055 7258
12102 3 6311 7484 9780
12103 3 7591 7776 8865
12104 3 7776 7591 8394
12105 3 168 4549 5848
12106 3 3530 168 5848
12107 3 424 7432 9345
12108 3 424 2858 5401
12109 3 2858 424 9345
12110 3 1217 424 5401
12111 3 424 1217 1987
12112 3 680 5666 9353
12113 3 3636 680 9353
12114 3 680 3636 4305
12115 3 680 4454 5666
12116 3 680 4305 4454
12117 3 936 6783 7110
12118 3 1192 6521 10132
12119 3 4744 1192 10132
12120 3 1192 4744 8344
12121 3 2299 1192 8344
12122 3 1448 8873 9131
12123 3 4129 1704 6750
12124 3 1704 3628 6750
12125 3 3628 1704 7164
12126 3 3534 1704 4129
12127 3 6752 1960 8766
12128 3 1960 2979 7371
12129 3 1960 7371 8766
12130 3 4794 2216 9951
12131 3 2472 4951 5374
12132 3 2472 3712 5871
12133 3 2472 4809 4951
12134 3 4809 2472 5871
12135 3 8182 2728 9567
12136 3 4393 2984 8895
12137 3 3916 2984 4393
12138 3 2984 3916 5064
12139 3 5219 3240 8535
12140 3 3240 5219 5625
12141 3 6281 3496 8089
12142 3 4347 3496 6281
12143 3 3496 4347 8863
12144 3 3752 4989 7887
12145 3 3752 4304 4989
12146 3 4304 3752 9928
12147 3 4008 4844 5055
12148 3 5144 4264 9155
12149 3 4264 8102 9155
12150 3 4520 7807 9467
12151 3 6855 4776 8110
12152 3 7650 4776 10354
12153 3 5788 5288 6171
12154 3 6430 5544 10056
12155 3 5544 6430 7848
12156 3 7547 5544 7848
12157 3 5877 5544 7547
12158 3 6890 5800 8790
12159 3 5882 5800 6890
12160 3 6056 6250 10280
12161 3 8336 6056 10280
12162 3 8380 7336 9078
12163 3 8616 9047 10369
12164 3 9164 9128 10517
12165 3 7191 169 9714
12166 3 169 3120 5135
12167 3 1133 169 7191
12168 3 169 1133 3120
12169 3 1005 169 5135
12170 3 169 1005 9714
12171 3 3098 425 9115
12172 3 425 3098 8124
12173 3 425 4411 8274
12174 3 4411 425 8124
12175 3 425 8274 9115
12176 3 681 8926 9904
12177 3 1193 7641 9483
12178 3 7641 1193 10193
12179 3 1449 6658 7862
12180 3 6658 1449 6905
12181 3 6840 1449 7306
12182 3 3009 1449 6840
12183 3 1449 3009 6905
12184 3 1449 5626 7306
12185 3 1705 7777 7823
12186 3 1705 7162 7777
12187 3 3086 1961 3109
12188 3 1961 3086 7044
12189 3 1961 2296 3109
12190 3 2217 4988 8546
12191 3 4415 2473 4724
12192 3 2473 4415 7424
12193 3 7777 2473 7823
12194 3 4724 2473 7777
12195 3 2473 5095 7823
12196 3 5095 2473 8657
12197 3 2473 7424 8657
12198 3 6176 2985 6616
12199 3 6616 2985 8373
12200 3 2985 7658 8373
12201 3 9607 3241 10102
12202 3 3241 8077 10102
12203 3 8852 3241 9607
12204 3 3497 4007 7975
12205 3 4388 3753 9610
12206 3 3753 4388 5562
12207 3 3753 7539 9610
12208 3 3753 5562 9675
12209 3 4009 6749 9220
12210 3 4265 4857 7041
12211 3 4857 4265 7660
12212 3 4521 7464 10356
12213 3 7633 4521 9174
12214 3 9174 4521 10356
12215 3 4777 6525 8952
12216 3 5033 5766 9700
12217 3 5289 6642 9790
12218 3 6642 5289 8529
12219 3 7281 5545 9922
12220 3 6057 5545 8566
12221 3 8014 5801 9330
12222 3 6057 6209 8013
12223 3 6209 6057 8566
12224 3 6313 6760 8319
12225 3 6760 6313 8150
12226 3 8294 6825 8352
12227 3 8105 8203 8280
12228 3 9008 8617 9145
12229 3 170 8385 8415
12230 3 170 8415 8684
12231 3 4873 426 9658
12232 3 2615 426 3944
12233 3 426 2615 7136
12234 3 3245 426 4873
12235 3 426 3245 3944
12236 3 426 7136 9658
12237 3 682 5681 6221
12238 3 682 4466 5681
12239 3 682 3748 4466
12240 3 3748 682 5287
12241 3 3495 682 6221
12242 3 682 3495 9362
12243 3 5287 682 9362
12244 3 5265 938 5529
12245 3 5529 938 10453
12246 3 938 1718 10453
12247 3 5141 1194 5747
12248 3 3160 1194 5141
12249 3 1194 3160 6240
12250 3 1194 6240 7396
12251 3 1450 6221 9377
12252 3 1450 9559 9823
12253 3 1450 9377 9559
12254 3 1450 3495 6221
12255 3 1450 1520 3495
12256 3 4101 1706 7656
12257 3 4037 1706 4101
12258 3 3397 1962 4296
12259 3 3500 1962 6997
12260 3 1962 3500 4296
12261 3 2671 2218 7503
12262 3 2218 2671 5746
12263 3 2218 6767 7503
12264 3 2218 5746 7856
12265 3 2218 2792 6767
12266 3 2792 2218 7856
12267 3 3372 2474 8818
12268 3 2474 3372 9874
12269 3 8818 2474 9100
12270 3 4810 2474 9874
12271 3 2730 5918 7707
12272 3 2986 3202 3475
12273 3 3202 2986 3568
12274 3 3568 2986 6109
12275 3 7503 3242 9765
12276 3 3242 8536 9765
12277 3 3242 5046 8536
12278 3 5046 3242 9950
12279 3 3242 9656 9950
12280 3 3498 3862 5720
12281 3 3862 3498 4967
12282 3 4935 3754 8362
12283 3 4001 3754 4044
12284 3 4044 3754 4935
12285 3 4010 6473 9342
12286 3 4778 5406 7061
12287 3 4778 4917 5406
12288 3 4778 5340 6458
12289 3 5340 4778 7061
12290 3 5034 7091 7697
12291 3 7617 5034 7697
12292 3 5546 5764 8608
12293 3 6952 5802 7510
12294 3 5802 6952 9305
12295 3 7186 6058 7831
12296 3 7653 6058 9093
12297 3 6058 7653 7831
12298 3 7898 7338 10261
12299 3 8080 7850 10264
12300 3 9213 9130 9829
12301 3 171 4886 8808
12302 3 171 4455 4886
12303 3 4455 171 7566
12304 3 5368 171 8808
12305 3 171 5368 7566
12306 3 7698 427 8989
12307 3 8989 427 10124
12308 3 427 5837 10124
12309 3 4827 427 7698
12310 3 683 1908 4767
12311 3 1908 683 3061
12312 3 683 4767 6359
12313 3 3794 683 9933
12314 3 683 6359 9933
12315 3 3061 683 3794
12316 3 939 7460 9097
12317 3 2196 939 9097
12318 3 939 2196 3541
12319 3 939 6055 7460
12320 3 6055 939 9338
12321 3 939 3541 9338
12322 3 1195 4236 7307
12323 3 2542 1195 4929
12324 3 1195 2542 4236
12325 3 1451 6167 8279
12326 3 6167 1451 9727
12327 3 7287 1451 8279
12328 3 9727 1451 10546
12329 3 1707 6774 7534
12330 3 6774 1707 7585
12331 3 1707 5314 7585
12332 3 4068 1707 10012
12333 3 1707 4068 5314
12334 3 4888 1963 9749
12335 3 1963 8173 9749
12336 3 2219 8984 9211
12337 3 2219 5414 5736
12338 3 5414 2219 7286
12339 3 2219 5736 8984
12340 3 2475 2576 4694
12341 3 2576 2475 4995
12342 3 3815 2475 4694
12343 3 2731 5815 6590
12344 3 2731 7422 9004
12345 3 9034 2987 9572
12346 3 3499 4739 4792
12347 3 4739 3499 6840
12348 3 3499 8603 10176
12349 3 6840 3499 10176
12350 3 4162 3755 6852
12351 3 4942 4011 9458
12352 3 4011 5249 9813
12353 3 9458 4011 9813
12354 3 7220 4267 7545
12355 3 7545 4267 9231
12356 3 4523 7691 9509
12357 3 4523 6937 7691
12358 3 6937 4523 8721
12359 3 4523 5787 8721
12360 3 4789 4523 9509
12361 3 4523 4789 5787
12362 3 7472 5291 8015
12363 3 5291 7472 7780
12364 3 8015 5291 9918
12365 3 9918 5291 10489
12366 3 8500 6059 10342
12367 3 8474 6315 10321
12368 3 6571 6661 6989
12369 3 6571 6989 9750
12370 3 6781 6571 9750
12371 3 6827 9408 9528
12372 3 7952 7339 8816
12373 3 7339 7580 7653
12374 3 7339 7653 8816
12375 3 8107 8590 9013
12376 3 9111 8363 10126
12377 3 6160 172 8652
12378 3 550 172 1206
12379 3 1206 172 6160
12380 3 8652 172 9466
12381 3 428 8001 10328
12382 3 428 4461 8836
12383 3 1236 428 10328
12384 3 428 1236 4461
12385 3 684 6168 7466
12386 3 684 1591 6168
12387 3 1591 684 9567
12388 3 4762 684 7466
12389 3 684 4762 8145
12390 3 684 8145 9567
12391 3 940 5710 7737
12392 3 940 1422 5710
12393 3 1422 940 1619
12394 3 5110 940 7737
12395 3 1196 6695 7219
12396 3 1196 7219 8004
12397 3 1452 3861 8712
12398 3 1452 3189 3861
12399 3 5189 1708 7847
12400 3 1708 7548 7847
12401 3 2477 1708 5189
12402 3 2024 1708 2477
12403 3 1708 2024 3576
12404 3 1708 3576 7548
12405 3 2223 1964 5398
12406 3 1964 2223 4458
12407 3 2353 2220 9245
12408 3 2220 2353 2947
12409 3 2220 2947 10371
12410 3 7704 2476 7902
12411 3 4750 2476 7704
12412 3 2476 4292 7902
12413 3 2732 2907 6299
12414 3 2907 2732 4264
12415 3 8513 2988 9902
12416 3 2988 8322 9902
12417 3 2988 4767 8322
12418 3 4767 2988 6359
12419 3 7939 3244 10199
12420 3 5289 3244 7939
12421 3 3244 5289 9790
12422 3 4296 3500 6987
12423 3 3756 7229 7395
12424 3 7229 3756 8181
12425 3 3756 7395 10460
12426 3 8181 3756 9373
12427 3 7438 4012 9914
12428 3 4012 5467 7890
12429 3 4012 7890 9914
12430 3 5023 4268 6921
12431 3 7711 5804 9558
12432 3 5804 7711 8441
12433 3 5804 7266 9558
12434 3 6828 8784 9028
12435 3 8784 6828 9206
12436 3 7652 7596 7662
12437 3 7662 7596 9422
12438 3 9706 7852 10339
12439 3 8887 8620 10106
12440 3 173 4505 9381
12441 3 4505 173 7598
12442 3 6814 173 9381
12443 3 173 6814 8650
12444 3 173 6592 7598
12445 3 6592 173 8650
12446 3 3370 429 8264
12447 3 429 3370 7021
12448 3 6717 429 7095
12449 3 429 6717 8955
12450 3 8264 429 9255
12451 3 429 7021 7095
12452 3 429 8955 9255
12453 3 685 7457 8744
12454 3 685 950 7457
12455 3 5591 685 8744
12456 3 4433 941 4512
12457 3 2668 941 6277
12458 3 941 2668 4512
12459 3 6277 941 10451
12460 3 6180 1197 9629
12461 3 4973 1197 9218
12462 3 1197 4973 7311
12463 3 1197 7311 9629
12464 3 4061 1197 6180
12465 3 1453 5121 5579
12466 3 1453 4906 5121
12467 3 4906 1453 7731
12468 3 1709 5168 7837
12469 3 1709 4568 8494
12470 3 3418 1965 9494
12471 3 1965 3515 9413
12472 3 1965 4596 9494
12473 3 4596 1965 9413
12474 3 4877 2221 5268
12475 3 5255 2221 8718
12476 3 2221 5255 5268
12477 3 2221 8639 8718
12478 3 2477 5189 8238
12479 3 4803 2477 8238
12480 3 2477 4803 6725
12481 3 3335 2733 3929
12482 3 2733 3335 7880
12483 3 7773 2733 7880
12484 3 2733 7773 9979
12485 3 7226 2989 8360
12486 3 8360 2989 10329
12487 3 3245 4873 8841
12488 3 3245 3379 9084
12489 3 3379 3245 8841
12490 3 3944 3245 9084
12491 3 6506 3501 6902
12492 3 9095 3501 9917
12493 3 3501 5000 9917
12494 3 6902 3501 9095
12495 3 3757 3873 9220
12496 3 5168 3757 7837
12497 3 3757 3784 3873
12498 3 3784 3757 5168
12499 3 7417 3757 9220
12500 3 3757 7417 7837
12501 3 5182 4013 10431
12502 3 4013 6342 10431
12503 3 7317 4269 8421
12504 3 4269 7865 8421
12505 3 6726 4525 8304
12506 3 4525 7277 8304
12507 3 7277 4525 8406
12508 3 4525 5038 8406
12509 3 5293 7445 9948
12510 3 5293 8032 9847
12511 3 8032 5293 9948
12512 3 7481 5549 10306
12513 3 6004 5549 8770
12514 3 7810 5805 10067
12515 3 5805 8372 10348
12516 3 6334 5805 7810
12517 3 5805 6854 10067
12518 3 6854 5805 10348
12519 3 6061 8574 8837
12520 3 9551 6573 10523
12521 3 6573 9551 10282
12522 3 3356 174 6529
12523 3 174 3356 8581
12524 3 4187 174 9484
12525 3 1441 174 4187
12526 3 174 1441 6529
12527 3 174 6105 9484
12528 3 6105 174 8581
12529 3 430 6445 8938
12530 3 5689 430 8938
12531 3 430 4164 6445
12532 3 1876 430 5689
12533 3 430 1135 4164
12534 3 1135 430 1876
12535 3 9775 686 10032
12536 3 9632 686 9775
12537 3 686 8432 10032
12538 3 1397 942 4847
12539 3 6779 942 7083
12540 3 942 5576 7083
12541 3 4847 942 6779
12542 3 1198 4408 6498
12543 3 4408 1198 9207
12544 3 2018 1198 6498
12545 3 1198 2018 5632
12546 3 9207 1198 9919
12547 3 1198 5632 9919
12548 3 2069 1454 5509
12549 3 3452 1454 6295
12550 3 6295 1454 9794
12551 3 3855 1710 5201
12552 3 2163 1966 6286
12553 3 1966 2746 6286
12554 3 2746 1966 5072
12555 3 2222 7048 8994
12556 3 5087 2222 10286
12557 3 2478 7425 10309
12558 3 2478 7239 7425
12559 3 3435 2478 10309
12560 3 2478 3435 8448
12561 3 5235 2478 8448
12562 3 6168 2734 7466
12563 3 2990 3087 3263
12564 3 2990 3927 4233
12565 3 9442 3246 9529
12566 3 4372 3502 7592
12567 3 3502 4372 6077
12568 3 5519 3502 7613
12569 3 3502 6077 8293
12570 3 7613 3502 8293
12571 3 5928 3758 8869
12572 3 3758 8242 8869
12573 3 4014 5568 7554
12574 3 4014 5075 5568
12575 3 5075 4014 6896
12576 3 4079 4014 7554
12577 3 6896 4014 9821
12578 3 5383 4526 6465
12579 3 4526 5383 8360
12580 3 4526 7512 9759
12581 3 7512 4526 10329
12582 3 4526 8360 10329
12583 3 5703 4782 8943
12584 3 4782 5197 8943
12585 3 5550 8165 8456
12586 3 7225 5806 8481
12587 3 5806 7225 7338
12588 3 5806 7338 7609
12589 3 8999 6062 9067
12590 3 6318 8554 8584
12591 3 9251 6574 9318
12592 3 8400 8366 10006
12593 3 9646 9888 9895
12594 3 1929 175 8243
12595 3 175 1929 9282
12596 3 431 2843 6081
12597 3 431 923 2843
12598 3 923 431 5873
12599 3 687 9754 9916
12600 3 687 9015 9410
12601 3 687 3797 9015
12602 3 3797 687 9916
12603 3 1549 943 6738
12604 3 943 1549 5887
12605 3 5861 943 10296
12606 3 943 5887 10296
12607 3 1199 5978 7902
12608 3 2078 1455 2390
12609 3 1455 2078 6752
12610 3 3667 1455 4856
12611 3 2390 1455 3667
12612 3 4856 1455 6752
12613 3 2110 1711 7163
12614 3 1711 2936 9368
12615 3 7163 1711 9368
12616 3 1967 5476 7545
12617 3 1967 7545 9231
12618 3 2276 2223 5398
12619 3 8470 2479 10557
12620 3 2479 9138 10557
12621 3 6374 2479 8470
12622 3 5229 2735 7797
12623 3 3476 2735 5229
12624 3 2735 3506 7797
12625 3 9279 2991 9324
12626 3 3247 6457 6756
12627 3 3503 3924 7300
12628 3 3503 7300 7340
12629 3 3759 7229 8961
12630 3 4622 4015 9942
12631 3 4015 4622 6634
12632 3 5264 4015 7775
12633 3 4015 5264 9942
12634 3 6950 4271 9304
12635 3 4271 5862 9304
12636 3 5862 4271 7816
12637 3 6628 4527 10457
12638 3 5200 4783 6930
12639 3 7717 5039 9799
12640 3 5039 5540 9799
12641 3 5540 5039 7162
12642 3 5295 9492 10075
12643 3 6063 8625 9659
12644 3 6831 8526 8666
12645 3 6831 7516 8526
12646 3 7516 6831 10428
12647 3 8340 6831 8666
12648 3 8155 7599 8389
12649 3 8967 7855 9409
12650 3 7231 176 9720
12651 3 3281 176 7231
12652 3 176 3281 8420
12653 3 176 8420 10405
12654 3 2794 176 10405
12655 3 176 2794 9720
12656 3 7688 432 8756
12657 3 8756 432 9603
12658 3 2881 432 3377
12659 3 432 2881 10186
12660 3 9603 432 10186
12661 3 1156 432 7688
12662 3 432 1156 3377
12663 3 4098 688 5085
12664 3 688 7037 8619
12665 3 5085 688 8619
12666 3 3327 688 4098
12667 3 688 3327 7037
12668 3 3872 944 4345
12669 3 944 3142 4627
12670 3 3142 944 3872
12671 3 1766 944 4627
12672 3 944 1766 8016
12673 3 4345 944 8016
12674 3 2331 1200 9286
12675 3 2288 1200 2331
12676 3 1200 2288 4659
12677 3 1456 3126 4648
12678 3 4176 1456 4648
12679 3 1497 1456 3085
12680 3 1456 1497 3126
12681 3 8480 1712 8825
12682 3 1712 2387 8118
12683 3 3416 1712 4443
12684 3 4443 1712 8480
12685 3 1712 8118 8825
12686 3 1968 4144 9107
12687 3 1968 2887 4144
12688 3 5467 1968 7890
12689 3 2776 1968 9107
12690 3 1968 2776 7890
12691 3 5503 2224 10182
12692 3 2224 2964 6314
12693 3 3738 2224 5503
12694 3 2224 6314 10182
12695 3 2480 5655 6064
12696 3 2480 7252 7461
12697 3 2480 5600 7252
12698 3 5600 2480 6064
12699 3 2480 4328 5655
12700 3 4328 2480 7461
12701 3 2736 4711 6806
12702 3 4711 2736 8167
12703 3 7454 2992 8479
12704 3 8479 2992 9046
12705 3 3248 5988 10418
12706 3 4984 3248 8510
12707 3 3248 4984 5988
12708 3 3248 10418 10541
12709 3 3248 4575 8510
12710 3 8345 3504 10488
12711 3 3504 5042 10488
12712 3 5177 3760 8689
12713 3 6450 4016 9841
12714 3 4016 4422 8958
12715 3 6216 4272 8682
12716 3 4272 5598 8682
12717 3 4528 4661 6466
12718 3 4784 8976 10272
12719 3 4784 7494 10406
12720 3 7215 5040 7283
12721 3 8823 5040 8885
12722 3 6346 5040 7215
12723 3 5296 8613 10392
12724 3 5807 5296 6381
12725 3 8399 5296 10392
12726 3 6381 5296 8399
12727 3 7625 5552 7740
12728 3 7159 5552 7625
12729 3 5552 7159 7647
12730 3 5808 9355 9876
12731 3 9355 5808 10426
12732 3 6064 8428 9680
12733 3 6832 7967 10019
12734 3 6832 8926 9333
12735 3 8153 7088 9721
12736 3 177 621 3469
12737 3 621 177 3013
12738 3 2435 433 3796
12739 3 3269 433 6842
12740 3 433 3269 3796
12741 3 689 8477 8840
12742 3 1317 689 9232
12743 3 689 1317 7108
12744 3 689 1110 9232
12745 3 1110 689 8840
12746 3 689 7108 8477
12747 3 5477 945 7059
12748 3 3752 945 9928
12749 3 9928 945 10319
12750 3 1457 5892 7298
12751 3 1457 7298 8693
12752 3 1457 2014 5892
12753 3 2014 1457 6665
12754 3 1457 5113 6665
12755 3 5113 1457 8693
12756 3 1713 3182 5014
12757 3 3182 1713 7912
12758 3 1713 5014 9900
12759 3 2559 1713 9900
12760 3 7263 1969 8476
12761 3 1969 2249 8476
12762 3 2356 2225 9645
12763 3 5013 2225 9229
12764 3 2225 5013 9645
12765 3 9608 2481 9859
12766 3 2481 5270 9859
12767 3 4789 2481 9057
12768 3 2481 4789 5270
12769 3 2481 8656 9057
12770 3 8656 2481 9608
12771 3 3964 2737 6485
12772 3 2737 3964 8870
12773 3 2993 5152 7013
12774 3 5152 2993 8124
12775 3 3206 2993 5705
12776 3 2993 3206 8124
12777 3 8058 3249 10404
12778 3 3249 7403 10404
12779 3 7665 3249 8371
12780 3 3505 7783 8603
12781 3 3505 3981 8520
12782 3 3981 3505 8603
12783 3 3761 4359 9457
12784 3 4359 3761 6386
12785 3 6322 3761 9477
12786 3 3761 6322 6386
12787 3 3761 9457 9477
12788 3 5739 4017 9548
12789 3 4017 5739 8176
12790 3 4017 8176 8765
12791 3 5165 4529 5475
12792 3 4785 6886 8270
12793 3 4864 4785 8270
12794 3 8529 5041 9564
12795 3 5297 5769 7800
12796 3 9224 5553 10157
12797 3 5553 9567 10157
12798 3 5553 8182 9567
12799 3 6708 5809 7137
12800 3 6065 8027 8062
12801 3 6577 6678 10069
12802 3 7167 6833 7828
12803 3 9627 7345 9870
12804 3 8390 7601 8569
12805 3 8206 178 8981
12806 3 178 8206 10039
12807 3 2762 178 10039
12808 3 178 2297 8981
12809 3 2297 178 2762
12810 3 434 4760 9780
12811 3 4760 434 8540
12812 3 434 2973 6391
12813 3 1458 434 9780
12814 3 434 1458 2973
12815 3 1325 690 2608
12816 3 946 4528 8209
12817 3 946 3036 7693
12818 3 3036 946 10463
12819 3 3039 946 7693
12820 3 946 3039 4528
12821 3 5946 1202 6259
12822 3 5209 1202 5946
12823 3 1202 2427 6259
12824 3 2427 1202 9359
12825 3 5929 1458 8112
12826 3 2973 1458 5929
12827 3 8112 1458 9780
12828 3 6659 1714 10046
12829 3 1714 6659 9832
12830 3 1714 4000 7272
12831 3 4000 1714 9832
12832 3 1714 3526 10046
12833 3 3297 1714 7272
12834 3 1714 3297 3526
12835 3 1970 2110 4870
12836 3 1970 2623 6083
12837 3 3143 2226 4822
12838 3 6507 2482 6966
12839 3 2482 4320 6966
12840 3 5161 2738 10414
12841 3 2738 5161 6862
12842 3 5487 2738 6565
12843 3 2738 5487 10414
12844 3 2994 3456 5762
12845 3 3456 2994 5858
12846 3 2994 5762 8505
12847 3 4121 3762 9828
12848 3 4018 9611 10269
12849 3 4018 5314 7708
12850 3 5314 4018 10269
12851 3 6461 4530 8430
12852 3 4786 5193 10555
12853 3 5790 4786 10555
12854 3 5042 7726 10488
12855 3 5967 5298 9536
12856 3 5298 5967 10335
12857 3 5298 9072 9536
12858 3 7357 6322 9477
12859 3 6578 7670 7760
12860 3 7346 9712 10548
12861 3 8904 8882 9315
12862 3 8882 8904 9382
12863 3 179 5219 8838
12864 3 5219 179 5625
12865 3 6015 179 8838
12866 3 5625 179 7932
12867 3 3322 179 6015
12868 3 179 3322 7932
12869 3 435 5391 7713
12870 3 7402 435 7713
12871 3 5883 435 7402
12872 3 691 3473 6811
12873 3 3473 691 7911
12874 3 691 6811 7023
12875 3 6166 947 10002
12876 3 947 7821 10002
12877 3 1764 947 6166
12878 3 947 1764 7523
12879 3 2560 947 7523
12880 3 947 2560 7821
12881 3 5125 1203 5336
12882 3 4550 1203 5125
12883 3 9590 1459 9743
12884 3 1459 3208 9743
12885 3 3893 1715 5714
12886 3 1715 3893 4537
12887 3 5714 1715 6093
12888 3 1715 4537 7674
12889 3 1715 4846 6093
12890 3 4846 1715 7674
12891 3 1971 6234 8848
12892 3 2696 1971 9181
12893 3 1971 8848 9181
12894 3 3094 2227 7171
12895 3 2227 6517 8048
12896 3 2227 4814 7171
12897 3 3402 2483 4817
12898 3 3204 2483 3402
12899 3 2483 3204 8331
12900 3 4817 2483 8945
12901 3 2739 5472 9438
12902 3 4547 2739 8142
12903 3 4241 2995 8483
12904 3 2995 5087 8483
12905 3 3251 4878 5333
12906 3 3251 3318 5162
12907 3 3318 3251 5333
12908 3 3507 5231 10123
12909 3 3874 3763 7752
12910 3 3763 3874 4848
12911 3 4078 3763 4602
12912 3 4602 3763 4848
12913 3 4019 5979 10440
12914 3 6761 4019 10440
12915 3 4531 7514 8709
12916 3 6328 4531 8709
12917 3 4531 6328 6947
12918 3 4787 6227 8123
12919 3 5043 6624 10348
12920 3 5299 8137 10441
12921 3 6892 5299 10094
12922 3 5299 6892 8137
12923 3 6496 6067 6908
12924 3 6067 8664 9031
12925 3 6908 6067 9031
12926 3 8119 6323 8227
12927 3 7953 7859 9310
12928 3 7859 7953 9887
12929 3 9631 7859 9887
12930 3 8115 9792 10513
12931 3 9931 8115 10513
12932 3 8940 8371 9850
12933 3 1930 180 2517
12934 3 436 2829 6191
12935 3 2829 436 8632
12936 3 436 6191 6720
12937 3 5447 436 6720
12938 3 5115 436 5447
12939 3 436 5115 9135
12940 3 7931 436 9135
12941 3 436 7931 8632
12942 3 2833 692 6188
12943 3 6188 692 7928
12944 3 3468 692 10175
12945 3 692 3468 7928
12946 3 4616 948 9111
12947 3 948 4616 4863
12948 3 948 4140 8292
12949 3 4140 948 5043
12950 3 948 8292 9111
12951 3 948 4863 5043
12952 3 2145 1204 10350
12953 3 1204 2145 3255
12954 3 1638 1204 3255
12955 3 1204 3696 8325
12956 3 1204 8325 10350
12957 3 8503 1460 9577
12958 3 1460 5437 6231
12959 3 1460 6231 9577
12960 3 1460 3481 5437
12961 3 3481 1460 4590
12962 3 4590 1460 8503
12963 3 6915 1972 6934
12964 3 1972 6915 10229
12965 3 1972 5904 6934
12966 3 1972 5304 5904
12967 3 5304 1972 10229
12968 3 6966 2228 10343
12969 3 2228 7751 10343
12970 3 3868 2484 8079
12971 3 2640 2484 3280
12972 3 6982 2740 8376
12973 3 2740 8054 10345
12974 3 5193 2996 8761
12975 3 2996 5720 10042
12976 3 2996 3498 5720
12977 3 3498 2996 4786
12978 3 4786 2996 5193
12979 3 4950 3252 9642
12980 3 3252 4950 8410
12981 3 3252 8410 10180
12982 3 3508 5291 7780
12983 3 6980 3764 8318
12984 3 3764 7018 10409
12985 3 8318 3764 10409
12986 3 8557 4020 8648
12987 3 4020 6296 8648
12988 3 5226 4788 5526
12989 3 5212 5044 9772
12990 3 5300 8472 9360
12991 3 5300 9360 10277
12992 3 6630 5300 10277
12993 3 5556 5906 9541
12994 3 6580 8091 9172
12995 3 7092 9042 9246
12996 3 9042 7092 9099
12997 3 9099 7092 10366
12998 3 7348 7996 8447
12999 3 7604 7878 9687
13000 3 8201 7860 8865
13001 3 8865 7860 9258
13002 3 8384 8116 8687
13003 3 8687 8116 9798
13004 3 1030 181 2432
13005 3 181 1030 6291
13006 3 5989 181 9017
13007 3 2432 181 5872
13008 3 181 6291 9017
13009 3 5872 181 5989
13010 3 4133 437 7317
13011 3 437 1867 4269
13012 3 1867 437 2754
13013 3 2685 437 4133
13014 3 437 2685 2754
13015 3 437 4269 7317
13016 3 693 3172 9481
13017 3 3172 693 9657
13018 3 4220 693 7062
13019 3 7062 693 9481
13020 3 730 693 4220
13021 3 693 730 9657
13022 3 9286 949 9395
13023 3 949 6236 9395
13024 3 6236 949 6346
13025 3 949 4798 6346
13026 3 1205 4926 6158
13027 3 1205 1424 4926
13028 3 1424 1205 2793
13029 3 4283 1205 6158
13030 3 1205 4283 8188
13031 3 2793 1205 8188
13032 3 3635 1461 5913
13033 3 1461 3635 8389
13034 3 6043 1461 8389
13035 3 4894 1717 9726
13036 3 3441 1717 4894
13037 3 1717 3441 7626
13038 3 1717 7626 10474
13039 3 6382 1717 10474
13040 3 1717 6382 9726
13041 3 4200 1973 6535
13042 3 1973 2161 4800
13043 3 1973 4800 6535
13044 3 3481 2229 5437
13045 3 2258 2229 3234
13046 3 2485 3623 10321
13047 3 4403 2485 6315
13048 3 6315 2485 10321
13049 3 5380 2741 10461
13050 3 2997 4783 5200
13051 3 3253 7501 10427
13052 3 3509 8309 9818
13053 3 4281 3509 9331
13054 3 3765 7250 10530
13055 3 5722 3765 9250
13056 3 4021 7720 10370
13057 3 4021 10370 10517
13058 3 9128 4021 10517
13059 3 4021 6606 7720
13060 3 6606 4021 10394
13061 3 4021 4096 10394
13062 3 4096 4021 9128
13063 3 6205 4277 6320
13064 3 8372 4533 8578
13065 3 5270 4789 9509
13066 3 5787 4789 7136
13067 3 7136 4789 9057
13068 3 7273 5301 7432
13069 3 5557 7135 9943
13070 3 6335 6069 6600
13071 3 6325 9458 9813
13072 3 6891 6837 8607
13073 3 6837 7925 9903
13074 3 10109 9141 10416
13075 3 182 3077 9525
13076 3 3077 182 8588
13077 3 2835 182 9525
13078 3 182 2835 9587
13079 3 2436 182 9587
13080 3 182 2436 8588
13081 3 7962 438 10212
13082 3 6963 438 7962
13083 3 4708 438 4732
13084 3 438 4708 10212
13085 3 1959 438 6963
13086 3 438 1959 4732
13087 3 694 4914 6009
13088 3 694 6009 10413
13089 3 694 4737 4914
13090 3 694 1180 7462
13091 3 1180 694 10413
13092 3 7457 950 7969
13093 3 950 2614 7969
13094 3 2614 950 6861
13095 3 6861 950 6945
13096 3 2664 1206 10420
13097 3 1233 1206 6160
13098 3 1206 1233 10420
13099 3 1462 2121 7605
13100 3 1462 2200 10050
13101 3 2200 1462 2263
13102 3 2263 1462 7605
13103 3 1718 7271 8564
13104 3 1718 8564 10453
13105 3 8017 1974 8576
13106 3 1974 3198 8576
13107 3 3198 1974 6813
13108 3 2230 4435 6321
13109 3 5515 2230 6321
13110 3 5407 2742 9425
13111 3 2742 8504 9425
13112 3 2877 2742 5407
13113 3 2742 2877 8504
13114 3 6711 2998 8817
13115 3 2998 6974 8817
13116 3 6974 2998 8150
13117 3 8150 2998 9408
13118 3 6914 3254 9367
13119 3 5684 3254 9836
13120 3 4468 3254 5684
13121 3 3254 4468 9367
13122 3 3510 4744 10132
13123 3 3766 4642 5248
13124 3 4960 3766 5248
13125 3 3766 4960 5264
13126 3 3766 5264 7775
13127 3 4022 5142 8288
13128 3 4022 4385 8213
13129 3 4278 5441 9254
13130 3 8018 4278 9254
13131 3 6574 4278 9114
13132 3 4534 5638 10029
13133 3 6419 4534 10029
13134 3 5991 4790 8866
13135 3 4790 5774 8866
13136 3 4790 5099 5774
13137 3 5814 7031 9235
13138 3 7742 6326 9681
13139 3 6582 7969 9178
13140 3 7801 6582 9178
13141 3 7862 8224 9149
13142 3 9607 8886 9758
13143 3 8886 9607 10102
13144 3 1052 183 8823
13145 3 183 1052 4985
13146 3 183 654 7283
13147 3 654 183 3288
13148 3 5040 183 7283
13149 3 183 5040 8823
13150 3 3288 183 4985
13151 3 439 3614 10388
13152 3 439 1958 6229
13153 3 1958 439 10388
13154 3 439 2022 3614
13155 3 2022 439 6229
13156 3 695 6967 8622
13157 3 695 1910 7960
13158 3 1910 695 8622
13159 3 951 5471 8043
13160 3 5768 951 8043
13161 3 951 1471 5471
13162 3 2347 1207 3612
13163 3 1207 2347 9527
13164 3 1207 9527 9843
13165 3 1207 9843 10100
13166 3 3835 1207 10100
13167 3 2305 1463 7580
13168 3 1463 2305 6395
13169 3 7580 1463 8995
13170 3 3597 1719 7507
13171 3 7507 1719 8570
13172 3 1719 6026 8570
13173 3 1975 4636 8578
13174 3 1975 2595 3533
13175 3 1975 3138 4636
13176 3 3138 1975 3533
13177 3 4533 1975 8578
13178 3 5978 2231 9876
13179 3 2231 5808 9876
13180 3 5808 2231 9380
13181 3 4383 2487 4952
13182 3 7750 2487 9451
13183 3 4952 2487 7750
13184 3 2743 5917 10538
13185 3 2743 4502 5917
13186 3 4301 2743 10538
13187 3 2743 4301 9563
13188 3 2999 8965 9834
13189 3 2999 5279 8965
13190 3 3255 5874 10283
13191 3 6314 3511 9452
13192 3 6731 4279 7640
13193 3 4279 7879 10351
13194 3 7980 4791 9689
13195 3 6747 4791 9475
13196 3 4791 6747 7515
13197 3 8274 5047 9115
13198 3 5047 8274 9702
13199 3 6139 5047 9702
13200 3 5559 6417 9158
13201 3 5559 9158 10362
13202 3 6071 8199 9463
13203 3 7791 6071 10470
13204 3 6071 9463 10470
13205 3 6583 7073 8737
13206 3 8743 7351 10383
13207 3 7351 8743 9920
13208 3 8631 9752 10518
13209 3 9752 8631 10402
13210 3 8631 9885 10402
13211 3 184 8506 10529
13212 3 184 6529 8506
13213 3 184 1674 5904
13214 3 1674 184 10529
13215 3 5304 184 5904
13216 3 184 5304 6529
13217 3 7578 440 8495
13218 3 440 1210 8495
13219 3 1210 440 2717
13220 3 6779 696 8240
13221 3 696 6779 7083
13222 3 696 4042 4247
13223 3 4042 696 7083
13224 3 696 4834 8240
13225 3 952 1044 9244
13226 3 1044 952 5367
13227 3 952 9244 9770
13228 3 6323 952 7376
13229 3 7376 952 9770
13230 3 5367 952 6323
13231 3 4153 1208 5177
13232 3 4182 1208 7127
13233 3 1208 3760 5177
13234 3 3760 1208 4182
13235 3 1544 1464 5394
13236 3 1464 1544 8626
13237 3 5394 1464 10434
13238 3 1464 7722 10434
13239 3 3237 1464 8626
13240 3 4934 1720 10392
13241 3 3991 1720 4934
13242 3 1720 3745 8399
13243 3 1720 8399 10392
13244 3 3574 1720 3991
13245 3 1720 3574 3745
13246 3 4690 2232 5815
13247 3 2232 4690 5825
13248 3 2232 2397 6590
13249 3 5815 2232 6590
13250 3 2488 4043 4047
13251 3 2488 4047 5072
13252 3 2744 5427 7356
13253 3 3229 2744 3807
13254 3 3807 2744 7356
13255 3 3000 5211 9675
13256 3 3000 5562 6289
13257 3 5562 3000 9675
13258 3 3000 4089 5211
13259 3 4089 3000 6289
13260 3 3877 3256 9040
13261 3 9040 3256 10510
13262 3 3256 4703 10510
13263 3 3512 5442 6740
13264 3 5442 3512 6599
13265 3 5220 3768 8388
13266 3 3768 5220 6377
13267 3 6199 4024 8769
13268 3 7540 4024 7929
13269 3 5067 4024 6199
13270 3 4024 5067 7929
13271 3 9266 4280 9692
13272 3 4280 5364 9692
13273 3 6077 4536 8953
13274 3 7633 5048 10156
13275 3 5048 7633 9174
13276 3 5560 6074 6858
13277 3 5816 6938 7654
13278 3 5816 6637 6938
13279 3 6637 5816 8752
13280 3 6584 7525 9176
13281 3 6584 6644 7525
13282 3 6644 6584 7858
13283 3 7352 7805 10165
13284 3 7608 8630 10178
13285 3 8630 7608 8664
13286 3 8664 7608 9031
13287 3 9639 8888 10087
13288 3 9144 9804 9807
13289 3 9144 9807 10282
13290 3 185 4913 9821
13291 3 185 2099 4913
13292 3 2099 185 5813
13293 3 4014 185 9821
13294 3 185 4014 4079
13295 3 5813 185 8777
13296 3 185 4079 8777
13297 3 441 2570 5993
13298 3 2570 441 9445
13299 3 441 5993 7155
13300 3 441 7155 9564
13301 3 697 1338 6474
13302 3 1338 697 2299
13303 3 1192 697 6521
13304 3 697 1192 2299
13305 3 722 697 6474
13306 3 697 722 6521
13307 3 953 2354 8438
13308 3 6487 953 8438
13309 3 1209 3353 6087
13310 3 3353 1209 3559
13311 3 1209 2612 6339
13312 3 2612 1209 6087
13313 3 1209 6339 10421
13314 3 3559 1209 10421
13315 3 4156 1465 6567
13316 3 2372 1465 9623
13317 3 1465 2372 6567
13318 3 1465 5611 9623
13319 3 1721 6163 8261
13320 3 1721 8550 9630
13321 3 6030 1721 8261
13322 3 1721 6030 8550
13323 3 1721 4849 6163
13324 3 4849 1721 9630
13325 3 5900 1977 7586
13326 3 1977 5900 8900
13327 3 8864 1977 8900
13328 3 7586 1977 10438
13329 3 3324 1977 8864
13330 3 1977 3324 10438
13331 3 3765 2233 9250
13332 3 2233 3765 10530
13333 3 7728 2489 8624
13334 3 2495 2489 5713
13335 3 2745 6898 10053
13336 3 3001 5421 9876
13337 3 5421 3001 6891
13338 3 3192 3001 9355
13339 3 3001 3192 7925
13340 3 9355 3001 9876
13341 3 3001 6837 6891
13342 3 6837 3001 7925
13343 3 3376 3257 9538
13344 3 3257 3376 6227
13345 3 3257 3888 9591
13346 3 6767 3513 8822
13347 3 3769 9817 10213
13348 3 3769 8678 9817
13349 3 4281 6404 7968
13350 3 6404 4281 9331
13351 3 4634 4281 7968
13352 3 4281 4634 6884
13353 3 4793 6736 9205
13354 3 5369 4793 9205
13355 3 5049 6425 9903
13356 3 6806 5305 8084
13357 3 7895 6585 10110
13358 3 6876 6585 7895
13359 3 4980 186 10360
13360 3 186 4980 10191
13361 3 3176 442 10326
13362 3 442 5269 10326
13363 3 5269 442 6871
13364 3 442 5551 6871
13365 3 2554 442 3176
13366 3 442 2554 5551
13367 3 698 1957 4113
13368 3 1957 698 9939
13369 3 1976 698 4113
13370 3 2141 954 2189
13371 3 2189 954 4253
13372 3 4253 954 9032
13373 3 954 964 9032
13374 3 964 954 5279
13375 3 1210 3379 8841
13376 3 1210 5698 8495
13377 3 5698 1210 8841
13378 3 1210 2717 3379
13379 3 2608 1466 3218
13380 3 6252 1466 9508
13381 3 3218 1466 6252
13382 3 1466 9175 9508
13383 3 1722 5684 9836
13384 3 1722 5454 5684
13385 3 7781 1722 9836
13386 3 1995 1722 7781
13387 3 1978 5503 5867
13388 3 1978 3738 5503
13389 3 3738 1978 9428
13390 3 2234 6683 7892
13391 3 2234 4189 6683
13392 3 4189 2234 7820
13393 3 3974 2234 6509
13394 3 2234 3974 7820
13395 3 2490 4805 8010
13396 3 2746 4312 6286
13397 3 4312 2746 9699
13398 3 6411 3258 8241
13399 3 4025 3258 8338
13400 3 3514 3652 9626
13401 3 9383 3514 9626
13402 3 3514 4292 7997
13403 3 4292 3514 9383
13404 3 4652 3770 10393
13405 3 3770 5982 10393
13406 3 4026 4136 7868
13407 3 4282 7193 7252
13408 3 4282 4516 7193
13409 3 5600 4282 7252
13410 3 8466 4794 10018
13411 3 4794 6843 10018
13412 3 6843 4794 9951
13413 3 7177 5050 7567
13414 3 5306 5980 10018
13415 3 5980 5306 10495
13416 3 7392 5306 10018
13417 3 6123 5306 7392
13418 3 6289 5562 9300
13419 3 5818 6698 7348
13420 3 7610 7885 9523
13421 3 7866 8003 10475
13422 3 9086 8122 10275
13423 3 8122 9086 9095
13424 3 8568 8378 9319
13425 3 187 3589 9185
13426 3 312 187 8704
13427 3 8704 187 9185
13428 3 5444 443 7892
13429 3 6509 443 8552
13430 3 1668 443 5444
13431 3 443 1668 8552
13432 3 2234 443 6509
13433 3 443 2234 7892
13434 3 951 699 1471
13435 3 1471 699 9201
13436 3 5360 699 10503
13437 3 699 5360 9201
13438 3 955 2012 3572
13439 3 955 3572 8423
13440 3 1211 5453 7110
13441 3 6783 1211 7110
13442 3 5254 1211 6783
13443 3 1467 4116 7286
13444 3 4116 1467 5250
13445 3 1467 4685 9676
13446 3 5250 1467 9676
13447 3 1979 8282 9647
13448 3 1979 7043 7050
13449 3 7043 1979 9647
13450 3 1979 7050 7735
13451 3 9079 2235 10017
13452 3 2235 7802 9805
13453 3 7802 2235 9079
13454 3 2235 3323 10017
13455 3 3323 2235 4030
13456 3 2588 2491 5058
13457 3 2658 2491 10357
13458 3 2491 2658 5058
13459 3 2491 10141 10357
13460 3 2747 3442 10310
13461 3 3442 2747 8168
13462 3 2747 6846 10372
13463 3 8168 2747 10372
13464 3 5405 3003 5713
13465 3 4463 3003 10038
13466 3 3003 4463 6096
13467 3 7726 3259 10069
13468 3 5042 3259 7726
13469 3 3259 5042 10361
13470 3 3771 4868 7755
13471 3 5462 3771 7755
13472 3 3771 5462 9098
13473 3 4283 6158 8229
13474 3 4283 6103 8188
13475 3 7729 4795 8800
13476 3 6531 5307 6988
13477 3 5563 6262 7853
13478 3 8585 5563 10023
13479 3 7139 5563 7853
13480 3 5563 7139 9965
13481 3 5563 9965 10023
13482 3 5970 5819 7387
13483 3 7213 6075 7757
13484 3 6075 6361 6608
13485 3 6587 6699 8734
13486 3 6843 7392 10018
13487 3 7867 8866 9653
13488 3 8123 8886 10102
13489 3 9041 8379 9419
13490 3 9419 8379 10221
13491 3 188 1503 7187
13492 3 1503 188 4090
13493 3 4090 188 4470
13494 3 4373 444 6170
13495 3 444 4373 5733
13496 3 444 3410 6170
13497 3 3410 444 7146
13498 3 444 5733 10044
13499 3 7146 444 10044
13500 3 700 5460 8838
13501 3 5460 700 7638
13502 3 7638 700 8951
13503 3 8951 700 9724
13504 3 3341 956 5347
13505 3 3095 956 3341
13506 3 956 3095 9839
13507 3 3892 956 4202
13508 3 956 3892 5347
13509 3 4202 956 9839
13510 3 4329 1212 8347
13511 3 1212 4329 7911
13512 3 1468 2330 9738
13513 3 1468 2114 2330
13514 3 1980 5737 7873
13515 3 5120 1980 7873
13516 3 2236 3925 6947
13517 3 3925 2236 7077
13518 3 7830 2236 9510
13519 3 2236 7830 9969
13520 3 7077 2236 9969
13521 3 6328 2236 6947
13522 3 2236 6328 9510
13523 3 6692 2492 8271
13524 3 2492 3154 8271
13525 3 3154 2492 9660
13526 3 2492 8796 9660
13527 3 4798 2492 6692
13528 3 9012 2748 9421
13529 3 8571 2748 9012
13530 3 2748 8571 9636
13531 3 9361 2748 9636
13532 3 9817 3004 10213
13533 3 3004 5477 8242
13534 3 3260 4743 10297
13535 3 4743 3260 6545
13536 3 3506 3260 7797
13537 3 4911 3516 6312
13538 3 4050 3516 4911
13539 3 3516 4050 6261
13540 3 3516 5109 6312
13541 3 3772 9355 10426
13542 3 4028 5451 9021
13543 3 5451 4028 5994
13544 3 5994 4028 7027
13545 3 4346 4028 9021
13546 3 4028 4346 5772
13547 3 5155 4284 8580
13548 3 4284 7933 8580
13549 3 4540 6101 9240
13550 3 9592 4796 10349
13551 3 5391 5052 8260
13552 3 6005 5308 10512
13553 3 5308 5494 10512
13554 3 9291 5820 9321
13555 3 5820 8533 10528
13556 3 8533 5820 8572
13557 3 9321 5820 10528
13558 3 8033 6076 8655
13559 3 7100 7790 10055
13560 3 7790 7100 8872
13561 3 7612 7772 10236
13562 3 8568 7612 10236
13563 3 1662 189 9009
13564 3 189 4544 9009
13565 3 2522 445 8535
13566 3 1259 445 2522
13567 3 445 1259 9724
13568 3 2105 701 5167
13569 3 701 2105 9898
13570 3 701 3656 5167
13571 3 3411 701 9898
13572 3 701 1755 3656
13573 3 1755 701 3411
13574 3 8472 957 9360
13575 3 957 2929 9120
13576 3 2929 957 6653
13577 3 957 9120 9360
13578 3 6653 957 8472
13579 3 1213 6712 9710
13580 3 1213 1264 6712
13581 3 1469 5165 9946
13582 3 1469 2635 9018
13583 3 1622 1469 10514
13584 3 1469 1622 2635
13585 3 1469 4529 5165
13586 3 4529 1469 9018
13587 3 1469 9946 10514
13588 3 4415 1725 9556
13589 3 1981 2319 7941
13590 3 6581 1981 7941
13591 3 1981 6581 7012
13592 3 3717 2237 5844
13593 3 5134 2493 8022
13594 3 2493 5134 5888
13595 3 2493 4183 5646
13596 3 4183 2493 5888
13597 3 3243 2493 5646
13598 3 2493 3243 8022
13599 3 2749 3181 7199
13600 3 3181 2749 4465
13601 3 3603 3005 5062
13602 3 3059 3005 3603
13603 3 5580 3261 9346
13604 3 5057 3517 7741
13605 3 3517 4047 7741
13606 3 3773 5534 6220
13607 3 4029 4893 7169
13608 3 7214 4797 8856
13609 3 5053 6919 7536
13610 3 5053 7536 9625
13611 3 5821 6167 9727
13612 3 8293 6077 8953
13613 3 6589 8657 9541
13614 3 6845 9440 10135
13615 3 8478 7357 9477
13616 3 7357 8478 9654
13617 3 8302 7357 9654
13618 3 9661 10031 10507
13619 3 4872 190 5472
13620 3 190 4872 8660
13621 3 6785 190 8660
13622 3 190 216 5472
13623 3 216 190 6785
13624 3 446 559 1333
13625 3 446 1333 9417
13626 3 446 9417 10490
13627 3 4115 702 8518
13628 3 2094 702 4115
13629 3 702 2094 9007
13630 3 702 9007 9221
13631 3 1374 702 9221
13632 3 702 1374 8518
13633 3 958 2382 9729
13634 3 2382 958 10123
13635 3 958 3507 10123
13636 3 1727 958 3862
13637 3 958 1727 3507
13638 3 1214 3694 7459
13639 3 3694 1214 9459
13640 3 8356 1214 8832
13641 3 5875 1214 7459
13642 3 1214 5875 8832
13643 3 1470 7449 9455
13644 3 5732 1470 9455
13645 3 1470 5999 7449
13646 3 1726 1837 4712
13647 3 1837 1726 3262
13648 3 1726 4712 9468
13649 3 3165 1982 3936
13650 3 1982 3165 5510
13651 3 3936 1982 6135
13652 3 4291 1982 5510
13653 3 2238 2836 8225
13654 3 2836 2238 6340
13655 3 2238 8225 9523
13656 3 2238 9523 9583
13657 3 5696 2238 9583
13658 3 2238 5696 6340
13659 3 4112 2494 10118
13660 3 2494 4112 7364
13661 3 2494 4441 7052
13662 3 2494 7052 10118
13663 3 7359 2494 7364
13664 3 2750 4954 9989
13665 3 3941 2750 9989
13666 3 2750 3941 7849
13667 3 6813 2750 7849
13668 3 3006 7487 10544
13669 3 7487 3006 10124
13670 3 3006 7113 10124
13671 3 3006 5342 7113
13672 3 3262 4145 7504
13673 3 4145 3262 9582
13674 3 3518 9069 9855
13675 3 3518 7289 9069
13676 3 7289 3518 10100
13677 3 3518 3835 10100
13678 3 3774 5261 7406
13679 3 6653 3774 7406
13680 3 6954 4286 8934
13681 3 4542 6011 6848
13682 3 4542 6848 8528
13683 3 5024 4798 6692
13684 3 4798 5024 6346
13685 3 6285 5054 6570
13686 3 5310 6102 7751
13687 3 6102 5310 8098
13688 3 6078 5566 10010
13689 3 5822 5855 9683
13690 3 9769 6078 10010
13691 3 6590 9816 10239
13692 3 7075 6846 7247
13693 3 6846 7075 10372
13694 3 7358 8532 8901
13695 3 8382 8646 10342
13696 3 191 2054 9493
13697 3 2054 191 7239
13698 3 191 2758 7239
13699 3 447 5960 8172
13700 3 5960 447 6399
13701 3 447 4310 6399
13702 3 2572 703 10265
13703 3 703 2572 7268
13704 3 2391 703 7268
13705 3 703 2391 7800
13706 3 703 7800 9952
13707 3 703 9952 10265
13708 3 5911 959 6681
13709 3 959 5911 6126
13710 3 6681 959 10065
13711 3 1648 959 8680
13712 3 959 1648 2549
13713 3 959 6126 8680
13714 3 959 2549 10065
13715 3 7940 1471 9384
13716 3 5471 1471 7940
13717 3 1471 9201 9384
13718 3 1727 3862 4967
13719 3 6706 1727 7721
13720 3 1727 4967 7721
13721 3 3507 1727 6706
13722 3 4136 1983 4444
13723 3 4444 1983 7214
13724 3 4026 1983 4136
13725 3 1983 4026 5011
13726 3 1983 4797 7214
13727 3 4797 1983 5011
13728 3 5653 2239 7425
13729 3 3978 2239 5653
13730 3 2239 3978 9766
13731 3 7366 2239 9766
13732 3 2239 7366 8068
13733 3 3003 2495 5713
13734 3 2495 3003 6096
13735 3 2495 6096 10084
13736 3 2751 4097 4804
13737 3 2751 4804 4905
13738 3 3546 2751 4905
13739 3 3007 7433 7520
13740 3 4644 3007 6225
13741 3 3007 5446 6225
13742 3 5446 3007 7520
13743 3 6388 3775 10121
13744 3 3775 6388 7160
13745 3 4031 4126 6456
13746 3 4126 4031 4838
13747 3 4497 4031 5903
13748 3 4031 4497 4838
13749 3 4031 4771 5903
13750 3 4771 4031 6456
13751 3 7302 4287 7868
13752 3 4543 6577 8947
13753 3 4799 9136 9732
13754 3 6837 5311 8607
13755 3 5311 6837 9903
13756 3 6254 5567 6389
13757 3 9619 6079 9672
13758 3 6079 7346 10548
13759 3 7346 6079 9619
13760 3 7533 6847 7930
13761 3 8670 6847 8677
13762 3 7103 7265 10429
13763 3 192 4394 9688
13764 3 192 1103 5846
13765 3 1103 192 9688
13766 3 192 1669 4394
13767 3 192 741 1669
13768 3 741 192 5846
13769 3 448 7006 8611
13770 3 2201 448 8611
13771 3 448 5840 7006
13772 3 1496 448 2201
13773 3 448 1496 5840
13774 3 704 2408 5291
13775 3 704 1716 2408
13776 3 1716 704 8364
13777 3 3508 704 5291
13778 3 704 3508 8364
13779 3 1342 960 9998
13780 3 960 1342 3920
13781 3 960 3020 10290
13782 3 3020 960 3920
13783 3 960 9429 9998
13784 3 9429 960 10290
13785 3 1216 6797 9681
13786 3 6326 1216 9681
13787 3 2783 1216 6326
13788 3 3132 1472 7255
13789 3 1472 3132 4284
13790 3 1472 3277 5092
13791 3 1472 5092 7255
13792 3 1728 4225 6088
13793 3 1984 7458 9192
13794 3 1984 2216 4794
13795 3 2216 1984 9192
13796 3 1984 4794 8466
13797 3 2240 4376 6367
13798 3 4376 2240 4854
13799 3 2240 6449 9415
13800 3 2240 6367 6449
13801 3 4854 2240 9415
13802 3 2496 6489 9093
13803 3 6058 2496 9093
13804 3 2496 3809 6489
13805 3 9774 2752 10244
13806 3 3222 2752 9774
13807 3 3008 8727 9918
13808 3 8727 3008 9432
13809 3 9105 3008 10489
13810 3 3008 9918 10489
13811 3 3578 3008 9105
13812 3 3008 3578 9432
13813 3 3264 4100 5880
13814 3 6520 3264 7167
13815 3 3264 5880 7167
13816 3 3520 4217 7303
13817 3 3520 3977 9478
13818 3 7138 3520 9478
13819 3 5909 3776 8162
13820 3 5419 3776 5909
13821 3 4172 3776 5419
13822 3 3776 4172 5351
13823 3 3776 5351 8162
13824 3 4032 4180 9519
13825 3 4206 4032 7328
13826 3 7328 4032 9519
13827 3 4288 8561 9302
13828 3 4288 7312 8561
13829 3 5568 6972 7554
13830 3 5824 6180 6265
13831 3 6829 5824 8457
13832 3 6336 7642 10331
13833 3 7600 7104 8902
13834 3 7165 7104 7600
13835 3 7616 9187 9880
13836 3 8384 8687 10000
13837 3 8896 8973 10223
13838 3 1571 193 5084
13839 3 193 1571 9715
13840 3 193 3645 9058
13841 3 193 581 9262
13842 3 581 193 9715
13843 3 5084 193 9058
13844 3 998 193 9262
13845 3 193 998 3645
13846 3 449 799 3697
13847 3 799 449 5080
13848 3 449 3697 8314
13849 3 2465 449 8314
13850 3 449 2465 5080
13851 3 9987 705 10148
13852 3 705 6233 6327
13853 3 705 8108 10148
13854 3 705 6327 8108
13855 3 961 1438 3762
13856 3 4275 1217 5401
13857 3 1217 4275 5657
13858 3 3409 1473 4702
13859 3 1473 3409 6400
13860 3 1473 3723 9722
13861 3 3723 1473 6400
13862 3 1473 3803 4702
13863 3 3803 1473 9722
13864 3 1729 5765 8204
13865 3 5765 1729 6985
13866 3 1985 3788 4396
13867 3 4678 2241 6822
13868 3 4599 2241 4678
13869 3 2241 4599 6905
13870 3 3929 2497 4814
13871 3 2733 2497 3929
13872 3 2753 4304 10384
13873 3 4304 2753 8596
13874 3 2753 5365 8596
13875 3 5365 2753 5878
13876 3 3009 6840 10176
13877 3 7601 3265 8569
13878 3 3521 5044 7649
13879 3 5873 3777 8804
13880 3 4545 6664 9962
13881 3 9026 4545 9962
13882 3 5108 4545 9243
13883 3 8828 4801 10325
13884 3 6128 4801 8828
13885 3 5057 7741 7943
13886 3 6036 5313 9762
13887 3 5313 6036 10391
13888 3 6852 5569 8145
13889 3 8145 5569 10157
13890 3 6337 7176 10523
13891 3 6573 6337 10523
13892 3 6337 7610 9523
13893 3 9074 7105 9634
13894 3 7105 7799 9634
13895 3 7873 10062 10169
13896 3 7230 194 7540
13897 3 194 2660 7540
13898 3 4314 194 7230
13899 3 450 3852 7921
13900 3 450 834 5332
13901 3 834 450 7921
13902 3 3676 450 5332
13903 3 450 925 3852
13904 3 925 450 3676
13905 3 706 6235 6738
13906 3 943 706 6738
13907 3 706 943 5861
13908 3 706 5315 5673
13909 3 5315 706 5861
13910 3 4558 706 5673
13911 3 706 4558 6235
13912 3 9293 962 9541
13913 3 3471 962 9293
13914 3 962 3471 8802
13915 3 962 6589 9541
13916 3 6589 962 6601
13917 3 6601 962 8802
13918 3 1673 1218 9545
13919 3 1218 1673 5195
13920 3 3005 1218 5195
13921 3 1218 3005 3059
13922 3 1218 3050 9545
13923 3 3050 1218 3059
13924 3 1474 4410 5035
13925 3 4410 1474 9916
13926 3 1474 3797 9916
13927 3 3797 1474 5338
13928 3 1474 2785 5338
13929 3 6468 1730 9773
13930 3 1730 6468 7160
13931 3 1730 2770 9773
13932 3 2770 1730 5334
13933 3 5334 1730 6388
13934 3 6388 1730 7160
13935 3 8981 1986 9090
13936 3 4259 1986 8981
13937 3 1986 4259 5323
13938 3 3782 1986 6488
13939 3 1986 3782 9090
13940 3 1986 5323 6488
13941 3 2242 8493 9277
13942 3 4692 2242 9277
13943 3 2498 8879 10090
13944 3 2498 4323 8879
13945 3 4596 2498 10090
13946 3 2498 4596 9413
13947 3 2754 6512 8291
13948 3 6893 2754 8291
13949 3 3010 3593 6610
13950 3 6164 3010 6610
13951 3 4017 3010 9548
13952 3 4212 3266 7210
13953 3 3266 4481 6031
13954 3 3266 6031 7210
13955 3 3522 9278 9281
13956 3 9278 3522 10494
13957 3 5400 3778 6594
13958 3 3778 5330 9253
13959 3 6107 3778 9253
13960 3 3778 6107 6594
13961 3 6157 4034 8919
13962 3 5165 4034 6157
13963 3 4034 5165 5475
13964 3 4034 5475 8878
13965 3 6351 4034 8878
13966 3 4034 6351 8919
13967 3 4546 6098 6511
13968 3 7585 5314 10269
13969 3 5570 5994 7015
13970 3 7362 8471 10114
13971 3 7758 7362 8426
13972 3 7362 7519 8471
13973 3 7519 7362 7758
13974 3 8426 7362 10114
13975 3 7618 8237 8350
13976 3 9007 8130 9617
13977 3 8130 8647 9617
13978 3 8386 8725 9628
13979 3 8386 9628 10283
13980 3 8898 9065 9446
13981 3 6156 195 9447
13982 3 819 195 2707
13983 3 195 819 9447
13984 3 2119 195 9516
13985 3 195 2119 2707
13986 3 2537 195 6156
13987 3 195 2537 9516
13988 3 743 451 8016
13989 3 451 4345 8016
13990 3 707 6156 7462
13991 3 1180 707 7462
13992 3 707 1180 9183
13993 3 707 2263 7605
13994 3 2263 707 9183
13995 3 707 2537 6156
13996 3 2537 707 7605
13997 3 963 1027 1621
13998 3 1027 963 6338
13999 3 963 1295 6338
14000 3 963 1621 9423
14001 3 963 1160 1295
14002 3 1160 963 10535
14003 3 963 9423 10535
14004 3 1219 7789 7818
14005 3 6547 1219 7818
14006 3 1475 8264 9255
14007 3 3214 1475 9255
14008 3 1475 3214 8428
14009 3 6293 1475 8428
14010 3 5842 1475 6293
14011 3 5146 1731 6471
14012 3 1731 5146 8063
14013 3 6471 1731 8396
14014 3 2243 8255 8923
14015 3 2243 4782 8255
14016 3 4782 2243 5197
14017 3 8971 2499 10284
14018 3 2499 8971 10547
14019 3 2499 4646 8368
14020 3 4646 2499 10168
14021 3 2499 8368 10284
14022 3 2755 4157 7119
14023 3 2755 4981 8794
14024 3 4981 2755 7119
14025 3 3976 3011 8733
14026 3 3011 3976 8183
14027 3 3011 6651 8733
14028 3 6651 3011 8914
14029 3 3267 4453 5041
14030 3 4453 3267 7368
14031 3 3267 5289 7939
14032 3 5289 3267 8529
14033 3 3267 5041 8529
14034 3 7368 3267 7939
14035 3 3869 3523 5228
14036 3 5228 3523 6413
14037 3 4291 5510 6288
14038 3 4291 6288 10398
14039 3 6173 4803 8238
14040 3 5315 5861 8678
14041 3 5827 7352 10165
14042 3 9585 6851 10060
14043 3 8833 6851 10499
14044 3 6851 8833 10060
14045 3 7619 7954 8486
14046 3 7875 8980 9141
14047 3 7875 9141 10109
14048 3 7875 7896 8980
14049 3 8387 9177 10011
14050 3 196 8063 10043
14051 3 9094 196 10043
14052 3 196 1731 8063
14053 3 452 1794 9499
14054 3 1794 452 3424
14055 3 3424 452 6819
14056 3 6819 452 8748
14057 3 6052 452 9499
14058 3 452 6052 8748
14059 3 708 4901 9641
14060 3 708 2208 4901
14061 3 2208 708 4341
14062 3 4341 708 6003
14063 3 964 5646 8216
14064 3 964 8216 9032
14065 3 964 1633 5646
14066 3 1633 964 5279
14067 3 1220 2834 5260
14068 3 2834 1220 4332
14069 3 9561 1220 10172
14070 3 1220 5260 10172
14071 3 4332 1220 9561
14072 3 1476 4895 4919
14073 3 1476 4919 9166
14074 3 7591 1476 9166
14075 3 1476 4586 4895
14076 3 1732 7427 8579
14077 3 1732 3108 7427
14078 3 4857 1732 8579
14079 3 1732 4857 7660
14080 3 1988 3358 7483
14081 3 3358 1988 5308
14082 3 2855 1988 7483
14083 3 1988 2855 10120
14084 3 5494 1988 5694
14085 3 1988 5245 5694
14086 3 5245 1988 10120
14087 3 5308 1988 5494
14088 3 8522 2244 9190
14089 3 2782 2244 7812
14090 3 2244 2782 9190
14091 3 7699 2500 10254
14092 3 3367 2500 7699
14093 3 2500 3367 9778
14094 3 2500 5350 10254
14095 3 5350 2500 5362
14096 3 5362 2500 9778
14097 3 3298 2756 6402
14098 3 2756 3298 8847
14099 3 2756 3828 6402
14100 3 5643 3012 8478
14101 3 8478 3012 9654
14102 3 4392 3012 5643
14103 3 3524 3682 7658
14104 3 3524 7053 7841
14105 3 6133 3780 8086
14106 3 6200 4036 6638
14107 3 4036 4680 5205
14108 3 4036 5205 6638
14109 3 4548 8972 9661
14110 3 9238 4548 9661
14111 3 6841 4548 9238
14112 3 5880 4548 6841
14113 3 5316 6267 6859
14114 3 5316 6859 9304
14115 3 5866 5316 9304
14116 3 5316 5866 6356
14117 3 5674 5572 9965
14118 3 5572 5674 7920
14119 3 6596 6613 6995
14120 3 6613 6596 7150
14121 3 8129 7364 10293
14122 3 7620 8620 8887
14123 3 7876 9040 9052
14124 3 8132 9308 10257
14125 3 197 1029 8372
14126 3 1029 197 6639
14127 3 4504 197 6334
14128 3 197 4504 6639
14129 3 5805 197 8372
14130 3 197 5805 6334
14131 3 453 2490 8010
14132 3 2490 453 2918
14133 3 766 453 6704
14134 3 453 766 2918
14135 3 709 4388 9610
14136 3 4388 709 5562
14137 3 709 4410 9372
14138 3 4410 709 5035
14139 3 9300 709 9372
14140 3 5035 709 9610
14141 3 5562 709 9300
14142 3 965 2384 5979
14143 3 2384 965 3322
14144 3 3041 965 5979
14145 3 965 3041 5226
14146 3 5090 965 5226
14147 3 3322 965 5090
14148 3 5154 1221 5415
14149 3 1221 5154 6602
14150 3 5415 1221 10326
14151 3 1221 3176 10326
14152 3 3176 1221 6864
14153 3 5760 1221 6602
14154 3 1221 5760 6864
14155 3 1477 2861 8290
14156 3 2861 1477 3445
14157 3 1477 8012 8488
14158 3 8012 1477 8290
14159 3 3445 1477 8443
14160 3 8443 1477 8488
14161 3 1733 4392 5556
14162 3 4713 1733 9125
14163 3 2975 1733 4713
14164 3 1733 2975 3012
14165 3 1733 5556 9125
14166 3 1733 3012 4392
14167 3 1989 2998 6711
14168 3 2998 1989 9408
14169 3 9408 1989 9528
14170 3 1989 5086 9528
14171 3 8803 2245 9259
14172 3 2245 6766 8837
14173 3 4224 2245 8803
14174 3 2245 4224 6766
14175 3 2245 8837 8892
14176 3 2245 8892 9259
14177 3 6213 2501 8095
14178 3 2501 3741 8095
14179 3 3741 2501 4336
14180 3 9272 2757 9912
14181 3 5483 3269 6842
14182 3 5418 3525 8031
14183 3 8031 3525 8377
14184 3 4059 3525 7950
14185 3 3525 4059 8377
14186 3 4642 3781 8706
14187 3 3781 6638 7888
14188 3 4037 4101 6593
14189 3 5495 4037 8946
14190 3 4037 6593 8946
14191 3 5450 4293 10436
14192 3 8607 4293 10278
14193 3 5311 4293 8607
14194 3 5397 4549 10191
14195 3 4549 5397 5848
14196 3 5061 5854 10158
14197 3 5854 5061 6349
14198 3 5317 6141 9226
14199 3 6141 5317 10520
14200 3 6441 5829 9875
14201 3 6132 5829 9230
14202 3 7369 6085 8439
14203 3 6341 6732 8749
14204 3 198 3084 5150
14205 3 198 5150 6941
14206 3 4578 198 6941
14207 3 198 4578 4679
14208 3 198 1790 3084
14209 3 1790 198 4679
14210 3 454 661 3282
14211 3 454 3282 6836
14212 3 454 1776 8862
14213 3 1776 454 6836
14214 3 710 1796 9320
14215 3 710 4473 6940
14216 3 4473 710 5246
14217 3 5246 710 9320
14218 3 710 1215 1796
14219 3 1215 710 6940
14220 3 966 1793 4149
14221 3 1793 966 6495
14222 3 3488 966 4149
14223 3 966 3488 6255
14224 3 1222 7516 10428
14225 3 1222 6315 8474
14226 3 6315 1222 10476
14227 3 1222 10428 10476
14228 3 4331 1222 8474
14229 3 1222 4331 7516
14230 3 5198 1478 8691
14231 3 2896 1478 9891
14232 3 1478 2896 6834
14233 3 5174 1734 6534
14234 3 1734 2459 6534
14235 3 2784 1734 5174
14236 3 6539 1990 9433
14237 3 1990 9374 9433
14238 3 1990 5281 9374
14239 3 2246 2610 4935
14240 3 2610 2246 4771
14241 3 2246 4935 6625
14242 3 4771 2246 5903
14243 3 8309 2502 9845
14244 3 6333 2502 7528
14245 3 2758 5653 7239
14246 3 7800 3014 9952
14247 3 5769 3014 7800
14248 3 3470 3014 5769
14249 3 3014 3470 4035
14250 3 6721 3270 8390
14251 3 8390 3270 9367
14252 3 3270 7367 9367
14253 3 3270 3531 7367
14254 3 3526 6790 8853
14255 3 3526 4563 6790
14256 3 3526 7414 10046
14257 3 7414 3526 8853
14258 3 4936 3782 7447
14259 3 3782 4936 9090
14260 3 3782 4756 7447
14261 3 4756 3782 6488
14262 3 5389 4038 8333
14263 3 4038 5139 8333
14264 3 4294 5610 9938
14265 3 4806 5707 6798
14266 3 5574 7846 8573
14267 3 5925 5830 8427
14268 3 8999 5830 9841
14269 3 5830 6450 9841
14270 3 8427 5830 8999
14271 3 6967 6086 8622
14272 3 6342 7498 8345
14273 3 6342 8096 10431
14274 3 8134 8458 8511
14275 3 386 199 7744
14276 3 199 386 1170
14277 3 199 1681 7744
14278 3 1681 199 4247
14279 3 199 1170 4834
14280 3 199 696 4247
14281 3 696 199 4834
14282 3 455 6043 7336
14283 3 1188 455 5191
14284 3 455 1188 1461
14285 3 455 1461 6043
14286 3 455 3279 5191
14287 3 3279 455 7336
14288 3 3392 711 9934
14289 3 1411 711 3392
14290 3 711 1411 6544
14291 3 5789 711 6544
14292 3 2011 711 5789
14293 3 711 2011 8418
14294 3 711 8418 9934
14295 3 8335 967 9394
14296 3 967 4295 9233
14297 3 4447 1223 4479
14298 3 1223 4447 7632
14299 3 1223 7292 9907
14300 3 7292 1223 7632
14301 3 4479 1223 9907
14302 3 1479 2431 6585
14303 3 1479 6585 6876
14304 3 1479 6876 7473
14305 3 4207 1735 8047
14306 3 1735 4207 9624
14307 3 7858 1735 9624
14308 3 1735 7864 8047
14309 3 1991 4808 8501
14310 3 7917 1991 8501
14311 3 1991 7917 10299
14312 3 2247 5893 7360
14313 3 2247 3104 5893
14314 3 3104 2247 8667
14315 3 6445 2247 7360
14316 3 2247 6445 6894
14317 3 2247 6894 8667
14318 3 2503 6928 7950
14319 3 2503 5418 9921
14320 3 2503 4472 6928
14321 3 4472 2503 9921
14322 3 3525 2503 7950
14323 3 2503 3525 5418
14324 3 2759 8464 10536
14325 3 2759 7877 8464
14326 3 8922 2759 10536
14327 3 7423 3015 8178
14328 3 3271 6304 6433
14329 3 6304 3271 7562
14330 3 5838 3271 6433
14331 3 3271 5838 7521
14332 3 3527 3893 9908
14333 3 3893 3527 4537
14334 3 3638 3527 8709
14335 3 3527 3638 4537
14336 3 3527 4728 9510
14337 3 4728 3527 9908
14338 3 3527 6328 8709
14339 3 6328 3527 9510
14340 3 3783 4058 5156
14341 3 4058 3783 5172
14342 3 8025 4039 8970
14343 3 4039 4209 8970
14344 3 4209 4039 4988
14345 3 4988 4039 8546
14346 3 5354 4039 8025
14347 3 4039 5354 8546
14348 3 4551 7190 9199
14349 3 4551 9199 9744
14350 3 4807 6378 8442
14351 3 6435 5319 9212
14352 3 5319 8654 9193
14353 3 5319 7120 8654
14354 3 8745 6343 9171
14355 3 6343 8745 9210
14356 3 8021 7111 10532
14357 3 7111 8814 10532
14358 3 845 200 6088
14359 3 200 1728 6088
14360 3 6414 456 10253
14361 3 456 6414 10351
14362 3 1679 456 10351
14363 3 456 1679 7091
14364 3 456 7091 10253
14365 3 1591 712 6168
14366 3 712 2734 6168
14367 3 2734 712 3398
14368 3 968 4530 6461
14369 3 2312 1224 7012
14370 3 2319 1224 7294
14371 3 1981 1224 2319
14372 3 1224 1981 7012
14373 3 1480 1818 7038
14374 3 1818 1480 6618
14375 3 1480 3270 6721
14376 3 3270 1480 3531
14377 3 3531 1480 7038
14378 3 6678 1736 7726
14379 3 7726 1736 10488
14380 3 6016 1736 6678
14381 3 1736 6016 8096
14382 3 1736 8096 10488
14383 3 3172 1992 5902
14384 3 3082 2248 4938
14385 3 2248 3082 4717
14386 3 3732 2248 8397
14387 3 2504 2857 5870
14388 3 2504 6475 9123
14389 3 2511 2504 9123
14390 3 2504 5870 6475
14391 3 3949 2760 6439
14392 3 2760 3949 7285
14393 3 3016 7476 10181
14394 3 3016 3408 7476
14395 3 3408 3016 6492
14396 3 3016 3042 6492
14397 3 3042 3016 6330
14398 3 9246 3528 9677
14399 3 9042 3528 9246
14400 3 8800 3528 9042
14401 3 3528 7280 9677
14402 3 4795 3528 8800
14403 3 3528 4795 7280
14404 3 3873 3784 3981
14405 3 3981 3784 8520
14406 3 6406 4040 10160
14407 3 6705 4552 9339
14408 3 4808 6537 8501
14409 3 6537 4808 10320
14410 3 8236 5320 10298
14411 3 5320 9316 10298
14412 3 5320 6882 9316
14413 3 6894 6088 8667
14414 3 6344 9028 10115
14415 3 9972 6344 10115
14416 3 6856 7944 8595
14417 3 8904 9315 9905
14418 3 9160 9404 9570
14419 3 7946 201 10434
14420 3 201 7946 9169
14421 3 201 5394 10434
14422 3 201 497 5394
14423 3 497 201 9169
14424 3 457 9678 10142
14425 3 3827 457 10142
14426 3 457 3827 3840
14427 3 1532 457 4489
14428 3 457 1532 9678
14429 3 457 3840 4489
14430 3 2108 713 7066
14431 3 872 713 2108
14432 3 713 872 2699
14433 3 713 2699 6551
14434 3 713 6551 7066
14435 3 4611 969 9271
14436 3 969 4611 8869
14437 3 3174 969 8869
14438 3 969 1266 9271
14439 3 1266 969 3174
14440 3 1225 8125 9857
14441 3 1225 7417 9220
14442 3 4860 1225 9857
14443 3 4861 1225 9220
14444 3 1225 4861 8125
14445 3 4614 1481 9668
14446 3 4052 1481 4614
14447 3 1481 5602 9668
14448 3 2987 1737 9572
14449 3 1737 5804 8441
14450 3 1737 8441 9572
14451 3 1993 5734 7311
14452 3 4973 1993 7311
14453 3 1993 4503 5734
14454 3 4503 1993 4973
14455 3 2249 4983 8476
14456 3 2505 4136 4444
14457 3 4136 2505 7868
14458 3 2505 4444 6649
14459 3 2505 7302 7868
14460 3 7302 2505 8642
14461 3 2505 6649 8642
14462 3 2761 6929 7759
14463 3 6423 2761 7759
14464 3 5431 2761 6423
14465 3 2761 5431 8606
14466 3 3017 4644 9993
14467 3 4644 3017 7772
14468 3 3017 7739 7772
14469 3 7793 3017 9993
14470 3 3017 4843 7739
14471 3 4843 3017 7793
14472 3 8571 3273 9636
14473 3 3273 6048 9208
14474 3 6620 3273 9208
14475 3 6332 3529 9534
14476 3 5062 3529 6332
14477 3 3785 6486 7566
14478 3 6486 3785 8854
14479 3 3785 7022 8854
14480 3 7022 3785 7630
14481 3 3785 4562 7630
14482 3 4562 3785 7390
14483 3 7390 3785 7566
14484 3 4041 4063 4267
14485 3 4063 4041 7374
14486 3 8010 4297 9340
14487 3 5799 4297 10250
14488 3 4297 4805 10250
14489 3 4805 4297 8010
14490 3 4965 4553 7687
14491 3 5061 4553 6349
14492 3 4809 5871 7954
14493 3 6351 5065 8919
14494 3 5065 6363 8919
14495 3 5773 5321 9649
14496 3 5833 8729 9275
14497 3 6946 5833 9275
14498 3 5833 6946 7024
14499 3 5833 7024 8729
14500 3 6089 6324 7333
14501 3 6345 10245 10246
14502 3 8683 6601 8802
14503 3 6857 7254 10430
14504 3 7113 8989 10124
14505 3 7369 8993 9540
14506 3 7625 7740 8881
14507 3 8315 7881 10083
14508 3 8936 8137 10352
14509 3 9593 9161 10287
14510 3 5388 202 10097
14511 3 2077 202 5388
14512 3 202 2077 9940
14513 3 202 7750 10097
14514 3 202 6273 7750
14515 3 6273 202 9940
14516 3 3401 458 5137
14517 3 458 3401 7299
14518 3 458 2192 5137
14519 3 714 7683 9562
14520 3 7683 714 7889
14521 3 1165 714 8589
14522 3 714 1165 7889
14523 3 8589 714 9874
14524 3 726 714 9562
14525 3 714 726 9874
14526 3 970 5683 9602
14527 3 970 4311 9555
14528 3 4311 970 9602
14529 3 970 5358 5683
14530 3 4186 1226 5615
14531 3 3960 1226 4186
14532 3 1226 3960 5008
14533 3 1226 5008 6716
14534 3 4781 1226 6716
14535 3 1226 4781 5615
14536 3 2241 1482 6822
14537 3 1482 2241 6905
14538 3 1482 3009 10176
14539 3 3009 1482 6905
14540 3 1482 4578 6822
14541 3 1482 2812 4578
14542 3 7274 1738 8944
14543 3 2951 1738 7274
14544 3 1738 2951 5878
14545 3 2753 1738 5878
14546 3 4907 1994 9840
14547 3 3970 1994 4907
14548 3 1994 2958 9840
14549 3 2712 1994 5434
14550 3 1994 2712 2958
14551 3 4620 2250 4734
14552 3 2506 4196 9319
14553 3 2506 5500 10061
14554 3 5500 2506 9319
14555 3 2506 3227 4196
14556 3 3227 2506 7624
14557 3 7624 2506 10061
14558 3 8736 2762 10039
14559 3 2762 8736 10436
14560 3 2762 5311 9903
14561 3 2762 4293 5311
14562 3 4293 2762 10436
14563 3 7201 3274 9832
14564 3 3274 8245 9865
14565 3 3274 4000 9832
14566 3 4000 3274 9865
14567 3 4918 3530 8636
14568 3 8636 3530 9883
14569 3 3530 5848 9883
14570 3 8227 3786 10102
14571 3 4647 3786 8227
14572 3 3786 4647 4787
14573 3 3786 4787 8123
14574 3 3786 8123 10102
14575 3 4247 4042 10204
14576 3 4042 5576 5969
14577 3 5576 4042 7083
14578 3 4298 5132 8072
14579 3 5132 4298 5877
14580 3 4298 5544 5877
14581 3 4554 9435 10150
14582 3 4810 6756 7090
14583 3 5066 5183 9491
14584 3 8366 5322 10006
14585 3 7631 5322 8366
14586 3 6420 5578 6943
14587 3 8247 5578 8856
14588 3 5578 6376 8856
14589 3 6787 5834 10178
14590 3 6886 6346 7215
14591 3 10121 7114 10506
14592 3 7689 7370 10215
14593 3 203 3929 4814
14594 3 203 2227 8048
14595 3 2227 203 4814
14596 3 203 739 3929
14597 3 739 203 8048
14598 3 2843 459 3728
14599 3 923 459 2843
14600 3 459 923 10349
14601 3 4796 459 10349
14602 3 459 2021 3728
14603 3 2021 459 4796
14604 3 4294 715 5610
14605 3 5610 715 6785
14606 3 971 4127 4483
14607 3 971 6193 7634
14608 3 971 1343 4127
14609 3 1343 971 7634
14610 3 971 4483 6193
14611 3 1227 5121 8113
14612 3 1227 1991 10299
14613 3 1991 1227 4808
14614 3 4808 1227 8113
14615 3 1227 3056 5121
14616 3 3056 1227 10299
14617 3 6704 1483 6796
14618 3 2422 1483 6704
14619 3 1483 2422 3834
14620 3 6796 1483 10144
14621 3 1739 4672 6099
14622 3 4070 1739 6099
14623 3 2251 3112 6069
14624 3 3112 2251 9397
14625 3 2251 3969 9397
14626 3 3969 2251 6335
14627 3 2251 6069 6335
14628 3 6769 2507 8277
14629 3 2507 8111 8277
14630 3 8111 2507 10345
14631 3 2507 2740 10345
14632 3 4725 2763 8185
14633 3 3264 2763 4100
14634 3 2763 3264 6520
14635 3 3019 5675 7966
14636 3 5675 3019 8230
14637 3 3019 6789 8230
14638 3 6789 3019 6900
14639 3 6292 3019 7966
14640 3 3019 6292 6900
14641 3 3275 8967 9366
14642 3 3275 4902 8967
14643 3 6232 3531 7038
14644 3 3787 3988 8248
14645 3 3988 3787 5299
14646 3 5299 3787 10094
14647 3 6044 4299 7964
14648 3 4299 6044 7824
14649 3 4555 4865 6192
14650 3 4811 8210 9134
14651 3 4844 4811 9134
14652 3 5067 6199 9389
14653 3 5067 6037 7391
14654 3 5067 7391 7929
14655 3 5323 5565 6488
14656 3 7232 5835 10382
14657 3 5835 7833 9273
14658 3 7124 5835 9273
14659 3 5835 7124 10382
14660 3 6347 6643 6936
14661 3 6859 6950 9304
14662 3 6950 6859 8894
14663 3 8894 6859 10531
14664 3 7883 8898 9446
14665 3 8395 8674 8805
14666 3 8437 8395 9296
14667 3 8395 8437 8674
14668 3 204 5445 10482
14669 3 204 4480 5445
14670 3 5076 204 10482
14671 3 460 2931 10206
14672 3 5642 716 9710
14673 3 716 8793 9902
14674 3 8322 716 9902
14675 3 5286 716 5642
14676 3 716 5286 8793
14677 3 1213 716 8322
14678 3 716 1213 9710
14679 3 972 9064 10127
14680 3 972 3472 9064
14681 3 3472 972 7861
14682 3 1228 8716 8844
14683 3 1228 6687 8716
14684 3 1228 3795 6687
14685 3 3795 1228 7253
14686 3 1228 1261 7253
14687 3 1261 1228 6398
14688 3 6398 1228 8844
14689 3 6007 1484 9485
14690 3 1484 9378 9485
14691 3 1484 5605 9378
14692 3 4125 1740 6862
14693 3 6565 1740 10005
14694 3 2738 1740 6565
14695 3 1740 2738 6862
14696 3 3102 1996 9579
14697 3 1996 3102 6268
14698 3 1996 4255 9579
14699 3 2252 4377 6611
14700 3 2252 4200 4377
14701 3 7572 2252 7927
14702 3 2252 6611 7927
14703 3 2508 4715 9354
14704 3 4715 2508 6606
14705 3 2508 9354 9501
14706 3 6606 2508 7720
14707 3 7635 2508 9501
14708 3 2508 7635 7720
14709 3 7445 2764 9948
14710 3 3020 4889 7383
14711 3 3020 7027 10290
14712 3 7027 3020 7383
14713 3 3276 6688 7908
14714 3 4915 3532 9018
14715 3 3532 4915 5093
14716 3 3532 3904 5155
14717 3 3904 3532 5093
14718 3 3532 4529 9018
14719 3 4396 3788 7089
14720 3 5717 4044 7822
14721 3 6680 4300 8762
14722 3 4300 9244 9746
14723 3 9244 4300 9770
14724 3 8762 4300 9746
14725 3 5795 4300 6680
14726 3 4300 5795 9770
14727 3 5907 4556 6708
14728 3 5926 5068 7945
14729 3 5778 5068 5926
14730 3 5068 5778 7924
14731 3 5324 5443 5448
14732 3 5324 5448 7233
14733 3 6354 5324 9785
14734 3 5580 9346 9695
14735 3 5580 9695 10016
14736 3 9308 8652 10166
14737 3 8652 9466 10166
14738 3 9420 9736 9994
14739 3 205 797 7269
14740 3 797 205 5336
14741 3 5463 205 7269
14742 3 205 5463 6533
14743 3 205 6533 7971
14744 3 5336 205 7971
14745 3 1083 461 9180
14746 3 461 2531 5828
14747 3 1272 461 5828
14748 3 461 1272 9180
14749 3 4369 717 6752
14750 3 2979 717 7565
14751 3 717 1960 6752
14752 3 1960 717 2979
14753 3 973 3981 8603
14754 3 3981 973 4009
14755 3 3499 973 8603
14756 3 973 3499 4792
14757 3 7944 1229 8595
14758 3 6439 1229 7944
14759 3 2760 1229 6439
14760 3 1229 2760 6397
14761 3 5116 1485 5488
14762 3 1485 5116 10466
14763 3 1814 1741 2367
14764 3 1741 1814 3178
14765 3 2367 1741 8192
14766 3 1741 2280 8202
14767 3 8192 1741 8202
14768 3 1997 6440 6674
14769 3 1997 5208 6440
14770 3 1997 4519 10201
14771 3 1997 4576 5208
14772 3 4576 1997 10201
14773 3 2253 2894 8637
14774 3 7910 2253 8637
14775 3 8306 2509 10021
14776 3 2509 4334 10021
14777 3 4334 2509 5082
14778 3 5626 2509 8306
14779 3 2765 3846 7792
14780 3 3846 2765 5793
14781 3 2765 4490 5793
14782 3 2765 3492 4490
14783 3 3492 2765 7143
14784 3 7143 2765 7792
14785 3 7998 3021 8701
14786 3 5706 3021 7998
14787 3 3021 5706 7827
14788 3 3021 3749 8792
14789 3 3749 3021 7827
14790 3 8701 3021 8792
14791 3 3483 3277 5798
14792 3 3277 3483 5092
14793 3 5798 3277 6920
14794 3 10245 3533 10246
14795 3 4506 4045 8067
14796 3 9563 4301 10522
14797 3 4301 6369 10522
14798 3 5669 4813 9488
14799 3 5069 5715 5895
14800 3 5069 9568 10400
14801 3 5581 8805 8891
14802 3 5581 7164 8805
14803 3 5837 7487 10124
14804 3 6861 8759 9679
14805 3 7373 7673 8060
14806 3 9523 7885 9583
14807 3 8141 8186 10215
14808 3 8653 9420 9994
14809 3 206 7683 7889
14810 3 206 7495 7683
14811 3 206 6260 7495
14812 3 475 206 7889
14813 3 206 475 5098
14814 3 206 5098 6260
14815 3 2682 462 6629
14816 3 462 2682 6885
14817 3 462 1213 8322
14818 3 1213 462 1264
14819 3 6629 462 8322
14820 3 1264 462 6885
14821 3 718 3130 6511
14822 3 3130 718 5620
14823 3 5184 718 6511
14824 3 718 3955 9496
14825 3 3955 718 5184
14826 3 5620 718 9496
14827 3 974 1564 10433
14828 3 1564 974 9214
14829 3 1352 1230 6944
14830 3 1230 1352 6447
14831 3 1230 2781 5655
14832 3 2781 1230 6447
14833 3 4328 1230 5655
14834 3 1230 4328 6944
14835 3 4371 1486 4386
14836 3 2632 1486 5934
14837 3 1486 2632 3946
14838 3 1486 3946 4386
14839 3 1946 1486 4371
14840 3 1486 1946 5934
14841 3 6540 1742 7832
14842 3 3983 1742 6540
14843 3 1742 3983 7137
14844 3 5809 1742 7137
14845 3 1742 5809 7410
14846 3 1742 7410 7832
14847 3 2535 1998 3907
14848 3 1998 2535 8142
14849 3 2406 2254 7440
14850 3 2407 2254 8517
14851 3 2254 2407 8055
14852 3 2510 5402 8151
14853 3 2510 4352 5402
14854 3 4352 2510 8052
14855 3 4438 3022 8064
14856 3 3022 4438 10423
14857 3 3022 5479 7991
14858 3 4562 3022 7991
14859 3 3022 4562 8064
14860 3 6162 3790 8544
14861 3 3790 6162 9951
14862 3 3790 4955 6484
14863 3 4955 3790 9951
14864 3 4046 7470 9020
14865 3 4046 9020 9913
14866 3 4991 4046 9913
14867 3 4302 6219 9175
14868 3 4302 5786 7623
14869 3 5786 4302 9175
14870 3 4558 5673 6997
14871 3 5241 5070 5987
14872 3 5459 5326 5973
14873 3 5973 5326 9044
14874 3 5326 8303 9897
14875 3 5582 6791 9570
14876 3 6244 5838 6433
14877 3 5838 6244 7003
14878 3 9489 6094 9650
14879 3 6094 8405 8698
14880 3 6094 6112 9650
14881 3 6112 6094 8698
14882 3 6478 6350 7849
14883 3 7646 6350 9464
14884 3 7118 8593 8616
14885 3 7886 8785 8828
14886 3 7886 8828 10325
14887 3 9678 9963 10142
14888 3 207 601 9554
14889 3 6885 207 9554
14890 3 463 5380 7531
14891 3 1545 463 8117
14892 3 463 1545 2303
14893 3 463 1036 2741
14894 3 1036 463 2303
14895 3 463 7531 8117
14896 3 463 2741 5380
14897 3 1082 719 7623
14898 3 719 5484 7623
14899 3 719 4758 5484
14900 3 975 7729 9129
14901 3 7729 975 9216
14902 3 7293 975 9129
14903 3 975 5346 9216
14904 3 2626 1231 5594
14905 3 1231 2626 6906
14906 3 1231 6270 9819
14907 3 6270 1231 6906
14908 3 8915 1231 9819
14909 3 5594 1231 6136
14910 3 6136 1231 8915
14911 3 1487 7456 10037
14912 3 9598 1487 10037
14913 3 6541 1487 9598
14914 3 1487 7378 7456
14915 3 7378 1487 9631
14916 3 1743 8558 9101
14917 3 3970 1743 8514
14918 3 1743 3970 8558
14919 3 1743 6354 8514
14920 3 1999 2661 8359
14921 3 2661 1999 8906
14922 3 1999 8380 8906
14923 3 1999 3279 8380
14924 3 5684 2255 7601
14925 3 5454 2255 5684
14926 3 2255 3265 7601
14927 3 2511 9123 9730
14928 3 3764 2511 9730
14929 3 2511 3764 6980
14930 3 4029 2767 4893
14931 3 9514 3023 9543
14932 3 3023 5214 8969
14933 3 5214 3023 9514
14934 3 5006 3023 8969
14935 3 3023 5006 9543
14936 3 3279 7336 8380
14937 3 3535 6984 9630
14938 3 6371 3535 9630
14939 3 3791 6579 7595
14940 3 4815 6084 8420
14941 3 5506 5327 9251
14942 3 5327 5506 9119
14943 3 5327 6574 9251
14944 3 6768 5583 10196
14945 3 5583 8842 10196
14946 3 5839 7196 7335
14947 3 7196 5839 10202
14948 3 6283 6095 10225
14949 3 9020 6607 9913
14950 3 7778 6607 9056
14951 3 8381 7119 10202
14952 3 7375 8266 10458
14953 3 8911 8924 10363
14954 3 6722 208 6916
14955 3 208 629 4216
14956 3 629 208 6112
14957 3 6112 208 6722
14958 3 464 6147 9745
14959 3 4877 464 9745
14960 3 464 4877 5268
14961 3 5842 720 6563
14962 3 720 3795 6563
14963 3 3317 720 5842
14964 3 976 5396 7806
14965 3 2330 976 6959
14966 3 6959 976 7806
14967 3 2114 976 2330
14968 3 976 2114 4605
14969 3 976 4605 5396
14970 3 1232 1935 5782
14971 3 1935 1232 4302
14972 3 4302 1232 6219
14973 3 7002 1488 8490
14974 3 1744 6199 8769
14975 3 8065 1744 8769
14976 3 2000 4425 8312
14977 3 4425 2000 6047
14978 3 6047 2000 7795
14979 3 2256 3071 8414
14980 3 3083 2512 10089
14981 3 6648 2512 9239
14982 3 2512 6648 10089
14983 3 3662 2768 9059
14984 3 3146 3024 9655
14985 3 3024 8050 9197
14986 3 3024 4306 8050
14987 3 3024 9197 9655
14988 3 4565 3280 9870
14989 3 3280 4565 9110
14990 3 3280 4327 9870
14991 3 4634 3536 6884
14992 3 4487 3536 4634
14993 3 3536 4487 10177
14994 3 6884 3536 7528
14995 3 3792 3884 9328
14996 3 3884 3792 9620
14997 3 3792 7154 7188
14998 3 7154 3792 9328
14999 3 7009 4048 7179
15000 3 4989 4304 8596
15001 3 4304 9928 10384
15002 3 4816 6408 8408
15003 3 5139 4816 7727
15004 3 4816 4975 7727
15005 3 4975 4816 8408
15006 3 8203 5328 10159
15007 3 8105 5328 8203
15008 3 10159 5328 10536
15009 3 5328 8922 10536
15010 3 5788 5584 9364
15011 3 5584 5788 8108
15012 3 7172 5840 9167
15013 3 7006 5840 9882
15014 3 6096 6709 10084
15015 3 6352 7151 9496
15016 3 7151 6352 8815
15017 3 7450 7376 9770
15018 3 8592 7632 9851
15019 3 9633 9168 10500
15020 3 5150 209 6941
15021 3 1854 209 5150
15022 3 209 1854 8097
15023 3 209 2144 6941
15024 3 209 1702 2144
15025 3 1702 209 8097
15026 3 465 6532 9966
15027 3 465 6022 6532
15028 3 6022 465 8637
15029 3 465 4594 8637
15030 3 721 886 8591
15031 3 886 721 4323
15032 3 721 8591 10338
15033 3 8879 721 10338
15034 3 4323 721 8879
15035 3 3420 977 9540
15036 3 3185 977 3420
15037 3 977 6085 7369
15038 3 977 7369 9540
15039 3 1233 6160 8132
15040 3 1233 3934 10420
15041 3 3934 1233 5583
15042 3 5583 1233 8132
15043 3 1489 4125 4328
15044 3 1489 7461 10005
15045 3 1740 1489 10005
15046 3 1489 1740 4125
15047 3 1489 4328 7461
15048 3 1745 8647 9999
15049 3 8647 1745 9617
15050 3 1745 7416 9617
15051 3 6660 2001 8092
15052 3 2001 3638 7514
15053 3 3638 2001 7674
15054 3 3133 2001 6660
15055 3 2001 3133 7674
15056 3 2001 7514 8092
15057 3 7203 2257 8930
15058 3 2890 2257 6246
15059 3 2257 2890 9449
15060 3 6246 2257 7203
15061 3 2257 6038 8930
15062 3 6038 2257 9449
15063 3 2513 7939 10199
15064 3 8027 2513 8062
15065 3 9337 2513 10199
15066 3 2513 7368 7939
15067 3 7368 2513 8027
15068 3 2769 2825 7972
15069 3 2825 2769 5479
15070 3 5148 2769 7972
15071 3 2769 5148 9441
15072 3 5479 2769 9671
15073 3 3611 3025 5596
15074 3 5596 3025 7762
15075 3 3281 4815 8420
15076 3 3537 7463 7933
15077 3 5284 3537 7933
15078 3 6431 3793 8375
15079 3 4049 4714 7109
15080 3 5513 4049 7109
15081 3 4049 5513 6643
15082 3 6347 4049 6643
15083 3 4561 4778 6458
15084 3 7557 4817 8258
15085 3 4817 7557 9848
15086 3 5073 5891 9505
15087 3 5891 5073 8748
15088 3 5585 9574 9995
15089 3 5585 8809 9574
15090 3 8224 5841 9149
15091 3 9567 8145 10157
15092 3 210 4192 9890
15093 3 5012 210 10059
15094 3 3992 210 9890
15095 3 210 3992 5091
15096 3 210 5091 10059
15097 3 466 3588 5758
15098 3 4671 466 5758
15099 3 466 3293 3588
15100 3 3293 466 6113
15101 3 3131 722 8285
15102 3 722 3131 7668
15103 3 6521 722 7668
15104 3 8482 978 9527
15105 3 9527 978 9843
15106 3 6367 978 8482
15107 3 978 6115 9843
15108 3 6115 978 6367
15109 3 5384 1234 5785
15110 3 1234 6939 9827
15111 3 5785 1234 9827
15112 3 3383 1490 7701
15113 3 1490 3383 5581
15114 3 1490 3393 4203
15115 3 3393 1490 8891
15116 3 1490 4203 7701
15117 3 1490 5581 8891
15118 3 1746 9502 10145
15119 3 5741 1746 10145
15120 3 1746 5773 9502
15121 3 5321 1746 5741
15122 3 1746 5321 5773
15123 3 4353 2002 10504
15124 3 2002 3880 10504
15125 3 9754 2258 10125
15126 3 2258 5496 10125
15127 3 2258 3234 5496
15128 3 2514 3152 3948
15129 3 3152 2514 7542
15130 3 2514 3948 4327
15131 3 2770 9454 9773
15132 3 4736 3026 5916
15133 3 3026 4277 6205
15134 3 3282 3451 8728
15135 3 6836 3282 8728
15136 3 4866 3538 5231
15137 3 3538 4866 9893
15138 3 5231 3538 10123
15139 3 6526 3538 9893
15140 3 4696 4050 4911
15141 3 4306 5635 8050
15142 3 5635 4306 8932
15143 3 7116 4562 7991
15144 3 4562 7116 7630
15145 3 4562 7390 8064
15146 3 6572 5074 6701
15147 3 5586 7111 8021
15148 3 5586 7936 9676
15149 3 6758 6354 9785
15150 3 6354 6758 8514
15151 3 6866 8222 8845
15152 3 8246 7378 9631
15153 3 9914 7890 10485
15154 3 9941 8402 10222
15155 3 211 2084 5153
15156 3 2084 211 10134
15157 3 211 4409 10134
15158 3 4409 211 6331
15159 3 603 211 5153
15160 3 211 603 6331
15161 3 3942 467 10358
15162 3 467 3942 6636
15163 3 6362 467 6636
15164 3 467 6362 9979
15165 3 467 9979 10358
15166 3 723 5410 5951
15167 3 723 5951 9616
15168 3 8791 723 9616
15169 3 979 3370 6563
15170 3 979 1360 3370
15171 3 1360 979 7517
15172 3 1261 979 6563
15173 3 8456 1235 8715
15174 3 7337 1235 8876
15175 3 1235 7337 10487
15176 3 6117 1235 8456
15177 3 1235 6117 8876
15178 3 1491 1898 6316
15179 3 1491 6316 9230
15180 3 5829 1491 9230
15181 3 1491 5829 6441
15182 3 8028 1747 9113
15183 3 1747 8028 9664
15184 3 4711 1747 6806
15185 3 1747 4711 9113
15186 3 1747 2410 5305
15187 3 2410 1747 9664
15188 3 1747 5305 6806
15189 3 2003 5088 5282
15190 3 5088 2003 7125
15191 3 4022 2259 4385
15192 3 8006 2515 10211
15193 3 8295 2515 9132
15194 3 2515 8295 10211
15195 3 2515 8840 9132
15196 3 3027 6414 10268
15197 3 6414 3027 10351
15198 3 3027 4279 10351
15199 3 4279 3027 7640
15200 3 7640 3027 10268
15201 3 4104 3283 6929
15202 3 3283 3301 6929
15203 3 3301 3283 7559
15204 3 6563 3795 7253
15205 3 9278 4051 9281
15206 3 9281 4051 9958
15207 3 6016 4051 9278
15208 3 4307 5719 8497
15209 3 4802 4307 6091
15210 3 6790 4563 9473
15211 3 5075 5136 5568
15212 3 5075 6896 8675
15213 3 6949 5331 9052
15214 3 5331 7876 9052
15215 3 9657 5843 10156
15216 3 5843 7633 10156
15217 3 6611 7474 7927
15218 3 6867 9524 10480
15219 3 7123 8470 10557
15220 3 7379 7972 10344
15221 3 7972 7379 9124
15222 3 7720 7635 9122
15223 3 7635 7796 9122
15224 3 8583 7635 9501
15225 3 212 2925 10098
15226 3 2925 212 9210
15227 3 212 5826 9782
15228 3 5826 212 10098
15229 3 212 6343 9210
15230 3 489 212 9782
15231 3 212 489 6343
15232 3 2447 468 5560
15233 3 468 2973 5929
15234 3 3547 468 5929
15235 3 468 3547 5560
15236 3 2290 468 2447
15237 3 468 2290 2973
15238 3 5213 724 10349
15239 3 724 5213 7399
15240 3 724 9592 10349
15241 3 724 2029 9592
15242 3 2029 724 7399
15243 3 2309 980 4097
15244 3 980 2309 5580
15245 3 980 4881 5701
15246 3 980 4179 4881
15247 3 4179 980 5580
15248 3 980 2198 4097
15249 3 2198 980 5701
15250 3 1236 5438 10317
15251 3 5438 1236 10328
15252 3 4461 1236 5519
15253 3 5519 1236 10317
15254 3 5403 1492 5667
15255 3 1492 5403 6344
15256 3 4690 1492 5825
15257 3 1492 6344 9972
15258 3 5134 1748 5888
15259 3 3115 1748 5134
15260 3 1748 3115 4045
15261 3 1748 4045 6788
15262 3 5888 1748 6788
15263 3 5037 2004 6432
15264 3 2004 5037 9431
15265 3 2004 7133 7174
15266 3 7133 2004 9431
15267 3 2260 6978 7064
15268 3 2260 3450 6978
15269 3 3450 2260 6106
15270 3 5030 2260 7064
15271 3 8278 2516 10024
15272 3 2516 4055 10024
15273 3 2516 3804 4055
15274 3 2772 3250 8518
15275 3 3250 2772 6011
15276 3 3284 5269 5671
15277 3 5947 3540 7747
15278 3 6661 3796 6989
15279 3 6989 3796 8164
15280 3 4308 7943 9306
15281 3 4564 5492 6820
15282 3 4564 4774 10028
15283 3 4774 4564 6820
15284 3 4820 9283 10334
15285 3 9975 5076 10482
15286 3 6409 5588 9788
15287 3 5588 6409 7812
15288 3 5588 5899 9788
15289 3 5899 5588 7009
15290 3 6702 5844 8485
15291 3 5844 6702 8160
15292 3 6455 6100 9382
15293 3 6100 8882 9382
15294 3 6356 7040 7496
15295 3 8795 7380 9471
15296 3 9656 8148 9950
15297 3 280 213 5406
15298 3 213 280 8675
15299 3 5406 213 7061
15300 3 7061 213 7387
15301 3 7387 213 8675
15302 3 469 2622 3814
15303 3 2622 469 3580
15304 3 665 469 6895
15305 3 469 665 3580
15306 3 469 3814 6895
15307 3 3888 725 4539
15308 3 4787 725 6227
15309 3 3257 725 3888
15310 3 725 3257 6227
15311 3 4539 725 4787
15312 3 3742 981 5672
15313 3 981 3064 5672
15314 3 2106 1237 4439
15315 3 1493 1919 9236
15316 3 1919 1493 9728
15317 3 1749 4651 9110
15318 3 6728 1749 8690
15319 3 6834 1749 9110
15320 3 1749 6834 8661
15321 3 1749 8661 8690
15322 3 3199 2005 4946
15323 3 2005 3199 7513
15324 3 8493 2261 9277
15325 3 3805 2261 5958
15326 3 2261 3805 4855
15327 3 4319 2261 8493
15328 3 2261 4319 5958
15329 3 2261 4855 9277
15330 3 2517 3531 6232
15331 3 3531 2517 7367
15332 3 4180 2773 10332
15333 3 2773 8330 10332
15334 3 3029 3599 5915
15335 3 3029 5915 8023
15336 3 6481 3029 7659
15337 3 3407 3285 5821
15338 3 5821 3285 6167
15339 3 3541 7245 9338
15340 3 3797 5338 9015
15341 3 4053 4066 4600
15342 3 4053 4600 7663
15343 3 5606 4309 5876
15344 3 5876 4309 8265
15345 3 7345 4565 9870
15346 3 4565 7345 8691
15347 3 4565 6834 9110
15348 3 9050 5077 9402
15349 3 7527 5077 9050
15350 3 5559 5333 6417
15351 3 5589 6717 7095
15352 3 5845 6024 10395
15353 3 6613 8606 9985
15354 3 6613 7150 8606
15355 3 7875 6869 7896
15356 3 7129 6869 7875
15357 3 7381 8635 8651
15358 3 7381 7384 8635
15359 3 2328 214 7240
15360 3 214 3425 7240
15361 3 470 6527 7040
15362 3 470 3035 6527
15363 3 470 991 3035
15364 3 991 470 5369
15365 3 4087 470 7040
15366 3 470 4087 5369
15367 3 2838 726 9562
15368 3 1359 726 2838
15369 3 726 1359 9874
15370 3 6657 982 10179
15371 3 1131 982 6657
15372 3 982 1131 5116
15373 3 982 5488 6736
15374 3 4793 982 6736
15375 3 982 4793 10179
15376 3 982 5116 5488
15377 3 1238 5668 8241
15378 3 3258 1238 8241
15379 3 1238 3258 4025
15380 3 1238 4070 5668
15381 3 2397 1494 6615
15382 3 1494 2711 9391
15383 3 2711 1494 5825
15384 3 2232 1494 2397
15385 3 1494 2232 5825
15386 3 2868 1750 7170
15387 3 1750 2868 4517
15388 3 1750 7065 7170
15389 3 2262 5076 9975
15390 3 10162 3030 10238
15391 3 3030 9150 9370
15392 3 7918 3030 9370
15393 3 3030 7918 10238
15394 3 6075 3286 7757
15395 3 3286 6075 6608
15396 3 3286 5885 7757
15397 3 4188 3542 7980
15398 3 3542 4188 5766
15399 3 3542 5033 9475
15400 3 5033 3542 5766
15401 3 4791 3542 9475
15402 3 3542 4791 7980
15403 3 4467 3798 5297
15404 3 3798 4467 6117
15405 3 5769 3798 8165
15406 3 5297 3798 5769
15407 3 3798 6117 8165
15408 3 4054 7754 9595
15409 3 4054 5200 7028
15410 3 5200 4054 9595
15411 3 4054 4321 7754
15412 3 4310 5728 10217
15413 3 6399 4310 10217
15414 3 5004 4566 6976
15415 3 4566 5004 6301
15416 3 4566 6301 7409
15417 3 9225 4822 10015
15418 3 5373 5078 5886
15419 3 5846 8235 9537
15420 3 8731 6102 8903
15421 3 7751 6102 8731
15422 3 7102 6102 8098
15423 3 6102 7102 8903
15424 3 6614 6358 8803
15425 3 6358 6614 9107
15426 3 9107 6614 9390
15427 3 7126 8597 9909
15428 3 7382 7530 10535
15429 3 7530 7382 7636
15430 3 9667 7894 9796
15431 3 215 7758 10267
15432 3 9578 215 10267
15433 3 1635 471 1774
15434 3 996 471 1635
15435 3 471 996 7560
15436 3 6118 471 7560
15437 3 1774 471 6118
15438 3 5505 727 10091
15439 3 727 5505 8141
15440 3 727 7370 10091
15441 3 7370 727 10215
15442 3 727 8141 10215
15443 3 7974 983 10357
15444 3 983 2658 10357
15445 3 2658 983 5334
15446 3 983 2770 5334
15447 3 1239 2469 2637
15448 3 2469 1239 3042
15449 3 3042 1239 6492
15450 3 2228 1495 4148
15451 3 1495 2228 6966
15452 3 4320 1495 6966
15453 3 1751 6183 9152
15454 3 4772 2007 6943
15455 3 2007 4772 8507
15456 3 2025 2007 8507
15457 3 2007 2025 7320
15458 3 3080 2775 4983
15459 3 2775 3080 5318
15460 3 9807 3031 10282
15461 3 4077 3031 9807
15462 3 3287 6067 6496
15463 3 3287 9688 10543
15464 3 5290 3543 7173
15465 3 3543 4524 7173
15466 3 3799 4541 7430
15467 3 4311 3799 9555
15468 3 3799 4311 4541
15469 3 5111 3799 7430
15470 3 4567 8456 8715
15471 3 4567 8715 10381
15472 3 5442 4567 10381
15473 3 4567 5442 6599
15474 3 4567 5550 8456
15475 3 5550 4567 6599
15476 3 9769 4823 10143
15477 3 5079 8722 8758
15478 3 5079 9165 9584
15479 3 5660 5335 7509
15480 3 7444 5591 9356
15481 3 5591 8744 10092
15482 3 9356 5591 10092
15483 3 5847 7080 10170
15484 3 6359 7141 9933
15485 3 216 5964 8708
15486 3 5472 216 8708
15487 3 216 715 5964
15488 3 715 216 6785
15489 3 472 6422 6921
15490 3 4268 472 6921
15491 3 1617 728 8288
15492 3 728 1617 3195
15493 3 728 4022 8288
15494 3 2259 728 3195
15495 3 728 2259 4022
15496 3 8230 984 10505
15497 3 984 8230 8565
15498 3 1282 1240 7955
15499 3 1240 1282 4132
15500 3 1240 4132 5595
15501 3 2157 1240 5595
15502 3 1240 2157 3583
15503 3 1240 6138 7955
15504 3 1240 3583 6138
15505 3 1923 1496 6208
15506 3 1496 1923 9167
15507 3 1496 2201 6208
15508 3 5840 1496 9167
15509 3 1752 7522 7961
15510 3 7522 1752 9981
15511 3 1752 2766 9981
15512 3 2008 2217 8546
15513 3 3556 2008 8790
15514 3 2008 5354 8790
15515 3 5354 2008 8546
15516 3 8714 2264 9140
15517 3 2264 3467 5060
15518 3 2264 5060 5117
15519 3 2264 5117 9140
15520 3 2579 2520 5392
15521 3 2520 2579 5941
15522 3 2520 3497 7975
15523 3 3497 2520 5941
15524 3 2776 9107 9390
15525 3 7890 2776 10485
15526 3 3076 3032 9750
15527 3 3032 3076 3292
15528 3 3032 3984 4318
15529 3 3032 3292 3984
15530 3 3032 4318 9750
15531 3 7498 3288 9016
15532 3 3288 4985 6298
15533 3 3288 6298 9016
15534 3 3544 7443 9051
15535 3 7353 3544 9051
15536 3 3544 7353 8889
15537 3 3800 8735 9154
15538 3 4056 4898 5690
15539 3 4966 4056 5690
15540 3 4312 7799 9004
15541 3 6286 4312 9004
15542 3 4824 5199 6736
15543 3 4824 6736 9071
15544 3 5592 5690 8589
15545 3 9070 6360 10152
15546 3 8042 6616 8375
15547 3 9986 6872 10398
15548 3 8152 8717 9744
15549 3 8152 8491 8717
15550 3 8408 9847 10224
15551 3 8408 9666 9847
15552 3 217 4148 4413
15553 3 217 4413 5718
15554 3 217 2228 4148
15555 3 2228 217 7751
15556 3 217 5310 7751
15557 3 1527 217 5718
15558 3 217 1527 5310
15559 3 1541 473 2294
15560 3 473 1541 3071
15561 3 473 2962 6019
15562 3 473 2256 2962
15563 3 2256 473 3071
15564 3 2294 473 6019
15565 3 729 2563 6926
15566 3 2563 729 4706
15567 3 4706 729 6686
15568 3 729 1655 6686
15569 3 985 4928 9845
15570 3 2411 985 6333
15571 3 985 2411 8431
15572 3 985 3220 4928
15573 3 3220 985 8431
15574 3 2502 985 9845
15575 3 985 2502 6333
15576 3 10031 1241 10507
15577 3 1497 3085 5010
15578 3 4231 1753 6373
15579 3 6373 1753 6562
15580 3 2009 3369 3382
15581 3 3369 2009 7276
15582 3 2009 3382 3802
15583 3 2265 2564 10504
15584 3 2564 2265 5284
15585 3 3880 2265 10504
15586 3 2265 3537 5284
15587 3 2521 3143 4822
15588 3 3143 2521 9704
15589 3 3488 2521 9225
15590 3 2521 3488 9704
15591 3 2521 4822 9225
15592 3 2777 5080 7004
15593 3 5080 2777 10397
15594 3 2777 9445 10397
15595 3 3033 3480 4177
15596 3 3033 9972 10115
15597 3 3289 5143 8798
15598 3 3545 8495 10030
15599 3 3545 7480 7578
15600 3 3545 6471 7480
15601 3 3545 7578 8495
15602 3 6948 3801 9075
15603 3 5759 3801 6251
15604 3 5539 3801 6948
15605 3 3801 5539 6251
15606 3 4057 7937 10188
15607 3 4313 7013 7175
15608 3 4569 7681 7761
15609 3 4569 6143 7681
15610 3 6143 4569 7080
15611 3 6598 4825 8774
15612 3 4825 6598 9059
15613 3 5337 6855 7680
15614 3 6546 5593 7372
15615 3 7456 5849 8780
15616 3 7128 6105 8581
15617 3 6617 8819 10411
15618 3 6617 7550 10107
15619 3 6873 7624 10061
15620 3 7624 6873 10187
15621 3 7129 7875 10109
15622 3 10141 7641 10193
15623 3 9347 7897 9923
15624 3 7897 9638 9980
15625 3 9923 7897 9980
15626 3 9201 8409 9384
15627 3 218 1853 6528
15628 3 1853 218 7858
15629 3 1201 218 6528
15630 3 218 1201 9701
15631 3 7864 218 9701
15632 3 218 1735 7858
15633 3 1735 218 7864
15634 3 5412 474 8502
15635 3 2463 474 5412
15636 3 474 2463 4019
15637 3 474 4019 6761
15638 3 730 4208 5843
15639 3 730 4220 10302
15640 3 730 5843 9657
15641 3 8991 986 10163
15642 3 4933 986 8991
15643 3 986 4933 7732
15644 3 986 7646 9464
15645 3 986 9464 10163
15646 3 1242 5149 9073
15647 3 4440 1242 4819
15648 3 1242 2670 6222
15649 3 2670 1242 4440
15650 3 1242 4245 5149
15651 3 4245 1242 6222
15652 3 4819 1242 9073
15653 3 3818 1498 9858
15654 3 1498 3818 10467
15655 3 1498 9707 9858
15656 3 9707 1498 10467
15657 3 1754 4869 4931
15658 3 4869 1754 4965
15659 3 6960 1754 7766
15660 3 1754 4931 7766
15661 3 3147 1754 6960
15662 3 1754 3147 4965
15663 3 2010 7938 9573
15664 3 7938 2010 8049
15665 3 2266 4520 9467
15666 3 3820 2522 8535
15667 3 2522 3820 9671
15668 3 4946 2778 5007
15669 3 4785 2778 4946
15670 3 2778 4785 4864
15671 3 2778 4864 5007
15672 3 3034 3433 8778
15673 3 3433 3034 5292
15674 3 3290 5660 7509
15675 3 3546 4905 6664
15676 3 4545 3546 6664
15677 3 3546 4545 5108
15678 3 3802 4474 9925
15679 3 5156 4058 7520
15680 3 4058 5172 7067
15681 3 4058 5446 7520
15682 3 6669 4314 7651
15683 3 4314 7230 7651
15684 3 5130 4570 10013
15685 3 4570 5647 10013
15686 3 5594 6136 9737
15687 3 5850 9585 10060
15688 3 8253 6874 9450
15689 3 6874 9195 9450
15690 3 10072 7898 10261
15691 3 8154 9137 10045
15692 3 9137 8154 10491
15693 3 8654 219 9193
15694 3 2811 219 8654
15695 3 1288 475 6793
15696 3 475 1288 5098
15697 3 6793 475 7889
15698 3 2666 731 8759
15699 3 731 2666 7398
15700 3 731 2670 3461
15701 3 2670 731 7373
15702 3 731 3461 8759
15703 3 7373 731 7673
15704 3 731 7398 7673
15705 3 5201 987 5331
15706 3 1710 987 5201
15707 3 987 1710 2010
15708 3 7876 987 9573
15709 3 5331 987 7876
15710 3 987 2010 9573
15711 3 1243 6429 8751
15712 3 6429 1243 6982
15713 3 6982 1243 8313
15714 3 1499 1613 5108
15715 3 1499 5108 9243
15716 3 3656 1755 4458
15717 3 1755 1964 4458
15718 3 1964 1755 9121
15719 3 2011 5789 9804
15720 3 2267 7620 8839
15721 3 7884 2523 9054
15722 3 2779 9130 9213
15723 3 8718 3035 10415
15724 3 8531 3035 8718
15725 3 6527 3035 8531
15726 3 6218 3291 8491
15727 3 5093 3291 6218
15728 3 3547 5929 8256
15729 3 4177 3803 9722
15730 3 3803 4445 4702
15731 3 7659 4059 7950
15732 3 4059 7659 9027
15733 3 4315 6792 7060
15734 3 4315 7060 9274
15735 3 7415 4315 9274
15736 3 5516 4571 8249
15737 3 8051 5083 9158
15738 3 9158 5083 10362
15739 3 5851 8522 9190
15740 3 5851 7621 8522
15741 3 7621 5851 10450
15742 3 5851 7380 10450
15743 3 7182 6107 9048
15744 3 9048 6107 9253
15745 3 7426 6875 8698
15746 3 7834 7131 9620
15747 3 7131 7834 7930
15748 3 8411 9521 10292
15749 3 10096 8411 10292
15750 3 220 1830 6174
15751 3 1830 220 4998
15752 3 220 3805 4998
15753 3 3805 220 7575
15754 3 2277 220 6174
15755 3 220 2277 7575
15756 3 476 1705 7823
15757 3 5094 476 7823
15758 3 2069 732 10263
15759 3 732 2069 5509
15760 3 732 5509 6413
15761 3 3331 988 10310
15762 3 988 3331 9860
15763 3 7247 988 9860
15764 3 988 2747 10310
15765 3 2747 988 6846
15766 3 6846 988 7247
15767 3 1568 1244 3168
15768 3 1244 1568 7923
15769 3 3168 1244 10025
15770 3 1244 5266 8163
15771 3 5266 1244 7923
15772 3 1244 8163 10025
15773 3 1500 6669 9743
15774 3 3208 1500 9743
15775 3 4246 1756 10005
15776 3 1756 4246 10462
15777 3 1756 6565 10005
15778 3 2012 5322 7631
15779 3 3572 2012 7631
15780 3 2514 2268 7542
15781 3 2268 2514 4327
15782 3 4604 2268 6490
15783 3 2268 4604 7542
15784 3 2524 4456 10247
15785 3 9299 2780 9674
15786 3 2780 8560 9674
15787 3 6542 3036 10463
15788 3 4236 3292 4625
15789 3 3292 4236 6557
15790 3 3984 3292 6557
15791 3 8625 3548 9659
15792 3 3804 4160 7754
15793 3 4160 3804 7903
15794 3 4060 4214 7843
15795 3 7589 4060 7843
15796 3 4399 4316 6955
15797 3 4316 4399 4532
15798 3 5504 4572 9404
15799 3 6458 5340 8782
15800 3 5340 6647 8782
15801 3 6647 5340 7061
15802 3 5596 8498 8859
15803 3 5596 7762 8498
15804 3 5852 10270 10311
15805 3 7471 5852 9375
15806 3 9375 5852 10311
15807 3 6620 8733 10467
15808 3 8733 6620 9208
15809 3 7473 6876 9993
15810 3 6876 7895 9993
15811 3 7132 7488 10284
15812 3 7407 7388 8094
15813 3 7388 7677 8094
15814 3 7900 8177 9789
15815 3 221 2571 10116
15816 3 2571 221 8585
15817 3 5563 221 6262
15818 3 221 5563 8585
15819 3 221 2288 6262
15820 3 2288 221 10116
15821 3 477 9218 10203
15822 3 9734 477 10203
15823 3 1125 477 9734
15824 3 477 1125 8933
15825 3 477 8933 9218
15826 3 733 5438 10328
15827 3 5438 733 6901
15828 3 6054 733 7874
15829 3 7874 733 10328
15830 3 733 1010 6901
15831 3 3100 989 6046
15832 3 3795 989 6687
15833 3 1341 1245 3913
15834 3 1245 1341 2901
15835 3 1245 1865 5385
15836 3 1865 1245 2901
15837 3 2592 1501 5518
15838 3 1501 2592 8403
15839 3 3425 1757 7240
15840 3 1757 3425 6389
15841 3 1757 5567 6917
15842 3 5567 1757 6389
15843 3 2013 5915 8517
15844 3 5915 2013 9330
15845 3 2013 2406 4831
15846 3 2254 2013 8517
15847 3 2013 2254 2406
15848 3 2013 4831 9330
15849 3 3349 2269 10081
15850 3 2269 3349 6090
15851 3 2269 5464 9565
15852 3 5464 2269 5604
15853 3 8131 2269 9565
15854 3 2269 8131 10081
15855 3 5604 2269 6090
15856 3 6684 2525 8917
15857 3 9511 2525 9924
15858 3 2919 2525 6684
15859 3 2525 2919 9924
15860 3 2781 5379 5655
15861 3 2781 4601 5379
15862 3 4601 2781 6447
15863 3 6424 3037 9312
15864 3 3037 6424 8925
15865 3 7583 3037 8925
15866 3 5885 3293 6113
15867 3 4817 3549 8258
15868 3 3549 4817 8945
15869 3 8934 3549 8945
15870 3 4855 3805 7575
15871 3 5000 4061 6829
15872 3 5824 4061 6180
15873 3 4061 5824 6829
15874 3 4317 9784 9866
15875 3 4317 9866 10457
15876 3 7652 4317 10457
15877 3 6134 4317 7652
15878 3 5965 4573 7482
15879 3 4829 7702 8586
15880 3 8156 4829 8586
15881 3 8516 5341 8581
15882 3 6483 5341 8516
15883 3 5341 7128 8581
15884 3 6695 5853 7219
15885 3 5853 6695 9396
15886 3 8076 6365 8196
15887 3 6877 7207 7899
15888 3 8625 7133 9983
15889 3 7645 8130 9007
15890 3 7901 8451 9154
15891 3 8735 7901 9154
15892 3 9136 8669 9732
15893 3 571 222 5996
15894 3 222 571 3314
15895 3 222 7014 9542
15896 3 5996 222 9542
15897 3 222 3314 7014
15898 3 7224 478 8253
15899 3 5083 478 7224
15900 3 478 5083 8051
15901 3 734 2577 7416
15902 3 734 5432 9441
15903 3 5432 734 7416
15904 3 990 3961 7181
15905 3 3961 990 5271
15906 3 1801 1246 9515
15907 3 1246 1801 7590
15908 3 1246 3432 9515
15909 3 3432 1246 10452
15910 3 3047 1246 7590
15911 3 1246 3047 10452
15912 3 1758 5147 5686
15913 3 1758 4380 5147
15914 3 5892 2014 8125
15915 3 8125 2014 9857
15916 3 6556 2270 6566
15917 3 6566 2270 7878
15918 3 6930 2526 7982
15919 3 2526 4897 6660
15920 3 4897 2526 6930
15921 3 2526 6206 7982
15922 3 6206 2526 6631
15923 3 6631 2526 6660
15924 3 5163 2782 9886
15925 3 2782 5163 8686
15926 3 2782 7812 9886
15927 3 2782 8686 9190
15928 3 3038 4478 6302
15929 3 4478 3038 8874
15930 3 3038 6302 8193
15931 3 3294 7986 8477
15932 3 6280 3294 8477
15933 3 3294 5078 7986
15934 3 5078 3294 5886
15935 3 5886 3294 6280
15936 3 3550 8594 8752
15937 3 8622 3550 9645
15938 3 3550 6086 8594
15939 3 6086 3550 8622
15940 3 4925 3806 7172
15941 3 3806 4925 8445
15942 3 3806 7524 8665
15943 3 7524 3806 8445
15944 3 3806 5533 7172
15945 3 5533 3806 8665
15946 3 7207 4062 7899
15947 3 4062 6724 7899
15948 3 4299 4062 7207
15949 3 4062 4299 7824
15950 3 9750 4318 9915
15951 3 7271 4318 8564
15952 3 4318 7271 9915
15953 3 9488 4574 9977
15954 3 4574 8079 9977
15955 3 4830 6999 7618
15956 3 5355 4830 7618
15957 3 4830 5355 6622
15958 3 6859 6366 10531
15959 3 7134 7863 7922
15960 3 7134 7922 9326
15961 3 7390 7566 7686
15962 3 6203 223 8842
15963 3 4927 223 6203
15964 3 423 223 5176
15965 3 223 423 8842
15966 3 223 4344 5176
15967 3 4344 223 4927
15968 3 479 2838 4887
15969 3 2838 479 4156
15970 3 479 4887 7606
15971 3 479 1465 4156
15972 3 1465 479 5611
15973 3 5611 479 7606
15974 3 5457 735 6303
15975 3 1378 735 8845
15976 3 735 1378 6303
15977 3 4490 735 5457
15978 3 3492 735 4490
15979 3 735 3492 8845
15980 3 3035 991 10415
15981 3 991 5369 9205
15982 3 2836 1247 8225
15983 3 1247 2836 10336
15984 3 8225 1247 9120
15985 3 1247 1328 9120
15986 3 1328 1247 9725
15987 3 9725 1247 10336
15988 3 1503 2124 2392
15989 3 2124 1503 4090
15990 3 1759 4383 4952
15991 3 1759 4952 6753
15992 3 5770 1759 6753
15993 3 2015 9769 10143
15994 3 2015 6078 9769
15995 3 6078 2015 10185
15996 3 2015 7381 10185
15997 3 7381 2015 7384
15998 3 7384 2015 10143
15999 3 6294 2527 6655
16000 3 6655 2527 8556
16001 3 4424 2783 6326
16002 3 4528 3039 4661
16003 3 3303 3295 6729
16004 3 3295 3303 7602
16005 3 9083 3551 9926
16006 3 3551 7294 9926
16007 3 7070 3807 7356
16008 3 4267 4063 9231
16009 3 4319 6146 10009
16010 3 5958 4319 10009
16011 3 4831 8014 9330
16012 3 4831 7300 8014
16013 3 7300 4831 7340
16014 3 8483 5087 10286
16015 3 7803 5343 7926
16016 3 5599 9507 10103
16017 3 5599 6646 8273
16018 3 6646 5599 10103
16019 3 5855 6214 9683
16020 3 6111 7508 10468
16021 3 9850 6111 10468
16022 3 8371 6111 9850
16023 3 6449 6367 8482
16024 3 5489 224 9467
16025 3 224 2266 9467
16026 3 4982 480 6802
16027 3 480 4982 5868
16028 3 480 6272 8834
16029 3 480 8834 9349
16030 3 6802 480 9349
16031 3 480 5868 6272
16032 3 736 5953 8732
16033 3 5953 736 6539
16034 3 1178 736 8732
16035 3 736 1990 6539
16036 3 5906 992 9293
16037 3 992 3471 9293
16038 3 3471 992 10371
16039 3 992 997 10371
16040 3 997 992 2556
16041 3 2556 992 5906
16042 3 3980 1248 6175
16043 3 2316 1504 8311
16044 3 1504 2316 9215
16045 3 1504 2452 8311
16046 3 8890 1504 9215
16047 3 1760 2089 9670
16048 3 3626 1760 9670
16049 3 1760 3626 6348
16050 3 1760 6348 9085
16051 3 2016 5306 6123
16052 3 5306 2016 10495
16053 3 2016 5353 5869
16054 3 2016 5869 10495
16055 3 2016 4853 5353
16056 3 4853 2016 6123
16057 3 8971 2272 9808
16058 3 2272 9259 9808
16059 3 7488 2272 8971
16060 3 2272 7488 9390
16061 3 2272 8803 9259
16062 3 2272 6614 8803
16063 3 6614 2272 9390
16064 3 2528 2620 10259
16065 3 2620 2528 7074
16066 3 3902 2528 4222
16067 3 2528 3902 7074
16068 3 3668 2528 10259
16069 3 2528 3668 4222
16070 3 2784 5174 7694
16071 3 3040 6868 10358
16072 3 6868 3040 9457
16073 3 3296 7908 8034
16074 3 3552 3637 9037
16075 3 3637 3552 4606
16076 3 3879 3808 4922
16077 3 3808 3879 8907
16078 3 6724 3808 8907
16079 3 4062 3808 6724
16080 3 3808 4062 7824
16081 3 8988 4064 10380
16082 3 4064 10036 10380
16083 3 8633 4064 8988
16084 3 4893 4576 7169
16085 3 4576 4893 5208
16086 3 4576 4751 7169
16087 3 4751 4576 10201
16088 3 4832 7801 9117
16089 3 4832 6051 8811
16090 3 6582 4832 8811
16091 3 4832 6582 7801
16092 3 5282 5088 8436
16093 3 6307 5088 7125
16094 3 5600 6064 9680
16095 3 5856 6044 7964
16096 3 6112 6722 9650
16097 3 6875 6112 8698
16098 3 8151 6368 9147
16099 3 6624 6854 10348
16100 3 6854 6624 9962
16101 3 7136 7526 9658
16102 3 225 292 4976
16103 3 292 225 5591
16104 3 225 4976 6945
16105 3 685 225 950
16106 3 225 685 5591
16107 3 950 225 6945
16108 3 481 1125 9734
16109 3 1125 481 9246
16110 3 5542 481 9734
16111 3 481 5542 7092
16112 3 481 7092 9246
16113 3 2423 737 6612
16114 3 737 2968 6612
16115 3 2968 737 7657
16116 3 993 4185 7001
16117 3 4185 993 10496
16118 3 4073 993 7001
16119 3 1249 3895 4414
16120 3 3895 1249 4753
16121 3 1505 3192 3772
16122 3 1505 1934 4714
16123 3 1934 1505 4030
16124 3 1505 3772 4030
16125 3 2337 1761 5920
16126 3 1761 2337 2960
16127 3 1761 2960 3629
16128 3 2273 3426 10365
16129 3 8941 2273 10365
16130 3 2273 3311 3426
16131 3 3311 2273 8867
16132 3 8251 2529 8771
16133 3 2529 5236 8771
16134 3 5236 2529 9317
16135 3 2529 2802 9317
16136 3 8355 2785 9232
16137 3 5338 2785 8189
16138 3 8189 2785 8355
16139 3 8061 3041 10502
16140 3 3041 4788 5226
16141 3 4788 3041 8061
16142 3 3642 3297 9618
16143 3 3297 3642 4563
16144 3 3297 7272 9618
16145 3 3526 3297 4563
16146 3 3863 3553 10510
16147 3 3553 3863 8723
16148 3 6949 3553 8723
16149 3 3553 6949 9052
16150 3 3553 9040 10510
16151 3 9040 3553 9052
16152 3 6489 3809 7761
16153 3 6680 4065 8159
16154 3 4234 4065 6680
16155 3 8159 4065 10011
16156 3 4577 8038 8724
16157 3 4833 6239 8463
16158 3 6239 4833 9719
16159 3 8102 5345 9155
16160 3 5584 5345 9364
16161 3 5345 5584 9155
16162 3 7267 5857 9203
16163 3 5857 9922 10028
16164 3 9203 5857 10028
16165 3 226 3742 6717
16166 3 5589 226 6717
16167 3 482 4362 6132
16168 3 482 1179 4362
16169 3 1179 482 2027
16170 3 699 482 10503
16171 3 2027 482 5768
16172 3 482 6132 10503
16173 3 1293 738 7546
16174 3 738 1293 1962
16175 3 1361 738 3397
16176 3 738 1361 6778
16177 3 738 6778 7546
16178 3 738 1962 3397
16179 3 994 7783 9881
16180 3 7783 994 8603
16181 3 8603 994 10176
16182 3 8643 994 9881
16183 3 994 1482 10176
16184 3 1482 994 2812
16185 3 2812 994 8643
16186 3 4613 1250 5731
16187 3 1250 4613 5575
16188 3 1250 5575 7296
16189 3 3062 1250 7296
16190 3 1506 6148 8885
16191 3 1506 8271 9096
16192 3 8271 1506 8885
16193 3 1506 5528 6148
16194 3 5528 1506 9096
16195 3 2335 1762 5811
16196 3 1762 2335 8662
16197 3 1762 3196 5811
16198 3 6809 1762 8662
16199 3 5632 2018 6355
16200 3 3088 2274 9172
16201 3 6580 2274 9089
16202 3 2274 6580 9172
16203 3 5215 2530 9462
16204 3 4264 2530 8102
16205 3 2732 2530 4264
16206 3 2530 2732 9462
16207 3 2786 3214 9255
16208 3 3214 2786 9680
16209 3 8955 2786 9255
16210 3 3042 6330 8937
16211 3 3621 3298 6402
16212 3 3298 3621 9476
16213 3 8847 3298 9476
16214 3 3554 4092 7308
16215 3 4092 3554 10386
16216 3 6908 3554 7308
16217 3 5852 3810 10270
16218 3 4066 4403 10476
16219 3 10428 4066 10476
16220 3 4600 4066 10428
16221 3 4322 6181 9202
16222 3 6953 4322 8722
16223 3 4322 4482 6181
16224 3 4482 4322 6953
16225 3 6822 4578 6941
16226 3 8240 4834 9901
16227 3 9901 4834 10551
16228 3 5090 5226 5526
16229 3 5090 5526 6291
16230 3 7499 5858 7848
16231 3 6421 6114 8218
16232 3 6114 7790 8218
16233 3 7790 6114 10055
16234 3 10276 6626 10347
16235 3 6626 6734 10347
16236 3 6882 8389 9316
16237 3 6882 8155 8389
16238 3 8805 8674 8891
16239 3 786 227 4900
16240 3 4900 227 9145
16241 3 227 1604 9145
16242 3 1604 227 3317
16243 3 6237 483 8336
16244 3 8336 483 10128
16245 3 5302 483 6237
16246 3 483 5302 8056
16247 3 4591 483 8056
16248 3 483 4591 10128
16249 3 739 3335 3929
16250 3 739 8048 9250
16251 3 739 2233 3335
16252 3 2233 739 9250
16253 3 995 8986 9399
16254 3 995 7505 8986
16255 3 995 4958 8511
16256 3 4958 995 9399
16257 3 7305 995 8511
16258 3 995 7305 7505
16259 3 1251 4665 9579
16260 3 4665 1251 5060
16261 3 5060 1251 5117
16262 3 5609 1251 9579
16263 3 1251 5609 8416
16264 3 5117 1251 8416
16265 3 1507 2524 10247
16266 3 5864 1507 10247
16267 3 1763 4937 10253
16268 3 5034 1763 7091
16269 3 7091 1763 10253
16270 3 2019 2153 8605
16271 3 4010 2275 7509
16272 3 2275 3290 7509
16273 3 5159 2787 10541
16274 3 2787 5159 9954
16275 3 6172 3043 6366
16276 3 6366 3043 10531
16277 3 8646 3299 9833
16278 3 3555 5470 6370
16279 3 3555 6370 8289
16280 3 8470 3811 10147
16281 3 3811 5469 7046
16282 3 5469 3811 7123
16283 3 5481 3811 7046
16284 3 3811 5481 10147
16285 3 7123 3811 8470
16286 3 4067 7238 9532
16287 3 6585 4579 10110
16288 3 5091 9327 10059
16289 3 5091 5309 9327
16290 3 9843 6115 10100
16291 3 6115 7289 10100
16292 3 7139 7853 10066
16293 3 389 228 5483
16294 3 228 389 5746
16295 3 228 1948 3269
16296 3 228 3269 5483
16297 3 1278 228 5746
16298 3 228 1278 1948
16299 3 484 532 4721
16300 3 532 484 9963
16301 3 484 4721 4727
16302 3 7886 740 8785
16303 3 5202 996 8354
16304 3 996 1635 10543
16305 3 1162 996 5202
16306 3 996 1162 7560
16307 3 8354 996 10543
16308 3 1252 5937 7563
16309 3 8554 1252 8584
16310 3 1252 3953 10549
16311 3 3953 1252 8554
16312 3 1252 4209 5937
16313 3 4209 1252 10549
16314 3 1252 7563 8584
16315 3 2006 1508 5854
16316 3 5854 1508 10158
16317 3 1764 5738 7523
16318 3 5738 1764 10161
16319 3 5794 1764 6166
16320 3 1764 5794 10161
16321 3 2020 5820 9291
16322 3 2043 2020 3649
16323 3 2020 2043 5820
16324 3 2276 5398 6129
16325 3 2276 6129 8232
16326 3 5795 2532 8863
16327 3 3496 2532 3727
16328 3 2532 3496 8863
16329 3 5465 2788 6904
16330 3 3434 2788 3564
16331 3 2788 6598 8774
16332 3 3564 2788 5465
16333 3 6904 2788 8774
16334 3 3800 3044 8735
16335 3 7238 3300 8676
16336 3 3300 7819 9309
16337 3 3989 3300 9309
16338 3 3300 3989 8676
16339 3 4067 3300 7238
16340 3 3300 4067 7819
16341 3 5800 3556 8790
16342 3 3556 5800 8413
16343 3 3556 8413 10105
16344 3 3812 6968 9150
16345 3 3812 5018 9945
16346 3 4068 5378 7708
16347 3 5378 4068 10289
16348 3 4068 10012 10289
16349 3 5314 4068 7708
16350 3 4324 8305 10471
16351 3 4580 8568 10236
16352 3 8378 4580 9266
16353 3 4580 8378 8568
16354 3 7255 5092 7832
16355 3 5092 7532 7832
16356 3 5604 6090 9723
16357 3 8725 5860 9046
16358 3 5860 8479 9046
16359 3 8479 5860 9599
16360 3 8386 5860 8725
16361 3 5860 8386 9599
16362 3 7325 6116 7401
16363 3 6713 6372 10554
16364 3 8287 6628 9866
16365 3 9866 6628 10457
16366 3 229 4699 5724
16367 3 4699 229 7114
16368 3 229 5724 8166
16369 3 229 9929 10506
16370 3 7114 229 10506
16371 3 229 8166 9929
16372 3 485 4116 8410
16373 3 485 5926 7945
16374 3 485 4950 5926
16375 3 4950 485 8410
16376 3 3687 485 7945
16377 3 485 3687 4116
16378 3 787 741 8045
16379 3 741 787 1669
16380 3 8045 741 9537
16381 3 741 5846 9537
16382 3 2130 997 3660
16383 3 997 2130 2220
16384 3 997 2220 10371
16385 3 997 2556 3660
16386 3 2824 1253 9415
16387 3 2154 1253 2824
16388 3 1698 1253 2154
16389 3 1253 1698 4854
16390 3 1253 4854 9415
16391 3 1586 1509 4654
16392 3 1873 1509 8033
16393 3 1509 1687 4654
16394 3 1687 1509 1873
16395 3 7467 1765 8702
16396 3 1765 3395 6345
16397 3 1765 6345 10246
16398 3 8702 1765 10246
16399 3 2374 2021 4681
16400 3 2021 2374 9968
16401 3 4681 2021 4796
16402 3 3728 2021 9968
16403 3 2277 6174 8402
16404 3 7575 2277 9941
16405 3 2277 8402 9941
16406 3 9507 2533 10103
16407 3 6709 2533 10084
16408 3 2533 6709 10103
16409 3 6493 2533 9507
16410 3 2789 5261 8451
16411 3 5261 2789 7406
16412 3 7901 2789 8451
16413 3 7406 2789 8985
16414 3 3179 3045 3218
16415 3 3218 3045 5959
16416 3 6929 3301 7759
16417 3 4677 3301 7559
16418 3 7759 3301 8337
16419 3 8011 3557 8747
16420 3 3813 4790 5991
16421 3 4790 3813 5099
16422 3 5817 3813 5991
16423 3 4069 4244 7068
16424 3 4325 4921 9335
16425 3 4581 7049 9822
16426 3 7049 4581 7115
16427 3 6586 4581 9822
16428 3 4581 6897 7115
16429 3 4837 6577 10069
16430 3 6577 4837 8947
16431 3 8812 5861 10296
16432 3 8678 5861 8812
16433 3 8165 6117 8456
16434 3 6373 8006 10211
16435 3 6373 7541 8006
16436 3 6373 6562 7541
16437 3 7492 7141 10542
16438 3 9159 7397 9698
16439 3 2102 230 7415
16440 3 4256 230 6719
16441 3 230 4256 4315
16442 3 230 4315 7415
16443 3 2459 486 6729
16444 3 1734 486 2459
16445 3 2369 742 8219
16446 3 742 2369 6261
16447 3 742 6261 10063
16448 3 6460 998 9262
16449 3 1511 998 6460
16450 3 998 1511 3645
16451 3 1254 2562 10112
16452 3 2562 1254 4280
16453 3 4099 1254 10112
16454 3 2079 1254 4099
16455 3 1254 2079 5364
16456 3 4280 1254 5364
16457 3 1510 4774 6820
16458 3 1766 4627 7341
16459 3 2022 4626 5919
16460 3 4626 2022 6229
16461 3 2022 5919 7431
16462 3 2147 2022 7431
16463 3 2022 2147 3614
16464 3 2278 5650 10194
16465 3 8982 2278 10194
16466 3 6838 2278 8982
16467 3 2278 6838 8915
16468 3 2278 4593 5650
16469 3 4593 2278 8915
16470 3 6803 2534 10538
16471 3 2534 6803 10088
16472 3 2534 4301 10538
16473 3 4301 2534 6369
16474 3 2790 2828 2972
16475 3 2828 2790 3838
16476 3 2790 2972 3793
16477 3 3838 2790 6017
16478 3 5644 3046 9495
16479 3 3046 5644 8588
16480 3 3046 8044 9495
16481 3 8044 3046 9320
16482 3 3814 6645 6895
16483 3 5668 4070 6099
16484 3 4326 6412 9966
16485 3 5224 4582 5260
16486 3 5260 4582 10172
16487 3 4933 4838 7732
16488 3 4838 5375 7732
16489 3 5094 6589 6601
16490 3 5095 5094 7823
16491 3 5094 5095 6589
16492 3 5350 5362 6569
16493 3 5862 7301 9304
16494 3 7301 5862 10230
16495 3 6374 8470 10147
16496 3 6696 6630 10277
16497 3 6886 7215 8270
16498 3 7142 7258 8812
16499 3 7142 8812 10296
16500 3 7673 7398 8201
16501 3 1310 231 6212
16502 3 231 1310 9663
16503 3 231 4701 6212
16504 3 3076 487 4625
16505 3 487 3076 8164
16506 3 487 1343 7634
16507 3 1343 487 8164
16508 3 487 3980 4625
16509 3 487 1248 3980
16510 3 1248 487 7634
16511 3 743 1373 7644
16512 3 1373 743 1766
16513 3 1766 743 8016
16514 3 1670 999 10255
16515 3 999 1670 3720
16516 3 999 7826 10255
16517 3 1255 6214 9755
16518 3 6214 1255 9683
16519 3 7835 1255 8610
16520 3 8610 1255 9755
16521 3 2283 1255 7835
16522 3 1255 2283 9683
16523 3 3645 1511 5555
16524 3 1600 1511 6460
16525 3 1767 9027 9777
16526 3 1767 4059 9027
16527 3 4059 1767 8377
16528 3 9471 1767 9777
16529 3 2023 4872 5472
16530 3 2023 3725 4872
16531 3 3725 2023 7763
16532 3 2739 2023 5472
16533 3 2023 2739 4547
16534 3 2023 4547 7763
16535 3 7771 2279 9937
16536 3 7320 2279 7771
16537 3 9937 2279 10064
16538 3 2535 4547 8142
16539 3 2791 6657 10179
16540 3 2791 4239 6657
16541 3 4239 2791 8913
16542 3 4087 2791 10179
16543 3 3047 3601 8727
16544 3 3601 3047 9720
16545 3 6264 3047 8727
16546 3 3047 6264 10452
16547 3 3047 7590 9720
16548 3 3559 5983 6066
16549 3 5983 3559 10421
16550 3 7227 3815 9760
16551 3 3815 4694 9760
16552 3 4327 9627 9870
16553 3 4583 9988 10455
16554 3 4583 7033 9988
16555 3 4839 5703 8943
16556 3 6589 5095 8657
16557 3 5607 6403 9675
16558 3 5607 6158 6403
16559 3 6119 7122 10308
16560 3 8181 6119 10308
16561 3 6119 8181 9373
16562 3 6375 7490 7721
16563 3 7389 6375 7721
16564 3 6631 6660 8092
16565 3 6631 8092 8134
16566 3 6631 8134 8511
16567 3 7143 7792 9708
16568 3 8626 7655 10524
16569 3 9691 8167 10340
16570 3 232 3114 8458
16571 3 3114 232 6947
16572 3 7514 232 8092
16573 3 8092 232 8134
16574 3 232 4531 6947
16575 3 4531 232 7514
16576 3 8134 232 8458
16577 3 2940 488 6603
16578 3 488 2940 8913
16579 3 7301 488 9852
16580 3 488 7301 10230
16581 3 6603 488 10230
16582 3 488 8913 9852
16583 3 744 4389 7031
16584 3 4389 744 8839
16585 3 744 2112 8839
16586 3 2112 744 9472
16587 3 2680 744 7031
16588 3 744 2680 9472
16589 3 2118 1000 4181
16590 3 1000 2118 5750
16591 3 4181 1000 4348
16592 3 1000 1630 9517
16593 3 1630 1000 5750
16594 3 4348 1000 9517
16595 3 1256 4501 5849
16596 3 4501 1256 9449
16597 3 6038 1256 7378
16598 3 1256 6038 9449
16599 3 7378 1256 7456
16600 3 1256 5849 7456
16601 3 1512 1891 9580
16602 3 1891 1512 3304
16603 3 3740 1512 8693
16604 3 3304 1512 3740
16605 3 5113 1512 9580
16606 3 1512 5113 8693
16607 3 3080 1768 5656
16608 3 1768 3080 4983
16609 3 2249 1768 4983
16610 3 2643 2024 6725
16611 3 2024 2477 6725
16612 3 2280 7221 8202
16613 3 2536 3155 3417
16614 3 3155 2536 5302
16615 3 2536 7353 9051
16616 3 2792 3362 8830
16617 3 3362 2792 7856
16618 3 7570 2792 8830
16619 3 2792 3513 6767
16620 3 3513 2792 7570
16621 3 4693 3048 7441
16622 3 3304 3740 9412
16623 3 3560 6161 6784
16624 3 4249 3560 6784
16625 3 8819 3816 10411
16626 3 8228 4072 8537
16627 3 4072 5698 5990
16628 3 4941 4072 8228
16629 3 4072 4941 5698
16630 3 4072 5990 8537
16631 3 8453 4584 9425
16632 3 4624 4584 8453
16633 3 4584 4624 8381
16634 3 4584 8381 10202
16635 3 5839 4584 10202
16636 3 9425 4584 9494
16637 3 9878 4840 10366
16638 3 7416 4840 9878
16639 3 5502 5096 6772
16640 3 5096 5502 10422
16641 3 5613 5608 8163
16642 3 5864 6636 7798
16643 3 6120 7134 9326
16644 3 6376 7214 8856
16645 3 8221 6632 8317
16646 3 9289 6888 10075
16647 3 7400 7713 8260
16648 3 8137 7400 10352
16649 3 7912 8021 10532
16650 3 8814 7912 10532
16651 3 233 9416 9926
16652 3 6125 233 9926
16653 3 233 6125 8931
16654 3 6343 489 9171
16655 3 9171 489 9463
16656 3 9463 489 9782
16657 3 745 4890 8197
16658 3 6207 745 8197
16659 3 2455 745 6207
16660 3 745 2455 7342
16661 3 1001 1317 9610
16662 3 1317 1001 7108
16663 3 7539 1001 9610
16664 3 6280 1001 7086
16665 3 1001 6280 7108
16666 3 7086 1001 7539
16667 3 2114 1257 4605
16668 3 1257 3950 10339
16669 3 1661 1257 10339
16670 3 1257 1661 4605
16671 3 1513 2897 3391
16672 3 2897 1513 9373
16673 3 2137 1513 3391
16674 3 1513 2137 7122
16675 3 1513 6119 9373
16676 3 6119 1513 7122
16677 3 7426 1769 8544
16678 3 1769 7426 8405
16679 3 1769 2063 7330
16680 3 2063 1769 8405
16681 3 1769 6162 8544
16682 3 1769 4190 6162
16683 3 4190 1769 7330
16684 3 2025 2279 7320
16685 3 2281 4416 9331
16686 3 2628 2281 9331
16687 3 2281 4027 4416
16688 3 2537 4374 9516
16689 3 4374 2537 7605
16690 3 3049 4612 10344
16691 3 3561 3606 5658
16692 3 3606 3561 9050
16693 3 3817 4630 9049
16694 3 5811 4073 7001
16695 3 7290 4329 8347
16696 3 4585 6414 10253
16697 3 6414 4585 10268
16698 3 4937 4585 10253
16699 3 4585 4937 7166
16700 3 8755 5353 10129
16701 3 5865 7279 7574
16702 3 6377 8278 10024
16703 3 8278 6377 10292
16704 3 6633 9635 10080
16705 3 6889 7770 8268
16706 3 7544 6889 8268
16707 3 6889 7544 9173
16708 3 7913 8318 10409
16709 3 7913 8131 9565
16710 3 8131 7913 10409
16711 3 8169 8833 10499
16712 3 234 807 2109
16713 3 807 234 6855
16714 3 234 2109 7017
16715 3 234 7017 9771
16716 3 6855 234 7680
16717 3 7680 234 9771
16718 3 490 2827 6317
16719 3 5673 490 6997
16720 3 490 2657 2827
16721 3 2657 490 5673
16722 3 490 1402 6997
16723 3 1402 490 6317
16724 3 5924 746 7181
16725 3 746 5924 7213
16726 3 6757 746 7213
16727 3 746 990 7181
16728 3 1002 4170 9597
16729 3 4170 1002 10493
16730 3 1258 7997 8694
16731 3 1258 1607 3652
16732 3 1607 1258 3158
16733 3 3158 1258 8694
16734 3 1258 3514 7997
16735 3 3514 1258 3652
16736 3 2128 1514 5233
16737 3 5233 1514 5688
16738 3 1770 1826 9002
16739 3 8904 1770 9382
16740 3 7919 1770 9002
16741 3 1770 7919 9382
16742 3 2026 2072 3967
16743 3 2072 2026 9417
16744 3 5678 2026 7098
16745 3 2026 5678 9417
16746 3 2323 2282 10281
16747 3 2282 2323 6330
16748 3 2282 6679 10281
16749 3 6679 2282 10181
16750 3 3016 2282 6330
16751 3 2282 3016 10181
16752 3 3639 2538 7945
16753 3 2538 3639 7838
16754 3 2538 5175 5414
16755 3 5175 2538 7838
16756 3 2538 3687 7945
16757 3 3687 2538 5414
16758 3 3601 2794 8015
16759 3 2794 3601 9720
16760 3 2794 3387 6000
16761 3 3387 2794 10405
16762 3 2794 6000 8015
16763 3 3306 4356 9647
16764 3 4356 3306 5063
16765 3 7243 3562 9354
16766 3 9354 3562 9501
16767 3 5036 3562 8908
16768 3 6597 3562 7243
16769 3 3562 6597 8908
16770 3 3818 3855 6503
16771 3 4074 5679 7786
16772 3 5679 4074 10095
16773 3 4842 6455 7919
16774 3 7043 4842 7919
16775 3 6260 5098 6787
16776 3 5834 5098 10295
16777 3 5098 5834 6787
16778 3 5354 6890 8790
16779 3 6890 5354 8025
16780 3 5610 6785 7948
16781 3 5866 9304 9852
16782 3 6851 6122 10499
16783 3 8281 7146 8846
16784 3 8682 9513 10205
16785 3 235 3370 8264
16786 3 3370 235 6563
16787 3 1475 235 8264
16788 3 235 1475 5842
16789 3 235 5842 6563
16790 3 804 491 8519
16791 3 491 804 2005
16792 3 491 2654 8519
16793 3 2654 491 3429
16794 3 3429 491 7513
16795 3 491 2005 7513
16796 3 747 1115 2222
16797 3 1115 747 10165
16798 3 747 2222 5087
16799 3 747 2995 5827
16800 3 2995 747 5087
16801 3 747 5827 10165
16802 3 6475 1003 9013
16803 3 1003 5870 8997
16804 3 5870 1003 6475
16805 3 1259 9049 9724
16806 3 2180 1259 2522
16807 3 1259 2180 10479
16808 3 7324 1259 10479
16809 3 1259 3817 9049
16810 3 3817 1259 7324
16811 3 1515 6409 7561
16812 3 6409 1515 9886
16813 3 1515 2409 9886
16814 3 2672 1515 7561
16815 3 1515 2672 2989
16816 3 1515 1697 2409
16817 3 1697 1515 2989
16818 3 3217 1771 9020
16819 3 1771 3217 7093
16820 3 4755 1771 7093
16821 3 1771 4755 8391
16822 3 1771 8391 9056
16823 3 1771 6607 9020
16824 3 6607 1771 9056
16825 3 5386 2027 5768
16826 3 2283 7835 9802
16827 3 6826 2283 9802
16828 3 5419 2539 6741
16829 3 2539 5419 8665
16830 3 3841 2795 7437
16831 3 2795 5957 9204
16832 3 3197 2795 3841
16833 3 2795 3197 5957
16834 3 2795 5527 6522
16835 3 5527 2795 9204
16836 3 3051 3247 6756
16837 3 3860 3307 8594
16838 3 3307 3998 6637
16839 3 3998 3307 4091
16840 3 3307 6637 8594
16841 3 3939 3563 5482
16842 3 3563 3939 9386
16843 3 5482 3563 8133
16844 3 3563 6308 8133
16845 3 4650 3819 8244
16846 3 3819 4650 5445
16847 3 4480 3819 5445
16848 3 3819 4480 5777
16849 3 4075 5997 9427
16850 3 4075 7057 7304
16851 3 7057 4075 9427
16852 3 4331 8474 9427
16853 3 7516 4331 8053
16854 3 5997 4331 9427
16855 3 7739 4843 8669
16856 3 4843 7793 9247
16857 3 5355 5652 8771
16858 3 5652 5355 7618
16859 3 5355 8771 9920
16860 3 6622 5355 9920
16861 3 6379 7984 9746
16862 3 6379 7733 7984
16863 3 6379 7627 7733
16864 3 7704 6891 9615
16865 3 6891 8607 9442
16866 3 6891 9442 9615
16867 3 9502 7147 9569
16868 3 9569 7147 9824
16869 3 8608 7915 9854
16870 3 236 6933 9797
16871 3 236 7022 9606
16872 3 7022 236 8854
16873 3 8854 236 9797
16874 3 236 2715 6933
16875 3 2715 236 8632
16876 3 8632 236 9606
16877 3 4871 492 6744
16878 3 492 4871 9703
16879 3 492 4433 6744
16880 3 492 614 10451
16881 3 614 492 9703
16882 3 492 941 4433
16883 3 941 492 10451
16884 3 1437 748 6541
16885 3 748 1437 7859
16886 3 748 7859 9631
16887 3 748 1487 6541
16888 3 1487 748 9631
16889 3 1004 2856 9859
16890 3 2856 1004 3312
16891 3 1927 1004 9509
16892 3 1004 1927 2704
16893 3 1004 2704 3312
16894 3 1004 5270 9509
16895 3 5270 1004 9859
16896 3 1260 7959 7965
16897 3 7959 1260 8848
16898 3 1260 7965 8809
16899 3 8848 1260 9181
16900 3 5585 1260 8809
16901 3 1260 5585 9181
16902 3 3329 1516 5381
16903 3 1516 3329 3662
16904 3 1516 3662 9059
16905 3 1516 3434 5381
16906 3 6598 1516 9059
16907 3 1516 2788 3434
16908 3 2788 1516 6598
16909 3 3431 1772 5027
16910 3 1772 3431 7603
16911 3 5498 1772 6472
16912 3 5027 1772 5498
16913 3 1772 5119 6472
16914 3 5119 1772 7603
16915 3 2028 3914 8429
16916 3 2191 2028 4642
16917 3 2028 2191 3914
16918 3 2028 2287 4642
16919 3 2287 2028 8429
16920 3 6805 2284 9008
16921 3 2284 5617 9008
16922 3 4617 2540 4661
16923 3 4661 2540 6466
16924 3 6466 2540 7154
16925 3 7154 2540 7188
16926 3 2796 10060 10445
16927 3 7523 2796 10445
16928 3 2796 5850 10060
16929 3 4132 3052 9168
16930 3 9168 3052 10500
16931 3 3308 4016 6450
16932 3 4016 3308 4422
16933 3 5479 3820 7991
16934 3 3820 5479 9671
16935 3 6437 4076 8317
16936 3 4076 6437 8187
16937 3 4076 7268 8317
16938 3 7719 4332 9267
16939 3 4332 7719 9611
16940 3 9267 4332 9561
16941 3 4588 4869 4965
16942 3 4869 4588 5345
16943 3 4588 4965 7687
16944 3 4588 6560 9364
16945 3 5345 4588 9364
16946 3 5055 4844 9134
16947 3 5100 7808 8880
16948 3 7808 5100 9667
16949 3 5100 7363 9667
16950 3 9135 5356 9479
16951 3 5612 5926 7209
16952 3 5612 7209 10312
16953 3 5778 5612 8459
16954 3 5612 5778 5926
16955 3 6636 7614 7798
16956 3 6892 7011 7400
16957 3 6892 7400 8137
16958 3 7404 8148 9656
16959 3 3157 237 3954
16960 3 3954 237 7493
16961 3 4171 493 5727
16962 3 493 4171 10143
16963 3 5727 493 7562
16964 3 493 3747 7562
16965 3 4823 493 10143
16966 3 749 7244 9838
16967 3 1368 749 6505
16968 3 749 1368 5616
16969 3 749 2910 6505
16970 3 2910 749 9838
16971 3 749 5616 7244
16972 3 1005 5135 6290
16973 3 1005 5652 8350
16974 3 1005 8350 9714
16975 3 1005 4350 5652
16976 3 4350 1005 6290
16977 3 1261 6563 7253
16978 3 1517 6445 7360
16979 3 6445 1517 8938
16980 3 4223 1517 7360
16981 3 1517 3569 8938
16982 3 3569 1517 4075
16983 3 3570 1517 4223
16984 3 1517 3570 4075
16985 3 1773 6727 6858
16986 3 1773 4729 7774
16987 3 4729 1773 6858
16988 3 5962 2029 7399
16989 3 9592 2029 10226
16990 3 2285 4107 9127
16991 3 4107 2285 7086
16992 3 5169 2285 9127
16993 3 2934 2285 5169
16994 3 2285 2934 5886
16995 3 2285 6280 7086
16996 3 2285 5886 6280
16997 3 2541 4637 7552
16998 3 4484 2541 7552
16999 3 7428 2797 8764
17000 3 3456 2797 5762
17001 3 2797 3456 5309
17002 3 5762 2797 7428
17003 3 2797 3992 8764
17004 3 3992 2797 5091
17005 3 5091 2797 5309
17006 3 3053 5497 10391
17007 3 5497 3053 10461
17008 3 6036 3053 10391
17009 3 6733 3309 8659
17010 3 5210 3309 6491
17011 3 6491 3309 8756
17012 3 3309 4759 8756
17013 3 4759 3309 6733
17014 3 5899 3565 9788
17015 3 3565 5899 8419
17016 3 3565 7561 9788
17017 3 7561 3565 8877
17018 3 3565 8600 8877
17019 3 6451 3821 10019
17020 3 3821 6451 10082
17021 3 3821 6832 10019
17022 3 6832 3821 8926
17023 3 4077 6691 9257
17024 3 6691 4077 9807
17025 3 8826 4077 9257
17026 3 4333 6256 7489
17027 3 4589 9164 10517
17028 3 5356 4589 9479
17029 3 8488 4845 9351
17030 3 4845 5185 9351
17031 3 4845 8012 9506
17032 3 8012 4845 8488
17033 3 5101 6237 8122
17034 3 5101 5302 6237
17035 3 5631 5101 8122
17036 3 7294 6125 9926
17037 3 6381 8399 9757
17038 3 8594 6637 8752
17039 3 6893 10166 10539
17040 3 7865 6893 10539
17041 3 7405 7468 7611
17042 3 7661 8009 8645
17043 3 7917 9474 10299
17044 3 9655 9197 10104
17045 3 2344 238 4204
17046 3 238 2344 7602
17047 3 3303 238 7602
17048 3 494 2076 9486
17049 3 2076 494 7109
17050 3 7275 494 9486
17051 3 5513 494 7275
17052 3 494 5513 7109
17053 3 750 2394 10056
17054 3 750 1656 2394
17055 3 1656 750 3058
17056 3 3058 750 3575
17057 3 3575 750 10056
17058 3 1006 2856 3312
17059 3 1006 1329 2856
17060 3 1329 1006 3060
17061 3 5683 1262 5938
17062 3 1262 2709 5938
17063 3 2709 1262 6821
17064 3 5358 1262 5683
17065 3 1262 5358 6821
17066 3 1518 2158 4349
17067 3 2729 1518 8763
17068 3 1518 2729 10074
17069 3 1518 4349 8763
17070 3 7990 1774 9082
17071 3 1774 6118 9082
17072 3 5622 1774 7990
17073 3 3141 2030 7000
17074 3 2286 6975 10395
17075 3 6024 2286 10395
17076 3 6311 2286 7484
17077 3 2286 6311 6975
17078 3 3909 2542 4929
17079 3 2542 3909 10354
17080 3 4236 2542 6557
17081 3 6557 2542 10354
17082 3 5992 2798 9306
17083 3 5846 3054 8235
17084 3 3054 5372 8235
17085 3 3310 4909 6189
17086 3 3310 6189 7565
17087 3 5439 3566 5962
17088 3 4130 3822 7237
17089 3 3822 4130 5853
17090 3 3822 5853 9396
17091 3 4078 6002 9048
17092 3 4290 4078 4602
17093 3 8349 4590 8503
17094 3 4846 4904 7988
17095 3 4904 4846 7674
17096 3 5102 7568 8070
17097 3 7568 5102 7851
17098 3 7851 5102 9053
17099 3 6821 5358 6873
17100 3 6873 5358 10187
17101 3 5614 6419 7049
17102 3 5614 7049 7115
17103 3 6683 6126 7892
17104 3 6126 6683 8680
17105 3 6382 10474 10540
17106 3 8606 7150 8992
17107 3 8843 7662 9422
17108 3 239 4166 8583
17109 3 239 8583 9501
17110 3 3562 239 9501
17111 3 239 3562 5036
17112 3 2855 495 10120
17113 3 495 2855 2971
17114 3 495 2971 3302
17115 3 495 4835 10120
17116 3 751 2312 5015
17117 3 5709 751 9792
17118 3 751 5709 6125
17119 3 751 5015 9792
17120 3 751 1224 2312
17121 3 1224 751 7294
17122 3 751 6125 7294
17123 3 3260 1007 6545
17124 3 1007 3260 3506
17125 3 1263 4167 4374
17126 3 2121 1263 4374
17127 3 1519 2190 4895
17128 3 3737 1519 4586
17129 3 4586 1519 4895
17130 3 1775 2746 5072
17131 3 2746 1775 9699
17132 3 3517 1775 4047
17133 3 4047 1775 5072
17134 3 2031 3083 10089
17135 3 3083 2031 5511
17136 3 2320 2031 3902
17137 3 2031 2320 5511
17138 3 3902 2031 10089
17139 3 2287 3781 4642
17140 3 3781 2287 6638
17141 3 6638 2287 8429
17142 3 10004 2543 10478
17143 3 2543 6677 9227
17144 3 6677 2543 10004
17145 3 8083 2543 9227
17146 3 2543 8083 10478
17147 3 2799 8757 10501
17148 3 2799 2956 8757
17149 3 2956 2799 6048
17150 3 6048 2799 7347
17151 3 4498 3055 6446
17152 3 3055 4498 10404
17153 3 3055 7403 7527
17154 3 7403 3055 10404
17155 3 5663 3311 7106
17156 3 7752 3311 8867
17157 3 3426 3311 5663
17158 3 7106 3311 7752
17159 3 3567 4387 10101
17160 3 4387 3567 4788
17161 3 5526 3567 8499
17162 3 4788 3567 5526
17163 3 3921 3823 5459
17164 3 3823 5326 5459
17165 3 5326 3823 8303
17166 3 4765 4079 7554
17167 3 4335 7191 8057
17168 3 4335 8237 9820
17169 3 4335 8057 8237
17170 3 6502 4591 8056
17171 3 4847 6779 8240
17172 3 5103 7426 8544
17173 3 5103 6875 7426
17174 3 6875 5103 7118
17175 3 9392 5359 10516
17176 3 5359 9392 9910
17177 3 7928 5359 9910
17178 3 8498 6383 8651
17179 3 7762 6383 8498
17180 3 7381 6383 10185
17181 3 6383 7381 8651
17182 3 6639 7467 8702
17183 3 8046 6895 8660
17184 3 7407 8094 8361
17185 3 8039 7663 8340
17186 3 240 7980 9689
17187 3 4188 240 7440
17188 3 240 4188 7980
17189 3 240 5256 7440
17190 3 5256 240 7340
17191 3 3503 240 9867
17192 3 240 3503 7340
17193 3 240 9689 9867
17194 3 496 7837 8724
17195 3 496 1709 7837
17196 3 1709 496 4568
17197 3 752 3424 6819
17198 3 752 1912 3424
17199 3 752 6819 8748
17200 3 3272 752 8748
17201 3 1008 3340 9586
17202 3 3340 1008 6849
17203 3 9089 1008 9586
17204 3 2274 1008 9089
17205 3 6712 1264 9554
17206 3 1264 6885 9554
17207 3 9362 1520 10322
17208 3 3495 1520 9362
17209 3 1520 1751 10322
17210 3 1776 2899 8862
17211 3 4889 2032 5417
17212 3 2032 3920 4597
17213 3 3020 2032 4889
17214 3 2032 3020 3920
17215 3 2032 4597 5417
17216 3 2288 2331 6262
17217 3 4659 2288 10116
17218 3 4579 2544 10110
17219 3 3890 2800 9315
17220 3 2800 3890 8434
17221 3 2800 4689 9315
17222 3 4689 2800 8950
17223 3 2950 2800 8434
17224 3 2800 2950 8950
17225 3 5121 3056 5579
17226 3 9322 3056 10299
17227 3 5579 3056 9322
17228 3 5407 3568 6109
17229 3 4596 3568 5407
17230 3 3568 4596 10090
17231 3 3824 4942 7819
17232 3 4942 3824 5618
17233 3 4067 3824 7819
17234 3 3824 4067 6394
17235 3 5618 3824 9294
17236 3 3824 6394 9294
17237 3 4080 4620 6555
17238 3 4620 4080 5555
17239 3 4080 5303 6962
17240 3 5303 4080 6555
17241 3 5890 4592 9038
17242 3 9249 5360 10503
17243 3 5616 7232 7244
17244 3 5616 5835 7232
17245 3 5835 5616 7833
17246 3 5872 6191 7035
17247 3 5872 5989 6191
17248 3 8785 6128 8828
17249 3 6384 8265 8444
17250 3 6384 8444 9953
17251 3 6760 6640 8319
17252 3 6640 6760 6827
17253 3 6640 7158 8319
17254 3 9440 241 10135
17255 3 241 9440 9906
17256 3 241 8699 10135
17257 3 3700 497 9169
17258 3 1694 497 3700
17259 3 497 1694 2040
17260 3 497 2040 5394
17261 3 753 1026 2053
17262 3 1026 753 2293
17263 3 753 2053 9491
17264 3 7970 753 8966
17265 3 753 2389 8966
17266 3 2389 753 9491
17267 3 2293 753 7970
17268 3 1009 2661 6432
17269 3 3702 1009 7174
17270 3 1009 1933 2661
17271 3 1933 1009 3702
17272 3 1009 2004 7174
17273 3 2004 1009 6432
17274 3 3592 1265 7204
17275 3 1265 3592 5478
17276 3 7204 1265 10093
17277 3 1265 5478 8418
17278 3 2011 1265 8418
17279 3 1521 1675 3540
17280 3 1521 3540 7235
17281 3 4185 1777 7001
17282 3 1777 4185 8639
17283 3 1777 2221 4877
17284 3 2221 1777 8639
17285 3 4130 2033 5853
17286 3 7219 2033 8004
17287 3 2358 2033 4130
17288 3 2033 2358 8617
17289 3 8004 2033 8617
17290 3 5853 2033 7219
17291 3 2289 4623 6518
17292 3 2675 2289 5339
17293 3 5339 2289 6518
17294 3 5144 2545 9406
17295 3 2545 5144 9155
17296 3 6327 2545 8108
17297 3 2545 5584 8108
17298 3 5584 2545 9155
17299 3 8508 2801 10140
17300 3 5539 2801 8508
17301 3 3057 3391 6794
17302 3 3057 6794 9301
17303 3 3569 5689 8938
17304 3 3569 4075 7304
17305 3 8775 3825 8818
17306 3 6742 3825 8775
17307 3 3825 6353 8109
17308 3 4628 4081 7962
17309 3 4081 4628 8153
17310 3 4081 6963 7962
17311 3 6963 4081 7270
17312 3 7270 4081 9721
17313 3 4081 8153 9721
17314 3 4337 7072 7184
17315 3 6146 4593 10009
17316 3 5650 4593 6146
17317 3 4593 8915 9819
17318 3 4593 5881 10009
17319 3 5881 4593 9819
17320 3 6984 4849 9630
17321 3 5361 5603 7743
17322 3 5617 8004 8617
17323 3 5617 8617 9008
17324 3 6385 9761 10437
17325 3 9761 6385 10206
17326 3 9276 6641 10427
17327 3 9575 6897 9994
17328 3 8177 8287 9789
17329 3 242 8228 8537
17330 3 821 242 8537
17331 3 242 821 5627
17332 3 242 659 8228
17333 3 659 242 8914
17334 3 242 5627 8914
17335 3 1324 498 9341
17336 3 498 1324 5106
17337 3 498 818 9341
17338 3 818 498 6025
17339 3 6025 498 9775
17340 3 498 5106 9775
17341 3 754 9566 10152
17342 3 754 3938 9566
17343 3 3938 754 6324
17344 3 754 2205 7333
17345 3 2205 754 10152
17346 3 6324 754 7333
17347 3 7298 1010 8693
17348 3 6282 1010 7298
17349 3 1010 6282 6901
17350 3 1266 3174 7059
17351 3 1266 2165 9271
17352 3 2165 1266 7999
17353 3 1266 6008 7999
17354 3 6008 1266 7059
17355 3 2096 1522 4164
17356 3 1778 1954 5705
17357 3 2034 4610 8760
17358 3 6709 2034 8760
17359 3 2034 4463 4610
17360 3 4463 2034 6096
17361 3 6096 2034 6709
17362 3 2290 2447 6127
17363 3 2973 2290 6391
17364 3 7469 2546 9881
17365 3 2546 2619 9881
17366 3 2619 2546 6396
17367 3 6396 2546 7469
17368 3 9317 2802 9865
17369 3 2802 7344 9865
17370 3 3058 3871 4184
17371 3 3314 8974 10027
17372 3 7014 3314 10027
17373 3 3570 5670 5997
17374 3 4075 3570 5997
17375 3 3826 3971 5908
17376 3 10129 4082 10223
17377 3 4582 4082 10172
17378 3 4338 4351 6442
17379 3 4594 5409 6422
17380 3 5106 9632 9775
17381 3 9632 5106 10314
17382 3 5106 8873 10314
17383 3 5647 5362 9778
17384 3 7715 5618 9294
17385 3 5874 8386 10283
17386 3 8386 5874 9599
17387 3 9078 6130 10177
17388 3 7336 6130 9078
17389 3 6130 6133 8086
17390 3 6133 6130 7599
17391 3 6898 9991 10053
17392 3 4611 243 8484
17393 3 243 4611 9271
17394 3 243 6745 7218
17395 3 6745 243 9271
17396 3 243 6627 8484
17397 3 3333 499 7318
17398 3 499 3333 5812
17399 3 1090 499 5812
17400 3 499 1090 6867
17401 3 5380 755 7531
17402 3 755 5380 10461
17403 3 755 1405 7531
17404 3 1405 755 9699
17405 3 3053 755 10461
17406 3 755 3053 9699
17407 3 5922 1011 10441
17408 3 1011 5922 9196
17409 3 9535 1011 10173
17410 3 3988 1011 9535
17411 3 1011 3988 10441
17412 3 1011 9196 10173
17413 3 1267 4118 8298
17414 3 4118 1267 6060
17415 3 7872 1267 8298
17416 3 1523 1540 9999
17417 3 1540 1523 4840
17418 3 9252 1523 9999
17419 3 4916 1523 9252
17420 3 1779 3738 9428
17421 3 2224 1779 2964
17422 3 1779 2224 3738
17423 3 2035 9997 10519
17424 3 2035 4885 7529
17425 3 4885 2035 9118
17426 3 2035 7228 9997
17427 3 7228 2035 7529
17428 3 9118 2035 10519
17429 3 2291 7981 8789
17430 3 7981 2291 9854
17431 3 2291 8789 8874
17432 3 2291 8608 9854
17433 3 2291 5546 8608
17434 3 2291 3038 5546
17435 3 3038 2291 8874
17436 3 5177 2547 7263
17437 3 2547 5177 8689
17438 3 2547 3150 6712
17439 3 3150 2547 8689
17440 3 4695 2547 6712
17441 3 2547 4695 7263
17442 3 2803 3928 8497
17443 3 3928 2803 9080
17444 3 4976 2803 8497
17445 3 3059 3603 4668
17446 3 6206 3315 7028
17447 3 4252 3315 6206
17448 3 3315 4252 6083
17449 3 3315 4054 7028
17450 3 4054 3315 4321
17451 3 3571 9266 9692
17452 3 3571 3937 10061
17453 3 3937 3571 7581
17454 3 3571 5500 9266
17455 3 5500 3571 10061
17456 3 7581 3571 9692
17457 3 4083 4945 9947
17458 3 6999 4083 9947
17459 3 4830 4083 6999
17460 3 4355 4339 9265
17461 3 4339 4355 10313
17462 3 8729 4339 9275
17463 3 9275 4339 10313
17464 3 4851 5781 6844
17465 3 4851 6844 8022
17466 3 5960 5107 8172
17467 3 8172 5107 9209
17468 3 5363 5609 9579
17469 3 6372 5619 10554
17470 3 6936 6643 9764
17471 3 7719 6899 10269
17472 3 7840 7667 9956
17473 3 7667 9209 9956
17474 3 8085 7923 9849
17475 3 1031 244 1292
17476 3 244 1031 8520
17477 3 244 544 1292
17478 3 544 244 5168
17479 3 244 3784 5168
17480 3 3784 244 8520
17481 3 500 10086 10263
17482 3 8815 500 10263
17483 3 4465 500 6673
17484 3 500 4465 5534
17485 3 500 3773 10086
17486 3 3773 500 5534
17487 3 500 6352 6673
17488 3 6352 500 8815
17489 3 3399 756 7206
17490 3 756 3399 3491
17491 3 756 3400 7206
17492 3 3400 756 4426
17493 3 4426 756 7883
17494 3 1012 3615 9602
17495 3 5683 1012 9602
17496 3 5455 1012 5683
17497 3 4590 1012 5455
17498 3 6452 1268 8169
17499 3 10060 1268 10445
17500 3 8833 1268 10060
17501 3 8169 1268 8833
17502 3 2560 1268 6452
17503 3 1268 2560 10445
17504 3 1524 2109 10273
17505 3 2109 1524 7017
17506 3 1524 2634 7017
17507 3 2634 1524 9350
17508 3 9350 1524 10273
17509 3 4776 1780 10354
17510 3 3577 1780 4776
17511 3 1780 6656 10354
17512 3 2036 3586 6044
17513 3 5856 2036 6044
17514 3 4456 2292 6922
17515 3 2292 4456 5118
17516 3 2292 8615 9864
17517 3 2292 5118 8615
17518 3 8277 2548 10321
17519 3 7304 2548 8111
17520 3 2548 7057 10321
17521 3 7057 2548 7304
17522 3 8111 2548 8277
17523 3 6182 2804 8889
17524 3 5751 2804 6182
17525 3 8801 3060 9307
17526 3 3316 5023 8100
17527 3 3316 4268 5023
17528 3 5687 3572 7631
17529 3 6402 3828 7569
17530 3 3828 6714 7569
17531 3 4084 8011 9434
17532 3 9010 4340 9036
17533 3 4340 8392 9036
17534 3 4596 5407 9494
17535 3 4852 9279 9324
17536 3 4852 8810 9279
17537 3 8810 4852 9943
17538 3 4852 5557 9943
17539 3 7151 5620 9496
17540 3 6132 9249 10503
17541 3 6388 10121 10506
17542 3 7525 6644 7842
17543 3 7842 6644 8658
17544 3 6644 7858 9624
17545 3 7764 7412 10117
17546 3 7412 9391 10117
17547 3 7668 7836 9162
17548 3 9176 245 10448
17549 3 1893 501 9647
17550 3 501 1893 4850
17551 3 501 3306 9647
17552 3 757 5170 5346
17553 3 6807 757 7293
17554 3 757 975 7293
17555 3 975 757 5346
17556 3 757 4055 5170
17557 3 1013 2628 2837
17558 3 1013 2281 2628
17559 3 2281 1013 4027
17560 3 1596 1269 8431
17561 3 1269 3220 8431
17562 3 3465 1525 6232
17563 3 1525 1930 2517
17564 3 1525 2517 6232
17565 3 1535 1525 3465
17566 3 1525 1535 1930
17567 3 3204 1781 5639
17568 3 1781 3204 3228
17569 3 1781 3228 6087
17570 3 1781 6087 8460
17571 3 3509 2037 8309
17572 3 2037 3509 4281
17573 3 2037 4281 6884
17574 3 2502 2037 7528
17575 3 2037 2502 8309
17576 3 2037 6884 7528
17577 3 2293 7100 10055
17578 3 3320 2293 10055
17579 3 2549 9831 10065
17580 3 2805 2884 6743
17581 3 2884 2805 5810
17582 3 5810 2805 10232
17583 3 3015 2805 6743
17584 3 2805 3015 7423
17585 3 3061 3794 6393
17586 3 3061 6393 6497
17587 3 3317 4145 9582
17588 3 4145 3317 5842
17589 3 3573 4686 10373
17590 3 4686 3573 7078
17591 3 7078 3573 9901
17592 3 4559 3573 10373
17593 3 7442 4085 8318
17594 3 6187 4085 7442
17595 3 4341 6003 6050
17596 3 5417 4597 6579
17597 3 6579 4597 7595
17598 3 4597 5564 7595
17599 3 5353 4853 10129
17600 3 4853 6123 7331
17601 3 6312 5109 6944
17602 3 5365 5822 8596
17603 3 5822 5365 5855
17604 3 5855 5365 9976
17605 3 5365 5878 9976
17606 3 5904 5621 6934
17607 3 6934 5621 8358
17608 3 6183 5877 7547
17609 3 6133 7599 8155
17610 3 6645 6785 8660
17611 3 6895 6645 8660
17612 3 8674 8437 8959
17613 3 7024 246 8601
17614 3 246 7024 7135
17615 3 907 246 6801
17616 3 246 907 7639
17617 3 246 5557 6801
17618 3 5557 246 7135
17619 3 246 7639 8601
17620 3 5503 502 9626
17621 3 502 5503 10182
17622 3 2443 502 10182
17623 3 1186 502 2443
17624 3 502 1186 9383
17625 3 502 9383 9626
17626 3 3976 758 9301
17627 3 758 3976 9208
17628 3 758 6048 7347
17629 3 6048 758 9208
17630 3 758 3057 9301
17631 3 3057 758 7347
17632 3 1014 6670 6935
17633 3 1014 6935 8233
17634 3 1014 8233 8558
17635 3 1014 5676 6670
17636 3 1014 4401 4420
17637 3 4401 1014 8558
17638 3 1014 4420 5676
17639 3 5237 1270 7967
17640 3 1270 5237 9061
17641 3 5372 1270 9061
17642 3 1526 2636 8977
17643 3 2636 1526 9280
17644 3 1526 3459 4126
17645 3 1786 1526 4126
17646 3 1526 1786 9280
17647 3 1782 3736 7736
17648 3 3736 1782 8166
17649 3 5058 1782 9644
17650 3 1782 5058 9929
17651 3 3558 1782 7736
17652 3 1782 3558 9644
17653 3 8166 1782 9929
17654 3 2038 4735 9863
17655 3 4735 2038 6816
17656 3 2038 2441 9704
17657 3 4257 2038 10527
17658 3 2038 4257 6816
17659 3 2038 9704 10527
17660 3 2294 4052 4614
17661 3 2550 3250 6011
17662 3 3250 2550 9707
17663 3 4542 2550 6011
17664 3 2550 4542 9858
17665 3 9707 2550 9858
17666 3 2806 3664 5272
17667 3 2806 2978 3664
17668 3 2806 3070 7452
17669 3 3070 2806 5272
17670 3 3688 3062 4936
17671 3 5162 3318 8765
17672 3 3318 6103 8765
17673 3 6103 3318 8188
17674 3 5629 4342 7206
17675 3 7702 4598 10435
17676 3 6898 5110 7737
17677 3 6919 5622 7990
17678 3 5878 9045 9976
17679 3 6134 7652 7662
17680 3 6134 7662 8843
17681 3 9684 6646 10103
17682 3 8438 9026 9151
17683 3 4866 247 10249
17684 3 247 4866 5231
17685 3 247 9731 10249
17686 3 247 1577 9731
17687 3 1577 247 2706
17688 3 2706 247 5231
17689 3 503 5203 9791
17690 3 503 3320 6114
17691 3 2555 503 9791
17692 3 503 2558 5203
17693 3 2558 503 6114
17694 3 759 6183 7547
17695 3 6183 759 9152
17696 3 759 7547 7848
17697 3 759 2994 9152
17698 3 2994 759 5858
17699 3 5858 759 7848
17700 3 4287 1015 7868
17701 3 1271 4912 9027
17702 3 4912 1271 7656
17703 3 1271 3029 8023
17704 3 3029 1271 7659
17705 3 7656 1271 8023
17706 3 7659 1271 9027
17707 3 5206 1527 5718
17708 3 5310 1527 8098
17709 3 7588 1783 8105
17710 3 1783 5328 8105
17711 3 5328 1783 8922
17712 3 2039 2624 2912
17713 3 2624 2039 5773
17714 3 2039 2912 7485
17715 3 5773 2039 9502
17716 3 2039 6285 9502
17717 3 5054 2039 7485
17718 3 2039 5054 6285
17719 3 2295 2636 9280
17720 3 2636 2295 8888
17721 3 8555 2295 10053
17722 3 2295 8555 8888
17723 3 3850 2551 7405
17724 3 2551 6993 7405
17725 3 6505 2807 8446
17726 3 5796 2807 7900
17727 3 2807 5796 8446
17728 3 3305 2807 6505
17729 3 3256 3063 4703
17730 3 5800 3319 8413
17731 3 3319 5800 5882
17732 3 6101 3319 9240
17733 3 3319 5882 9240
17734 3 5544 3575 10056
17735 3 3575 4298 8072
17736 3 4298 3575 5544
17737 3 5474 3831 8029
17738 3 3831 6795 8029
17739 3 4793 4087 10179
17740 3 4087 4793 5369
17741 3 4343 7034 8910
17742 3 4343 8910 9741
17743 3 6658 4599 8224
17744 3 4599 6658 6905
17745 3 8224 4599 8932
17746 3 4599 4678 8932
17747 3 5111 7430 7625
17748 3 5111 8881 10198
17749 3 5111 7625 8881
17750 3 5367 6323 8119
17751 3 9344 5623 10294
17752 3 7071 6135 8623
17753 3 6135 7071 7359
17754 3 8782 6647 10153
17755 3 6647 7061 7387
17756 3 7430 7159 7625
17757 3 8994 7415 9274
17758 3 8644 7415 8994
17759 3 9500 7671 9535
17760 3 7671 8248 9535
17761 3 9049 8951 9724
17762 3 8205 248 8281
17763 3 248 8205 8570
17764 3 6026 248 8570
17765 3 248 5259 8281
17766 3 5259 248 6026
17767 3 504 5427 10364
17768 3 5427 504 7356
17769 3 7356 504 8348
17770 3 504 3272 4305
17771 3 504 4305 8348
17772 3 752 504 10364
17773 3 504 752 3272
17774 3 3346 760 5203
17775 3 760 3346 7120
17776 3 760 6435 9791
17777 3 5203 760 9791
17778 3 760 5319 6435
17779 3 5319 760 7120
17780 3 1016 6154 7942
17781 3 1336 1016 7942
17782 3 1016 1336 8170
17783 3 5399 1272 5828
17784 3 1272 4255 9180
17785 3 4255 1272 5363
17786 3 5363 1272 5399
17787 3 1528 6223 7096
17788 3 2186 1528 7871
17789 3 1528 7096 7871
17790 3 4660 1784 6499
17791 3 1784 4437 6499
17792 3 5394 2040 6137
17793 3 4811 2296 9959
17794 3 3491 2552 4676
17795 3 2552 3491 9723
17796 3 6090 2552 9723
17797 3 2552 4308 9306
17798 3 4308 2552 6090
17799 3 2552 2798 4676
17800 3 2798 2552 9306
17801 3 3628 2808 6731
17802 3 2808 3628 7164
17803 3 3383 2808 5581
17804 3 5581 2808 7164
17805 3 4516 3064 5140
17806 3 3064 4516 5672
17807 3 6114 3320 10055
17808 3 7548 3576 10251
17809 3 3576 9186 10251
17810 3 3832 5192 8894
17811 3 3832 4991 5192
17812 3 4229 3832 10531
17813 3 3832 8894 10531
17814 3 3832 4046 4991
17815 3 4046 3832 4229
17816 3 4363 4088 7465
17817 3 4088 4363 4538
17818 3 4088 4628 7962
17819 3 4088 7962 10212
17820 3 5176 4344 9322
17821 3 4600 6831 8340
17822 3 6831 4600 10428
17823 3 7663 4600 8340
17824 3 4856 6752 8766
17825 3 5791 4856 8766
17826 3 5112 6303 7313
17827 3 6303 5112 10232
17828 3 5368 5898 9785
17829 3 5898 5368 8808
17830 3 7566 5368 7686
17831 3 6189 5624 7565
17832 3 5624 8127 8831
17833 3 8127 5624 9884
17834 3 6833 5880 6841
17835 3 5880 6833 7167
17836 3 6710 6136 8915
17837 3 7668 6392 7836
17838 3 10163 9464 10412
17839 3 249 4659 10052
17840 3 585 249 10052
17841 3 249 585 10138
17842 3 8796 249 9660
17843 3 249 1200 4659
17844 3 1200 249 8796
17845 3 9660 249 10138
17846 3 2205 505 7333
17847 3 505 2205 6360
17848 3 505 6089 7333
17849 3 761 1025 6509
17850 3 1025 761 4336
17851 3 761 6509 8552
17852 3 3741 761 5081
17853 3 761 3741 4336
17854 3 5081 761 8552
17855 3 1322 1017 6958
17856 3 1017 1322 4015
17857 3 6958 1017 8440
17858 3 1017 2693 8928
17859 3 2693 1017 6634
17860 3 1017 4015 6634
17861 3 8440 1017 8928
17862 3 1316 1273 6165
17863 3 1273 1316 3977
17864 3 1273 4513 6165
17865 3 4513 1273 5239
17866 3 1529 3073 8500
17867 3 3073 1529 6106
17868 3 1529 2518 7117
17869 3 6106 1529 7117
17870 3 6922 1785 7343
17871 3 3739 1785 9864
17872 3 2292 1785 6922
17873 3 1785 2292 9864
17874 3 5694 2041 8767
17875 3 2125 2041 5245
17876 3 2041 2125 9619
17877 3 5245 2041 5694
17878 3 2691 2041 9619
17879 3 2297 6425 8981
17880 3 6425 2297 9903
17881 3 2297 2762 9903
17882 3 7725 2553 8972
17883 3 2553 7725 10209
17884 3 2553 2889 4742
17885 3 2553 4742 8972
17886 3 2809 7711 9558
17887 3 7840 2809 9558
17888 3 2809 7840 9956
17889 3 5493 3065 6971
17890 3 3321 9261 9890
17891 3 3321 7989 9261
17892 3 4192 3321 9890
17893 3 3577 4776 6855
17894 3 5337 3577 6855
17895 3 6811 3833 8783
17896 3 3833 4780 8783
17897 3 4089 6970 9290
17898 3 5211 4089 6319
17899 3 4089 6289 6970
17900 3 6319 4089 9290
17901 3 4885 4601 6447
17902 3 4601 4885 9118
17903 3 6665 5113 9580
17904 3 5881 5958 10009
17905 3 6270 5881 9819
17906 3 7161 9954 9960
17907 3 8060 7673 8201
17908 3 250 539 1470
17909 3 539 250 6879
17910 3 2631 250 5732
17911 3 250 2631 5752
17912 3 250 5752 7844
17913 3 250 1470 5732
17914 3 6879 250 7844
17915 3 6473 506 7724
17916 3 506 4434 7724
17917 3 4434 506 5335
17918 3 4010 506 6473
17919 3 506 4010 7509
17920 3 5335 506 7509
17921 3 8820 762 9733
17922 3 762 1141 9733
17923 3 1141 762 1249
17924 3 4753 762 6835
17925 3 1249 762 4753
17926 3 8985 1018 9551
17927 3 5430 1018 8735
17928 3 3643 1018 5430
17929 3 1018 3643 9551
17930 3 1018 7901 8735
17931 3 2789 1018 8985
17932 3 1018 2789 7901
17933 3 1274 6195 9075
17934 3 1274 5759 10327
17935 3 3801 1274 9075
17936 3 1274 3801 5759
17937 3 6247 1530 7538
17938 3 7538 1530 9424
17939 3 1530 6080 9533
17940 3 6080 1530 6247
17941 3 9424 1530 9533
17942 3 1786 4126 4838
17943 3 1786 2199 9280
17944 3 2199 1786 4933
17945 3 1786 4838 4933
17946 3 3913 2298 5086
17947 3 2298 4841 7063
17948 3 8787 2554 10416
17949 3 2554 3176 8296
17950 3 2554 8296 10416
17951 3 2862 2810 8330
17952 3 2810 2862 6887
17953 3 8330 2810 10332
17954 3 2810 4769 10332
17955 3 3066 7241 9748
17956 3 4818 3066 7715
17957 3 3066 4818 7241
17958 3 3066 5618 7715
17959 3 7948 3578 9105
17960 3 6785 3578 7948
17961 3 3578 3814 9432
17962 3 3814 3578 6645
17963 3 6645 3578 6785
17964 3 7118 3834 8593
17965 3 5103 3834 7118
17966 3 7956 4346 9596
17967 3 4346 9021 9596
17968 3 5772 4346 7956
17969 3 4858 4911 6312
17970 3 7502 5114 10104
17971 3 7361 5114 8007
17972 3 7431 5370 9222
17973 3 5919 5370 7431
17974 3 5370 5919 6928
17975 3 5370 6049 9222
17976 3 5626 8306 9871
17977 3 5882 8929 9240
17978 3 7955 6138 8178
17979 3 8178 6138 8308
17980 3 10166 9466 10539
17981 3 251 2578 8781
17982 3 2578 251 10195
17983 3 4938 251 8781
17984 3 251 3732 10195
17985 3 2248 251 4938
17986 3 251 2248 3732
17987 3 1886 507 2898
17988 3 507 1886 6627
17989 3 507 1646 2898
17990 3 4436 763 7747
17991 3 3183 763 4436
17992 3 763 3183 5771
17993 3 1936 763 5771
17994 3 763 1936 5532
17995 3 763 5532 7747
17996 3 4390 1019 4397
17997 3 4397 1019 5748
17998 3 1019 1331 7535
17999 3 5748 1019 7535
18000 3 3335 1275 7880
18001 3 1275 2353 9245
18002 3 2233 1275 3335
18003 3 1275 2233 2353
18004 3 7880 1275 9245
18005 3 3586 1531 4922
18006 3 4107 1531 7906
18007 3 4922 1531 7087
18008 3 1701 1531 4107
18009 3 1531 1701 7087
18010 3 2036 1531 3586
18011 3 1531 2036 7906
18012 3 1787 5954 10207
18013 3 1787 2924 5954
18014 3 8572 2043 9932
18015 3 5820 2043 8572
18016 3 2299 6782 9270
18017 3 6782 2299 8344
18018 3 6435 2555 9791
18019 3 2811 4273 9669
18020 3 4273 2811 7120
18021 3 7120 2811 8654
18022 3 3067 4106 6271
18023 3 3067 6271 7140
18024 3 3772 3323 4030
18025 3 3323 9213 10017
18026 3 3891 3579 9805
18027 3 4714 3579 7109
18028 3 3835 7920 10066
18029 3 4347 6281 9112
18030 3 4859 8988 9568
18031 3 5069 4859 9568
18032 3 4859 5069 5344
18033 3 5115 5447 6476
18034 3 5115 6476 10411
18035 3 5356 5115 10411
18036 3 5115 5356 9135
18037 3 7727 5371 10210
18038 3 10210 5371 10511
18039 3 8733 6651 10467
18040 3 6651 9707 10467
18041 3 9660 7675 10346
18042 3 7675 9660 10138
18043 3 10135 8699 10219
18044 3 252 6460 9445
18045 3 252 5041 6460
18046 3 5041 252 9564
18047 3 252 441 9564
18048 3 441 252 9445
18049 3 6933 508 9797
18050 3 508 6933 8328
18051 3 4886 508 8993
18052 3 8993 508 9540
18053 3 4455 508 4886
18054 3 508 4455 9797
18055 3 508 8328 9540
18056 3 4873 764 5280
18057 3 764 4873 9658
18058 3 3348 764 7526
18059 3 1088 764 3348
18060 3 764 1088 5280
18061 3 7526 764 9658
18062 3 1020 1079 1909
18063 3 1020 8278 9521
18064 3 1020 1909 2516
18065 3 6018 1020 9521
18066 3 1020 2516 8278
18067 3 1276 7978 9964
18068 3 1276 6985 7978
18069 3 1276 5765 6985
18070 3 5765 1276 6621
18071 3 1276 3750 10387
18072 3 3750 1276 9964
18073 3 6621 1276 10387
18074 3 4219 1532 4489
18075 3 1532 6853 9678
18076 3 1788 2163 3990
18077 3 1788 1966 2163
18078 3 3329 2044 3662
18079 3 2044 3329 6258
18080 3 2044 2768 3662
18081 3 4090 2044 6258
18082 3 2044 4090 4470
18083 3 2300 5333 5559
18084 3 2793 2300 5559
18085 3 2300 2793 8188
18086 3 2300 3318 5333
18087 3 3318 2300 8188
18088 3 2556 4392 5643
18089 3 4392 2556 5906
18090 3 3660 2556 5643
18091 3 4679 2812 9549
18092 3 2812 8643 9549
18093 3 4578 2812 4679
18094 3 5173 3068 7869
18095 3 3068 5272 7869
18096 3 4008 3068 4844
18097 3 4844 3068 5173
18098 3 3068 3070 5272
18099 3 3070 3068 4008
18100 3 8196 3324 8864
18101 3 5349 3324 8196
18102 3 5681 3580 6221
18103 3 6221 3580 9377
18104 3 5225 3580 5681
18105 3 9198 3836 10408
18106 3 9998 4092 10386
18107 3 7308 4092 9576
18108 3 9429 4092 9998
18109 3 4092 9429 9576
18110 3 4348 5577 9927
18111 3 5644 4604 8256
18112 3 4604 5644 7542
18113 3 4860 9857 10355
18114 3 5372 8192 8235
18115 3 8192 5372 9061
18116 3 6458 5628 10307
18117 3 5884 5896 6041
18118 3 5896 5884 9157
18119 3 5884 6982 8313
18120 3 5884 8313 9157
18121 3 7420 7983 8883
18122 3 7676 8450 10262
18123 3 1173 253 5049
18124 3 5049 253 10556
18125 3 253 6347 10556
18126 3 253 4049 6347
18127 3 1595 509 3698
18128 3 3698 509 9751
18129 3 509 9597 9751
18130 3 765 5213 8804
18131 3 3777 765 8804
18132 3 6308 1021 9801
18133 3 3563 1021 6308
18134 3 1021 3563 9386
18135 3 1277 5922 10441
18136 3 4484 1277 8936
18137 3 1277 3216 5922
18138 3 3216 1277 3484
18139 3 3484 1277 4484
18140 3 8137 1277 10441
18141 3 1277 8137 8936
18142 3 1533 2332 8397
18143 3 1533 1915 7309
18144 3 1915 1533 8397
18145 3 1667 1533 9614
18146 3 1533 7309 9614
18147 3 8711 1789 10335
18148 3 1789 9001 10335
18149 3 1789 7574 9001
18150 3 3013 1789 8711
18151 3 1789 3013 5865
18152 3 1789 5865 7574
18153 3 2766 2045 9981
18154 3 2045 5089 9981
18155 3 9269 2301 9563
18156 3 2301 7237 10026
18157 3 7237 2301 9269
18158 3 4502 2301 10026
18159 3 2301 2743 9563
18160 3 2743 2301 4502
18161 3 2557 6200 8740
18162 3 4680 2557 6983
18163 3 6777 2557 8740
18164 3 2557 6777 6983
18165 3 2557 4036 6200
18166 3 4036 2557 4680
18167 3 2813 5474 7477
18168 3 4235 2813 7477
18169 3 3924 3069 4622
18170 3 3325 4343 9741
18171 3 4395 3581 9604
18172 3 3581 4395 6892
18173 3 3931 3581 10094
18174 3 3581 3931 7073
18175 3 3581 6892 10094
18176 3 4147 3837 8672
18177 3 3837 4147 5863
18178 3 4093 5761 7825
18179 3 5761 4093 7928
18180 3 4093 5359 7928
18181 3 4349 5211 6319
18182 3 5211 4349 5607
18183 3 4349 6319 8763
18184 3 5396 4605 9960
18185 3 4605 7161 9960
18186 3 6749 4861 9220
18187 3 5117 8416 9140
18188 3 5373 5886 8749
18189 3 5885 6113 6186
18190 3 9062 6141 10520
18191 3 6141 6558 9226
18192 3 8189 8355 9194
18193 3 9213 9829 10017
18194 3 254 937 1501
18195 3 254 1501 8403
18196 3 510 2106 8701
18197 3 7322 510 8792
18198 3 510 1237 2106
18199 3 1237 510 7322
18200 3 510 8701 8792
18201 3 766 6704 6796
18202 3 766 2866 2918
18203 3 766 6796 8545
18204 3 1022 6936 9598
18205 3 1022 10301 10556
18206 3 8780 1022 10037
18207 3 1022 8780 10301
18208 3 1022 9598 10037
18209 3 1022 6347 6936
18210 3 6347 1022 10556
18211 3 2671 1278 5746
18212 3 1278 2671 9156
18213 3 1948 1278 9156
18214 3 5386 1534 9560
18215 3 1590 1534 4221
18216 3 1534 1590 9369
18217 3 4221 1534 5386
18218 3 1534 2708 9560
18219 3 2708 1534 7331
18220 3 7331 1534 9369
18221 3 3084 1790 7211
18222 3 1790 4679 9549
18223 3 1790 6390 7211
18224 3 6390 1790 9549
18225 3 2046 7380 8795
18226 3 7380 2046 10450
18227 3 2302 6675 10421
18228 3 2302 6042 6675
18229 3 6339 2302 10421
18230 3 2302 6339 9439
18231 3 2558 6421 7965
18232 3 7959 2558 7965
18233 3 5203 2558 7959
18234 3 2558 6114 6421
18235 3 2814 5595 7413
18236 3 4363 3326 4538
18237 3 4276 3582 7485
18238 3 3582 5054 7485
18239 3 5054 3582 6570
18240 3 7549 3838 10469
18241 3 5652 4350 8771
18242 3 4350 7981 9854
18243 3 4350 8251 8771
18244 3 4350 6290 7981
18245 3 4606 4896 10204
18246 3 5118 6561 8615
18247 3 5749 5374 6883
18248 3 5374 6070 6883
18249 3 5630 7700 10367
18250 3 5630 5726 7700
18251 3 7801 5630 10367
18252 3 5630 7801 9178
18253 3 6910 7469 9881
18254 3 7783 6910 9881
18255 3 8012 7678 9506
18256 3 7678 8012 8290
18257 3 7678 8290 9828
18258 3 2723 255 9614
18259 3 255 2723 10227
18260 3 255 1956 6640
18261 3 1956 255 10227
18262 3 255 6827 9614
18263 3 255 6640 6827
18264 3 5975 511 7473
18265 3 511 1479 7473
18266 3 4225 767 7706
18267 3 1728 767 4225
18268 3 1023 3124 10028
18269 3 1023 2678 3124
18270 3 2678 1023 6057
18271 3 1023 5545 6057
18272 3 5545 1023 9922
18273 3 9922 1023 10028
18274 3 7267 1279 7697
18275 3 1279 7267 9846
18276 3 4488 1279 4723
18277 3 1279 4488 7323
18278 3 1279 3482 4723
18279 3 3482 1279 9846
18280 3 1279 7323 7697
18281 3 2115 1535 2120
18282 3 1535 2115 9436
18283 3 2120 1535 3465
18284 3 1930 1535 9826
18285 3 1535 9436 9826
18286 3 1791 8509 9576
18287 3 1791 9429 10290
18288 3 9429 1791 9576
18289 3 2047 4457 6976
18290 3 2047 3733 4457
18291 3 3733 2047 5330
18292 3 5330 2047 7026
18293 3 4566 2047 6976
18294 3 2047 4566 7026
18295 3 9747 2559 9900
18296 3 3870 2815 5948
18297 3 5948 2815 6150
18298 3 2815 5697 6150
18299 3 3690 2815 3870
18300 3 2815 3690 5697
18301 3 8414 3071 9717
18302 3 3327 3443 7037
18303 3 3443 3327 7672
18304 3 3583 5572 8308
18305 3 5572 3583 9965
18306 3 6138 3583 8308
18307 3 4452 4095 10068
18308 3 4095 4452 6517
18309 3 6442 4351 8820
18310 3 4351 5084 9058
18311 3 5119 5223 6472
18312 3 5223 5119 5325
18313 3 8576 5375 9005
18314 3 5631 9095 9917
18315 3 5631 8122 9095
18316 3 7681 6143 8191
18317 3 6143 7080 9717
18318 3 6689 6655 8556
18319 3 6655 8700 9430
18320 3 8462 6911 8662
18321 3 6911 7212 8662
18322 3 6911 7082 7212
18323 3 7679 8144 8878
18324 3 9471 9777 10151
18325 3 4445 256 6198
18326 3 4162 512 7278
18327 3 512 4162 6852
18328 3 512 4762 5541
18329 3 4762 512 8145
18330 3 512 5541 7278
18331 3 512 6852 8145
18332 3 1024 1076 2442
18333 3 1076 1024 8937
18334 3 8937 1024 10375
18335 3 1280 4713 9125
18336 3 4713 1280 7148
18337 3 1280 2412 9556
18338 3 2412 1280 9125
18339 3 9272 1536 9639
18340 3 1536 9272 9912
18341 3 1536 1631 8343
18342 3 1631 1536 9912
18343 3 1536 8343 9639
18344 3 1792 2611 6253
18345 3 2611 1792 8055
18346 3 1792 6253 9700
18347 3 1792 5766 7440
18348 3 5766 1792 9700
18349 3 2254 1792 7440
18350 3 1792 2254 8055
18351 3 4956 2048 5218
18352 3 2048 4956 6012
18353 3 5218 2048 7326
18354 3 2304 5428 8404
18355 3 8088 2304 8404
18356 3 2560 6452 7821
18357 3 2560 7523 10445
18358 3 7705 2816 10443
18359 3 2816 7705 8149
18360 3 3681 2816 10014
18361 3 2816 8081 10443
18362 3 2816 8149 10014
18363 3 3840 5751 6265
18364 3 4489 3840 6265
18365 3 4262 4096 9128
18366 3 5402 4352 10456
18367 3 7215 4864 8270
18368 3 4864 7215 7283
18369 3 5376 9074 9634
18370 3 8120 5376 9634
18371 3 5888 6788 8628
18372 3 5888 8628 10154
18373 3 8220 6144 10252
18374 3 8564 6656 9029
18375 3 8492 6912 9982
18376 3 8391 7168 9056
18377 3 9676 7936 10266
18378 3 8192 8202 8235
1 = Number of open boundaries
337 = Total number of open boundary nodes
337 = Number of nodes for open boundary 1
4393
7262
5485
7004
1033
2570
5993
7155
3653
6642
9790
3244
10199
9337
3135
924
8747
9179
2115
9436
9826
1930
3265
8569
6721
1480
6618
2872
6836
1776
2899
9173
6889
3613
4875
7582
6808
1603
2883
7770
8268
8797
7696
10220
3767
791
8688
3278
7567
7177
6194
10040
4123
6595
4381
827
4734
4620
6555
5303
3895
4414
6547
1219
7789
1408
1820
7276
6523
7809
9419
2142
5273
1304
9022
4821
7313
5112
10232
5810
4178
9011
5558
2603
6786
2590
7872
1267
6060
51
3052
10500
4940
9480
8310
4412
4982
5868
6272
8834
1445
10020
7453
5278
9248
5700
790
8719
2327
5528
5645
3908
6298
5512
1099
3210
10361
3259
10069
4837
8947
1167
4141
6860
9862
28
4519
10201
4751
7169
4029
2767
6754
3654
4492
4527
9793
4828
1813
543
1897
5300
8472
6653
3774
5261
8451
9154
3800
3044
3125
4557
3592
5478
1430
9934
4450
3836
2164
4071
3594
6360
505
6089
4213
1978
9428
1779
2964
3511
2328
214
3425
6389
643
7094
2779
9130
9829
9079
9024
9978
3891
6823
9486
7275
4418
8175
8539
3917
6652
9260
9310
9795
2927
2859
9995
2696
1971
6234
7730
5763
9669
2811
219
9193
10437
6385
10206
460
937
1501
5518
2457
1976
698
125
10078
2318
9235
5814
6142
5122
1848
8087
3930
4768
6824
4999
5637
7236
10063
742
8219
7489
4333
10508
2402
9997
2917
6705
4552
1126
4360
3212
7587
34
1369
890
1196
6695
9396
3822
1287
9786
7165
7104
8902
1164
9323
4921
9335
285
14
768
8174
7421
3886
4716
10311
9375
7471
8857
9856
4235
2813
5474
3831
6795
3869
3523
5571
9133
10429
7103
4226
5927
4546
6098
5184
9889
6469
8170
1016
6154
4451
1042
4608
9868
6007
1484
5605
145
373
8351
2386
10035
4619
2345
3685
663
9511
2525
8917
580
6380
1553
167
3847
6394
9294
7715
4818
4635
639
367
6238
7374
4063
9231
1967
5476
1807
8649
4607
2442
1024
17 = Number of land boundaries
2429 = Total number of land boundary nodes
1906 0 = # nodes for land boundary 1
2922
5157
2360
1286
10146
4517
1750
7065
1839
4199
5709
8931
233
9416
7314
9083
3551
826
7941
6581
7012
2312
5015
10513
9931
3622
2576
4694
9760
8703
1846
5714
1593
9908
4728
3903
7830
9969
6759
9010
4340
8392
1653
9299
2780
1081
7435
7963
10099
7396
854
1138
2523
9054
9543
9514
8750
10390
4168
1091
5282
2003
7125
5753
307
6479
1597
8417
5154
6602
5760
6864
1906
1132
6217
9594
4700
10057
4163
5686
1758
4380
4652
3770
5982
1325
690
74
5930
5786
1082
719
4758
9621
10248
6926
729
1655
5634
9363
8673
9697
328
48
6519
4899
4764
2674
10385
10119
8541
1637
4158
1183
2087
5349
3324
10438
9003
4740
9343
5900
8900
8835
3919
9498
9411
5782
1232
6219
9508
6252
3179
773
968
4530
8430
5235
9493
191
2758
5653
3978
9766
7366
8068
7129
6869
7896
6279
5535
2061
3693
5384
1234
6939
5
6871
5671
3284
2852
2987
1737
5804
7266
7840
7667
9209
8172
447
4310
5728
7643
1596
1269
3220
4928
9845
9818
2837
1013
4027
4416
3381
10518
8631
9885
3657
1367
1627
6880
5587
1389
1626
6737
4400
6140
3195
2259
4385
8213
1815
5807
3371
8613
4738
3896
1364
6051
2365
531
1034
7068
5908
3826
6310
1157
3075
10092
9356
7444
3347
1869
1555
6454
9539
7023
691
7911
1212
8347
7290
4233
2873
3087
3263
58
10243
3018
602
3833
4780
3686
5832
2638
7909
3737
1519
2190
2933
5223
6472
5498
7714
5932
13
2567
5968
8941
2273
8867
3874
4848
4602
4290
1393
3958
9053
2913
9961
2346
10287
1950
6923
7088
9721
8548
1851
9263
4423
8465
1959
4732
4708
905
1073
2752
10244
3704
8799
4261
10466
1485
5488
9071
4824
5199
8103
569
10415
5255
5268
464
6147
3726
6911
7082
6530
1150
6809
1762
3196
4073
993
10496
9612
833
9544
4671
466
6113
6186
3598
8194
6757
746
990
5271
4206
4032
4180
2773
8330
2862
6887
2086
4435
6321
6269
7157
3595
9387
6956
6940
1215
1796
7354
7537
8648
8557
1041
771
6984
4849
6163
9297
5636
5735
5198
1478
9891
798
4295
9233
6436
6266
4850
501
3306
5063
9682
3074
8575
8312
2000
345
10433
974
9214
10444
6448
10136
8996
358
362
6633
1061
6995
6596
7150
8992
4104
3283
7559
4677
315
9400
1595
509
9597
1002
10493
7076
5963
10242
9578
215
7758
7519
8471
9398
8950
2561
9188
9905
8904
1770
1826
4709
7050
7735
814
7310
9311
800
783
967
9394
870
6355
5632
9919
2844
9314
6707
7138
3520
4217
8612
4918
3530
168
4549
10191
186
10360
3173
7187
188
4470
2044
2768
9059
4825
8774
6904
5465
3564
7448
10133
8100
3316
4268
472
6422
811
7910
2253
2894
7002
1488
8365
2075
7573
7907
1819
3145
2304
5428
2721
7642
10331
567
1399
7316
7315
7628
6735
1404
3355
3779
10533
6006
10478
10004
10130
6667
810
3996
71
4254
9287
6131
6228
5998
9088
9473
6790
8853
7414
1394
8998
162
8217
5070
5987
6145
4631
6654
6531
5307
4370
9030
5461
8720
740
8785
6128
4801
3328
4575
8510
4984
10047
10098
5826
9782
6969
10470
7791
151
9222
7431
2147
3614
10388
2271
10424
8455
6253
9700
5033
9475
6747
1585
8968
2380
7436
4660
1784
4437
10318
1290
4025
1238
4070
1739
4672
9735
9982
1349
9673
7140
3067
4106
901
9772
5212
3912
6068
9229
5013
7960
695
6967
7718
8041
401
2531
5828
5399
5363
5609
8416
9140
10316
6690
6765
10054
6216
4272
5598
5242
8433
2117
4276
678
4573
7482
4154
9329
8149
10014
1332
2068
7607
338
526
820
8609
8307
1443
4303
2826
6012
2048
7326
679
2866
2918
2490
4805
10250
6287
8899
9371
2467
3207
4736
3026
4277
6320
5252
6081
431
5873
3777
765
5213
7399
6284
5439
3566
9184
7098
4733
10490
446
559
7180
3097
630
8978
1447
2539
6741
4172
5351
8223
10548
6079
9672
2691
606
8767
10512
6005
4880
4313
2959
7072
7184
4227
7107
3221
7760
6578
2378
2889
6224
2066
68
1241
10507
9238
6841
6833
2911
5543
7194
2920
6405
7292
9907
4693
3048
6605
1448
8873
10314
9632
686
8432
5257
1069
7056
1621
9423
10535
7382
7636
6406
4040
5744
6971
5493
8323
7593
3247
6457
7090
2197
9407
8954
8082
4243
10159
8203
8280
1649
7588
1783
8922
2759
7877
1609
6353
8109
4966
4056
4898
1952
2340
1376
3462
4060
312
187
3589
3493
677
5051
1605
1920
6450
3308
4422
10399
4923
10477
2952
3
2085
8106
4274
8742
10359
2342
7015
5570
5803
8916
8712
1452
3189
4884
8036
10374
9143
1845
857
10036
7694
2784
1734
486
6729
3303
238
4204
2433
4691
9904
681
9379
841
3708
5244
563
49
8383
390
3141
2030
4656
6329
1654
9462
5215
1067
7766
6960
3147
6349
1610
2006
1508
10158
7454
2992
9046
8725
9628
304
8158
4122
3899
772
4522
1046
4777
6525
2131
8069
1944
8263
8962
8949
1900
5740
6178
5433
6839
3201
379
2655
8976
10272
8179
1871
10167
9987
705
6233
1357
9406
4240
1428
6558
1085
10041
644
3508
8364
911
574
348
5964
8708
9438
600
1998
3907
4654
1586
930
3157
237
7493
6470
6076
4641
5016
7577
7891
10070
3405
7767
2371
2566
6190
3231
6730
65
5012
210
4192
3321
7989
295
1924
6275
7355
8685
2650
9548
5739
8176
5162
3251
4878
6417
9158
8051
478
8253
6874
9195
7690
1658
9936
42
4587
6877
7207
4299
7964
5856
8475
399
8407
6341
6732
5232
8146
1625
5078
2602
2393
2684
4231
1753
6562
1798
1592
8549
536
2444
5005
9638
9980
4667
2184
1832
9742
934
5704
297
2818
7648
61
8342
9204
5527
6522
3460
4033
1666
2073
9880
7616
7647
5552
7740
9718
3692
8447
4655
10073
6979
4992
3783
5172
7067
3175
4138
159
511
1479
2431
6575
4705
6072
1539
2544
1299
3555
5470
8074
2821
4147
5863
2702
9443
871
2423
737
7657
1884
3224
9949
6623
3881
7264
2135
10180
3252
9642
10312
9663
231
4701
10363
8911
10164
3442
10310
5382
9426
4129
3534
300
9296
8437
1885
5366
2874
5783
2339
4770
3617
5243
10442
101
3882
1644
5387
10237
6818
7334
6364
7723
1093
8013
6057
2678
5492
6820
1510
8215
3722
9518
4953
4212
3266
4481
5606
4309
3859
8444
9953
5234
3191
8423
955
2012
5322
577
9435
10150
2519
10472
4053
4066
4403
2485
3623
5253
6769
335
38
9906
241
8699
10219
3720
999
7826
9313
5770
1759
4383
2487
9451
10097
5388
2077
6739
5896
6041
5204
7429
6881
9971
1876
1135
2096
1522
845
200
1728
767
7706
8200
7029
7556
1951
2651
3253
7501
10048
4730
3002
9552
5590
10050
1462
2121
1263
4167
1937
8126
5276
3972
4806
5707
7685
7893
2055
2586
4086
9336
5699
5420
4684
4429
1825
3875
3094
83
4095
10068
5010
1497
3126
3590
8746
9256
4176
4330
5501
7205
5158
6668
3729
8824
8683
1381
5094
476
1705
7162
5540
9799
110
4378
4727
484
9963
10142
3827
1100
2804
8889
3544
7443
3180
6502
4591
2943
2853
8502
5412
2463
10502
8061
4788
4387
10101
2976
6039
812
10305
283
4944
5530
789
7973
8257
8000
4262
4096
10394
6606
4715
7243
6597
8908
5036
239
4166
1611
3510
4744
8344
6782
9270
6210
3597
1719
6026
6152
3123
3830
3476
2735
3506
1007
6545
4743
10297
2338
10137
3463
1190
3028
932
4232
2965
9153
2139
1572
10492
9223
7419
5085
4098
3327
1063
2569
8468
9282
175
8243
1634
7200
4210
9589
4260
331
8038
8724
496
4568
8494
1377
7479
1418
7469
6396
2893
6390
7211
3084
5150
1854
9414
4876
3238
556
7993
3607
2904
6968
3360
7817
4230
4572
3466
5582
6791
1690
4287
1015
9087
6434
313
8895
7564
180
6559
4603
114
6914
3254
9836
7781
1995
1569
1098
2255
10375
1992
5902
8341
8269
9420
9736
4688
9386
1021
9801
4375
3091
9291
2020
3649
5342
7113
8989
8329
7710
3396
3947
7030
3190
6095
1943
8002
5124
9500
7671
8248
3719
8551
8737
6583
2585
3162
8776
3915
5883
435
5391
5052
7411
9534
6263
4668
3059
3050
139
1161
545
5688
2150
7020
9228
8965
9834
1116
344
9385
1824
5781
1372
9285
8067
4506
8997
1003
9013
8107
158
4888
1963
8173
7332
9779
2909
9670
3626
1538
9990
6305
5972
2303
1036
2741
10461
5497
4459
5313
9762
1803
8120
5376
4448
9206
2957
6196
6508
3634
4633
281
136
256
6198
7500
6556
2270
7878
9687
5265
938
1718
7271
9915
6781
2080
1795
2435
433
6842
5483
2017
265
8582
3362
8830
7570
109
2944
4094
5348
8921
4357
4382
5923
2364
8684
170
8385
4658
1284
6294
2527
8556
9690
7127
4182
3760
899
5499
4446
5642
5286
8793
2390
2078
4369
57
1688
3310
4909
9739
8591
10338
2575
4632
3475
2986
6109
2877
8504
8453
4624
6907
10127
972
7861
6850
7393
5507
7518
3472
9064
8794
2755
4157
7196
7335
69
6395
1463
8995
7186
5702
3215
6770
5756
7644
743
451
4345
3872
4836
1980
5737
10062
8286
7609
5806
8481
5985
9970
10552
1916
5608
8163
10025
3168
8530
9964
9460
4748
9014
6676
2727
7153
2771
3384
5104
9483
1193
10193
4722
9726
4894
7051
245
10448
5792
6528
1201
9701
7864
8047
4207
5466
2186
1528
6223
10389
9215
8890
566
2452
2377
5784
1171
9809
867
7278
4162
3755
6549
4996
9803
2863
4720
9590
1459
3208
1500
6669
4314
194
2660
8769
8065
365
8855
8791
723
5410
8532
5377
8627
5489
224
2266
4520
148
5914
7053
7841
2448
3682
7658
8373
3848
6431
3793
2790
6017
3608
3374
3211
6548
1834
9224
5553
8182
2728
1591
712
3398
89
3034
5292
2151
882
10337
1147
10085
6401
6961
10113
3962
9139
2923
5723
3453
5615
4186
8140
3268
10526
2980
1440
8214
5283
9705
6468
7160
3775
10121
3683
1866
3689
4550
1203
797
7269
5463
5032
6931
7905
1051
3718
7538
6247
6080
4249
3560
6161
5659
3839
3789
2486
3276
6688
619
7992
5725
7055
2962
6019
2294
4052
1481
5602
10241
3794
6393
6497
5640
5277
2682
6885
207
601
10174
1969
2249
1768
5656
2170
1696
6771
5389
4038
2878
8567
9830
9666
2100
7445
2764
8454
3226
9950
5046
8536
1640
4483
6193
7634
1248
6175
7307
1195
4929
3909
9237
4023
88
9163
3203
2156
10273
9350
10076
7478
1436
522
4265
7660
1732
3108
4289
2915
2403
6987
4296
3397
1361
7666
9763
6184
7019
638
7439
3923
9898
3411
1755
9121
1055
8026
5859
6129
8232
8091
9172
7746
6588
6507
2482
4320
1495
4148
4413
1700
2322
7189
8553
6682
5009
2315
8252
5254
1211
5453
1442
8827
2906
6542
3036
7693
3039
1423
9930
4617
2540
7188
3792
9620
7834
4508
8523
2049
4194
8677
8670
2646
8739
9768
8259
4948
5294
6619
7863
7922
9326
6120
6592
7598
4963
5823
8136
3312
1006
3060
9307
809
3717
2237
1868
7097
625
37
5817
3813
5099
5774
1123
9504
5240
1353
9781
3584
865
5352
3870
3690
5697
920
2107
2275
3290
5660
5335
1575
4653
8987
6477
3137
3519
2453
10091
5505
1841
1557
3072
66 1 = # nodes for land boundary 2
4874
9601
6536
5185
9351
7571
5537
7994
5621
8358
3701
10207
1787
898
8190
7788
10251
7548
7847
5189
7857
3437
3105
9012
1398
8757
10501
1502
1339
1291
8961
3759
2700
10327
1274
6195
7394
7342
745
4890
7110
936
119
2783
1216
6797
5206
1527
8098
7102
1039
6591
2870
5133
6201
885
2716
6576
10373
4559
594
1397
942
5576
5969
8807
48 1 = # nodes for land boundary 3
5123
6900
6789
8565
984
21
1095
2242
8493
4319
6146
5650
10194
5129
9892
77
9448
552
7617
5034
1763
4937
7166
6800
4198
4535
6226
7075
10372
8168
2348
8924
8442
4807
359
24
3336
8195
10515
7534
1707
10012
10289
1289
2172
4592
9038
8489
42 1 = # nodes for land boundary 4
802
8212
7506
8847
2756
877
6110
3678
7774
1773
6727
6127
2290
6391
434
8540
2314
3422
6672
7934
3935
6763
9989
3941
7849
6478
792
7299
458
2192
8003
10475
892
7904
3850
2551
6993
3469
177
3013
5865
7279
42 1 = # nodes for land boundary 5
3083
2512
858
4903
3209
3762
961
546
9097
2196
3423
2204
8944
7274
2951
9045
6723
10149
1074
9755
8610
5745
9065
6998
6092
3153
8279
7287
394
3412
4970
1942
2019
2153
550
172
9466
10539
7865
8421
7144
7256
42 1 = # nodes for land boundary 6
5941
3497
4007
2421
4326
6412
5490
7979
2143
6097
2124
2392
1086
1413
6973
4980
10288
5397
5848
9883
8636
8851
1070
10340
9691
9113
8028
9664
10208
9076
4155
3416
670
2387
2887
8942
66
6766
4165
6061
8574
10184
36 1 = # nodes for land boundary 7
3884
9328
7154
6466
4528
8209
897
10463
9063
2903
7615
5539
2801
10140
9094
196
1731
8396
7480
7578
440
2717
3379
9084
8393
671
4687
7839
7235
1521
1675
4436
3183
5771
9106
9453
32 1 = # nodes for land boundary 8
1
3993
1914
2046
10450
7621
9305
5802
5538
2967
5357
1396
9967
530
3366
3716
3299
9833
3093
81
2518
7117
3450
1118
2468
3648
5188
9609
5495
1723
4812
6700
32 1 = # nodes for land boundary 9
4355
10313
9275
6946
128
8810
9279
2991
6
2128
87
6034
8147
1663
2262
5076
204
4480
5777
1410
2737
6485
5251
1928
6715
8008
7158
8319
6313
5901
6974
10303
31 1 = # nodes for land boundary 10
1143
5940
9546
3237
1464
7722
5523
8538
10105
3556
2008
2217
4988
5937
7563
8584
6318
4161
916
1662
189
4544
5589
226
3742
981
3064
5140
1174
7576
10218
26 1 = # nodes for land boundary 11
4353
2002
3880
2265
3537
7463
8144
8878
6351
5065
2653
2580
5850
9585
6169
286
9236
1493
9728
8512
9641
708
6003
10139
10330
10001
26 1 = # nodes for land boundary 12
4571
10464
8221
6632
2604
1926
8861
861
7361
4152
3715
9655
3146
565
5841
9149
6249
5082
4334
10021
5404
8599
4197
9177
3539
5516
22 1 = # nodes for land boundary 13
1283
4242
9284
7202
8005
7288
10534
8671
1314
8204
1729
6202
9849
10072
7898
1650
2846
3865
6415
4288
7312
2118
22 1 = # nodes for land boundary 14
16
6487
953
2354
9243
1499
63
8912
6515
9787
5517
8872
918
6246
2890
10401
4595
5565
6488
4756
7447
3688
20 1 = # nodes for land boundary 15
1306
10239
647
3990
1788
27
2488
1064
6374
2479
9138
10553
10189
3477
7218
243
6627
507
1646
2665
19 1 = # nodes for land boundary 16
3843
8463
4833
6483
5341
7128
3140
6830
8207
3863
8723
10465
3633
5554
3699
2398
8020
4419
6173
17 1 = # nodes for land boundary 17
3082
7322
1237
4439
6494
7811
5614
6419
4534
2123
2565
3350
10514
10111
4109
8781
4938
